chunk_id,company_ticker,form,filing_date,source_file,chunk_index,word_count,text
NVDA_8-K_2016-02-17_0000,NVDA,8-K,2016-02-17,NVDA_8-K_0001045810-16-000189_form8-kq416.htm,0,385,"SECURITIES AND EXCHANGE COMMISSION WASHINGTON, DC 20549 PURSUANT TO SECTION 13 OR 15(d) OF THE SECURITIES EXCHANGE ACT OF 1934 Date of Report (Date of earliest event reported): February 17, 2016 Registrant’s telephone number, including area code: (408) 486-2000 (Former name or former address, if changed since last report) Check the appropriate box below if the Form 8-K filing is intended to simultaneously satisfy the filing obligation of the registrant under any of the following provisions: [ ] Written communications pursuant to Rule 425 under the Securities Act (17 CFR 230.425) [ ] Soliciting material pursuant to Rule 14a-12 under the Exchange Act (17 CFR 240.14a-12) [ ] Pre-commencement communications pursuant to Rule 14d-2(b) under the Exchange Act (17 CFR 240.14d-2(b)) [ ] Pre-commencement communications pursuant to Rule 13e-4(c) under the Exchange Act (17 CFR 240.13e-4(c)) SECTION 2 - Financial Information Item 2.02 Results of Operations and Financial Condition. On February 17, 2016, NVIDIA Corporation, or the Company, issued a press release announcing its results for the quarter and fiscal year ended January 31, 2016. The press release is attached as Exhibit 99.1 and is incorporated herein by reference. Attached hereto as Exhibit 99.2 and incorporated by reference herein is financial information and commentary by Colette M. Kress, Executive Vice President and Chief Financial Officer of the Company, regarding results of the quarter and fiscal year ended January 31, 2016, or the CFO Commentary. The CFO Commentary will be posted to http://investor.nvidia.com immediately after the filing of this Current Report. The press release and CFO Commentary are furnished and shall not be deemed ""filed"" for purposes of Section 18 of the Securities Exchange Act of 1934, as amended, or subject to the liabilities of that Section or Sections 11 and 12(a)(2) of the Securities Act of 1933, as amended. The information in this Current Report shall not be incorporated by reference in any filing with the U.S. Securities and Exchange Commission made by the Company, whether made before or after the date hereof, regardless of any general incorporation language in such filing. SECTION 9 - Financial Statements and Exhibits Item 9.01 Financial Statements and Exhibits. Pursuant to the requirements of the Securities Exchange Act of 1934, the registrant has duly caused this report to be signed on its behalf by the undersigned hereunto duly authorized."
NVDA_8-K_2016-03-14_0000,NVDA,8-K,2016-03-14,NVDA_8-K_0001045810-16-000200_form8-kfy2017variablecompp.htm,0,448,"SECURITIES AND EXCHANGE COMMISSION WASHINGTON, DC 20549 PURSUANT TO SECTION 13 OR 15(d) OF THE SECURITIES EXCHANGE ACT OF 1934 Date of Report (Date of earliest event reported): March 8, 2016 Registrant’s telephone number, including area code: (408) 486-2000 (Former name or former address, if changed since last report) Check the appropriate box below if the Form 8-K filing is intended to simultaneously satisfy the filing obligation of the registrant under any of the following provisions (see General Instruction A.2. below): [ ] Written communications pursuant to Rule 425 under the Securities Act (17 CFR 230.425) [ ] Soliciting material pursuant to Rule 14a-12 under the Exchange Act (17 CFR 240.14a-12) [ ] Pre-commencement communications pursuant to Rule 14d-2(b) under the Exchange Act (17 CFR 240.14d-2(b)) [ ] Pre-commencement communications pursuant to Rule 13e-4(c) under the Exchange Act (17 CFR 240.13e-4(c)) Item 5.02. Departure of Directors or Certain Officers; Election of Directors; Appointment of Certain Officers; Compensatory Arrangements of Certain Officers. Adoption of Fiscal Year 2017 Variable Compensation Plan On March 8, 2016, the Compensation Committee of our Board of Directors adopted the Fiscal Year 2017 Variable Compensation Plan, or the 2017 Plan, which provides eligible executive officers the opportunity to earn a variable cash payment based on the level of achievement by us of certain corporate performance goals, or the Performance Goals, during our fiscal year 2017. We operate on a fiscal year ending on the last Sunday in January. We designate our fiscal year by the year in which that fiscal year ends (e.g., fiscal year 2017 refers to our fiscal year ending January 29, 2017). An eligible participant’s target variable cash compensation under the 2017 Plan will be based on the achievement by NVIDIA of the Performance Goals, such amount referred to as the Target Payment Amount. The Compensation Committee has set the Performance Goals for fiscal year 2017 based upon the achievement of specified fiscal year 2017 revenue and has established threshold, target compensation plan and stretch operating plan levels. Unless otherwise determined by the Compensation Committee, a participant must remain an employee through the payment date under the 2017 Plan to be eligible to earn an award. The following table sets forth the Target Payment Amount for our named executive officers under the 2017 Plan: The 2017 Plan is filed with this report as Exhibit 10.1 and is incorporated herein by reference. The foregoing description is subject to, and qualified in its entirety by, the 2017 Plan. Item 9.01. Financial Statements and Exhibits. Pursuant to the requirements of the Securities Exchange Act of 1934, the registrant has duly caused this report to be signed on its behalf by the undersigned hereunto duly authorized."
NVDA_8-K_2016-03-23_0000,NVDA,8-K,2016-03-23,NVDA_8-K_0001045810-16-000220_form8-kmarch2016asr.htm,0,318,"SECURITIES AND EXCHANGE COMMISSION WASHINGTON, DC 20549 PURSUANT TO SECTION 13 OR 15(d) OF THE SECURITIES EXCHANGE ACT OF 1934 Date of Report (Date of earliest event reported): March 22, 2016 Registrant’s telephone number, including area code: (408) 486-2000 (Former name or former address, if changed since last report) Check the appropriate box below if the Form 8-K filing is intended to simultaneously satisfy the filing obligation of the registrant under any of the following provisions (see General Instruction A.2. below): [ ] Written communications pursuant to Rule 425 under the Securities Act (17 CFR 230.425) [ ] Soliciting material pursuant to Rule 14a-12 under the Exchange Act (17 CFR 240.14a-12) [ ] Pre-commencement communications pursuant to Rule 14d-2(b) under the Exchange Act (17 CFR 240.14d-2(b)) [ ] Pre-commencement communications pursuant to Rule 13e-4(c) under the Exchange Act (17 CFR 240.13e-4(c)) Item 8.01. Other Events. On March 22, 2016, NVIDIA Corporation (“NVIDIA”) entered into an accelerated share repurchase agreement (the “ASR Agreement”) with Barclays Bank PLC (“Barclays”). NVIDIA will acquire the shares under the ASR Agreement as part of its previously announced intention to return $1 billion to shareholders through ongoing quarterly cash dividends and share repurchases in the current fiscal year. Pursuant to the terms of the ASR Agreement, NVIDIA will pay $500 million to Barclays and receive 12,108,715 shares of NVIDIA common stock from Barclays. At settlement, Barclays may be required to deliver additional shares of common stock to NVIDIA, or, under certain circumstances, NVIDIA may be required to deliver shares of its common stock or may elect to make a cash payment to Barclays, based on the average of the daily volume-weighted average price of NVIDIA common stock during the term of the ASR Agreement. Pursuant to the requirements of the Securities Exchange Act of 1934, the registrant has duly caused this report to be signed on its behalf by the undersigned hereunto duly authorized."
NVDA_8-K_2016-05-02_0000,NVDA,8-K,2016-05-02,NVDA_8-K_0001045810-16-000235_form8-ksamsungsettlement.htm,0,255,"SECURITIES AND EXCHANGE COMMISSION WASHINGTON, DC 20549 PURSUANT TO SECTION 13 OR 15(d) OF THE SECURITIES EXCHANGE ACT OF 1934 Date of Report (Date of earliest event reported): April 29, 2016 Registrant’s telephone number, including area code: (408) 486-2000 (Former name or former address, if changed since last report) Check the appropriate box below if the Form 8-K filing is intended to simultaneously satisfy the filing obligation of the registrant under any of the following provisions (see General Instruction A.2. below): [ ] Written communications pursuant to Rule 425 under the Securities Act (17 CFR 230.425) [ ] Soliciting material pursuant to Rule 14a-12 under the Exchange Act (17 CFR 240.14a-12) [ ] Pre-commencement communications pursuant to Rule 14d-2(b) under the Exchange Act (17 CFR 240.14d-2(b)) [ ] Pre-commencement communications pursuant to Rule 13e-4(c) under the Exchange Act (17 CFR 240.13e-4(c)) Item 8.01. Other Events. On May 2, 2016, NVIDIA Corporation announced that NVIDIA and Samsung have agreed to settle all pending intellectual property litigation between the two companies. The agreement will lead to the immediate dismissal of all pending IP litigation in U.S. district courts, the U.S. International Trade Commission and the U.S. Patent Office between the companies. The settlement includes the licensing of a small number of patents by each company to the other, but no broad cross-licensing of patents or other compensation. Pursuant to the requirements of the Securities Exchange Act of 1934, the registrant has duly caused this report to be signed on its behalf by the undersigned hereunto duly authorized."
NVDA_8-K_2016-05-12_0000,NVDA,8-K,2016-05-12,NVDA_8-K_0001045810-16-000243_form8-kq117.htm,0,379,"SECURITIES AND EXCHANGE COMMISSION WASHINGTON, DC 20549 PURSUANT TO SECTION 13 OR 15(d) OF THE SECURITIES EXCHANGE ACT OF 1934 Date of Report (Date of earliest event reported): May 12, 2016 Registrant’s telephone number, including area code: (408) 486-2000 (Former name or former address, if changed since last report) Check the appropriate box below if the Form 8-K filing is intended to simultaneously satisfy the filing obligation of the registrant under any of the following provisions: [ ] Written communications pursuant to Rule 425 under the Securities Act (17 CFR 230.425) [ ] Soliciting material pursuant to Rule 14a-12 under the Exchange Act (17 CFR 240.14a-12) [ ] Pre-commencement communications pursuant to Rule 14d-2(b) under the Exchange Act (17 CFR 240.14d-2(b)) [ ] Pre-commencement communications pursuant to Rule 13e-4(c) under the Exchange Act (17 CFR 240.13e-4(c)) SECTION 2 - Financial Information Item 2.02 Results of Operations and Financial Condition. On May 12, 2016, NVIDIA Corporation, or the Company, issued a press release announcing its results for the quarter ended May 1, 2016. The press release is attached as Exhibit 99.1 and is incorporated herein by reference. Attached hereto as Exhibit 99.2 and incorporated by reference herein is financial information and commentary by Colette M. Kress, Executive Vice President and Chief Financial Officer of the Company, regarding results of the quarter ended May 1, 2016, or the CFO Commentary. The CFO Commentary will be posted to http://investor.nvidia.com immediately after the filing of this Current Report. The press release and CFO Commentary are furnished and shall not be deemed ""filed"" for purposes of Section 18 of the Securities Exchange Act of 1934, as amended, or subject to the liabilities of that Section or Sections 11 and 12(a)(2) of the Securities Act of 1933, as amended. The information in this Current Report shall not be incorporated by reference in any filing with the U.S. Securities and Exchange Commission made by the Company, whether made before or after the date hereof, regardless of any general incorporation language in such filing. SECTION 9 - Financial Statements and Exhibits Item 9.01 Financial Statements and Exhibits. Pursuant to the requirements of the Securities Exchange Act of 1934, the registrant has duly caused this report to be signed on its behalf by the undersigned hereunto duly authorized."
NVDA_8-K_2016-05-23_0000,NVDA,8-K,2016-05-23,NVDA_8-K_0001045810-16-000268_form8-k2016annualmeetingre.htm,0,653,"SECURITIES AND EXCHANGE COMMISSION WASHINGTON, DC 20549 PURSUANT TO SECTION 13 OR 15(d) OF THE SECURITIES EXCHANGE ACT OF 1934 Date of Report (Date of earliest event reported): May 18, 2016 Registrant’s telephone number, including area code: (408) 486-2000 (Former name or former address, if changed since last report) Check the appropriate box below if the Form 8-K filing is intended to simultaneously satisfy the filing obligation of the registrant under any of the following provisions (see General Instruction A.2. below): [ ] Written communications pursuant to Rule 425 under the Securities Act (17 CFR 230.425) [ ] Soliciting material pursuant to Rule 14a-12 under the Exchange Act (17 CFR 240.14a-12) [ ] Pre-commencement communications pursuant to Rule 14d-2(b) under the Exchange Act (17 CFR 240.14d-2(b)) [ ] Pre-commencement communications pursuant to Rule 13e-4(c) under the Exchange Act (17 CFR 240.13e-4(c)) Item 5.02. Departure of Directors or Certain Officers; Election of Directors; Appointment of Certain Officers; Compensatory Arrangements of Certain Officers. (e) Amendment and Restatement of Amended and Restated 2007 Equity Incentive Plan On May 18, 2016, at the 2016 Annual Meeting of Stockholders, or the 2016 Annual Meeting, of NVIDIA Corporation, our stockholders approved an amendment and restatement of the NVIDIA Corporation Amended and Restated 2007 Equity Incentive Plan, or the 2007 Plan, to increase the available share reserve by 18,800,000 shares as described in our definitive proxy statement for the 2016 Annual Meeting filed with the Securities and Exchange Commission on April 7, 2016, or the Proxy Statement. The 2007 Plan previously had been approved, subject to stockholder approval, by the Compensation Committee of the Board of Directors of NVIDIA, or the Committee. A summary of the 2007 Plan is set forth in our Proxy Statement. That summary and the foregoing description of the 2007 Plan are qualified in their entirety by reference to the text of the 2007 Plan, which is filed as Exhibit 10.1 hereto and incorporated herein by reference. Amendment and Restatement of 2012 Employee Stock Purchase Plan At the 2016 Annual Meeting, our stockholders also approved an amendment and restatement of the NVIDIA Corporation Amended and Restated 2012 Employee Stock Purchase Plan, or the 2012 Plan, to increase the available share reserve by 10,000,000 shares as described in the Proxy Statement. The 2012 Plan previously had been approved, subject to stockholder approval, by the Committee. A summary of the 2012 Plan is set forth in our Proxy Statement. That summary and the foregoing description of the 2012 Plan are qualified in their entirety by reference to the text of the 2012 Plan, which is filed as Exhibit 10.2 hereto and incorporated herein by reference. Item 5.07. Submission of Matters to a Vote of Security Holders. At the 2016 Annual Meeting, the following proposals were adopted by the margin indicated. Proxies for the 2016 Annual Meeting were solicited pursuant to Section 14(a) of the Securities Exchange Act of 1934, as amended, and there was no solicitation in opposition of management’s solicitation. 1.    The election of twelve (12) directors to serve for a one-year term until the 2017 Annual Meeting of Stockholders of NVIDIA Corporation. The results of the voting were as follows: 2.    The approval, on an advisory basis, of the compensation of our named executive officers as disclosed in the Proxy Statement. The results of the voting were as follows: 3.    The ratification of the appointment of PricewaterhouseCoopers LLP as our independent registered accounting firm for our fiscal year ending January 29, 2017. The results of the voting were as follows: 4.    The approval of the 2007 Plan. The results of the voting were as follows: 5.    The approval of the 2012 Plan. The results of the voting were as follows: Item 9.01. Financial Statements and Exhibits. Pursuant to the requirements of the Securities Exchange Act of 1934, the registrant has duly caused this report to be signed on its behalf by the undersigned hereunto duly authorized."
NVDA_8-K_2016-06-21_0000,NVDA,8-K,2016-06-21,NVDA_8-K_0001045810-16-000284_form8-kdavidshannon.htm,0,284,"SECURITIES AND EXCHANGE COMMISSION WASHINGTON, DC 20549 PURSUANT TO SECTION 13 OR 15(d) OF THE SECURITIES EXCHANGE ACT OF 1934 Date of Report (Date of earliest event reported): June 16, 2016 Registrant’s telephone number, including area code: (408) 486-2000 (Former name or former address, if changed since last report) Check the appropriate box below if the Form 8-K filing is intended to simultaneously satisfy the filing obligation of the registrant under any of the following provisions (see General Instruction A.2. below): [ ] Written communications pursuant to Rule 425 under the Securities Act (17 CFR 230.425) [ ] Soliciting material pursuant to Rule 14a-12 under the Exchange Act (17 CFR 240.14a-12) [ ] Pre-commencement communications pursuant to Rule 14d-2(b) under the Exchange Act (17 CFR 240.14d-2(b)) [ ] Pre-commencement communications pursuant to Rule 13e-4(c) under the Exchange Act (17 CFR 240.13e-4(c)) Item 5.02. Departure of Directors or Certain Officers; Election of Directors; Appointment of Certain Officers; Compensatory Arrangements of Certain Officers. (b) Retirement of Executive Vice President, Chief Administrative Officer and Secretary On June 16, 2016, David M. Shannon, 60, Executive Vice President, Chief Administrative Officer and Secretary informed NVIDIA Corporation that he will retire at the end of the calendar year. Mr. Shannon joined NVIDIA in August 2002 and is currently responsible for NVIDIA’s legal and human resources functions. Effective upon Mr. Shannon’s retirement, NVIDIA’s current Senior Vice President and General Counsel, Brian E. Cabrera, 51, will lead the legal team.  NVIDIA will work to recruit a leader for the human resources function. Pursuant to the requirements of the Securities Exchange Act of 1934, the registrant has duly caused this report to be signed on its behalf by the undersigned hereunto duly authorized."
NVDA_8-K_2016-08-11_0000,NVDA,8-K,2016-08-11,NVDA_8-K_0001045810-16-000292_form8-kq2fy17.htm,0,382,"SECURITIES AND EXCHANGE COMMISSION WASHINGTON, DC 20549 PURSUANT TO SECTION 13 OR 15(d) OF THE SECURITIES EXCHANGE ACT OF 1934 Date of Report (Date of earliest event reported): August 11, 2016 Registrant’s telephone number, including area code: (408) 486-2000 (Former name or former address, if changed since last report) Check the appropriate box below if the Form 8-K filing is intended to simultaneously satisfy the filing obligation of the registrant under any of the following provisions: [ ] Written communications pursuant to Rule 425 under the Securities Act (17 CFR 230.425) [ ] Soliciting material pursuant to Rule 14a-12 under the Exchange Act (17 CFR 240.14a-12) [ ] Pre-commencement communications pursuant to Rule 14d-2(b) under the Exchange Act (17 CFR 240.14d-2(b)) [ ] Pre-commencement communications pursuant to Rule 13e-4(c) under the Exchange Act (17 CFR 240.13e-4(c)) SECTION 2 - Financial Information Item 2.02 Results of Operations and Financial Condition. On August 11, 2016, NVIDIA Corporation, or the Company, issued a press release announcing its results for the three and six months ended July 31, 2016. The press release is attached as Exhibit 99.1 and is incorporated herein by reference. Attached hereto as Exhibit 99.2 and incorporated by reference herein is financial information and commentary by Colette M. Kress, Executive Vice President and Chief Financial Officer of the Company, regarding results of the quarter ended July 31, 2016, or the CFO Commentary. The CFO Commentary will be posted to http://investor.nvidia.com immediately after the filing of this Current Report. The press release and CFO Commentary are furnished and shall not be deemed ""filed"" for purposes of Section 18 of the Securities Exchange Act of 1934, as amended, or subject to the liabilities of that Section or Sections 11 and 12(a)(2) of the Securities Act of 1933, as amended. The information in this Current Report shall not be incorporated by reference in any filing with the U.S. Securities and Exchange Commission made by the Company, whether made before or after the date hereof, regardless of any general incorporation language in such filing. SECTION 9 - Financial Statements and Exhibits Item 9.01 Financial Statements and Exhibits. Pursuant to the requirements of the Securities Exchange Act of 1934, the registrant has duly caused this report to be signed on its behalf by the undersigned hereunto duly authorized."
NVDA_8-K_2016-09-16_0000,NVDA,8-K,2016-09-16,NVDA_8-K_0001193125-16-711700_d260668d8k.htm,0,776,"SECURITIES AND EXCHANGE COMMISSION WASHINGTON, D.C. 20549 PURSUANT TO SECTION 13 OR 15(d) OF THE SECURITIES EXCHANGE ACT OF 1934 Date of report (Date of earliest event reported): September 13, 2016 NVIDIA CORPORATION (Exact name of registrant as specified in its charter) Registrant’s telephone number, including area code: (408) 486-2000 (Former
Name or Former Address, if changed since last report) Check the appropriate box below
if the Form 8-K filing is intended to simultaneously satisfy the filing obligation of the registrant under any of the following provisions (see General Instruction A.2. below): Exhibit 1.01.  Entry into a Material Definitive Agreement. Underwriting Agreement On September 13, 2016,
NVIDIA Corporation (the “Company”) entered into an underwriting agreement (the “Underwriting Agreement”) with Goldman, Sachs & Co., Morgan Stanley & Co. LLC and Wells Fargo Securities, LLC, as the
representatives of the underwriters named therein (the “Underwriters”), to issue and sell $2.0 billion of unsecured notes, consisting of $1.0 billion of 2.20% notes due 2021 (the “2021 Notes”) and $1.0 billion of 3.20% notes due
2026 (the “2026 Notes” and, together with the 2021 Notes, the “Notes”). The Underwriting Agreement includes customary representations, warranties and covenants, including an agreement to indemnify the Underwriters against certain
liabilities. The estimated net proceeds from the offering of the Notes were approximately $1.98 billion, after deducting underwriting discounts and
estimated offering expenses. The Company intends to use the net proceeds of the offering to prefund the repayment of the principal amount of the Company’s convertible notes due 2018 and for general corporate purposes such as dividend payments
or share repurchases. The offering of the Notes was made pursuant to the Company’s Registration Statement on Form S-3 (File No. 333-213516) and
a related prospectus, including a prospectus supplement, filed with the Securities and Exchange Commission (the “SEC”). The above description
of the Underwriting Agreement does not purport to be complete and is qualified in its entirety by reference to the Underwriting Agreement, attached as Exhibit 1.1 hereto, and incorporated herein by reference. The terms of the Notes are governed by
an indenture, dated as of September 16, 2016 (the “Base Indenture”), between the Company and Wells Fargo Bank, National Association (the “Trustee”), as supplemented by an Officers’ Certificate, dated as of
September 16, 2016 (together with the Base Indenture, the “Indenture”). The 2021 Notes will mature on September 16, 2021 and the 2026
Notes will mature on September 16, 2026. Interest on the Notes is payable on March 16 and September 16 of each year, beginning on March 16, 2017. Upon 30 days’ notice to holders of the Notes, the Company may redeem the Notes
for cash in whole, at any time, or in part, from time to time, prior to maturity, at redemption prices that include accrued and unpaid interest, if any, and a make-whole premium. However, no make-whole premium will be paid for redemptions of the
2021 Notes on or after August 16, 2021, or for redemptions of the 2026 Notes on or after June 16, 2026. The Indenture includes covenants limiting the Company’s ability to create liens on its properties, enter into sale and leaseback
transactions with respect to its properties or consolidate, merge or sell all or substantially all of its assets, subject to a number of important exceptions as specified in the Indenture. The Indenture also contains customary event of default
provisions. In the event of the occurrence of both (1) a change of control of the Company and (2) a downgrade of a series of Notes below an investment grade rating by each of Moody’s Investors Service, Inc. and Standard & Poor’s Ratings Services within a specified period, the Company will be required to offer to repurchase any outstanding Notes of that series at a price in cash equal to
101% of the then outstanding principal amount of such series of Notes, plus accrued and unpaid interest. The Notes are the Company’s unsecured senior obligations and rank equally in right of payment with all of the Company’s existing and
future unsecured and unsubordinated indebtedness. The Notes will be structurally subordinated to the liabilities of our subsidiaries and will be effectively subordinated to any secured indebtedness to the extent of the value of the assets securing
such indebtedness. All existing and future liabilities of our subsidiaries will be effectively senior to the Notes. The Trustee also serves as the
trustee under the indenture for the Company’s convertible notes due 2018. The above description of the Indenture and the Notes does not purport to
be complete and is qualified in its entirety by reference to the Indenture, attached as Exhibits 4.1, 4.2, 4.3 and 4.4 hereto, and incorporated herein by reference."
NVDA_8-K_2016-09-16_0001,NVDA,8-K,2016-09-16,NVDA_8-K_0001193125-16-711700_d260668d8k.htm,1,349,"to 101% of the then outstanding principal amount of such series of Notes, plus accrued and unpaid interest. The Notes are the Company’s unsecured senior obligations and rank equally in right of payment with all of the Company’s existing and future unsecured and unsubordinated indebtedness. The Notes will be structurally subordinated to the liabilities of our subsidiaries and will be effectively subordinated to any secured indebtedness to the extent of the value of the assets securing such indebtedness. All existing and future liabilities of our subsidiaries will be effectively senior to the Notes. The Trustee also serves as the trustee under the indenture for the Company’s convertible notes due 2018. The above description of the Indenture and the Notes does not purport to be complete and is qualified in its entirety by reference to the Indenture, attached as Exhibits 4.1, 4.2, 4.3 and 4.4 hereto, and incorporated herein by reference. The agreements included as exhibits to this Current Report on Form 8-K are included to provide information regarding their terms and are not intended to
provide any other factual or disclosure information about the Company or the other parties to the agreements. The agreements may contain representations and warranties by each of the parties to the applicable agreement. These representations and
warranties have been made solely for the benefit of the other parties to the applicable agreement and: Accordingly, these representations and warranties may not describe the actual state of affairs as of the date they were made or at any other time. Additional
information about the Company may be found elsewhere in this Current Report on Form 8-K and the Company’s other public filings, which are available without charge through the SEC’s website at http://www.sec.gov. The information set forth in Item 1.01 above is hereby incorporated by reference into this Item 2.03, insofar as it relates to the creation of a
direct financial obligation. Pursuant to the requirements of the Securities Exchange Act of 1934, the registrant has duly caused this report to be signed on its behalf by the undersigned
hereunto duly authorized. Date: September 16, 2016"
NVDA_8-K_2016-10-13_0000,NVDA,8-K,2016-10-13,NVDA_8-K_0001193125-16-737735_d30673d8k.htm,0,689,"SECURITIES AND EXCHANGE COMMISSION WASHINGTON, D.C. 20549 PURSUANT
TO SECTION 13 OR 15(d) OF THE SECURITIES EXCHANGE ACT OF 1934 Date of report (Date of earliest event reported): October 7, 2016 NVIDIA CORPORATION (Exact name of registrant as specified in its charter) Registrant’s telephone number, including area code: (408) 486-2000 (Former
Name or Former Address, if changed since last report) Check the appropriate box below
if the Form 8-K filing is intended to simultaneously satisfy the filing obligation of the registrant under any of the following provisions (see General Instruction A.2. below): Exhibit 1.01. Entry into a Material Definitive Agreement. Credit Agreement On October 7, 2016, NVIDIA
Corporation (the “Company”) entered into a Credit Agreement (the “Credit Agreement”) among the Company, Wells Fargo Bank, National Association, as a Lender, Swingline Lender, Issuing Bank and Administrative Agent, Goldman Sachs
Bank USA, and Morgan Stanley MUFG Loan Partners, LLC, as Lenders, Swingline Lenders, Issuing Banks and Co-Syndication Agents, and the other lenders party thereto. Under the Credit Agreement, the Company may borrow, repay and re-borrow amounts from
time to time, up to $575 million, for working capital and other general corporate purposes of the Company and its subsidiaries. The commitments under the Credit Agreement are available for a five year period ending on October 7, 2021, on which
date all outstanding obligations are due and payable. The Credit Agreement also permits the Company to obtain additional revolving loan commitments and/or commitments to issue letters of credit under the Credit Agreement of up to $425 million,
subject to certain conditions provided in the Credit Agreement. Loans under the Credit Agreement will bear interest, at the Company’s election, at
the Adjusted LIBO Rate plus the Applicable Rate or the Alternate Base Rate plus the Applicable Rate (each as defined in the Credit Agreement). The Credit
Agreement includes customary representations, covenants, and events of default, including restrictions on subsidiary indebtedness, liens and fundamental changes such as a merger of the Company or the sale of all or substantially all of its assets,
and a financial maintenance covenant based on the ratio of debt to adjusted EBITDA. The Credit Agreement contains customary acceleration provisions including the following events of default relating to failure to make payments required under the
loan documents, breach of covenants or representations or warranties and certain bankruptcy events, among others, in each case following the expiration of applicable cure periods. The obligations under the Credit Agreement are the Company’s
unsecured senior obligations and rank equally in right of payment with all of the Company’s existing and future unsecured and unsubordinated indebtedness. The above description of the Credit Agreement does not purport to be complete and is qualified in its entirety by reference to the Credit Agreement, attached
as Exhibit 1.1 hereto, and incorporated herein by reference. The Credit Agreement included as an exhibit to this Current Report on Form 8-K is included
to provide information regarding its terms and is not intended to provide any other factual or disclosure information about the Company or the other parties to the Credit Agreement. The Credit Agreement may contain representations and warranties by
the parties to the agreement. These representations and warranties have been made solely for the benefit of the other parties to the Credit Agreement and: Accordingly, these representations and warranties may not describe the actual state of affairs as of the date they were made or at any other time. Additional
information about the Company may be found elsewhere in this Current Report on Form 8-K and the Company’s other public filings, which are available without charge through the SEC’s website at http://www.sec.gov. Item 2.03. Creation of a Direct Financial Obligation or an Obligation under an Off-Balance Sheet Arrangement of a Registrant. The information set forth in Item 1.01 above is hereby incorporated by reference into this Item 2.03, insofar as it relates to the creation of a
direct financial obligation. Item 9.01. Financial Statements and Exhibits. Pursuant to the requirements of the Securities Exchange Act of 1934, the registrant has duly caused this report to be signed on its behalf by the undersigned
hereunto duly authorized. Date: October 13, 2016"
NVDA_8-K_2016-11-10_0000,NVDA,8-K,2016-11-10,NVDA_8-K_0001045810-16-000343_form8-kq3fy17.htm,0,382,"SECURITIES AND EXCHANGE COMMISSION WASHINGTON, DC 20549 PURSUANT TO SECTION 13 OR 15(d) OF THE SECURITIES EXCHANGE ACT OF 1934 Date of Report (Date of earliest event reported): November 10, 2016 Registrant’s telephone number, including area code: (408) 486-2000 (Former name or former address, if changed since last report) Check the appropriate box below if the Form 8-K filing is intended to simultaneously satisfy the filing obligation of the registrant under any of the following provisions: [ ] Written communications pursuant to Rule 425 under the Securities Act (17 CFR 230.425) [ ] Soliciting material pursuant to Rule 14a-12 under the Exchange Act (17 CFR 240.14a-12) [ ] Pre-commencement communications pursuant to Rule 14d-2(b) under the Exchange Act (17 CFR 240.14d-2(b)) [ ] Pre-commencement communications pursuant to Rule 13e-4(c) under the Exchange Act (17 CFR 240.13e-4(c)) SECTION 2 - Financial Information Item 2.02 Results of Operations and Financial Condition. On November 10, 2016, NVIDIA Corporation, or the Company, issued a press release announcing its results for the three and nine months ended October 30, 2016. The press release is attached as Exhibit 99.1 and is incorporated herein by reference. Attached hereto as Exhibit 99.2 and incorporated by reference herein is financial information and commentary by Colette M. Kress, Executive Vice President and Chief Financial Officer of the Company, regarding results of the quarter ended October 30, 2016, or the CFO Commentary. The CFO Commentary will be posted to http://investor.nvidia.com immediately after the filing of this Current Report. The press release and CFO Commentary are furnished and shall not be deemed ""filed"" for purposes of Section 18 of the Securities Exchange Act of 1934, as amended, or subject to the liabilities of that Section or Sections 11 and 12(a)(2) of the Securities Act of 1933, as amended. The information in this Current Report shall not be incorporated by reference in any filing with the U.S. Securities and Exchange Commission made by the Company, whether made before or after the date hereof, regardless of any general incorporation language in such filing. SECTION 9 - Financial Statements and Exhibits Item 9.01 Financial Statements and Exhibits. Pursuant to the requirements of the Securities Exchange Act of 1934, the registrant has duly caused this report to be signed on its behalf by the undersigned hereunto duly authorized."
NVDA_8-K_2016-12-01_0000,NVDA,8-K,2016-12-01,NVDA_8-K_0001045810-16-000356_form8-kproxyaccess.htm,0,619,"SECURITIES AND EXCHANGE COMMISSION WASHINGTON, DC 20549 PURSUANT TO SECTION 13 OR 15(d) OF THE SECURITIES EXCHANGE ACT OF 1934 Date of Report (Date of earliest event reported): November 29, 2016 Registrant’s telephone number, including area code: (408) 486-2000 (Former name or former address, if changed since last report) Check the appropriate box below if the Form 8-K filing is intended to simultaneously satisfy the filing obligation of the registrant under any of the following provisions (see General Instruction A.2. below): [ ] Written communications pursuant to Rule 425 under the Securities Act (17 CFR 230.425) [ ] Soliciting material pursuant to Rule 14a-12 under the Exchange Act (17 CFR 240.14a-12) [ ] Pre-commencement communications pursuant to Rule 14d-2(b) under the Exchange Act (17 CFR 240.14d-2(b)) [ ] Pre-commencement communications pursuant to Rule 13e-4(c) under the Exchange Act (17 CFR 240.13e-4(c)) Item 5.03. Amendments to Articles of Incorporation or Bylaws; Change in Fiscal Year. On November 29, 2016, the Board of Directors (the “ Board ”) of NVIDIA Corporation ( “ NVIDIA ”) amended and restated NVIDIA’s Bylaws (the “ Restated Bylaws ”) to implement proxy access and amend certain provisions providing for advance notice of stockholder proposals and nominations for director (other than proposals properly made in accordance with Rule 14a-8 under the Securities Exchange Act of 1934, as amended). The Restated Bylaws became effective immediately upon adoption by the Board as described below. A new Section 5(h) permits a stockholder (or a group of up to 20 stockholders) owning at least 3% of the voting power of NVIDIA’s outstanding capital stock, continuously for at least three years, to include director nominees in NVIDIA’s annual meeting proxy materials; provided that the stockholders and nominees satisfy the requirements specified in the Restated Bylaws. These nominees may constitute the greater of two directors or 20% of the Board. Commencing with the annual meeting in calendar 2018, the Restated Bylaws also require a stockholder who desires to nominate a member of the Board for election at NVIDIA’s annual meeting (other than through proxy access) to provide written notice to the Secretary of NVIDIA at least 90 days and no more than 120 days prior to the first anniversary of the prior year’s annual meeting of stockholders. Under the bylaws that were in effect prior to this amendment, the notice period for stockholder nominations to the Board was between the 120 th and 150 th day prior to the first anniversary of the prior year’s annual meeting of stockholders. The Restated Bylaws further provide that, in the event that the date of the annual meeting is advanced more than 30 days prior to, or delayed by more than 30 days after, the anniversary of the prior year’s annual meeting, or if no annual meeting was held in the prior year, for notice by the stockholder to be timely, such stockholder’s written notice must be delivered to the Secretary between the 90 th and 120 th day prior to such annual meeting, or not later than the 10 th day following public announcement of the date of the meeting by NVIDIA. The Restated Bylaws also include other changes to the provisions in Section 5 to account for proxy access, and a number of other administrative and conforming changes. This description is only a summary of the changes made to the Restated Bylaws and is qualified in its entirety by reference to the Restated Bylaws, which is attached hereto as Exhibit 3.1 and is incorporated herein by reference. Item 9.01. Financial Statements and Exhibits. Pursuant to the requirements of the Securities Exchange Act of 1934, the registrant has duly caused this report to be signed on its behalf by the undersigned hereunto duly authorized."
NVDA_8-K_2016-12-13_0000,NVDA,8-K,2016-12-13,NVDA_8-K_0001045810-16-000358_form8-kwarranttermination.htm,0,429,"SECURITIES AND EXCHANGE COMMISSION WASHINGTON, DC 20549 PURSUANT TO SECTION 13 OR 15(d) OF THE SECURITIES EXCHANGE ACT OF 1934 Date of Report (Date of earliest event reported): December 12, 2016 Registrant’s telephone number, including area code: (408) 486-2000 (Former name or former address, if changed since last report) Check the appropriate box below if the Form 8-K filing is intended to simultaneously satisfy the filing obligation of the registrant under any of the following provisions (see General Instruction A.2. below): [ ] Written communications pursuant to Rule 425 under the Securities Act (17 CFR 230.425) [ ] Soliciting material pursuant to Rule 14a-12 under the Exchange Act (17 CFR 240.14a-12) [ ] Pre-commencement communications pursuant to Rule 14d-2(b) under the Exchange Act (17 CFR 240.14d-2(b)) [ ] Pre-commencement communications pursuant to Rule 13e-4(c) under the Exchange Act (17 CFR 240.13e-4(c)) Item 1.01. Entry into a Material Definitive Agreement. On December 12, 2016, NVIDIA Corporation (the “Company”) entered into an agreement (the “Termination Agreement”) with Goldman, Sachs & Co. (“Goldman”) to terminate certain of the outstanding warrants to purchase shares of the Company’s common stock (the “Common Stock”) that were issued to Goldman pursuant to two letter agreements between the Company and Goldman, one dated as of November 25, 2013 (the “Base Warrant Transaction”), and the other dated as of November 26, 2013 (the “Additional Warrant Transaction”). Pursuant to the terms of the Termination Agreement, 63,259,180.62 warrants in aggregate will be terminated. In consideration of the termination of these warrants, the Company will deliver shares of Common Stock to Goldman, the amount of which will be determined each day based on the daily volume-weighted average price of the Common Stock during an observation period beginning December 13, 2016 and ending January 31, 2017. The shares of Common Stock issuable under the Termination Agreement are being issued in reliance on the exemption from registration provided by Section 4(a)(2) of the Securities Act of 1933, as amended. A copy of the Termination Agreement is attached hereto as Exhibit 10.1 and is incorporated herein by reference. The description of the Termination Agreement contained in this Form 8-K is qualified in its entirety by reference to the Termination Agreement. Item 3.02. Unregistered Sales of Equity Securities. The information required by Item 3.02 is contained in Item 1.01 of this Form 8-K and is incorporated herein by reference. Item 9.01. Financial Statements and Exhibits. Pursuant to the requirements of the Securities Exchange Act of 1934, the registrant has duly caused this report to be signed on its behalf by the undersigned hereunto duly authorized."
NVDA_8-K_2017-01-19_0000,NVDA,8-K,2017-01-19,NVDA_8-K_0001045810-17-000006_form8-ktimteter.htm,0,509,"SECURITIES AND EXCHANGE COMMISSION WASHINGTON, DC 20549 PURSUANT TO SECTION 13 OR 15(d) OF THE SECURITIES EXCHANGE ACT OF 1934 Date of Report (Date of earliest event reported): January 18, 2017 Registrant’s telephone number, including area code: (408) 486-2000 (Former name or former address, if changed since last report) Check the appropriate box below if the Form 8-K filing is intended to simultaneously satisfy the filing obligation of the registrant under any of the following provisions (see General Instruction A.2. below): [ ] Written communications pursuant to Rule 425 under the Securities Act (17 CFR 230.425) [ ] Soliciting material pursuant to Rule 14a-12 under the Exchange Act (17 CFR 240.14a-12) [ ] Pre-commencement communications pursuant to Rule 14d-2(b) under the Exchange Act (17 CFR 240.14d-2(b)) [ ] Pre-commencement communications pursuant to Rule 13e-4(c) under the Exchange Act (17 CFR 240.13e-4(c)) Item 5.02. Departure of Directors or Certain Officers; Election of Directors; Appointment of Certain Officers; Compensatory Arrangements of Certain Officers. On January 18, 2017, the Board of Directors of NVIDIA Corporation (“NVIDIA” or the “Company”) appointed Tim Teter as senior vice president, general counsel and secretary of NVIDIA, contingent upon the commencement of his employment which is expected on January 23, 2017. Mr. Teter, age 50, most recently served as a partner at the law firm of Cooley LLP, where for more than two decades he focused on litigating patent and technology related matters. Previous to attending law school, he worked as an engineer at Lockheed Missiles and Space Company. Mr. Teter holds a B.S. in Mechanical Engineering from the University of California at Davis and a J.D. from Stanford Law School. Mr. Teter will assume leadership of the legal department from David M. Shannon, who in June 2016 announced his intention to retire as the Company’s chief administrative officer, responsible for legal and human resources functions. Mr. Shannon will continue to lead human resources at this time and he intends to assist on legal matters until his retirement. Mr. Teter’s offer letter provides that Mr. Teter will be employed by NVIDIA “at will” and contains the following additional terms: A copy of the offer letter is filed hereto as Exhibit 10.1 and is incorporated herein by reference. The foregoing description of the offer letter is subject to, and qualified in its entirety by, the offer letter. Mr. Teter is also expected to enter into NVIDIA’s standard indemnity agreement, filed as Exhibit 10.1 to the Current Report on Form 8-K filed with the SEC on March 7, 2006, which would require NVIDIA to indemnify Mr. Teter, under the circumstances and to the extent provided for therein, against certain expenses and other amounts incurred by Mr. Teter as a result of being made a party to certain actions, suits, proceedings and the like by reason of his position as an officer of NVIDIA. Item 9.01. Financial Statements and Exhibits. Pursuant to the requirements of the Securities Exchange Act of 1934, the registrant has duly caused this report to be signed on its behalf by the undersigned hereunto duly authorized."
NVDA_8-K_2017-02-02_0000,NVDA,8-K,2017-02-02,NVDA_8-K_0001045810-17-000012_form8-ksyntheticleaseamend.htm,0,442,"SECURITIES AND EXCHANGE COMMISSION WASHINGTON, DC 20549 PURSUANT TO SECTION 13 OR 15(d) OF THE SECURITIES EXCHANGE ACT OF 1934 Date of Report (Date of earliest event reported): January 27, 2017 Registrant’s telephone number, including area code: (408) 486-2000 (Former name or former address, if changed since last report) Check the appropriate box below if the Form 8-K filing is intended to simultaneously satisfy the filing obligation of the registrant under any of the following provisions (see General Instruction A.2. below): [ ] Written communications pursuant to Rule 425 under the Securities Act (17 CFR 230.425) [ ] Soliciting material pursuant to Rule 14a-12 under the Exchange Act (17 CFR 240.14a-12) [ ] Pre-commencement communications pursuant to Rule 14d-2(b) under the Exchange Act (17 CFR 240.14d-2(b)) [ ] Pre-commencement communications pursuant to Rule 13e-4(c) under the Exchange Act (17 CFR 240.13e-4(c)) Item 1.01. Entry into a Material Definitive Agreement. Amendment to Participation Agreement On January 27, 2017, NVIDIA Land Development, LLC, a wholly-owned subsidiary of NVIDIA Corporation (the “Company”), entered into an amendment (the “Amendment”) to its Participation Agreement with Wachovia Service Corporation, Wells Fargo Bank, N.A. and a syndicate of other institutions, dated June 19, 2015, in connection with the construction and lease of the Company’s new headquarters building in Santa Clara, California (the “Participation Agreement”). The Amendment was executed primarily to conform certain representations, warranties and covenants in the Participation Agreement to the terms of the Company’s Credit Agreement with Wells Fargo Bank, National Association, Goldman Sachs Bank USA, Morgan Stanley MUFG Loan Partners, LLC and certain other lenders, dated October 7, 2016 (the “Credit Agreement”), including an increase in the maximum total leverage ratio to not exceed 3.5:1.0 (previously a maximum of 3.0:1.0) and the deletion of the required minimum interest coverage ratio (previously a minimum of 3.5:1.0). The Participation Agreement is filed as Exhibit 10.1 to the Company’s Quarterly Report on Form 10-Q for the quarterly period ended July 26, 2015 (File No. 000-23985) as filed with the Securities and Exchange Commission (the “SEC”) on August 19, 2015. The Credit Agreement is filed as Exhibit 1.1 to the Company’s Current Report on Form 8-K (File No. 000-23985) as filed with the SEC on October 13, 2016. The above description of the Amendment does not purport to be complete and is qualified in its entirety by reference to the Amendment, which will be filed as an exhibit to the Company’s Annual Report on Form 10-K for fiscal year 2017. Pursuant to the requirements of the Securities Exchange Act of 1934, the registrant has duly caused this report to be signed on its behalf by the undersigned hereunto duly authorized."
NVDA_8-K_2017-02-09_0000,NVDA,8-K,2017-02-09,NVDA_8-K_0001045810-17-000016_form8-kq4fy17.htm,0,385,"SECURITIES AND EXCHANGE COMMISSION WASHINGTON, DC 20549 PURSUANT TO SECTION 13 OR 15(d) OF THE SECURITIES EXCHANGE ACT OF 1934 Date of Report (Date of earliest event reported): February 9, 2017 Registrant’s telephone number, including area code: (408) 486-2000 (Former name or former address, if changed since last report) Check the appropriate box below if the Form 8-K filing is intended to simultaneously satisfy the filing obligation of the registrant under any of the following provisions: [ ] Written communications pursuant to Rule 425 under the Securities Act (17 CFR 230.425) [ ] Soliciting material pursuant to Rule 14a-12 under the Exchange Act (17 CFR 240.14a-12) [ ] Pre-commencement communications pursuant to Rule 14d-2(b) under the Exchange Act (17 CFR 240.14d-2(b)) [ ] Pre-commencement communications pursuant to Rule 13e-4(c) under the Exchange Act (17 CFR 240.13e-4(c)) SECTION 2 - Financial Information Item 2.02 Results of Operations and Financial Condition. On February 9, 2017, NVIDIA Corporation, or the Company, issued a press release announcing its results for the quarter and fiscal year ended January 29, 2017. The press release is attached as Exhibit 99.1 and is incorporated herein by reference. Attached hereto as Exhibit 99.2 and incorporated by reference herein is financial information and commentary by Colette M. Kress, Executive Vice President and Chief Financial Officer of the Company, regarding results of the quarter and fiscal year ended January 29, 2017, or the CFO Commentary. The CFO Commentary will be posted to http://investor.nvidia.com immediately after the filing of this Current Report. The press release and CFO Commentary are furnished and shall not be deemed ""filed"" for purposes of Section 18 of the Securities Exchange Act of 1934, as amended, or subject to the liabilities of that Section or Sections 11 and 12(a)(2) of the Securities Act of 1933, as amended. The information in this Current Report shall not be incorporated by reference in any filing with the U.S. Securities and Exchange Commission made by the Company, whether made before or after the date hereof, regardless of any general incorporation language in such filing. SECTION 9 - Financial Statements and Exhibits Item 9.01 Financial Statements and Exhibits. Pursuant to the requirements of the Securities Exchange Act of 1934, the registrant has duly caused this report to be signed on its behalf by the undersigned hereunto duly authorized."
NVDA_8-K_2017-03-13_0000,NVDA,8-K,2017-03-13,NVDA_8-K_0001045810-17-000038_form8-kfy2018variablecompp.htm,0,441,"SECURITIES AND EXCHANGE COMMISSION WASHINGTON, DC 20549 PURSUANT TO SECTION 13 OR 15(d) OF THE SECURITIES EXCHANGE ACT OF 1934 Date of Report (Date of earliest event reported): March 7, 2017 Registrant’s telephone number, including area code: (408) 486-2000 (Former name or former address, if changed since last report) Check the appropriate box below if the Form 8-K filing is intended to simultaneously satisfy the filing obligation of the registrant under any of the following provisions (see General Instruction A.2. below): [ ] Written communications pursuant to Rule 425 under the Securities Act (17 CFR 230.425) [ ] Soliciting material pursuant to Rule 14a-12 under the Exchange Act (17 CFR 240.14a-12) [ ] Pre-commencement communications pursuant to Rule 14d-2(b) under the Exchange Act (17 CFR 240.14d-2(b)) [ ] Pre-commencement communications pursuant to Rule 13e-4(c) under the Exchange Act (17 CFR 240.13e-4(c)) Item 5.02. Departure of Directors or Certain Officers; Election of Directors; Appointment of Certain Officers; Compensatory Arrangements of Certain Officers. Adoption of Fiscal Year 2018 Variable Compensation Plan On March 7, 2017, the Compensation Committee of our Board of Directors adopted the Variable Compensation Plan for Fiscal Year 2018, or the 2018 Plan, which provides eligible executive officers the opportunity to earn a variable cash payment based on the level of achievement by us of certain corporate performance goals, or the Performance Goals, during our fiscal year 2018. We operate on a fiscal year ending on the last Sunday in January. We designate our fiscal year by the year in which that fiscal year ends (e.g., fiscal year 2018 refers to our fiscal year ending January 28, 2018). The Compensation Committee has set the Performance Goals for fiscal year 2018 based upon the achievement of specified fiscal year 2018 revenue and has established threshold, base operating plan and stretch operating plan levels. An eligible participant’s variable cash compensation under the 2018 Plan will be based on the achievement by NVIDIA of the Performance Goals. Unless otherwise determined by the Compensation Committee, a participant must remain an employee through the payment date under the 2018 Plan to be eligible to earn an award. The following table sets forth the base operating plan payment amount for our named executive officers under the 2018 Plan: The 2018 Plan is filed with this report as Exhibit 10.1 and is incorporated herein by reference. The foregoing description is subject to, and qualified in its entirety by, the 2018 Plan. Item 9.01. Financial Statements and Exhibits. Pursuant to the requirements of the Securities Exchange Act of 1934, the registrant has duly caused this report to be signed on its behalf by the undersigned hereunto duly authorized."
NVDA_8-K_2017-05-09_0000,NVDA,8-K,2017-05-09,NVDA_8-K_0001045810-17-000068_form8-kq1fy18.htm,0,465,"SECURITIES AND EXCHANGE COMMISSION WASHINGTON, DC 20549 PURSUANT TO SECTION 13 OR 15(d) OF THE SECURITIES EXCHANGE ACT OF 1934 Date of Report (Date of earliest event reported): May 9, 2017 Registrant’s telephone number, including area code: (408) 486-2000 (Former name or former address, if changed since last report) Check the appropriate box below if the Form 8-K filing is intended to simultaneously satisfy the filing obligation of the registrant under any of the following provisions: [ ] Written communications pursuant to Rule 425 under the Securities Act (17 CFR 230.425) [ ] Soliciting material pursuant to Rule 14a-12 under the Exchange Act (17 CFR 240.14a-12) [ ] Pre-commencement communications pursuant to Rule 14d-2(b) under the Exchange Act (17 CFR 240.14d-2(b)) [ ] Pre-commencement communications pursuant to Rule 13e-4(c) under the Exchange Act (17 CFR 240.13e-4(c)) Indicate by check mark whether the registrant is an emerging growth company as defined in Rule 405 of the Securities Act of 1933 (§230.405 of this chapter) or Rule 12b-2 of the Securities Exchange Act of 1934 (§240.12b-2 of this chapter). Emerging Growth Company o If an emerging growth company, indicate by check mark if the registrant has elected not to use the extended transition period for complying with any new or revised financial accounting standards provided pursuant to Section 13(a) of the Exchange Act. o SECTION 2 - Financial Information Item 2.02 Results of Operations and Financial Condition. On May 9, 2017, NVIDIA Corporation, or the Company, issued a press release announcing its results for the quarter ended April 30, 2017. The press release is attached as Exhibit 99.1 and is incorporated herein by reference. Attached hereto as Exhibit 99.2 and incorporated by reference herein is financial information and commentary by Colette M. Kress, Executive Vice President and Chief Financial Officer of the Company, regarding results of the quarter ended April 30, 2017, or the CFO Commentary. The CFO Commentary will be posted to http://investor.nvidia.com immediately after the filing of this Current Report. The press release and CFO Commentary are furnished and shall not be deemed ""filed"" for purposes of Section 18 of the Securities Exchange Act of 1934, as amended, or subject to the liabilities of that Section or Sections 11 and 12(a)(2) of the Securities Act of 1933, as amended. The information in this Current Report shall not be incorporated by reference in any filing with the U.S. Securities and Exchange Commission made by the Company, whether made before or after the date hereof, regardless of any general incorporation language in such filing. SECTION 9 - Financial Statements and Exhibits Item 9.01 Financial Statements and Exhibits. Pursuant to the requirements of the Securities Exchange Act of 1934, the registrant has duly caused this report to be signed on its behalf by the undersigned hereunto duly authorized."
NVDA_8-K_2017-05-30_0000,NVDA,8-K,2017-05-30,NVDA_8-K_0001045810-17-000097_form8-k2017annualmeetingre.htm,0,490,"SECURITIES AND EXCHANGE COMMISSION WASHINGTON, DC 20549 PURSUANT TO SECTION 13 OR 15(d) OF THE SECURITIES EXCHANGE ACT OF 1934 Date of Report (Date of earliest event reported): May 23, 2017 Registrant’s telephone number, including area code: (408) 486-2000 (Former name or former address, if changed since last report) Check the appropriate box below if the Form 8-K filing is intended to simultaneously satisfy the filing obligation of the registrant under any of the following provisions (see General Instruction A.2. below): [ ] Written communications pursuant to Rule 425 under the Securities Act (17 CFR 230.425) [ ] Soliciting material pursuant to Rule 14a-12 under the Exchange Act (17 CFR 240.14a-12) [ ] Pre-commencement communications pursuant to Rule 14d-2(b) under the Exchange Act (17 CFR 240.14d-2(b)) [ ] Pre-commencement communications pursuant to Rule 13e-4(c) under the Exchange Act (17 CFR 240.13e-4(c)) Indicate by check mark whether the registrant is an emerging growth company as defined in Rule 405 of the Securities Act of 1933 (§230.405 of this chapter) or Rule 12b-2 of the Securities Exchange Act of 1934 (§240.12b-2 of this chapter). Emerging Growth Company o If an emerging growth company, indicate by check mark if the registrant has elected not to use the extended transition period for complying with any new or revised financial accounting standards provided pursuant to Section 13(a) of the Exchange Act. o Item 5.07. Submission of Matters to a Vote of Security Holders. On May 23, 2017, at the 2017 Annual Meeting of Stockholders of NVIDIA Corporation, or the 2017 Annual Meeting, the following proposals were adopted by the margin indicated. Proxies for the 2017 Annual Meeting were solicited pursuant to Section 14(a) of the Securities Exchange Act of 1934, as amended, and there was no solicitation in opposition of management’s solicitation. 1.    The election of twelve (12) directors to serve for a one-year term until the 2018 Annual Meeting of Stockholders of NVIDIA Corporation. The results of the voting were as follows: 2.    The approval, on an advisory basis, of the compensation of our named executive officers as disclosed in the our definitive proxy statement for the 2017 Annual Meeting filed with the Securities and Exchange Commission on April 7, 2017. The results of the voting were as follows: 3.    The approval, on an advisory basis, of the frequency of holding an advisory vote on the compensation of our named executive officers. The results of the voting were as follows: Based on the voting results, we have determined to provide for an annual advisory vote on the compensation of our named executive officers. 4.    The ratification of the appointment of PricewaterhouseCoopers LLP as our independent registered accounting firm for our fiscal year ending January 28, 2018. The results of the voting were as follows: Pursuant to the requirements of the Securities Exchange Act of 1934, the registrant has duly caused this report to be signed on its behalf by the undersigned hereunto duly authorized."
NVDA_8-K_2017-06-05_0000,NVDA,8-K,2017-06-05,NVDA_8-K_0001045810-17-000103_form8-ksecondwarranttermin.htm,0,492,"SECURITIES AND EXCHANGE COMMISSION WASHINGTON, DC 20549 PURSUANT TO SECTION 13 OR 15(d) OF THE SECURITIES EXCHANGE ACT OF 1934 Date of Report (Date of earliest event reported): June 2, 2017 Registrant’s telephone number, including area code: (408) 486-2000 (Former name or former address, if changed since last report) Check the appropriate box below if the Form 8-K filing is intended to simultaneously satisfy the filing obligation of the registrant under any of the following provisions (see General Instruction A.2. below): [ ] Written communications pursuant to Rule 425 under the Securities Act (17 CFR 230.425) [ ] Soliciting material pursuant to Rule 14a-12 under the Exchange Act (17 CFR 240.14a-12) [ ] Pre-commencement communications pursuant to Rule 14d-2(b) under the Exchange Act (17 CFR 240.14d-2(b)) [ ] Pre-commencement communications pursuant to Rule 13e-4(c) under the Exchange Act (17 CFR 240.13e-4(c)) Indicate by check mark whether the registrant is an emerging growth company as defined in Rule 405 of the Securities Act of 1933 (§230.405 of this chapter) or Rule 12b-2 of the Securities Exchange Act of 1934 (§240.12b-2 of this chapter). Emerging Growth Company o If an emerging growth company, indicate by check mark if the registrant has elected not to use the extended transition period for complying with any new or revised financial accounting standards provided pursuant to Section 13(a) of the Exchange Act. o Item 1.01. Entry into a Material Definitive Agreement. On June 2, 2017, NVIDIA Corporation (the “Company”) entered into an agreement (the “Second Termination Agreement”) with Goldman Sachs & Co. LLC (“Goldman”) to terminate the remaining 11,503,866 outstanding warrants (the “Remaining Warrants”) to purchase shares of the Company’s common stock (the “Common Stock”) that were issued to Goldman pursuant to the letter agreement between the Company and Goldman, dated as of November 25, 2013. In consideration of the termination of the Remaining Warrants, the Company will deliver shares of Common Stock to Goldman, the amount of which will be determined each day based on the daily volume-weighted average price of the Common Stock during an observation period beginning June 5, 2017 and ending June 30, 2017. The shares of Common Stock issuable under the Second Termination Agreement are being issued in reliance on the exemption from registration provided by Section 4(a)(2) of the Securities Act of 1933, as amended. A copy of the Second Termination Agreement is attached hereto as Exhibit 10.1 and is incorporated herein by reference. The description of the Second Termination Agreement contained in this Form 8-K is qualified in its entirety by reference to the Second Termination Agreement. Item 3.02. Unregistered Sales of Equity Securities. The information required by Item 3.02 is contained in Item 1.01 of this Form 8-K and is incorporated herein by reference. Item 9.01. Financial Statements and Exhibits. Pursuant to the requirements of the Securities Exchange Act of 1934, the registrant has duly caused this report to be signed on its behalf by the undersigned hereunto duly authorized."
NVDA_8-K_2017-08-10_0000,NVDA,8-K,2017-08-10,NVDA_8-K_0001045810-17-000117_form8-kq2fy18.htm,0,473,"SECURITIES AND EXCHANGE COMMISSION WASHINGTON, DC 20549 PURSUANT TO SECTION 13 OR 15(d) OF THE SECURITIES EXCHANGE ACT OF 1934 Date of Report (Date of earliest event reported): August 10, 2017 Registrant’s telephone number, including area code: (408) 486-2000 (Former name or former address, if changed since last report) Check the appropriate box below if the Form 8-K filing is intended to simultaneously satisfy the filing obligation of the registrant under any of the following provisions: [ ] Written communications pursuant to Rule 425 under the Securities Act (17 CFR 230.425) [ ] Soliciting material pursuant to Rule 14a-12 under the Exchange Act (17 CFR 240.14a-12) [ ] Pre-commencement communications pursuant to Rule 14d-2(b) under the Exchange Act (17 CFR 240.14d-2(b)) [ ] Pre-commencement communications pursuant to Rule 13e-4(c) under the Exchange Act (17 CFR 240.13e-4(c)) Indicate by check mark whether the registrant is an emerging growth company as defined in Rule 405 of the Securities Act of 1933 (§230.405 of this chapter) or Rule 12b-2 of the Securities Exchange Act of 1934 (§240.12b-2 of this chapter). Emerging Growth Company o If an emerging growth company, indicate by check mark if the registrant has elected not to use the extended transition period for complying with any new or revised financial accounting standards provided pursuant to Section 13(a) of the Exchange Act. o SECTION 2 - Financial Information Item 2.02 Results of Operations and Financial Condition. On August 10, 2017, NVIDIA Corporation, or the Company, issued a press release announcing its results for the second quarter and first half of fiscal year 2018. The press release is attached as Exhibit 99.1 and is incorporated herein by reference. Attached hereto as Exhibit 99.2 and incorporated by reference herein is financial information and commentary by Colette M. Kress, Executive Vice President and Chief Financial Officer of the Company, regarding results for the second quarter and first half of fiscal year 2018, or the CFO Commentary. The CFO Commentary will be posted to http://investor.nvidia.com immediately after the filing of this Current Report. The press release and CFO Commentary are furnished and shall not be deemed ""filed"" for purposes of Section 18 of the Securities Exchange Act of 1934, as amended, or subject to the liabilities of that Section or Sections 11 and 12(a)(2) of the Securities Act of 1933, as amended. The information in this Current Report shall not be incorporated by reference in any filing with the U.S. Securities and Exchange Commission made by the Company, whether made before or after the date hereof, regardless of any general incorporation language in such filing. SECTION 9 - Financial Statements and Exhibits Item 9.01 Financial Statements and Exhibits. Pursuant to the requirements of the Securities Exchange Act of 1934, the registrant has duly caused this report to be signed on its behalf by the undersigned hereunto duly authorized."
NVDA_8-K_2017-11-09_0000,NVDA,8-K,2017-11-09,NVDA_8-K_0001045810-17-000164_form8-kq3fy18.htm,0,789,"SECURITIES AND EXCHANGE COMMISSION WASHINGTON, DC 20549 PURSUANT TO SECTION 13 OR 15(d) OF THE SECURITIES EXCHANGE ACT OF 1934 Date of Report (Date of earliest event reported): November 6, 2017 Registrant’s telephone number, including area code: (408) 486-2000 2701 San Tomas Expressway, Santa Clara, CA 95050 (Former name or former address, if changed since last report) Check the appropriate box below if the Form 8-K filing is intended to simultaneously satisfy the filing obligation of the registrant under any of the following provisions: [ ] Written communications pursuant to Rule 425 under the Securities Act (17 CFR 230.425) [ ] Soliciting material pursuant to Rule 14a-12 under the Exchange Act (17 CFR 240.14a-12) [ ] Pre-commencement communications pursuant to Rule 14d-2(b) under the Exchange Act (17 CFR 240.14d-2(b)) [ ] Pre-commencement communications pursuant to Rule 13e-4(c) under the Exchange Act (17 CFR 240.13e-4(c)) Indicate by check mark whether the registrant is an emerging growth company as defined in Rule 405 of the Securities Act of 1933 (§230.405 of this chapter) or Rule 12b-2 of the Securities Exchange Act of 1934 (§240.12b-2 of this chapter). Emerging Growth Company o If an emerging growth company, indicate by check mark if the registrant has elected not to use the extended transition period for complying with any new or revised financial accounting standards provided pursuant to Section 13(a) of the Exchange Act. o Item 1.02. Termination of a Material Definitive Agreement. On November 6, 2017, NVIDIA Land Development, LLC, or NVIDIA Land, a wholly-owned subsidiary of NVIDIA Corporation, or the Company, exercised its option under a Real Property Lease with Wachovia Service Corporation to terminate a Ground Lease and a Real Property Lease and purchase real property containing the Company’s new Santa Clara campus building at the intersection of Walsh Avenue and San Tomas Expressway in Santa Clara, California, or the Property, from Wachovia for approximately $350 million. On June 19, 2015, NVIDIA Land entered into the Ground Lease, Real Property Lease, Participation Agreement, Agency Agreement and related documents with Wachovia; Wells Fargo Bank, N.A.; and a syndicate of other institutions, or collectively, the Participants, for the construction and lease of the Company’s new Santa Clara campus building. As part of the transaction, NVIDIA Land ground leased to Wachovia the Property and, in connection with construction of the Company’s new Santa Clara campus building, Wachovia leased the Property back to NVIDIA Land. Construction of the Company’s new Santa Clara campus building was substantially completed on October 31, 2017. The purchase price approximates the sum of: repayment of the Participants’ investment in the Property, capitalized interest accrued during the construction period, any accrued but unpaid rent under the Real Property Lease, and the fees and expenses of the Participants incurred in connection with the purchase. Upon completing the purchase, the agreements referenced above and related documents will be terminated and NVIDIA Land will hold all right, title and interest in the Property, free and clear of any secured financing. NVIDIA Land has obtained a waiver from a majority of the Participants of the requirement to provide 90 days advance notice to exercise the purchase option. NVIDIA expects to complete the purchase and take title to the Property during the fourth quarter of fiscal year 2018. The descriptions of the agreements do not purport to be complete and are qualified in their entirety by reference to the full text of such agreements as filed with the U.S. Securities and Exchange Commission, or the SEC, as follows: Item 2.02 Results of Operations and Financial Condition. On November 9, 2017, the Company issued a press release announcing its results for the third quarter and first nine months of fiscal year 2018. The press release is attached as Exhibit 99.1 and is incorporated herein by reference. Attached hereto as Exhibit 99.2 and incorporated by reference herein is financial information and commentary by Colette M. Kress, Executive Vice President and Chief Financial Officer of the Company, regarding results for the third quarter and first nine months of fiscal year 2018, or the CFO Commentary. The CFO Commentary will be posted to http://investor.nvidia.com immediately after the filing of this Current Report. The press release and CFO Commentary are furnished and shall not be deemed ""filed"" for purposes of Section 18 of the Securities Exchange Act of 1934, as amended, or subject to the liabilities of that Section or Sections 11 and 12(a)(2) of the Securities Act of 1933, as amended. The information in this Current Report shall not be incorporated by reference in any filing with the U.S. Securities and Exchange Commission made by the Company, whether made before or after the date hereof, regardless of any general incorporation language in such filing. Item 9.01 Financial Statements and Exhibits."
NVDA_8-K_2017-11-09_0001,NVDA,8-K,2017-11-09,NVDA_8-K_0001045810-17-000164_form8-kq3fy18.htm,1,180,"financial information and commentary by Colette M. Kress, Executive Vice President and Chief Financial Officer of the Company, regarding results for the third quarter and first nine months of fiscal year 2018, or the CFO Commentary. The CFO Commentary will be posted to http://investor.nvidia.com immediately after the filing of this Current Report. The press release and CFO Commentary are furnished and shall not be deemed ""filed"" for purposes of Section 18 of the Securities Exchange Act of 1934, as amended, or subject to the liabilities of that Section or Sections 11 and 12(a)(2) of the Securities Act of 1933, as amended. The information in this Current Report shall not be incorporated by reference in any filing with the U.S. Securities and Exchange Commission made by the Company, whether made before or after the date hereof, regardless of any general incorporation language in such filing. Item 9.01 Financial Statements and Exhibits. Pursuant to the requirements of the Securities Exchange Act of 1934, the registrant has duly caused this report to be signed on its behalf by the undersigned hereunto duly authorized."
NVDA_8-K_2017-12-15_0000,NVDA,8-K,2017-12-15,NVDA_8-K_0001045810-17-000178_form8-kcommercialpaper.htm,0,701,"SECURITIES AND EXCHANGE COMMISSION WASHINGTON, DC 20549 PURSUANT TO SECTION 13 OR 15(d) OF THE SECURITIES EXCHANGE ACT OF 1934 Date of Report (Date of earliest event reported): December 15, 2017 Registrant’s telephone number, including area code: (408) 486-2000 (Former name or former address, if changed since last report) Check the appropriate box below if the Form 8-K filing is intended to simultaneously satisfy the filing obligation of the registrant under any of the following provisions (see General Instruction A.2. below): [ ] Written communications pursuant to Rule 425 under the Securities Act (17 CFR 230.425) [ ] Soliciting material pursuant to Rule 14a-12 under the Exchange Act (17 CFR 240.14a-12) [ ] Pre-commencement communications pursuant to Rule 14d-2(b) under the Exchange Act (17 CFR 240.14d-2(b)) [ ] Pre-commencement communications pursuant to Rule 13e-4(c) under the Exchange Act (17 CFR 240.13e-4(c)) Indicate by check mark whether the registrant is an emerging growth company as defined in Rule 405 of the Securities Act of 1933 (§230.405 of this chapter) or Rule 12b-2 of the Securities Exchange Act of 1934 (§240.12b-2 of this chapter). Emerging Growth Company o If an emerging growth company, indicate by check mark if the registrant has elected not to use the extended transition period for complying with any new or revised financial accounting standards provided pursuant to Section 13(a) of the Exchange Act. o Item 1.01. Entry into a Material Definitive Agreement. On December 15, 2017, NVIDIA Corporation (the “Company”) established a commercial paper program pursuant to which the Company may issue short-term, unsecured commercial paper notes under Section 4(a)(2) of the Securities Act of 1933, as amended. Amounts available under the program may be borrowed, repaid and re-borrowed from time to time, with the aggregate face or principal amount of the notes outstanding under the program at any time not to exceed $575 million. The notes will have maturities of up to 397 days from the date of issue and rank at least equally with all of the Company’s other unsecured and unsubordinated indebtedness. The net proceeds from the issuances of the notes are expected to be used for general corporate purposes. The Company plans to use its revolving credit facility as a liquidity backstop for its borrowings under the program. One or more dealers for the program will be engaged to either purchase from the Company or arrange for the sale by the Company of the notes pursuant to the respective commercial paper dealer agreement entered into between the Company and each dealer. The dealer agreements contain customary representations, warranties, covenants and indemnification provisions. A copy of the form of dealer agreement used in the program is filed herewith as Exhibit 10.1 and is incorporated herein by reference, and the summary of the program herein is qualified in its entirety by the terms of the program as set forth in the dealer agreement. A national bank will act as agent under the program pursuant to the terms of an issuing and paying agent agreement. From time to time, the dealers and certain of their affiliates have provided, and may in the future provide, banking and other financial advisory services to the Company and its affiliates for which the dealers have received or will receive customary fees and expenses. The notes have not been and will not be registered under the Securities Act or any state securities laws, and may not be offered or sold in the United States absent registration or an applicable exemption from the registration requirements of the Securities Act and applicable state laws. The information contained in this Current Report on Form 8-K is neither an offer to sell nor a solicitation of an offer to buy any notes. Item 2.03. Creation of a Direct Financial Obligation or an Obligation under an Off-Balance Sheet Arrangement of a Registrant. The information set forth in Item 1.01 above is hereby incorporated by reference into this Item 2.03, insofar as it relates to the creation of a direct financial obligation. Item 9.01. Financial Statements and Exhibits. Pursuant to the requirements of the Securities Exchange Act of 1934, the registrant has duly caused this report to be signed on its behalf by the undersigned hereunto duly authorized."
NVDA_8-K_2018-02-08_0000,NVDA,8-K,2018-02-08,NVDA_8-K_0001045810-18-000004_form8-kq4fy18.htm,0,460,"SECURITIES AND EXCHANGE COMMISSION WASHINGTON, DC 20549 PURSUANT TO SECTION 13 OR 15(d) OF THE SECURITIES EXCHANGE ACT OF 1934 Date of Report (Date of earliest event reported): February 8, 2018 Registrant’s telephone number, including area code: (408) 486-2000 (Former name or former address, if changed since last report) Check the appropriate box below if the Form 8-K filing is intended to simultaneously satisfy the filing obligation of the registrant under any of the following provisions: [ ] Written communications pursuant to Rule 425 under the Securities Act (17 CFR 230.425) [ ] Soliciting material pursuant to Rule 14a-12 under the Exchange Act (17 CFR 240.14a-12) [ ] Pre-commencement communications pursuant to Rule 14d-2(b) under the Exchange Act (17 CFR 240.14d-2(b)) [ ] Pre-commencement communications pursuant to Rule 13e-4(c) under the Exchange Act (17 CFR 240.13e-4(c)) Indicate by check mark whether the registrant is an emerging growth company as defined in Rule 405 of the Securities Act of 1933 (§230.405 of this chapter) or Rule 12b-2 of the Securities Exchange Act of 1934 (§240.12b-2 of this chapter). Emerging Growth Company o If an emerging growth company, indicate by check mark if the registrant has elected not to use the extended transition period for complying with any new or revised financial accounting standards provided pursuant to Section 13(a) of the Exchange Act. o Item 2.02 Results of Operations and Financial Condition. On February 8, 2018 , NVIDIA Corporation, or the Company, issued a press release announcing its results for the quarter and fiscal year ended January 28, 2018. The press release is attached as Exhibit 99.1 and is incorporated herein by reference. Attached hereto as Exhibit 99.2 and incorporated by reference herein is financial information and commentary by Colette M. Kress, Executive Vice President and Chief Financial Officer of the Company, regarding results of the quarter and fiscal year ended January 28, 2018, or the CFO Commentary. The CFO Commentary will be posted to http://investor.nvidia.com immediately after the filing of this Current Report. The press release and CFO Commentary are furnished and shall not be deemed ""filed"" for purposes of Section 18 of the Securities Exchange Act of 1934, as amended, or subject to the liabilities of that Section or Sections 11 and 12(a)(2) of the Securities Act of 1933, as amended. The information in this Current Report shall not be incorporated by reference in any filing with the U.S. Securities and Exchange Commission made by the Company, whether made before or after the date hereof, regardless of any general incorporation language in such filing. Item 9.01 Financial Statements and Exhibits. Pursuant to the requirements of the Securities Exchange Act of 1934, the registrant has duly caused this report to be signed on its behalf by the undersigned hereunto duly authorized."
NVDA_8-K_2018-03-13_0000,NVDA,8-K,2018-03-13,NVDA_8-K_0001045810-18-000026_form8-kfy2019variablecompp.htm,0,455,"SECURITIES AND EXCHANGE COMMISSION WASHINGTON, DC 20549 PURSUANT TO SECTION 13 OR 15(d) OF THE SECURITIES EXCHANGE ACT OF 1934 Date of Report (Date of earliest event reported): March 7, 2018 Registrant’s telephone number, including area code: (408) 486-2000 (Former name or former address, if changed since last report) Check the appropriate box below if the Form 8-K filing is intended to simultaneously satisfy the filing obligation of the registrant under any of the following provisions (see General Instruction A.2. below): [ ] Written communications pursuant to Rule 425 under the Securities Act (17 CFR 230.425) [ ] Soliciting material pursuant to Rule 14a-12 under the Exchange Act (17 CFR 240.14a-12) [ ] Pre-commencement communications pursuant to Rule 14d-2(b) under the Exchange Act (17 CFR 240.14d-2(b)) [ ] Pre-commencement communications pursuant to Rule 13e-4(c) under the Exchange Act (17 CFR 240.13e-4(c)) Item 5.02. Departure of Directors or Certain Officers; Election of Directors; Appointment of Certain Officers; Compensatory Arrangements of Certain Officers. Adoption of Fiscal Year 2019 Variable Compensation Plan On March 7, 2018, the Compensation Committee of the Board of Directors of NVIDIA Corporation, or the Company, adopted the Variable Compensation Plan for Fiscal Year 2019, or the 2019 Plan, which provides eligible executive officers the opportunity to earn a variable cash payment based on the level of achievement by the Company of certain corporate performance goals, or the Performance Goals, during fiscal year 2019. The Company operates on a fiscal year ending on the last Sunday in January and designates its fiscal year by the year in which that fiscal year ends (e.g., fiscal year 2019 refers to the Company’s fiscal year ending January 27, 2019). The Compensation Committee has set the Performance Goals for fiscal year 2019 based upon the achievement of specified fiscal year 2019 revenue and has established threshold, base operating plan, and stretch operating plan levels. An eligible participant’s variable cash compensation under the 2019 Plan will be based on the achievement by the Company of the Performance Goals. Unless otherwise determined by the Compensation Committee, a participant must remain an employee through the payment date under the 2019 Plan to be eligible to earn an award. The following table sets forth the respective target award opportunities for base operating plan achievement for the Company’s named executive officers under the 2019 Plan: The 2019 Plan is filed with this report as Exhibit 10.1 and is incorporated herein by reference. The foregoing description is subject to, and qualified in its entirety by, the 2019 Plan. Item 9.01. Financial Statements and Exhibits. Pursuant to the requirements of the Securities Exchange Act of 1934, the registrant has duly caused this report to be signed on its behalf by the undersigned hereunto duly authorized."
NVDA_8-K_2018-05-10_0000,NVDA,8-K,2018-05-10,NVDA_8-K_0001045810-18-000052_form8-kq1fy19.htm,0,454,"SECURITIES AND EXCHANGE COMMISSION WASHINGTON, DC 20549 PURSUANT TO SECTION 13 OR 15(d) OF THE SECURITIES EXCHANGE ACT OF 1934 Date of Report (Date of earliest event reported): May 10, 2018 Registrant’s telephone number, including area code: (408) 486-2000 (Former name or former address, if changed since last report) Check the appropriate box below if the Form 8-K filing is intended to simultaneously satisfy the filing obligation of the registrant under any of the following provisions: [ ] Written communications pursuant to Rule 425 under the Securities Act (17 CFR 230.425) [ ] Soliciting material pursuant to Rule 14a-12 under the Exchange Act (17 CFR 240.14a-12) [ ] Pre-commencement communications pursuant to Rule 14d-2(b) under the Exchange Act (17 CFR 240.14d-2(b)) [ ] Pre-commencement communications pursuant to Rule 13e-4(c) under the Exchange Act (17 CFR 240.13e-4(c)) Indicate by check mark whether the registrant is an emerging growth company as defined in Rule 405 of the Securities Act of 1933 (§230.405 of this chapter) or Rule 12b-2 of the Securities Exchange Act of 1934 (§240.12b-2 of this chapter). Emerging Growth Company o If an emerging growth company, indicate by check mark if the registrant has elected not to use the extended transition period for complying with any new or revised financial accounting standards provided pursuant to Section 13(a) of the Exchange Act. o Item 2.02 Results of Operations and Financial Condition. On May 10, 2018 , NVIDIA Corporation, or the Company, issued a press release announcing its results for the quarter ended April 29, 2018. The press release is attached as Exhibit 99.1 and is incorporated herein by reference. Attached hereto as Exhibit 99.2 and incorporated by reference herein is financial information and commentary by Colette M. Kress, Executive Vice President and Chief Financial Officer of the Company, regarding results of the quarter ended April 29, 2018, or the CFO Commentary. The CFO Commentary will be posted to http://investor.nvidia.com immediately after the filing of this Current Report. The press release and CFO Commentary are furnished and shall not be deemed ""filed"" for purposes of Section 18 of the Securities Exchange Act of 1934, as amended, or subject to the liabilities of that Section or Sections 11 and 12(a)(2) of the Securities Act of 1933, as amended. The information in this Current Report shall not be incorporated by reference in any filing with the U.S. Securities and Exchange Commission made by the Company, whether made before or after the date hereof, regardless of any general incorporation language in such filing. Item 9.01 Financial Statements and Exhibits. Pursuant to the requirements of the Securities Exchange Act of 1934, the registrant has duly caused this report to be signed on its behalf by the undersigned hereunto duly authorized."
NVDA_8-K_2018-05-21_0000,NVDA,8-K,2018-05-21,NVDA_8-K_0001045810-18-000058_form8-k2018annualmeetingre.htm,0,739,"SECURITIES AND EXCHANGE COMMISSION WASHINGTON, DC 20549 PURSUANT TO SECTION 13 OR 15(d) OF THE SECURITIES EXCHANGE ACT OF 1934 Date of Report (Date of earliest event reported): May 16, 2018 Registrant’s telephone number, including area code: (408) 486-2000 (Former name or former address, if changed since last report) Check the appropriate box below if the Form 8-K filing is intended to simultaneously satisfy the filing obligation of the registrant under any of the following provisions (see General Instruction A.2. below): [ ] Written communications pursuant to Rule 425 under the Securities Act (17 CFR 230.425) [ ] Soliciting material pursuant to Rule 14a-12 under the Exchange Act (17 CFR 240.14a-12) [ ] Pre-commencement communications pursuant to Rule 14d-2(b) under the Exchange Act (17 CFR 240.14d-2(b)) [ ] Pre-commencement communications pursuant to Rule 13e-4(c) under the Exchange Act (17 CFR 240.13e-4(c)) Indicate by check mark whether the registrant is an emerging growth company as defined in Rule 405 of the Securities Act of 1933 (§230.405 of this chapter) or Rule 12b-2 of the Securities Exchange Act of 1934 (§240.12b-2 of this chapter). Emerging Growth Company o If an emerging growth company, indicate by check mark if the registrant has elected not to use the extended transition period for complying with any new or revised financial accounting standards provided pursuant to Section 13(a) of the Exchange Act. o Item 5.02. Departure of Directors or Certain Officers; Election of Directors; Appointment of Certain Officers; Compensatory Arrangements of Certain Officers. (e) Amendment and Restatement of Amended and Restated 2007 Equity Incentive Plan On May 16, 2018, at the 2018 Annual Meeting of Stockholders of NVIDIA Corporation, or the 2018 Annual Meeting, our stockholders approved an amendment and restatement of the NVIDIA Corporation Amended and Restated 2007 Equity Incentive Plan, or the 2007 Plan, to increase the available share reserve by 23,000,000 shares as described in our definitive proxy statement for the 2018 Annual Meeting filed with the Securities and Exchange Commission on April 6, 2018, or the Proxy Statement. The 2007 Plan previously had been approved, subject to stockholder approval, by the Compensation Committee of the Board of Directors of NVIDIA, or the Committee. A summary of the 2007 Plan is set forth in our Proxy Statement. That summary and the foregoing description of the 2007 Plan are qualified in their entirety by reference to the text of the 2007 Plan, which is filed as Exhibit 10.1 hereto and incorporated herein by reference. Amendment and Restatement of 2012 Employee Stock Purchase Plan At the 2018 Annual Meeting, our stockholders also approved an amendment and restatement of the NVIDIA Corporation Amended and Restated 2012 Employee Stock Purchase Plan, or the 2012 Plan, to increase the available share reserve by 13,500,000 shares as described in the Proxy Statement. The 2012 Plan previously had been approved, subject to stockholder approval, by the Committee. A summary of the 2012 Plan is set forth in our Proxy Statement. That summary and the foregoing description of the 2012 Plan are qualified in their entirety by reference to the text of the 2012 Plan, which is filed as Exhibit 10.2 hereto and incorporated herein by reference. Item 5.07. Submission of Matters to a Vote of Security Holders. At the 2018 Annual Meeting, the following proposals were adopted by the margin indicated. Proxies for the 2018 Annual Meeting were solicited pursuant to Section 14(a) of the Securities Exchange Act of 1934, as amended, and there was no solicitation in opposition of management’s solicitation. 1.    The election of eleven (11) directors to serve for a one-year term until the 2019 Annual Meeting of Stockholders of NVIDIA Corporation. The results of the voting were as follows: 2.    The approval, on an advisory basis, of the compensation of our named executive officers as disclosed in the Proxy Statement. The results of the voting were as follows: 3.    The ratification of the appointment of PricewaterhouseCoopers LLP as our independent registered accounting firm for our fiscal year ending January 27, 2019. The results of the voting were as follows: 4.    The approval of the 2007 Plan. The results of the voting were as follows: 5.    The approval of the 2012 Plan. The results of the voting were as follows: Item 9.01. Financial Statements and Exhibits. Pursuant to the requirements of the Securities Exchange Act of 1934, the registrant has duly caused this report to be signed on its behalf by the undersigned hereunto duly authorized."
NVDA_8-K_2018-08-16_0000,NVDA,8-K,2018-08-16,NVDA_8-K_0001045810-18-000113_form8-kq2fy19.htm,0,454,"SECURITIES AND EXCHANGE COMMISSION WASHINGTON, DC 20549 PURSUANT TO SECTION 13 OR 15(d) OF THE SECURITIES EXCHANGE ACT OF 1934 Date of Report (Date of earliest event reported): August 16, 2018 Registrant’s telephone number, including area code: (408) 486-2000 (Former name or former address, if changed since last report) Check the appropriate box below if the Form 8-K filing is intended to simultaneously satisfy the filing obligation of the registrant under any of the following provisions: [ ] Written communications pursuant to Rule 425 under the Securities Act (17 CFR 230.425) [ ] Soliciting material pursuant to Rule 14a-12 under the Exchange Act (17 CFR 240.14a-12) [ ] Pre-commencement communications pursuant to Rule 14d-2(b) under the Exchange Act (17 CFR 240.14d-2(b)) [ ] Pre-commencement communications pursuant to Rule 13e-4(c) under the Exchange Act (17 CFR 240.13e-4(c)) Indicate by check mark whether the registrant is an emerging growth company as defined in Rule 405 of the Securities Act of 1933 (§230.405 of this chapter) or Rule 12b-2 of the Securities Exchange Act of 1934 (§240.12b-2 of this chapter). Emerging Growth Company o If an emerging growth company, indicate by check mark if the registrant has elected not to use the extended transition period for complying with any new or revised financial accounting standards provided pursuant to Section 13(a) of the Exchange Act. o Item 2.02 Results of Operations and Financial Condition. On August 16, 2018 , NVIDIA Corporation, or the Company, issued a press release announcing its results for the quarter ended July 29, 2018. The press release is attached as Exhibit 99.1 and is incorporated herein by reference. Attached hereto as Exhibit 99.2 and incorporated by reference herein is financial information and commentary by Colette M. Kress, Executive Vice President and Chief Financial Officer of the Company, regarding results of the quarter ended July 29, 2018, or the CFO Commentary. The CFO Commentary will be posted to http://investor.nvidia.com immediately after the filing of this Current Report. The press release and CFO Commentary are furnished and shall not be deemed ""filed"" for purposes of Section 18 of the Securities Exchange Act of 1934, as amended, or subject to the liabilities of that Section or Sections 11 and 12(a)(2) of the Securities Act of 1933, as amended. The information in this Current Report shall not be incorporated by reference in any filing with the U.S. Securities and Exchange Commission made by the Company, whether made before or after the date hereof, regardless of any general incorporation language in such filing. Item 9.01 Financial Statements and Exhibits. Pursuant to the requirements of the Securities Exchange Act of 1934, the registrant has duly caused this report to be signed on its behalf by the undersigned hereunto duly authorized."
NVDA_8-K_2018-11-15_0000,NVDA,8-K,2018-11-15,NVDA_8-K_0001045810-18-000148_form8-kq3fy19.htm,0,454,"SECURITIES AND EXCHANGE COMMISSION WASHINGTON, DC 20549 PURSUANT TO SECTION 13 OR 15(d) OF THE SECURITIES EXCHANGE ACT OF 1934 Date of Report (Date of earliest event reported): November 15, 2018 Registrant’s telephone number, including area code: (408) 486-2000 (Former name or former address, if changed since last report) Check the appropriate box below if the Form 8-K filing is intended to simultaneously satisfy the filing obligation of the registrant under any of the following provisions: [ ] Written communications pursuant to Rule 425 under the Securities Act (17 CFR 230.425) [ ] Soliciting material pursuant to Rule 14a-12 under the Exchange Act (17 CFR 240.14a-12) [ ] Pre-commencement communications pursuant to Rule 14d-2(b) under the Exchange Act (17 CFR 240.14d-2(b)) [ ] Pre-commencement communications pursuant to Rule 13e-4(c) under the Exchange Act (17 CFR 240.13e-4(c)) Indicate by check mark whether the registrant is an emerging growth company as defined in Rule 405 of the Securities Act of 1933 (§230.405 of this chapter) or Rule 12b-2 of the Securities Exchange Act of 1934 (§240.12b-2 of this chapter). Emerging Growth Company o If an emerging growth company, indicate by check mark if the registrant has elected not to use the extended transition period for complying with any new or revised financial accounting standards provided pursuant to Section 13(a) of the Exchange Act. o Item 2.02 Results of Operations and Financial Condition. On November 15, 2018 , NVIDIA Corporation, or the Company, issued a press release announcing its results for the quarter ended October 28, 2018. The press release is attached as Exhibit 99.1 and is incorporated herein by reference. Attached hereto as Exhibit 99.2 and incorporated by reference herein is financial information and commentary by Colette M. Kress, Executive Vice President and Chief Financial Officer of the Company, regarding results of the quarter ended October 28, 2018, or the CFO Commentary. The CFO Commentary will be posted to http://investor.nvidia.com immediately after the filing of this Current Report. The press release and CFO Commentary are furnished and shall not be deemed ""filed"" for purposes of Section 18 of the Securities Exchange Act of 1934, as amended, or subject to the liabilities of that Section or Sections 11 and 12(a)(2) of the Securities Act of 1933, as amended. The information in this Current Report shall not be incorporated by reference in any filing with the U.S. Securities and Exchange Commission made by the Company, whether made before or after the date hereof, regardless of any general incorporation language in such filing. Item 9.01 Financial Statements and Exhibits. Pursuant to the requirements of the Securities Exchange Act of 1934, the registrant has duly caused this report to be signed on its behalf by the undersigned hereunto duly authorized."
NVDA_8-K_2019-01-28_0000,NVDA,8-K,2019-01-28,NVDA_8-K_0001045810-19-000004_form8-kq4fy19update.htm,0,425,"SECURITIES AND EXCHANGE COMMISSION WASHINGTON, DC 20549 PURSUANT TO SECTION 13 OR 15(d) OF THE SECURITIES EXCHANGE ACT OF 1934 Date of Report (Date of earliest event reported): January 28, 2019 Registrant’s telephone number, including area code: (408) 486-2000 (Former name or former address, if changed since last report) Check the appropriate box below if the Form 8-K filing is intended to simultaneously satisfy the filing obligation of the registrant under any of the following provisions: [ ] Written communications pursuant to Rule 425 under the Securities Act (17 CFR 230.425) [ ] Soliciting material pursuant to Rule 14a-12 under the Exchange Act (17 CFR 240.14a-12) [ ] Pre-commencement communications pursuant to Rule 14d-2(b) under the Exchange Act (17 CFR 240.14d-2(b)) [ ] Pre-commencement communications pursuant to Rule 13e-4(c) under the Exchange Act (17 CFR 240.13e-4(c)) Indicate by check mark whether the registrant is an emerging growth company as defined in Rule 405 of the Securities Act of 1933 (§230.405 of this chapter) or Rule 12b-2 of the Securities Exchange Act of 1934 (§240.12b-2 of this chapter). Emerging Growth Company o If an emerging growth company, indicate by check mark if the registrant has elected not to use the extended transition period for complying with any new or revised financial accounting standards provided pursuant to Section 13(a) of the Exchange Act. o Item 2.02 Results of Operations and Financial Condition. On January 28, 2019, NVIDIA Corporation, or the Company, issued a press release and shareholder letter updating its guidance for the quarter ended January 27, 2019. The press release is attached as Exhibit 99.1 and is incorporated herein by reference. The shareholder letter is attached as Exhibit 99.2, is incorporated herein by reference, and will be posted to http://investor.nvidia.com immediately after the filing of this Current Report. The press release and shareholder letter are furnished and shall not be deemed ""filed"" for purposes of Section 18 of the Securities Exchange Act of 1934, as amended, or subject to the liabilities of that Section or Sections 11 and 12(a)(2) of the Securities Act of 1933, as amended. The information in this Current Report shall not be incorporated by reference in any filing with the U.S. Securities and Exchange Commission made by the Company, whether made before or after the date hereof, regardless of any general incorporation language in such filing. Item 9.01 Financial Statements and Exhibits. Pursuant to the requirements of the Securities Exchange Act of 1934, the registrant has duly caused this report to be signed on its behalf by the undersigned hereunto duly authorized."
NVDA_8-K_2019-02-14_0000,NVDA,8-K,2019-02-14,NVDA_8-K_0001045810-19-000007_form8-kq4fy19.htm,0,462,"SECURITIES AND EXCHANGE COMMISSION WASHINGTON, DC 20549 PURSUANT TO SECTION 13 OR 15(d) OF THE SECURITIES EXCHANGE ACT OF 1934 Date of Report (Date of earliest event reported): February 14, 2019 Registrant’s telephone number, including area code: (408) 486-2000 (Former name or former address, if changed since last report) Check the appropriate box below if the Form 8-K filing is intended to simultaneously satisfy the filing obligation of the registrant under any of the following provisions: [ ] Written communications pursuant to Rule 425 under the Securities Act (17 CFR 230.425) [ ] Soliciting material pursuant to Rule 14a-12 under the Exchange Act (17 CFR 240.14a-12) [ ] Pre-commencement communications pursuant to Rule 14d-2(b) under the Exchange Act (17 CFR 240.14d-2(b)) [ ] Pre-commencement communications pursuant to Rule 13e-4(c) under the Exchange Act (17 CFR 240.13e-4(c)) Indicate by check mark whether the registrant is an emerging growth company as defined in Rule 405 of the Securities Act of 1933 (§230.405 of this chapter) or Rule 12b-2 of the Securities Exchange Act of 1934 (§240.12b-2 of this chapter). Emerging Growth Company o If an emerging growth company, indicate by check mark if the registrant has elected not to use the extended transition period for complying with any new or revised financial accounting standards provided pursuant to Section 13(a) of the Exchange Act. o Item 2.02 Results of Operations and Financial Condition. On February 14, 2019 , NVIDIA Corporation, or the Company, issued a press release announcing its results for the quarter and fiscal year ended January 27, 2019 . The press release is attached as Exhibit 99.1 and is incorporated herein by reference. Attached hereto as Exhibit 99.2 and incorporated by reference herein is financial information and commentary by Colette M. Kress, Executive Vice President and Chief Financial Officer of the Company, regarding results of the quarter and fiscal year ended January 27, 2019 , or the CFO Commentary. The CFO Commentary will be posted to http://investor.nvidia.com immediately after the filing of this Current Report. The press release and CFO Commentary are furnished and shall not be deemed ""filed"" for purposes of Section 18 of the Securities Exchange Act of 1934, as amended, or subject to the liabilities of that Section or Sections 11 and 12(a)(2) of the Securities Act of 1933, as amended. The information in this Current Report shall not be incorporated by reference in any filing with the U.S. Securities and Exchange Commission made by the Company, whether made before or after the date hereof, regardless of any general incorporation language in such filing. Item 9.01 Financial Statements and Exhibits. Pursuant to the requirements of the Securities Exchange Act of 1934, the registrant has duly caused this report to be signed on its behalf by the undersigned hereunto duly authorized."
NVDA_8-K_2019-03-11_0000,NVDA,8-K,2019-03-11,NVDA_8-K_0001045810-19-000029_form8-kfy2020variablecompp.htm,0,577,"SECURITIES AND EXCHANGE COMMISSION WASHINGTON, DC 20549 PURSUANT TO SECTION 13 OR 15(d) OF THE SECURITIES EXCHANGE ACT OF 1934 Date of Report (Date of earliest event reported): March 6, 2019 Registrant’s telephone number, including area code: (408) 486-2000 (Former name or former address, if changed since last report) Check the appropriate box below if the Form 8-K filing is intended to simultaneously satisfy the filing obligation of the registrant under any of the following provisions (see General Instruction A.2. below): [ ] Written communications pursuant to Rule 425 under the Securities Act (17 CFR 230.425) [ ] Soliciting material pursuant to Rule 14a-12 under the Exchange Act (17 CFR 240.14a-12) [ ] Pre-commencement communications pursuant to Rule 14d-2(b) under the Exchange Act (17 CFR 240.14d-2(b)) [ ] Pre-commencement communications pursuant to Rule 13e-4(c) under the Exchange Act (17 CFR 240.13e-4(c)) Item 5.02. Departure of Directors or Certain Officers; Election of Directors; Appointment of Certain Officers; Compensatory Arrangements of Certain Officers. Form of Global Performance-Based Restricted Stock Unit Notice and Global Performance-Based Restricted Stock Unit Agreement On March 6, 2019, the Compensation Committee of the Board of Directors of NVIDIA Corporation, or the Company, approved a new form of global performance-based restricted stock unit notice and global performance-based restricted stock unit agreement, or the PSU Notice and Agreement, under the Company’s Amended and Restated 2007 Equity Incentive Plan, or the 2007 Plan. The foregoing description is subject to, and qualified in its entirety by, the 2007 Plan, which was filed on May 21, 2018 with the Company’s Current Report on Form 8-K as Exhibit 10.1 and is incorporated herein by reference, and the PSU Notice and Agreement, which is filed with this report as Exhibit 10.1 and is incorporated herein by reference. Adoption of Fiscal Year 2020 Variable Compensation Plan On March 8, 2019, the Compensation Committee adopted the Variable Compensation Plan for Fiscal Year 2020, or the 2020 Plan, which provides eligible executive officers the opportunity to earn a variable cash payment based on the level of achievement by the Company of certain corporate performance goals, or the Performance Goals, during fiscal year 2020. The Company operates on a fiscal year ending on the last Sunday in January and designates its fiscal year by the year in which that fiscal year ends (e.g., fiscal year 2020 refers to the Company’s fiscal year ending January 26, 2020). The Compensation Committee has set the Performance Goals for fiscal year 2020 based upon the achievement of specified fiscal year 2020 revenue and has established threshold, base operating plan, and stretch operating plan levels. An eligible participant’s variable cash compensation under the 2020 Plan will be based on the achievement by the Company of the Performance Goals in fiscal year 2020. Unless otherwise determined by the Compensation Committee, a participant must remain an employee through the payment date under the 2020 Plan to be eligible to earn an award. The following table sets forth the respective target award opportunities for base operating plan achievement for the Company’s named executive officers under the 2020 Plan: The foregoing description is subject to, and qualified in its entirety by, the 2020 Plan, which is filed with this report as Exhibit 10.2 and is incorporated herein by reference. Item 9.01. Financial Statements and Exhibits. Pursuant to the requirements of the Securities Exchange Act of 1934, the registrant has duly caused this report to be signed on its behalf by the undersigned hereunto duly authorized."
NVDA_8-K_2019-03-11_0000,NVDA,8-K,2019-03-11,NVDA_8-K_0001045810-19-000031_mellanoxform8-k.htm,0,798,"SECURITIES AND EXCHANGE COMMISSION WASHINGTON, DC 20549 PURSUANT TO SECTION 13 OR 15(d) OF THE SECURITIES EXCHANGE ACT OF 1934 Date of Report (Date of earliest event reported): March 10, 2019 Registrant’s telephone number, including area code: (408) 486-2000 (Former name or former address, if changed since last report) Check the appropriate box below if the Form 8-K filing is intended to simultaneously satisfy the filing obligation of the registrant under any of the following provisions (see General Instruction A.2. below): [ ] Written communications pursuant to Rule 425 under the Securities Act (17 CFR 230.425) [X] Soliciting material pursuant to Rule 14a-12 under the Exchange Act (17 CFR 240.14a-12) [ ] Pre-commencement communications pursuant to Rule 14d-2(b) under the Exchange Act (17 CFR 240.14d-2(b)) [ ] Pre-commencement communications pursuant to Rule 13e-4(c) under the Exchange Act (17 CFR 240.13e-4(c)) Indicate by check mark whether the registrant is an emerging growth company as defined in Rule 405 of the Securities Act of 1933 (§230.405 of this chapter) or Rule 12b-2 of the Securities Exchange Act of 1934 (§240.12b-2 of this chapter). Emerging Growth Company o If an emerging growth company, indicate by check mark if the registrant has elected not to use the extended transition period for complying with any new or revised financial accounting standards provided pursuant to Section 13(a) of the Exchange Act. o Item 1.01 Entry into a Material Definitive Agreement. Agreement and Plan of Merger On March 10, 2019, NVIDIA Corporation, a Delaware corporation (“NVIDIA” or the “Company”) entered into an Agreement and Plan of Merger (the “Merger Agreement”) with NVIDIA International Holdings Inc., a Delaware corporation and wholly owned subsidiary of NVIDIA (“Parent”), Mellanox Technologies Ltd., a company organized under the laws of the State of Israel (“Mellanox”), and Teal Barvaz Ltd., a company organized under the laws of the State of Israel and a wholly owned subsidiary of Parent (“Merger Sub”). The Merger Agreement and the Merger (as defined below) have been approved by the boards of directors of the Company, Parent, Mellanox and Merger Sub. Structure. The Merger Agreement provides that, upon the terms and subject to the satisfaction or valid waiver of the conditions set forth in the Merger Agreement, Merger Sub will merge with and into Mellanox (the “Merger”), with Mellanox continuing as the surviving corporation and a wholly owned subsidiary of Parent. Consideration. At the effective time of the Merger (the “Effective Time”), each ordinary share, par value NIS 0.0175 per share, of Mellanox (a “Mellanox Ordinary Share”) issued and outstanding immediately prior to the Effective Time (other than Mellanox Ordinary Shares held by Mellanox, any direct or indirect wholly owned subsidiary of Mellanox, Parent, Merger Sub or any of their respective subsidiaries or held in Mellanox’s treasury) will be deemed to have been transferred to Parent in exchange for the right to receive $125.00 in cash (the “Per Share Merger Consideration”), without interest and subject to applicable tax withholding. Effect on Mellanox Equity Awards. At the Effective Time: Covenants, Representations and Warranties . Each of Parent, Mellanox and Merger Sub have made customary representations, warranties and covenants in the Merger Agreement. Mellanox has made covenants, among others, relating to the conduct of its business prior to the closing of the Merger, including with respect to making acquisitions or conducting divestitures, incurring debt, capital expenditures, litigation matters and restrictions on employee compensation. Parent and Mellanox made certain other customary covenants, including, among others and subject to certain exceptions, in the case of Parent, to provide continuing employees with salaries, wages, incentives and benefits that are no less favorable than the benefits package provided to such employees prior to the Effective Time. The Merger Agreement contains customary non-solicitation restrictions prohibiting Mellanox, its subsidiaries and their representatives from soliciting alternative acquisition proposals from third parties or providing information to or participating in discussions or negotiations with third parties regarding alternative acquisition proposals, subject to customary exceptions relating to proposals that would reasonably be expected to lead to a superior proposal (as described in the Merger Agreement). Each of NVIDIA and Mellanox have agreed in the Merger Agreement to use their reasonable best efforts to obtain all required governmental and regulatory consents and approvals; provided, however , that, other than certain stipulated actions, NVIDIA is not required to make any divestiture or accept any behavioral remedy (a) that would reasonably be anticipated to have a material adverse impact on the business of Mellanox and its subsidiaries taken as a whole following the Merger, (b) with respect to Mellanox’s technology that is core to the benefits that NVIDIA expects to receive from the Merger, and include InfiniBand and RDMA technology, or (c) with respect to the assets, properties or business of NVIDIA (other than, after the Effective Time, Mellanox and its subsidiaries)."
NVDA_8-K_2019-03-11_0001,NVDA,8-K,2019-03-11,NVDA_8-K_0001045810-19-000031_mellanoxform8-k.htm,1,783,"acquisition proposals, subject to customary exceptions relating to proposals that would reasonably be expected to lead to a superior proposal (as described in the Merger Agreement). Each of NVIDIA and Mellanox have agreed in the Merger Agreement to use their reasonable best efforts to obtain all required governmental and regulatory consents and approvals; provided, however , that, other than certain stipulated actions, NVIDIA is not required to make any divestiture or accept any behavioral remedy (a) that would reasonably be anticipated to have a material adverse impact on the business of Mellanox and its subsidiaries taken as a whole following the Merger, (b) with respect to Mellanox’s technology that is core to the benefits that NVIDIA expects to receive from the Merger, and include InfiniBand and RDMA technology, or (c) with respect to the assets, properties or business of NVIDIA (other than, after the Effective Time, Mellanox and its subsidiaries). NVIDIA has agreed to guarantee the obligations of Parent and Merger Sub under the Merger Agreement. In connection with such guarantee, NVIDIA has made representations and warranties that are customary for a guarantor. Conditions to Merger . The closing of the Merger is subject to certain conditions, including, among others, (a) approval of the Merger Agreement and the Merger by at least a majority of all of the outstanding voting power of Mellanox, (b) the absence of laws, orders, decrees, judgments and injunctions by any governmental authority of competent jurisdiction restraining, enjoining or otherwise prohibiting the consummation of the Merger, (c) expiration or termination of the waiting period under the Hart-Scott-Rodino Antitrust Improvement Act of 1976, as amended, (d) receipt of any applicable clearance or affirmative approval by the Anti-Monopoly Bureau of the State Administration for Market Regulation in the People’s Republic of China and expiration of any mandatory waiting period related thereto, (e) receipt of specified governmental and regulatory consents and approvals and expiration of any mandatory waiting period related thereto, (f) the passage of certain statutory waiting periods following the filing of the merger proposal with the Companies Registrar of the Israeli Corporations Authority, (g) subject to certain exceptions, the accuracy of representations and warranties with respect to Mellanox, Parent and Merger Sub, and (h) compliance in all material respects by Mellanox, Parent and Merger Sub with their respective covenants contained in the Merger Agreement. Consummation of the Merger is not subject to a financing condition. Termination Rights . The Merger Agreement contains certain termination rights by either Parent or Mellanox, including if the Merger is not consummated by December 10, 2019, which date may be extended by three months on two separate occasions if, on the applicable date, the only conditions to the closing of the Merger (other than those that by their nature cannot be satisfied until the closing) relate to required regulatory approvals. If the Merger Agreement is terminated under certain circumstances, including termination by Mellanox to enter into an agreement for a superior proposal, Mellanox will be obligated to pay Parent a termination fee equal to $225 million in cash. If the Merger Agreement is terminated under certain circumstances involving the failure to obtain required regulatory approvals, Parent will be obligated to pay Mellanox a termination fee equal to $350 million in cash. The foregoing description of the Merger Agreement is qualified in its entirety by reference to the full text of the Merger Agreement, a copy of which is filed as Exhibit 2.1 hereto, and is incorporated into this report by reference. The Merger Agreement has been included to provide investors with information regarding its terms. It is not intended to provide any other factual information about Parent or Mellanox. The representations, warranties and covenants contained in the Merger Agreement were made only for purposes of the Merger Agreement as of the specific dates therein, were solely for the benefit of the parties to the Merger Agreement, may be subject to limitations agreed upon by the contracting parties, including being qualified by confidential disclosures made for the purposes of allocating contractual risk between the parties to the Merger Agreement instead of establishing these matters as facts, and may be subject to standards of materiality applicable to the contracting parties that differ from those applicable to investors. Investors are not third-party beneficiaries under the Merger Agreement and should not rely on the representations, warranties and covenants or any descriptions thereof as characterizations of the actual state of facts or condition of the parties thereto or any of their respective subsidiaries or affiliates. Moreover, information concerning the subject matter of representations and warranties may change after the date of the Merger Agreement, which subsequent information may or may not be fully reflected in NVIDIA’s public disclosures. Voting Agreement"
NVDA_8-K_2019-03-11_0002,NVDA,8-K,2019-03-11,NVDA_8-K_0001045810-19-000031_mellanoxform8-k.htm,2,697,"solely for the benefit of the parties to the Merger Agreement, may be subject to limitations agreed upon by the contracting parties, including being qualified by confidential disclosures made for the purposes of allocating contractual risk between the parties to the Merger Agreement instead of establishing these matters as facts, and may be subject to standards of materiality applicable to the contracting parties that differ from those applicable to investors. Investors are not third-party beneficiaries under the Merger Agreement and should not rely on the representations, warranties and covenants or any descriptions thereof as characterizations of the actual state of facts or condition of the parties thereto or any of their respective subsidiaries or affiliates. Moreover, information concerning the subject matter of representations and warranties may change after the date of the Merger Agreement, which subsequent information may or may not be fully reflected in NVIDIA’s public disclosures. Voting Agreement In connection with the Merger Agreement, the Chief Executive Officer of Mellanox and his affiliated entity entered into a Voting Agreement, dated March 10, 2019 (the “Voting Agreement”), with Parent, pursuant to which the Chief Executive Officer of Mellanox has agreed, among other things, to vote his beneficially owned shares or other voting securities of Mellanox in favor of the Merger and the other transactions contemplated by the Merger Agreement, subject to the terms and conditions contained therein. The foregoing description of the Voting Agreement is qualified in its entirety by reference to the full text of the Voting Agreement, a copy of which is filed as Exhibit 10.1 hereto, and is incorporated into this report by reference. Item 8.01 Other Events. On March 11, 2019, NVIDIA and Mellanox issued a joint press release relating to the entry into the Merger Agreement. A copy of the joint press release is attached hereto as Exhibit 99.1 and incorporated herein by reference. On March 11, 2019, NVIDIA published an investor presentation concerning the announcement of the Merger, a copy of which is furnished herewith as Exhibit 99.2. The script used in conjunction with that presentation is furnished herewith as Exhibit 99.3. On March 11, 2019, NVIDIA published a list of frequently asked questions concerning the announcement to the Merger, a copy of which is furnished herewith as Exhibit 99.4. On March 11, 2019, NVIDIA sent a communication to customers of NVIDIA concerning the announcement of the Merger, a copy of which is furnished herewith as Exhibit 99.5. Additional Information and Where to Find It This communication is being made in respect of the proposed transaction. Mellanox intends to file with the Securities and Exchange Commission (“SEC”) and mail or otherwise provide to its shareholders a proxy statement in connection with the proposed transaction with NVIDIA (the “proxy statement”), and each party will file other documents regarding the proposed transaction with the SEC. The definitive proxy statement will be sent or given to the shareholders of Mellanox and will contain important information about the proposed transaction and related matters. This communication is not a substitute for the proxy statement or any other document that may be filed by Mellanox with the SEC. Investors and security holders are urged to read the proxy statement in its entirety and other relevant documents filed with the SEC in connection with the proposed transaction or incorporated by reference therein when they become available before making any voting or investment decision with respect to the proposed transaction because they will contain important information about the proposed transaction and the parties to the proposed transaction. You may obtain copies of all documents filed with the SEC regarding this transaction, free of charge, at the SEC’s website (www.sec.gov). In addition, investors and shareholders will be able to obtain free copies of the proxy statement and other documents filed with the SEC by NVIDIA on NVIDIA’s Investor Relations website (https://investor.nvidia.com/) or by writing to NVIDIA, Investor Relations, 2788 San Tomas Expressway, Santa Clara, CA 95051 (for documents filed with the SEC by NVIDIA), or by Mellanox on Mellanox’s Investor Relations website (ir.mellanox.com) or by writing to Mellanox, Hakidma 26 Ofer Industrial Park Yokneam Israel, 2069200, IR@mellanox.com (for documents filed with the SEC by Mellanox). Participants in the Solicitation"
NVDA_8-K_2019-03-11_0003,NVDA,8-K,2019-03-11,NVDA_8-K_0001045810-19-000031_mellanoxform8-k.htm,3,579,"or incorporated by reference therein when they become available before making any voting or investment decision with respect to the proposed transaction because they will contain important information about the proposed transaction and the parties to the proposed transaction. You may obtain copies of all documents filed with the SEC regarding this transaction, free of charge, at the SEC’s website (www.sec.gov). In addition, investors and shareholders will be able to obtain free copies of the proxy statement and other documents filed with the SEC by NVIDIA on NVIDIA’s Investor Relations website (https://investor.nvidia.com/) or by writing to NVIDIA, Investor Relations, 2788 San Tomas Expressway, Santa Clara, CA 95051 (for documents filed with the SEC by NVIDIA), or by Mellanox on Mellanox’s Investor Relations website (ir.mellanox.com) or by writing to Mellanox, Hakidma 26 Ofer Industrial Park Yokneam Israel, 2069200, IR@mellanox.com (for documents filed with the SEC by Mellanox). Participants in the Solicitation NVIDIA, Mellanox and certain of their respective directors, executive officers, other members of management and employees and agents retained, may, under SEC rules, be deemed to be participants in the solicitation of proxies in connection with the proposed transaction. Information regarding the persons who may, under SEC rules, be deemed participants in the solicitation of Mellanox shareholders in connection with the proposed transaction will be set forth in the proxy statement when it is filed with the SEC. You can find more detailed information about NVIDIA’s executive officers and directors in its definitive proxy statement filed with the SEC on April 6, 2018. You can find more detailed information about Mellanox’s executive officers and directors in its annual report on Form 10-K filed with the SEC on February 21, 2019. To the extent holdings of securities by each company’s directors or executive officers have changed since the amounts disclosed in each company’s respective proxy statement, such changes have been or will be reflected on Statements of Change in Ownership on Form 4 filed with the SEC. Additional information regarding these persons and their interests in the proposed transaction will be included in the proxy statement relating to the proposed transaction when it is filed with the SEC. These documents, when available, can be obtained free of charge from the sources indicated above. Safe Harbor for Forward-looking Statements All statements included or incorporated by reference in this communication, other than statements or characterizations of historical fact, are forward-looking statements within the meaning of the federal securities laws, including Section 27A of the Securities Act of 1933, as amended, and Section 21E of the Securities Exchange Act of 1934, as amended. These forward-looking statements are based on NVIDIA’s current expectations, estimates and projections about its business and industry, management’s beliefs, and certain assumptions made by NVIDIA and Mellanox, all of which are subject to change. Forward-looking statements can often be identified by words such as “anticipates,” “expects,” “intends,” “plans,” “predicts,” “believes,” “seeks,” “goals,” “likely,” “might,” “project,” “target,” “estimates,” “may,” “will,” “should,” “would,” “could,” “potential,” “continue,” “ongoing,” or similar expressions, and variations or negatives of these words. Certain statements in this press release including, but not limited to, statements as to the proposed transaction and acquisition of Mellanox by NVIDIA, including statements regarding the benefits of the transaction and what the combined companies will offer, the timing, price and closing conditions of the transaction; and statements regarding the companies’ products and markets are forward-looking statements that are subject to risks and uncertainties that could cause results to be materially different than expectations."
NVDA_8-K_2019-03-11_0004,NVDA,8-K,2019-03-11,NVDA_8-K_0001045810-19-000031_mellanoxform8-k.htm,4,782,"These forward-looking statements are based on NVIDIA’s current expectations, estimates and projections about its business and industry, management’s beliefs, and certain assumptions made by NVIDIA and Mellanox, all of which are subject to change. Forward-looking statements can often be identified by words such as “anticipates,” “expects,” “intends,” “plans,” “predicts,” “believes,” “seeks,” “goals,” “likely,” “might,” “project,” “target,” “estimates,” “may,” “will,” “should,” “would,” “could,” “potential,” “continue,” “ongoing,” or similar expressions, and variations or negatives of these words. Certain statements in this press release including, but not limited to, statements as to the proposed transaction and acquisition of Mellanox by NVIDIA, including statements regarding the benefits of the transaction and what the combined companies will offer, the timing, price and closing conditions of the transaction; and statements regarding the companies’ products and markets are forward-looking statements that are subject to risks and uncertainties that could cause results to be materially different than expectations. These forward-looking statements are based on current expectations and are not guarantees of future results. Many factors could cause actual future events to differ materially from the forward looking statements in this document, including the following, among others: the risk that the transaction may not be completed in a timely manner or at all, which may adversely affect the companies’ business and the price of its stock; uncertainties as to the timing of the consummation of the transaction and the failure to satisfy the conditions to the consummation of the transaction, including the receipt of certain governmental and regulatory approvals; the potential for regulatory authorities to require divestitures, behavioral remedies or other concessions in order to obtain their approval of the proposed transaction; the occurrence of any event, change or other circumstance that could give rise to the termination of the merger agreement; the effect of the announcement or pendency of the transaction on NVIDIA’s business relationships, operating results, and business generally; delays, disruptions or increased costs in the integration of Mellanox’s technology in existing or new products; Mellanox shareholders may not approve the transaction; expected benefits and other financial benefits of the transaction may not be realized; integration of the acquisition post-closing, and the combined companies’ ability to achieve the growth prospects and synergies expected from the transaction, may not occur as anticipated, and there may be delays, challenges and expenses associated with integrating the combined companies’ existing businesses; litigation related to the transaction or otherwise or limitations or restrictions imposed by regulatory authorities may delay or negatively impact the transaction; unanticipated restructuring costs may be incurred or undisclosed liabilities assumed; attempts to retain key personnel and customers may not succeed; risks related to diverting management’s attention from NVIDIA’s ongoing business operations; the business combination or the combined company’s products may not be supported by third parties; actions by competitors may negatively impact results; potential adverse reactions or changes to business relationships resulting from the announcement or completion of the transaction; there may be negative changes in general economic conditions in the regions or the industries in which NVIDIA and Mellanox operate; and other risks described in NVIDIA’s and Mellanox’s filings with the SEC. In addition, please refer to the documents that NVIDIA and Mellanox file with the SEC on Forms 10-K, 10-Q, and 8-K. These filings identify and address other important risks and uncertainties that could cause events and results to differ materially from those contained in the forward-looking statements set forth in this document. These forward-looking statements are not guarantees of future events performance and speak only as of the date hereof, and, except as required by law, NVIDIA and Mellanox disclaim any obligation to update these forward-looking statements to reflect future events or circumstances. In addition, actual results are subject to other risks and uncertainties that relate more broadly to NVIDIA’s overall business, including those more fully described in NVIDIA’s filings with the SEC including its annual report on Form 10-K for the fiscal year ended January 27, 2019, and Mellanox’s overall business and financial condition, including those more fully described in Mellanox’s filings with the SEC including its annual report on Form 10-K for the fiscal year ended December 31, 2018. The foregoing review of important factors that could cause actual events to differ from expectations should not be construed as exhaustive and should be read in conjunction with statements that are included herein and NVIDIA’s filings with the SEC. Except as required by applicable law, NVIDIA does not undertake any obligation to revise or update any forward-looking statement, or to make any other forward-looking statements, whether as a result of new information, future events or otherwise. NVIDIA can give no assurance that the conditions to the transaction will be satisfied. Item 9.01. Financial Statements and Exhibits."
NVDA_8-K_2019-03-11_0005,NVDA,8-K,2019-03-11,NVDA_8-K_0001045810-19-000031_mellanoxform8-k.htm,5,217,"in NVIDIA’s filings with the SEC including its annual report on Form 10-K for the fiscal year ended January 27, 2019, and Mellanox’s overall business and financial condition, including those more fully described in Mellanox’s filings with the SEC including its annual report on Form 10-K for the fiscal year ended December 31, 2018. The foregoing review of important factors that could cause actual events to differ from expectations should not be construed as exhaustive and should be read in conjunction with statements that are included herein and NVIDIA’s filings with the SEC. Except as required by applicable law, NVIDIA does not undertake any obligation to revise or update any forward-looking statement, or to make any other forward-looking statements, whether as a result of new information, future events or otherwise. NVIDIA can give no assurance that the conditions to the transaction will be satisfied. Item 9.01. Financial Statements and Exhibits. * Certain exhibits and schedules have been omitted pursuant to Item 601(b)(2) of Regulation S-K, and NVIDIA agrees to furnish supplementally to the SEC a copy of any omitted exhibits or schedules upon request of the SEC. Pursuant to the requirements of the Securities Exchange Act of 1934, the registrant has duly caused this report to be signed on its behalf by the undersigned hereunto duly authorized."
NVDA_8-K_2019-04-01_0000,NVDA,8-K,2019-04-01,NVDA_8-K_0001045810-19-000060_form8-kneal.htm,0,463,"SECURITIES AND EXCHANGE COMMISSION WASHINGTON, DC 20549 PURSUANT TO SECTION 13 OR 15(d) OF THE SECURITIES EXCHANGE ACT OF 1934 Date of Report (Date of earliest event reported): March 30, 2019 Registrant’s telephone number, including area code: (408) 486-2000 (Former name or former address, if changed since last report) Check the appropriate box below if the Form 8-K filing is intended to simultaneously satisfy the filing obligation of the registrant under any of the following provisions (see General Instruction A.2. below): [ ] Written communications pursuant to Rule 425 under the Securities Act (17 CFR 230.425) [ ] Soliciting material pursuant to Rule 14a-12 under the Exchange Act (17 CFR 240.14a-12) [ ] Pre-commencement communications pursuant to Rule 14d-2(b) under the Exchange Act (17 CFR 240.14d-2(b)) [ ] Pre-commencement communications pursuant to Rule 13e-4(c) under the Exchange Act (17 CFR 240.13e-4(c)) Indicate by check mark whether the registrant is an emerging growth company as defined in Rule 405 of the Securities Act of 1933 (§230.405 of this chapter) or Rule 12b-2 of the Securities Exchange Act of 1934 (§240.12b-2 of this chapter). Emerging Growth Company o If an emerging growth company, indicate by check mark if the registrant has elected not to use the extended transition period for complying with any new or revised financial accounting standards provided pursuant to Section 13(a) of the Exchange Act. o Item 5.02 Departure of Directors or Certain Officers; Election of Directors; Appointment of Certain Officers; Compensatory Arrangements of Certain Officers. On March 30, 2019, Stephen C. Neal was appointed to the Board of Directors of NVIDIA Corporation (the “ Board ”). In connection with his appointment to the Board, Mr. Neal was granted pursuant to our 2007 Amended and Restated Equity Incentive Plan (the “ 2007 Plan ”): (a) an initial equity grant of 1,419 restricted stock units, vesting approximately semi-annually over three years commencing March 30, 2019, and (b) a pro-rated annual equity grant of 139 restricted stock units, vesting in full on May 15, 2019. Additionally, he was granted a pro-rated annual cash retainer of $10,890, payable on March 30, 2019. The 2007 Plan is filed as Exhibit 10.1 to our Current Report on Form 8-K (File No. 0-23985) filed with the Securities and Exchange Commission on May 21, 2018. In addition, we have entered into an indemnity agreement with Mr. Neal in connection with his service as a member of the Board. The form of indemnity agreement is filed as Exhibit 10.1 to our Current Report on Form 8-K (File No. 0-23985) filed with the Securities and Exchange Commission on March 7, 2006. Pursuant to the requirements of the Securities Exchange Act of 1934, the registrant has duly caused this report to be signed on its behalf by the undersigned hereunto duly authorized."
NVDA_8-K_2019-05-16_0000,NVDA,8-K,2019-05-16,NVDA_8-K_0001045810-19-000077_form8-kq1fy20.htm,0,465,"SECURITIES AND EXCHANGE COMMISSION WASHINGTON, DC 20549 PURSUANT TO SECTION 13 OR 15(d) OF THE SECURITIES EXCHANGE ACT OF 1934 Date of Report (Date of earliest event reported): May 16, 2019 Registrant’s telephone number, including area code: (408) 486-2000 (Former name or former address, if changed since last report) Check the appropriate box below if the Form 8-K filing is intended to simultaneously satisfy the filing obligation of the registrant under any of the following provisions: [ ] Written communications pursuant to Rule 425 under the Securities Act (17 CFR 230.425) [ ] Soliciting material pursuant to Rule 14a-12 under the Exchange Act (17 CFR 240.14a-12) [ ] Pre-commencement communications pursuant to Rule 14d-2(b) under the Exchange Act (17 CFR 240.14d-2(b)) [ ] Pre-commencement communications pursuant to Rule 13e-4(c) under the Exchange Act (17 CFR 240.13e-4(c)) Securities registered pursuant to Section 12(b) of the Act: Indicate by check mark whether the registrant is an emerging growth company as defined in Rule 405 of the Securities Act of 1933 (§230.405 of this chapter) or Rule 12b-2 of the Securities Exchange Act of 1934 (§240.12b-2 of this chapter). Emerging Growth Company o If an emerging growth company, indicate by check mark if the registrant has elected not to use the extended transition period for complying with any new or revised financial accounting standards provided pursuant to Section 13(a) of the Exchange Act. o Item 2.02 Results of Operations and Financial Condition. On May 16, 2019 , NVIDIA Corporation, or the Company, issued a press release announcing its results for the quarter ended April 28, 2019 . The press release is attached as Exhibit 99.1 and is incorporated herein by reference. Attached hereto as Exhibit 99.2 and incorporated by reference herein is financial information and commentary by Colette M. Kress, Executive Vice President and Chief Financial Officer of the Company, regarding results of the quarter ended April 28, 2019 , or the CFO Commentary. The CFO Commentary will be posted to http://investor.nvidia.com immediately after the filing of this Current Report. The press release and CFO Commentary are furnished and shall not be deemed ""filed"" for purposes of Section 18 of the Securities Exchange Act of 1934, as amended, or subject to the liabilities of that Section or Sections 11 and 12(a)(2) of the Securities Act of 1933, as amended. The information in this Current Report shall not be incorporated by reference in any filing with the U.S. Securities and Exchange Commission made by the Company, whether made before or after the date hereof, regardless of any general incorporation language in such filing. Item 9.01 Financial Statements and Exhibits. Pursuant to the requirements of the Securities Exchange Act of 1934, the registrant has duly caused this report to be signed on its behalf by the undersigned hereunto duly authorized."
NVDA_8-K_2019-05-29_0000,NVDA,8-K,2019-05-29,NVDA_8-K_0001045810-19-000107_a8-k2019annualmeetingresul.htm,0,481,"SECURITIES AND EXCHANGE COMMISSION WASHINGTON, DC 20549 PURSUANT TO SECTION 13 OR 15(d) OF THE SECURITIES EXCHANGE ACT OF 1934 Date of Report (Date of earliest event reported): May 22, 2019 Registrant’s telephone number, including area code: (408) 486-2000 (Former name or former address, if changed since last report) Check the appropriate box below if the Form 8-K filing is intended to simultaneously satisfy the filing obligation of the registrant under any of the following provisions (see General Instruction A.2. below): [ ] Written communications pursuant to Rule 425 under the Securities Act (17 CFR 230.425) [ ] Soliciting material pursuant to Rule 14a-12 under the Exchange Act (17 CFR 240.14a-12) [ ] Pre-commencement communications pursuant to Rule 14d-2(b) under the Exchange Act (17 CFR 240.14d-2(b)) [ ] Pre-commencement communications pursuant to Rule 13e-4(c) under the Exchange Act (17 CFR 240.13e-4(c)) Securities registered pursuant to Section 12(b) of the Act: Indicate by check mark whether the registrant is an emerging growth company as defined in Rule 405 of the Securities Act of 1933 (§230.405 of this chapter) or Rule 12b-2 of the Securities Exchange Act of 1934 (§240.12b-2 of this chapter). Emerging Growth Company o If an emerging growth company, indicate by check mark if the registrant has elected not to use the extended transition period for complying with any new or revised financial accounting standards provided pursuant to Section 13(a) of the Exchange Act. o Item 5.07. Submission of Matters to a Vote of Security Holders. On May 22, 2019, at the 2019 Annual Meeting of Stockholders of NVIDIA Corporation, or the 2019 Annual Meeting, the following proposals were adopted or rejected by the margin indicated. Proxies for the 2019 Annual Meeting were solicited pursuant to Section 14(a) of the Securities Exchange Act of 1934, as amended, and there was no solicitation in opposition of management’s solicitation. 1.    Stockholders approved the election of each of our twelve (12) directors to serve for a one-year term until our 2020 Annual Meeting of Stockholders. The results of the voting were as follows: 2.    Stockholders approved, on an advisory basis, the compensation of our named executive officers as disclosed in our definitive proxy statement for the 2019 Annual Meeting filed with the Securities and Exchange Commission on April 12, 2019. The results of the voting were as follows: 3.    Stockholders approved the ratification of the appointment of PricewaterhouseCoopers LLP as our independent registered accounting firm for our fiscal year ending January 26, 2020. The results of the voting were as follows: 4.    Stockholders did not approve an amendment and restatement of our Certificate of Incorporation to eliminate supermajority voting to remove a director without cause. The results of the voting were as follows: Pursuant to the requirements of the Securities Exchange Act of 1934, the registrant has duly caused this report to be signed on its behalf by the undersigned hereunto duly authorized."
NVDA_8-K_2019-06-17_0000,NVDA,8-K,2019-06-17,NVDA_8-K_0001045810-19-000112_form8-kdrobertson.htm,0,627,"SECURITIES AND EXCHANGE COMMISSION WASHINGTON, DC 20549 PURSUANT TO SECTION 13 OR 15(d) OF THE SECURITIES EXCHANGE ACT OF 1934 Date of Report (Date of earliest event reported): June 17, 2019 Registrant’s telephone number, including area code: (408) 486-2000 (Former name or former address, if changed since last report) Check the appropriate box below if the Form 8-K filing is intended to simultaneously satisfy the filing obligation of the registrant under any of the following provisions (see General Instruction A.2. below): [ ] Written communications pursuant to Rule 425 under the Securities Act (17 CFR 230.425) [ ] Soliciting material pursuant to Rule 14a-12 under the Exchange Act (17 CFR 240.14a-12) [ ] Pre-commencement communications pursuant to Rule 14d-2(b) under the Exchange Act (17 CFR 240.14d-2(b)) [ ] Pre-commencement communications pursuant to Rule 13e-4(c) under the Exchange Act (17 CFR 240.13e-4(c)) Securities registered pursuant to Section 12(b) of the Act: Indicate by check mark whether the registrant is an emerging growth company as defined in Rule 405 of the Securities Act of 1933 (§230.405 of this chapter) or Rule 12b-2 of the Securities Exchange Act of 1934 (§240.12b-2 of this chapter). Emerging Growth Company o If an emerging growth company, indicate by check mark if the registrant has elected not to use the extended transition period for complying with any new or revised financial accounting standards provided pursuant to Section 13(a) of the Exchange Act. o Item 5.02. Departure of Directors or Certain Officers; Election of Directors; Appointment of Certain Officers; Compensatory Arrangements of Certain Officers. On June 16, 2019, the Board of Directors of NVIDIA Corporation (“NVIDIA” or the “Company”) appointed Donald F. Robertson Jr. as Vice President, Chief Accounting Officer and Principal Accounting Officer of NVIDIA, effective as of the date of his employment start date on June 17, 2019. Mr. Robertson will report to Colette Kress, Executive Vice President and Chief Financial Officer. Mr. Robertson, age 50, most recently served at Western Digital Corporation as Vice President, Finance and Chief Accounting Officer in 2019 and Vice President, Accounting form 2016 to 2019. Mr. Robertson previously served as Vice President and Chief Accounting Officer for SanDisk Corporation from 2011 to 2016 and its Corporate Controller from 2006 to 2011. Mr. Robertson is a certified public accountant, holds a B.A. degree in Quantitative Economics and Decision Sciences from University of California, San Diego and a M.S. degree in Accounting from San Jose State University. Mr. Robertson will assume the Chief Accounting Officer and Principal Accounting Officer position from Michael Byron, who will assume a new finance role within NVIDIA, effective as of June 17, 2019, as Vice President, Finance, Merger & Acquisition Integration and Financial Systems. Mr. Robertson’s offer letter provides that Mr. Robertson will be employed by NVIDIA “at will” and contains the following additional terms: A copy of the offer letter is filed hereto as Exhibit 10.1 and is incorporated herein by reference. The foregoing description of the offer letter is subject to, and qualified in its entirety by, the offer letter. Mr. Robertson has also entered into NVIDIA’s standard indemnity agreement, filed as Exhibit 10.1 to the Current Report on Form 8-K (File No. 0-23985) filed with the SEC on March 7, 2006, which would require NVIDIA to indemnify Mr. Robertson, under the circumstances and to the extent provided for therein, against certain expenses and other amounts incurred by Mr. Robertson as a result of being made a party to certain actions, suits, proceedings and the like by reason of his position as an officer of NVIDIA. Item 9.01. Financial Statements and Exhibits. Pursuant to the requirements of the Securities Exchange Act of 1934, the registrant has duly caused this report to be signed on its behalf by the undersigned hereunto duly authorized."
NVDA_8-K_2019-08-15_0000,NVDA,8-K,2019-08-15,NVDA_8-K_0001045810-19-000140_form8-kq2fy20.htm,0,488,"false 0001045810 0001045810 2019-08-15 2019-08-15 SECURITIES AND EXCHANGE COMMISSION WASHINGTON, DC 20549 PURSUANT TO SECTION 13 OR 15(d) OF THE SECURITIES EXCHANGE ACT OF 1934 Date of Report (Date of earliest event reported): August 15, 2019 NVIDIA CORP ORATION 2788 San Tomas Expressway , Santa Clara , CA 95051 (Address of principal executive offices) (Zip Code) Registrant’s telephone number, including area code: ( 408 ) 486-2000 (Former name or former address, if changed since last report) Check the appropriate box below if the Form 8-K filing is intended to simultaneously satisfy the filing obligation of the registrant under any of the following provisions: ☐ Written communications pursuant to Rule 425 under the Securities Act (17 CFR 230.425) ☐ Soliciting material pursuant to Rule 14a-12 under the Exchange Act (17 CFR 240.14a-12) ☐ Pre-commencement communications pursuant to Rule 14d-2(b) under the Exchange Act (17 CFR 240.14d-2(b)) ☐ Pre-commencement communications pursuant to Rule 13e-4(c) under the Exchange Act (17 CFR 240.13e-4(c)) Securities registered pursuant to Section 12(b) of the Act: Indicate by check mark whether the registrant is an emerging growth company as defined in Rule 405 of the Securities Act of 1933 (§230.405 of this chapter) or Rule 12b-2 of the Securities Exchange Act of 1934 (§240.12b-2 of this chapter). Emerging Growth Company ☐ If an emerging growth company, indicate by check mark if the registrant has elected not to use the extended transition period for complying with any new or revised financial accounting standards provided pursuant to Section 13(a) of the Exchange Act. ☐ Item 2.02 Results of Operations and Financial Condition. On August 15, 2019 , NVIDIA Corporation, or the Company, issued a press release announcing its results for the quarter ended July 28, 2019 . The press release is attached as Exhibit 99.1 and is incorporated herein by reference. Attached hereto as Exhibit 99.2 and incorporated by reference herein is financial information and commentary by Colette M. Kress, Executive Vice President and Chief Financial Officer of the Company, regarding results of the quarter ended July 28, 2019 , or the CFO Commentary. The CFO Commentary will be posted to http://investor.nvidia.com immediately after the filing of this Current Report. The press release and CFO Commentary are furnished and shall not be deemed ""filed"" for purposes of Section 18 of the Securities Exchange Act of 1934, as amended, or subject to the liabilities of that Section or Sections 11 and 12(a)(2) of the Securities Act of 1933, as amended. The information in this Current Report shall not be incorporated by reference in any filing with the U.S. Securities and Exchange Commission made by the Company, whether made before or after the date hereof, regardless of any general incorporation language in such filing. Item 9.01 Financial Statements and Exhibits. Pursuant to the requirements of the Securities Exchange Act of 1934, the registrant has duly caused this report to be signed on its behalf by the undersigned hereunto duly authorized."
NVDA_8-K_2019-11-14_0000,NVDA,8-K,2019-11-14,NVDA_8-K_0001045810-19-000168_form8-kq3fy20.htm,0,488,"false 0001045810 0001045810 2019-11-14 2019-11-14 SECURITIES AND EXCHANGE COMMISSION WASHINGTON, DC 20549 PURSUANT TO SECTION 13 OR 15(d) OF THE SECURITIES EXCHANGE ACT OF 1934 Date of Report (Date of earliest event reported): November 14, 2019 NVIDIA CORP ORATION 2788 San Tomas Expressway , Santa Clara , CA 95051 (Address of principal executive offices) (Zip Code) Registrant’s telephone number, including area code: ( 408 ) 486-2000 (Former name or former address, if changed since last report) Check the appropriate box below if the Form 8-K filing is intended to simultaneously satisfy the filing obligation of the registrant under any of the following provisions: ☐ Written communications pursuant to Rule 425 under the Securities Act (17 CFR 230.425) ☐ Soliciting material pursuant to Rule 14a-12 under the Exchange Act (17 CFR 240.14a-12) ☐ Pre-commencement communications pursuant to Rule 14d-2(b) under the Exchange Act (17 CFR 240.14d-2(b)) ☐ Pre-commencement communications pursuant to Rule 13e-4(c) under the Exchange Act (17 CFR 240.13e-4(c)) Securities registered pursuant to Section 12(b) of the Act: Indicate by check mark whether the registrant is an emerging growth company as defined in Rule 405 of the Securities Act of 1933 (§230.405 of this chapter) or Rule 12b-2 of the Securities Exchange Act of 1934 (§240.12b-2 of this chapter). Emerging Growth Company ☐ If an emerging growth company, indicate by check mark if the registrant has elected not to use the extended transition period for complying with any new or revised financial accounting standards provided pursuant to Section 13(a) of the Exchange Act. ☐ Item 2.02 Results of Operations and Financial Condition. On November 14, 2019 , NVIDIA Corporation, or the Company, issued a press release announcing its results for the quarter ended October 27, 2019 . The press release is attached as Exhibit 99.1 and is incorporated herein by reference. Attached hereto as Exhibit 99.2 and incorporated by reference herein is financial information and commentary by Colette M. Kress, Executive Vice President and Chief Financial Officer of the Company, regarding results of the quarter ended October 27, 2019 , or the CFO Commentary. The CFO Commentary will be posted to http://investor.nvidia.com immediately after the filing of this Current Report. The press release and CFO Commentary are furnished and shall not be deemed ""filed"" for purposes of Section 18 of the Securities Exchange Act of 1934, as amended, or subject to the liabilities of that Section or Sections 11 and 12(a)(2) of the Securities Act of 1933, as amended. The information in this Current Report shall not be incorporated by reference in any filing with the U.S. Securities and Exchange Commission made by the Company, whether made before or after the date hereof, regardless of any general incorporation language in such filing. Item 9.01 Financial Statements and Exhibits. Pursuant to the requirements of the Securities Exchange Act of 1934, the registrant has duly caused this report to be signed on its behalf by the undersigned hereunto duly authorized."
NVDA_8-K_2020-02-13_0000,NVDA,8-K,2020-02-13,NVDA_8-K_0001045810-20-000007_form8-kq4fy20.htm,0,768,"false 0001045810 0001045810 2020-02-13 2020-02-13 UNITED STATES SECURITIES AND EXCHANGE COMMISSION WASHINGTON, DC 20549 ______________ FORM 8-K CURRENT REPORT PURSUANT TO SECTION 13 OR 15(d) OF THE SECURITIES EXCHANGE ACT OF 1934 Date of Report (Date of earliest event reported): February 13, 2020 NVIDIA CORP ORATION 2788 San Tomas Expressway , Santa Clara , CA 95051 (Address of principal executive offices) (Zip Code) Registrant’s telephone number, including area code: ( 408 ) 486-2000 Not Applicable (Former name or former address, if changed since last report) Check the appropriate box below if the Form 8-K filing is intended to simultaneously satisfy the filing obligation of the registrant under any of the following provisions: ☐ Written communications pursuant to Rule 425 under the Securities Act (17 CFR 230.425) ☐ Soliciting material pursuant to Rule 14a-12 under the Exchange Act (17 CFR 240.14a-12) ☐ Pre-commencement communications pursuant to Rule 14d-2(b) under the Exchange Act (17 CFR 240.14d-2(b)) ☐ Pre-commencement communications pursuant to Rule 13e-4(c) under the Exchange Act (17 CFR 240.13e-4(c)) Securities registered pursuant to Section 12(b) of the Act: Indicate by check mark whether the registrant is an emerging growth company as defined in Rule 405 of the Securities Act of 1933 (§230.405 of this chapter) or Rule 12b-2 of the Securities Exchange Act of 1934 (§240.12b-2 of this chapter). Emerging Growth Company ☐ If an emerging growth company, indicate by check mark if the registrant has elected not to use the extended transition period for complying with any new or revised financial accounting standards provided pursuant to Section 13(a) of the Exchange Act. ☐ Item 2.02 Results of Operations and Financial Condition. On February 13, 2020 , NVIDIA Corporation, or the Company, issued a press release announcing its results for the quarter and fiscal year ended January 26, 2020 . The press release is attached as Exhibit 99.1 and is incorporated herein by reference. Attached hereto as Exhibit 99.2 and incorporated by reference herein is financial information and commentary by Colette M. Kress, Executive Vice President and Chief Financial Officer of the Company, regarding results of the quarter and fiscal year ended January 26, 2020 , or the CFO Commentary. The CFO Commentary will be posted to http://investor.nvidia.com immediately after the filing of this Current Report. The press release and CFO Commentary are furnished and shall not be deemed ""filed"" for purposes of Section 18 of the Securities Exchange Act of 1934, as amended, or subject to the liabilities of that Section or Sections 11 and 12(a)(2) of the Securities Act of 1933, as amended. The information in this Current Report shall not be incorporated by reference in any filing with the U.S. Securities and Exchange Commission made by the Company, whether made before or after the date hereof, regardless of any general incorporation language in such filing. Item 9.01 Financial Statements and Exhibits. (d) Exhibits SIGNATURE Pursuant to the requirements of the Securities Exchange Act of 1934, the registrant has duly caused this report to be signed on its behalf by the undersigned hereunto duly authorized. false 0001045810 0001045810 2020-02-13 2020-02-13 SECURITIES AND EXCHANGE COMMISSION WASHINGTON, DC 20549 PURSUANT TO SECTION 13 OR 15(d) OF THE SECURITIES EXCHANGE ACT OF 1934 Date of Report (Date of earliest event reported): February 13, 2020 NVIDIA CORP ORATION 2788 San Tomas Expressway , Santa Clara , CA 95051 (Address of principal executive offices) (Zip Code) Registrant’s telephone number, including area code: ( 408 ) 486-2000 (Former name or former address, if changed since last report) Check the appropriate box below if the Form 8-K filing is intended to simultaneously satisfy the filing obligation of the registrant under any of the following provisions: ☐ Written communications pursuant to Rule 425 under the Securities Act (17 CFR 230.425) ☐ Soliciting material pursuant to Rule 14a-12 under the Exchange Act (17 CFR 240.14a-12) ☐ Pre-commencement communications pursuant to Rule 14d-2(b) under the Exchange Act (17 CFR 240.14d-2(b)) ☐ Pre-commencement communications pursuant to Rule 13e-4(c) under the Exchange Act (17 CFR 240.13e-4(c)) Securities registered pursuant to Section 12(b) of the Act: Indicate by check mark whether the registrant is an emerging growth company as defined in Rule 405 of the Securities Act of 1933 (§230.405 of this chapter) or Rule 12b-2 of the Securities Exchange Act of 1934 (§240.12b-2 of this chapter). Emerging Growth Company ☐ If an emerging growth company, indicate by check mark if the registrant has elected not to use the extended transition period for complying with any new or revised financial accounting standards provided pursuant to Section 13(a) of the Exchange Act. ☐ Item 2.02 Results of Operations and Financial Condition."
NVDA_8-K_2020-02-13_0001,NVDA,8-K,2020-02-13,NVDA_8-K_0001045810-20-000007_form8-kq4fy20.htm,1,382,"Securities Act (17 CFR 230.425) ☐ Soliciting material pursuant to Rule 14a-12 under the Exchange Act (17 CFR 240.14a-12) ☐ Pre-commencement communications pursuant to Rule 14d-2(b) under the Exchange Act (17 CFR 240.14d-2(b)) ☐ Pre-commencement communications pursuant to Rule 13e-4(c) under the Exchange Act (17 CFR 240.13e-4(c)) Securities registered pursuant to Section 12(b) of the Act: Indicate by check mark whether the registrant is an emerging growth company as defined in Rule 405 of the Securities Act of 1933 (§230.405 of this chapter) or Rule 12b-2 of the Securities Exchange Act of 1934 (§240.12b-2 of this chapter). Emerging Growth Company ☐ If an emerging growth company, indicate by check mark if the registrant has elected not to use the extended transition period for complying with any new or revised financial accounting standards provided pursuant to Section 13(a) of the Exchange Act. ☐ Item 2.02 Results of Operations and Financial Condition. On February 13, 2020 , NVIDIA Corporation, or the Company, issued a press release announcing its results for the quarter and fiscal year ended January 26, 2020 . The press release is attached as Exhibit 99.1 and is incorporated herein by reference. Attached hereto as Exhibit 99.2 and incorporated by reference herein is financial information and commentary by Colette M. Kress, Executive Vice President and Chief Financial Officer of the Company, regarding results of the quarter and fiscal year ended January 26, 2020 , or the CFO Commentary. The CFO Commentary will be posted to http://investor.nvidia.com immediately after the filing of this Current Report. The press release and CFO Commentary are furnished and shall not be deemed ""filed"" for purposes of Section 18 of the Securities Exchange Act of 1934, as amended, or subject to the liabilities of that Section or Sections 11 and 12(a)(2) of the Securities Act of 1933, as amended. The information in this Current Report shall not be incorporated by reference in any filing with the U.S. Securities and Exchange Commission made by the Company, whether made before or after the date hereof, regardless of any general incorporation language in such filing. Item 9.01 Financial Statements and Exhibits. Pursuant to the requirements of the Securities Exchange Act of 1934, the registrant has duly caused this report to be signed on its behalf by the undersigned hereunto duly authorized."
NVDA_8-K_2020-03-10_0000,NVDA,8-K,2020-03-10,NVDA_8-K_0001045810-20-000033_form8-kfy2021variablec.htm,0,794,"false 0001045810 0001045810 2020-03-04 2020-03-04 UNITED STATES SECURITIES AND EXCHANGE COMMISSION WASHINGTON, DC 20549 ______________ FORM 8-K CURRENT REPORT PURSUANT TO SECTION 13 OR 15(d) OF THE SECURITIES EXCHANGE ACT OF 1934 Date of Report (Date of earliest event reported): March 4, 2020 NVIDIA CORP ORATION 2788 San Tomas Expressway , Santa Clara , CA 95051 (Address of principal executive offices) (Zip Code) Registrant’s telephone number, including area code: ( 408 ) 486-2000 Not Applicable (Former name or former address, if changed since last report) Check the appropriate box below if the Form 8-K filing is intended to simultaneously satisfy the filing obligation of the registrant under any of the following provisions: ☐ Written communications pursuant to Rule 425 under the Securities Act (17 CFR 230.425) ☐ Soliciting material pursuant to Rule 14a-12 under the Exchange Act (17 CFR 240.14a-12) ☐ Pre-commencement communications pursuant to Rule 14d-2(b) under the Exchange Act (17 CFR 240.14d-2(b)) ☐ Pre-commencement communications pursuant to Rule 13e-4(c) under the Exchange Act (17 CFR 240.13e-4(c)) Securities registered pursuant to Section 12(b) of the Act: Indicate by check mark whether the registrant is an emerging growth company as defined in Rule 405 of the Securities Act of 1933 (§230.405 of this chapter) or Rule 12b-2 of the Securities Exchange Act of 1934 (§240.12b-2 of this chapter). Emerging Growth Company ☐ If an emerging growth company, indicate by check mark if the registrant has elected not to use the extended transition period for complying with any new or revised financial accounting standards provided pursuant to Section 13(a) of the Exchange Act. ☐ Item 5.02. Departure of Directors or Certain Officers; Election of Directors; Appointment of Certain Officers; Compensatory Arrangements of Certain Officers. Adoption of Fiscal Year 2021 Variable Compensation Plan On March 4, 2020, the Compensation Committee of the Board of Directors of NVIDIA Corporation, or the Company, adopted the Variable Compensation Plan for Fiscal Year 2021, or the 2021 Plan, which provides eligible executive officers the opportunity to earn a variable cash payment based on the level of achievement by the Company of certain corporate performance goals, or the Performance Goals, during fiscal year 2021. The Company operates on a fiscal year ending on the last Sunday in January and designates its fiscal year by the year in which that fiscal year ends. Fiscal year 2021 refers to the Company’s fiscal year ending January 31, 2021. The Compensation Committee has set the Performance Goals for fiscal year 2021 based upon the achievement of specified fiscal year 2021 revenue and has established threshold, base operating plan, and stretch operating plan levels. An eligible participant’s variable cash compensation under the 2021 Plan will be based on the achievement by the Company of the Performance Goals in fiscal year 2021. Unless otherwise determined by the Compensation Committee, a participant must remain an employee through the payment date under the 2021 Plan to be eligible to earn an award. The following table sets forth the respective target award opportunities for base operating plan achievement for the Company’s named executive officers under the 2021 Plan: The foregoing description is subject to, and qualified in its entirety by, the 2021 Plan, which is filed with this report as Exhibit 10.1 and is incorporated herein by reference. Item 9.01. Financial Statements and Exhibits. (d) Exhibits SIGNATURE Pursuant to the requirements of the Securities Exchange Act of 1934, the registrant has duly caused this report to be signed on its behalf by the undersigned hereunto duly authorized. false 0001045810 0001045810 2020-03-04 2020-03-04 SECURITIES AND EXCHANGE COMMISSION WASHINGTON, DC 20549 PURSUANT TO SECTION 13 OR 15(d) OF THE SECURITIES EXCHANGE ACT OF 1934 Date of Report (Date of earliest event reported): March 4, 2020 NVIDIA CORP ORATION 2788 San Tomas Expressway , Santa Clara , CA 95051 (Address of principal executive offices) (Zip Code) Registrant’s telephone number, including area code: ( 408 ) 486-2000 (Former name or former address, if changed since last report) Check the appropriate box below if the Form 8-K filing is intended to simultaneously satisfy the filing obligation of the registrant under any of the following provisions: ☐ Written communications pursuant to Rule 425 under the Securities Act (17 CFR 230.425) ☐ Soliciting material pursuant to Rule 14a-12 under the Exchange Act (17 CFR 240.14a-12) ☐ Pre-commencement communications pursuant to Rule 14d-2(b) under the Exchange Act (17 CFR 240.14d-2(b)) ☐ Pre-commencement communications pursuant to Rule 13e-4(c) under the Exchange Act (17 CFR 240.13e-4(c)) Securities registered pursuant to Section 12(b) of the Act: Indicate by check mark whether the registrant is an emerging growth company as defined in Rule 405 of the Securities Act of 1933 (§230.405 of this chapter) or Rule 12b-2 of the Securities Exchange Act of 1934 (§240.12b-2 of this chapter). Emerging Growth Company ☐"
NVDA_8-K_2020-03-10_0001,NVDA,8-K,2020-03-10,NVDA_8-K_0001045810-20-000033_form8-kfy2021variablec.htm,1,506,"408 ) 486-2000 (Former name or former address, if changed since last report) Check the appropriate box below if the Form 8-K filing is intended to simultaneously satisfy the filing obligation of the registrant under any of the following provisions: ☐ Written communications pursuant to Rule 425 under the Securities Act (17 CFR 230.425) ☐ Soliciting material pursuant to Rule 14a-12 under the Exchange Act (17 CFR 240.14a-12) ☐ Pre-commencement communications pursuant to Rule 14d-2(b) under the Exchange Act (17 CFR 240.14d-2(b)) ☐ Pre-commencement communications pursuant to Rule 13e-4(c) under the Exchange Act (17 CFR 240.13e-4(c)) Securities registered pursuant to Section 12(b) of the Act: Indicate by check mark whether the registrant is an emerging growth company as defined in Rule 405 of the Securities Act of 1933 (§230.405 of this chapter) or Rule 12b-2 of the Securities Exchange Act of 1934 (§240.12b-2 of this chapter). Emerging Growth Company ☐ If an emerging growth company, indicate by check mark if the registrant has elected not to use the extended transition period for complying with any new or revised financial accounting standards provided pursuant to Section 13(a) of the Exchange Act. ☐ Item 5.02. Departure of Directors or Certain Officers; Election of Directors; Appointment of Certain Officers; Compensatory Arrangements of Certain Officers. Adoption of Fiscal Year 2021 Variable Compensation Plan On March 4, 2020, the Compensation Committee of the Board of Directors of NVIDIA Corporation, or the Company, adopted the Variable Compensation Plan for Fiscal Year 2021, or the 2021 Plan, which provides eligible executive officers the opportunity to earn a variable cash payment based on the level of achievement by the Company of certain corporate performance goals, or the Performance Goals, during fiscal year 2021. The Company operates on a fiscal year ending on the last Sunday in January and designates its fiscal year by the year in which that fiscal year ends. Fiscal year 2021 refers to the Company’s fiscal year ending January 31, 2021. The Compensation Committee has set the Performance Goals for fiscal year 2021 based upon the achievement of specified fiscal year 2021 revenue and has established threshold, base operating plan, and stretch operating plan levels. An eligible participant’s variable cash compensation under the 2021 Plan will be based on the achievement by the Company of the Performance Goals in fiscal year 2021. Unless otherwise determined by the Compensation Committee, a participant must remain an employee through the payment date under the 2021 Plan to be eligible to earn an award. The following table sets forth the respective target award opportunities for base operating plan achievement for the Company’s named executive officers under the 2021 Plan: The foregoing description is subject to, and qualified in its entirety by, the 2021 Plan, which is filed with this report as Exhibit 10.1 and is incorporated herein by reference. Item 9.01. Financial Statements and Exhibits. Pursuant to the requirements of the Securities Exchange Act of 1934, the registrant has duly caused this report to be signed on its behalf by the undersigned hereunto duly authorized."
NVDA_8-K_2020-03-31_0000,NVDA,8-K,2020-03-31,NVDA_8-K_0001193125-20-092939_d904626d8k.htm,0,413,"NVIDIA CORP false 0001045810 0001045810 2020-03-26 2020-03-26 UNITED STATES SECURITIES AND EXCHANGE COMMISSION WASHINGTON, DC 20549 FORM 8-K CURRENT REPORT PURSUANT TO SECTION 13 OR 15(d) OF THE SECURITIES EXCHANGE ACT OF 1934 Date of Report (Date of earliest event reported): March 26, 2020 NVIDIA CORPORATION (Exact name of registrant as specified in its charter) 2788 San Tomas Expressway , Santa Clara , CA 95051 (Address of principal executive offices) (Zip Code) Registrant’s telephone number, including area code: (408) 486-2000 Not Applicable (Former name or former address, if changed since last report) Check the appropriate box below if the Form 8-K filing is intended to simultaneously satisfy the filing obligation of the registrant under any of the following provisions: Securities registered pursuant to Section 12(b) of the Act: Indicate by check mark whether the registrant is an emerging growth company as defined in Rule 405 of the Securities Act of 1933 (§230.405 of this chapter) or Rule 12b-2 of the Securities Exchange Act of 1934 (§240.12b-2 of this chapter). Emerging Growth Company ☐ If an emerging growth company, indicate by check mark if the registrant has elected not to use the extended transition period for complying with any new or revised financial accounting standards provided pursuant to Section 13(a) of the Exchange Act. ☐ SECURITIES AND EXCHANGE COMMISSION WASHINGTON, DC 20549 PURSUANT TO SECTION 13 OR 15(d) OF THE SECURITIES EXCHANGE ACT OF 1934 Date of Report (Date of earliest event reported): March 26, 2020 NVIDIA CORPORATION (Exact name of registrant as specified in its charter) 2788 San Tomas Expressway , Santa Clara , CA 95051 (Address of principal executive offices) (Zip Code) Registrant’s telephone number, including area code: (408) 486-2000 (Former name or former address, if changed since last report) Check the appropriate box below if the Form 8-K filing is intended to simultaneously satisfy the filing obligation of the registrant under any of the following provisions: Securities registered pursuant to Section 12(b) of the Act: Indicate by check mark whether the registrant is an emerging growth company as defined in Rule 405 of the Securities Act of 1933 (§230.405 of this chapter) or Rule 12b-2 of the Securities Exchange Act of 1934 (§240.12b-2 of this chapter). Emerging Growth Company ☐ If an emerging growth company, indicate by check mark if the registrant has elected not to use the extended transition period for complying with any new or revised financial accounting standards provided pursuant to Section 13(a) of the Exchange Act. ☐"
NVDA_8-K_2020-03-31_0001,NVDA,8-K,2020-03-31,NVDA_8-K_0001193125-20-092939_d904626d8k.htm,1,766,", CA 95051 (Address of principal executive offices) (Zip Code) Registrant’s telephone number, including area code: (408) 486-2000 (Former name or former address, if changed since last report) Check the appropriate box below if the Form 8-K filing is intended to simultaneously satisfy the filing obligation of the registrant under any of the following provisions: Securities registered pursuant to Section 12(b) of the Act: Indicate by check mark whether the registrant is an emerging growth company as defined in Rule 405 of the Securities Act of 1933 (§230.405 of this chapter) or Rule 12b-2 of the Securities Exchange Act of 1934 (§240.12b-2 of this chapter). Emerging Growth Company ☐ If an emerging growth company, indicate by check mark if the registrant has elected not to use the extended transition period for complying with any new or revised financial accounting standards provided pursuant to Section 13(a) of the Exchange Act. ☐ Underwriting Agreement On March 26, 2020, NVIDIA Corporation, or the Company, entered into an underwriting agreement, or the Underwriting Agreement, with Goldman Sachs & Co. LLC, or the Underwriter, to issue and sell $5.0 billion aggregate principal amount of unsecured notes, consisting of $1.5 billion principal amount of 2.850% notes due 2030, or the 2030 Notes, $1.0 billion principal amount of 3.500% notes due 2040, or the 2040 Notes, $2.0 billion principal amount of 3.500% notes due 2050, or the 2050 Notes, and $0.5 billion principal amount of 3.700% notes due 2060, or the 2060 Notes. The 2030 Notes, 2040 Notes, 2050 Notes and 2060 Notes are collectively referred to as the Notes. The Underwriting Agreement includes customary representations, warranties, conditions and covenants, including an agreement to indemnify the Underwriter against certain liabilities. The net proceeds from the offering of the Notes were approximately $4.97 billion, after deducting underwriting discounts and estimated offering expenses. The Company intends to use the net proceeds of the offering for general corporate purposes, which may include, among other things, repayment of indebtedness. The offering of the Notes was made pursuant to the Company’s Registration Statement on Form S-3 (File No. 333-237390) and a related prospectus, including a prospectus supplement, filed with the Securities and Exchange Commission, or the SEC. The above description of the Underwriting Agreement does not purport to be complete and is qualified in its entirety by reference to the Underwriting Agreement, attached as Exhibit 1.1 hereto, and incorporated herein by reference. Indenture The terms of the Notes are governed by an indenture, dated as of September 16, 2016, or the Base Indenture, between the Company and Wells Fargo Bank, National Association, or the Trustee, as supplemented by an Officers’ Certificate, dated as of March 31, 2020. The Base Indenture, as supplemented by the Officers’ Certificate, is referred to as the Indenture. The 2030 Notes will mature on April 1, 2030, the 2040 Notes will mature on April 1, 2040, the 2050 Notes will mature on April 1, 2050 and the 2060 Notes will mature on April 1, 2060. Interest on the Notes is payable on April 1 and October 1 of each year, beginning on October 1, 2020. Upon 30 days’ notice to holders of the Notes, the Company may redeem the Notes for cash in whole, at any time, or in part, from time to time, prior to maturity, at redemption prices that include accrued and unpaid interest, if any, to, but excluding, the redemption date, and a make-whole premium. However, no make-whole premium will be paid for redemptions of (i) the 2030 Notes on or after January 1, 2030, (ii) the 2040 Notes on or after October 1, 2039, (iii) the 2050 Notes on or after October 1, 2049, or (iv) the 2060 Notes on or after October 1, 2059. The Indenture includes covenants limiting the Company’s ability to create liens on its properties, enter into sale and leaseback transactions with respect to its properties or consolidate, merge or sell all or substantially all of its assets, subject to a number of important exceptions as specified in the Indenture. The Indenture also contains customary event of default provisions. In the event of the occurrence of both (1) a change of control of the Company and (2) a downgrade of a series of Notes below an investment grade rating by each of Moody’s Investors Service, Inc. and S&P Global Ratings within a specified period relating to the applicable change of control, the Company will be required to offer to repurchase any outstanding Notes of that series at a price in cash equal to 101% of the then outstanding principal amount of such series of Underwriting Agreement"
NVDA_8-K_2020-03-31_0002,NVDA,8-K,2020-03-31,NVDA_8-K_0001193125-20-092939_d904626d8k.htm,2,761,"or after October 1, 2059. The Indenture includes covenants limiting the Company’s ability to create liens on its properties, enter into sale and leaseback transactions with respect to its properties or consolidate, merge or sell all or substantially all of its assets, subject to a number of important exceptions as specified in the Indenture. The Indenture also contains customary event of default provisions. In the event of the occurrence of both (1) a change of control of the Company and (2) a downgrade of a series of Notes below an investment grade rating by each of Moody’s Investors Service, Inc. and S&P Global Ratings within a specified period relating to the applicable change of control, the Company will be required to offer to repurchase any outstanding Notes of that series at a price in cash equal to 101% of the then outstanding principal amount of such series of Underwriting Agreement On March 26, 2020, NVIDIA Corporation, or the Company, entered into an underwriting agreement, or the Underwriting Agreement, with Goldman Sachs & Co. LLC, or the Underwriter, to issue and sell $5.0 billion aggregate principal amount of unsecured notes, consisting of $1.5 billion principal amount of 2.850% notes due 2030, or the 2030 Notes, $1.0 billion principal amount of 3.500% notes due 2040, or the 2040 Notes, $2.0 billion principal amount of 3.500% notes due 2050, or the 2050 Notes, and $0.5 billion principal amount of 3.700% notes due 2060, or the 2060 Notes. The 2030 Notes, 2040 Notes, 2050 Notes and 2060 Notes are collectively referred to as the Notes. The Underwriting Agreement includes customary representations, warranties, conditions and covenants, including an agreement to indemnify the Underwriter against certain liabilities. The net proceeds from the offering of the Notes were approximately $4.97 billion, after deducting underwriting discounts and estimated offering expenses. The Company intends to use the net proceeds of the offering for general corporate purposes, which may include, among other things, repayment of indebtedness. The offering of the Notes was made pursuant to the Company’s Registration Statement on Form S-3 (File No. 333-237390) and a related prospectus, including a prospectus supplement, filed with the Securities and Exchange Commission, or the SEC. The above description of the Underwriting Agreement does not purport to be complete and is qualified in its entirety by reference to the Underwriting Agreement, attached as Exhibit 1.1 hereto, and incorporated herein by reference. The terms of the Notes are governed by an indenture, dated as of September 16, 2016, or the Base Indenture, between the Company and Wells Fargo Bank, National Association, or the Trustee, as supplemented by an Officers’ Certificate, dated as of March 31, 2020. The Base Indenture, as supplemented by the Officers’ Certificate, is referred to as the Indenture. The 2030 Notes will mature on April 1, 2030, the 2040 Notes will mature on April 1, 2040, the 2050 Notes will mature on April 1, 2050 and the 2060 Notes will mature on April 1, 2060. Interest on the Notes is payable on April 1 and October 1 of each year, beginning on October 1, 2020. Upon 30 days’ notice to holders of the Notes, the Company may redeem the Notes for cash in whole, at any time, or in part, from time to time, prior to maturity, at redemption prices that include accrued and unpaid interest, if any, to, but excluding, the redemption date, and a make-whole premium. However, no make-whole premium will be paid for redemptions of (i) the 2030 Notes on or after January 1, 2030, (ii) the 2040 Notes on or after October 1, 2039, (iii) the 2050 Notes on or after October 1, 2049, or (iv) the 2060 Notes on or after October 1, 2059. The Indenture includes covenants limiting the Company’s ability to create liens on its properties, enter into sale and leaseback transactions with respect to its properties or consolidate, merge or sell all or substantially all of its assets, subject to a number of important exceptions as specified in the Indenture. The Indenture also contains customary event of default provisions. In the event of the occurrence of both (1) a change of control of the Company and (2) a downgrade of a series of Notes below an investment grade rating by each of Moody’s Investors Service, Inc. and S&P Global Ratings within a specified period relating to the applicable change of control, the Company will be required to offer to repurchase any outstanding Notes of that series at a price in cash equal to 101% of the then outstanding principal amount of such series of"
NVDA_8-K_2020-03-31_0003,NVDA,8-K,2020-03-31,NVDA_8-K_0001193125-20-092939_d904626d8k.htm,3,789,"Notes on or after October 1, 2059. The Indenture includes covenants limiting the Company’s ability to create liens on its properties, enter into sale and leaseback transactions with respect to its properties or consolidate, merge or sell all or substantially all of its assets, subject to a number of important exceptions as specified in the Indenture. The Indenture also contains customary event of default provisions. In the event of the occurrence of both (1) a change of control of the Company and (2) a downgrade of a series of Notes below an investment grade rating by each of Moody’s Investors Service, Inc. and S&P Global Ratings within a specified period relating to the applicable change of control, the Company will be required to offer to repurchase any outstanding Notes of that series at a price in cash equal to 101% of the then outstanding principal amount of such series of Notes, plus accrued and unpaid interest on the Notes to be repurchased to, but excluding, the date of repurchase. The Notes are the Company’s unsecured senior obligations and rank equally in right of payment with all of the Company’s existing and future unsecured and unsubordinated indebtedness. The Notes will be structurally subordinated to the liabilities of our subsidiaries and will be effectively subordinated to any secured indebtedness to the extent of the value of the assets securing such indebtedness. All existing and future liabilities of our subsidiaries will be effectively senior to the Notes. The above description of the Indenture and the Notes does not purport to be complete and is qualified in its entirety by reference to the Indenture and the forms of Notes, attached as Exhibits 4.1 through 4.6 hereto, and incorporated herein by reference. The agreements included as exhibits to this Current Report on Form 8-K are included to provide information regarding their terms and are not intended to provide any other factual or disclosure information about the Company or the other parties to the agreements. The agreements may contain representations and warranties by each of the parties to the applicable agreement. These representations and warranties have been made solely for the benefit of the other parties to the applicable agreement and: Accordingly, these representations and warranties may not describe the actual state of affairs as of the date they were made or at any other time. Additional information about the Company may be found elsewhere in this Current Report on Form 8-K and the Company’s other public filings, which are available without charge through the SEC’s website at http://www.sec.gov . The information set forth in Item 1.01 above is hereby incorporated by reference into this Item 2.03, insofar as it relates to the creation of a direct financial obligation. (d) Exhibits Notes, plus accrued and unpaid interest on the Notes to be repurchased to, but excluding, the date of repurchase. The Notes are the Company’s unsecured senior obligations and rank equally in right of payment with all of the Company’s existing and future unsecured and unsubordinated indebtedness. The Notes will be structurally subordinated to the liabilities of our subsidiaries and will be effectively subordinated to any secured indebtedness to the extent of the value of the assets securing such indebtedness. All existing and future liabilities of our subsidiaries will be effectively senior to the Notes. The above description of the Indenture and the Notes does not purport to be complete and is qualified in its entirety by reference to the Indenture and the forms of Notes, attached as Exhibits 4.1 through 4.6 hereto, and incorporated herein by reference. The agreements included as exhibits to this Current Report on Form 8-K are included to provide information regarding their terms and are not intended to provide any other factual or disclosure information about the Company or the other parties to the agreements. The agreements may contain representations and warranties by each of the parties to the applicable agreement. These representations and warranties have been made solely for the benefit of the other parties to the applicable agreement and: Accordingly, these representations and warranties may not describe the actual state of affairs as of the date they were made or at any other time. Additional information about the Company may be found elsewhere in this Current Report on Form 8-K and the Company’s other public filings, which are available without charge through the SEC’s website at http://www.sec.gov . The information set forth in Item 1.01 above is hereby incorporated by reference into this Item 2.03, insofar as it relates to the creation of a direct financial obligation. SIGNATURE Pursuant to the requirements of the Securities Exchange Act of 1934, the registrant has duly caused this report to be signed on its behalf by the undersigned hereunto duly authorized."
NVDA_8-K_2020-03-31_0004,NVDA,8-K,2020-03-31,NVDA_8-K_0001193125-20-092939_d904626d8k.htm,4,180,"and warranties by each of the parties to the applicable agreement. These representations and warranties have been made solely for the benefit of the other parties to the applicable agreement and: Accordingly, these representations and warranties may not describe the actual state of affairs as of the date they were made or at any other time. Additional information about the Company may be found elsewhere in this Current Report on Form 8-K and the Company’s other public filings, which are available without charge through the SEC’s website at http://www.sec.gov . The information set forth in Item 1.01 above is hereby incorporated by reference into this Item 2.03, insofar as it relates to the creation of a direct financial obligation. SIGNATURE Pursuant to the requirements of the Securities Exchange Act of 1934, the registrant has duly caused this report to be signed on its behalf by the undersigned hereunto duly authorized. Pursuant to the requirements of the Securities Exchange Act of 1934, the registrant has duly caused this report to be signed on its behalf by the undersigned hereunto duly authorized."
NVDA_8-K_2020-04-17_0000,NVDA,8-K,2020-04-17,NVDA_8-K_0001045810-20-000048_mellanoxantitrustappro.htm,0,800,"false 0001045810 0001045810 2020-04-16 2020-04-16 UNITED STATES SECURITIES AND EXCHANGE COMMISSION WASHINGTON, DC 20549 ______________ FORM 8-K CURRENT REPORT PURSUANT TO SECTION 13 OR 15(d) OF THE SECURITIES EXCHANGE ACT OF 1934 Date of Report (Date of earliest event reported): April 16, 2020 NVIDIA CORP ORATION 2788 San Tomas Expressway , Santa Clara , CA 95051 (Address of principal executive offices) (Zip Code) Registrant’s telephone number, including area code: ( 408 ) 486-2000 Not Applicable (Former name or former address, if changed since last report) Check the appropriate box below if the Form 8-K filing is intended to simultaneously satisfy the filing obligation of the registrant under any of the following provisions: ☐ Written communications pursuant to Rule 425 under the Securities Act (17 CFR 230.425) ☐ Soliciting material pursuant to Rule 14a-12 under the Exchange Act (17 CFR 240.14a-12) ☐ Pre-commencement communications pursuant to Rule 14d-2(b) under the Exchange Act (17 CFR 240.14d-2(b)) ☐ Pre-commencement communications pursuant to Rule 13e-4(c) under the Exchange Act (17 CFR 240.13e-4(c)) Securities registered pursuant to Section 12(b) of the Act: Indicate by check mark whether the registrant is an emerging growth company as defined in Rule 405 of the Securities Act of 1933 (§230.405 of this chapter) or Rule 12b-2 of the Securities Exchange Act of 1934 (§240.12b-2 of this chapter). Emerging Growth Company ☐ If an emerging growth company, indicate by check mark if the registrant has elected not to use the extended transition period for complying with any new or revised financial accounting standards provided pursuant to Section 13(a) of the Exchange Act. ☐ Item 8.01    Other Events On April 16, 2020, Mellanox Technologies, Ltd. (“Mellanox”), and NVIDIA International Holdings Inc. (“NVIDIA Holdings”), received approval from the Anti-Monopoly Bureau of the State Administration for Market Regulation of the People’s Republic of China of the previously announced proposed acquisition of Mellanox by NVIDIA Holdings, a wholly owned subsidiary of NVIDIA Corporation. The two companies have now received regulatory antitrust approval for the deal from the European Commission, Mexico and China. In addition, the waiting period under the Hart-Scott-Rodino Antitrust Improvements Act of 1976, as amended, in connection with the proposed acquisition expired at 11:59 p.m., Eastern time, on May 23, 2019. The transaction is currently expected to close on or about April 27, 2020, subject to all remaining customary closing conditions. SIGNATURE Pursuant to the requirements of the Securities Exchange Act of 1934, the registrant has duly caused this report to be signed on its behalf by the undersigned hereunto duly authorized. false 0001045810 0001045810 2020-04-16 2020-04-16 SECURITIES AND EXCHANGE COMMISSION WASHINGTON, DC 20549 PURSUANT TO SECTION 13 OR 15(d) OF THE SECURITIES EXCHANGE ACT OF 1934 Date of Report (Date of earliest event reported): April 16, 2020 NVIDIA CORP ORATION 2788 San Tomas Expressway , Santa Clara , CA 95051 (Address of principal executive offices) (Zip Code) Registrant’s telephone number, including area code: ( 408 ) 486-2000 (Former name or former address, if changed since last report) Check the appropriate box below if the Form 8-K filing is intended to simultaneously satisfy the filing obligation of the registrant under any of the following provisions: ☐ Written communications pursuant to Rule 425 under the Securities Act (17 CFR 230.425) ☐ Soliciting material pursuant to Rule 14a-12 under the Exchange Act (17 CFR 240.14a-12) ☐ Pre-commencement communications pursuant to Rule 14d-2(b) under the Exchange Act (17 CFR 240.14d-2(b)) ☐ Pre-commencement communications pursuant to Rule 13e-4(c) under the Exchange Act (17 CFR 240.13e-4(c)) Securities registered pursuant to Section 12(b) of the Act: Indicate by check mark whether the registrant is an emerging growth company as defined in Rule 405 of the Securities Act of 1933 (§230.405 of this chapter) or Rule 12b-2 of the Securities Exchange Act of 1934 (§240.12b-2 of this chapter). Emerging Growth Company ☐ If an emerging growth company, indicate by check mark if the registrant has elected not to use the extended transition period for complying with any new or revised financial accounting standards provided pursuant to Section 13(a) of the Exchange Act. ☐ Item 8.01    Other Events On April 16, 2020, Mellanox Technologies, Ltd. (“Mellanox”), and NVIDIA International Holdings Inc. (“NVIDIA Holdings”), received approval from the Anti-Monopoly Bureau of the State Administration for Market Regulation of the People’s Republic of China of the previously announced proposed acquisition of Mellanox by NVIDIA Holdings, a wholly owned subsidiary of NVIDIA Corporation. The two companies have now received regulatory antitrust approval for the deal from the European Commission, Mexico and China. In addition, the waiting period under the Hart-Scott-Rodino Antitrust Improvements Act of 1976, as amended, in connection with the proposed acquisition expired at 11:59 p.m., Eastern time, on May 23, 2019. The transaction is currently expected to close on or about April 27, 2020, subject to all remaining customary closing conditions."
NVDA_8-K_2020-04-17_0001,NVDA,8-K,2020-04-17,NVDA_8-K_0001045810-20-000048_mellanoxantitrustappro.htm,1,180,"the extended transition period for complying with any new or revised financial accounting standards provided pursuant to Section 13(a) of the Exchange Act. ☐ Item 8.01 Other Events On April 16, 2020, Mellanox Technologies, Ltd. (“Mellanox”), and NVIDIA International Holdings Inc. (“NVIDIA Holdings”), received approval from the Anti-Monopoly Bureau of the State Administration for Market Regulation of the People’s Republic of China of the previously announced proposed acquisition of Mellanox by NVIDIA Holdings, a wholly owned subsidiary of NVIDIA Corporation. The two companies have now received regulatory antitrust approval for the deal from the European Commission, Mexico and China. In addition, the waiting period under the Hart-Scott-Rodino Antitrust Improvements Act of 1976, as amended, in connection with the proposed acquisition expired at 11:59 p.m., Eastern time, on May 23, 2019. The transaction is currently expected to close on or about April 27, 2020, subject to all remaining customary closing conditions. Pursuant to the requirements of the Securities Exchange Act of 1934, the registrant has duly caused this report to be signed on its behalf by the undersigned hereunto duly authorized."
NVDA_8-K_2020-04-27_0000,NVDA,8-K,2020-04-27,NVDA_8-K_0001045810-20-000052_form8-kmellanoxclosing.htm,0,794,"false 0001045810 0001045810 2020-04-27 2020-04-27 UNITED STATES SECURITIES AND EXCHANGE COMMISSION WASHINGTON, DC 20549 ______________ FORM 8-K CURRENT REPORT PURSUANT TO SECTION 13 OR 15(d) OF THE SECURITIES EXCHANGE ACT OF 1934 Date of Report (Date of earliest event reported): April 27, 2020 NVIDIA CORP ORATION 2788 San Tomas Expressway , Santa Clara , CA 95051 (Address of principal executive offices) (Zip Code) Registrant’s telephone number, including area code: ( 408 ) 486-2000 Not Applicable (Former name or former address, if changed since last report) Check the appropriate box below if the Form 8-K filing is intended to simultaneously satisfy the filing obligation of the registrant under any of the following provisions: ☐ Written communications pursuant to Rule 425 under the Securities Act (17 CFR 230.425) ☐ Soliciting material pursuant to Rule 14a-12 under the Exchange Act (17 CFR 240.14a-12) ☐ Pre-commencement communications pursuant to Rule 14d-2(b) under the Exchange Act (17 CFR 240.14d-2(b)) ☐ Pre-commencement communications pursuant to Rule 13e-4(c) under the Exchange Act (17 CFR 240.13e-4(c)) Securities registered pursuant to Section 12(b) of the Act: Indicate by check mark whether the registrant is an emerging growth company as defined in Rule 405 of the Securities Act of 1933 (§230.405 of this chapter) or Rule 12b-2 of the Securities Exchange Act of 1934 (§240.12b-2 of this chapter). Emerging Growth Company ☐ If an emerging growth company, indicate by check mark if the registrant has elected not to use the extended transition period for complying with any new or revised financial accounting standards provided pursuant to Section 13(a) of the Exchange Act. ☐ Item 2.01    Completion of Acquisition or Disposition of Assets. On April 27, 2020, NVIDIA Corporation, a Delaware corporation (the “Company”), completed its previously announced acquisition of Mellanox Technologies, Ltd., a company organized under the laws of the State of Israel (“Mellanox”), for approximately $7.0 billion, pursuant to the Agreement and Plan of Merger (the “Merger Agreement”), dated March 10, 2019, among the Company, NVIDIA International Holdings Inc., a Delaware corporation and wholly owned subsidiary of the Company (“Parent”), Teal Barvaz Ltd., a company organized under the laws of the State of Israel and a wholly owned subsidiary of Parent (“Merger Sub”), and Mellanox. Pursuant to the terms and subject to the conditions set forth in the Merger Agreement, at the effective time (the “Effective Time”) of the merger (the “Merger”), each ordinary share of Mellanox (a “Mellanox Ordinary Share”) outstanding immediately prior to the Effective Time (other than Mellanox Ordinary Shares held by Mellanox, any direct or indirect wholly owned subsidiary of Mellanox, Parent, Merger Sub or any of their respective subsidiaries or held in Mellanox’s treasury) was deemed to have been transferred to Parent in exchange for the right to receive $125.00 in cash, without interest and subject to applicable tax withholding. The foregoing description of the Merger and the Merger Agreement does not purport to be complete and is qualified in its entirety by reference to the full text of the Merger Agreement, which is filed as Exhibit 2.1 to this Current Report on Form 8-K and is incorporated herein by reference. Item 9.01    Financial Statements and Exhibits. (a)    Financial Statements of Business Acquired. The financial statements required by this Item 9.01(a) are not included in this Current Report on Form 8-K. The Company intends to include such financial statements by amendment to this Current Report on Form 8-K no later than 71 calendar days after the date this Current Report on Form 8-K is required to be filed. (b)    Pro Forma Financial Information. The pro forma financial information required by this Item 9.01(b) is not included in this Current Report on Form 8-K. The Company intends to include such pro forma financial information by amendment to this Current Report on Form 8-K no later than 71 calendar days after the date this Current Report on Form 8-K is required to be filed (d) Exhibits * Certain exhibits and schedules have been omitted pursuant to Item 601(b)(2) of Regulation S-K, and the Company agrees to furnish supplementally to the Securities and Exchange Commission a copy of any omitted exhibits or schedules upon request; provided that the Company may request confidential treatment pursuant to Rule 24b-2 of the Securities Exchange Act of 1934. SIGNATURE Pursuant to the requirements of the Securities Exchange Act of 1934, the registrant has duly caused this report to be signed on its behalf by the undersigned hereunto duly authorized. false 0001045810 0001045810 2020-04-27 2020-04-27 SECURITIES AND EXCHANGE COMMISSION WASHINGTON, DC 20549 PURSUANT TO SECTION 13 OR 15(d) OF THE SECURITIES EXCHANGE ACT OF 1934 Date of Report (Date of earliest event reported): April 27, 2020 NVIDIA CORP ORATION 2788 San Tomas Expressway , Santa Clara , CA 95051 (Address of principal executive offices) (Zip Code)"
NVDA_8-K_2020-04-27_0001,NVDA,8-K,2020-04-27,NVDA_8-K_0001045810-20-000052_form8-kmellanoxclosing.htm,1,790,"required to be filed (d) Exhibits * Certain exhibits and schedules have been omitted pursuant to Item 601(b)(2) of Regulation S-K, and the Company agrees to furnish supplementally to the Securities and Exchange Commission a copy of any omitted exhibits or schedules upon request; provided that the Company may request confidential treatment pursuant to Rule 24b-2 of the Securities Exchange Act of 1934. SIGNATURE Pursuant to the requirements of the Securities Exchange Act of 1934, the registrant has duly caused this report to be signed on its behalf by the undersigned hereunto duly authorized. false 0001045810 0001045810 2020-04-27 2020-04-27 SECURITIES AND EXCHANGE COMMISSION WASHINGTON, DC 20549 PURSUANT TO SECTION 13 OR 15(d) OF THE SECURITIES EXCHANGE ACT OF 1934 Date of Report (Date of earliest event reported): April 27, 2020 NVIDIA CORP ORATION 2788 San Tomas Expressway , Santa Clara , CA 95051 (Address of principal executive offices) (Zip Code) Registrant’s telephone number, including area code: ( 408 ) 486-2000 (Former name or former address, if changed since last report) Check the appropriate box below if the Form 8-K filing is intended to simultaneously satisfy the filing obligation of the registrant under any of the following provisions: ☐ Written communications pursuant to Rule 425 under the Securities Act (17 CFR 230.425) ☐ Soliciting material pursuant to Rule 14a-12 under the Exchange Act (17 CFR 240.14a-12) ☐ Pre-commencement communications pursuant to Rule 14d-2(b) under the Exchange Act (17 CFR 240.14d-2(b)) ☐ Pre-commencement communications pursuant to Rule 13e-4(c) under the Exchange Act (17 CFR 240.13e-4(c)) Securities registered pursuant to Section 12(b) of the Act: Indicate by check mark whether the registrant is an emerging growth company as defined in Rule 405 of the Securities Act of 1933 (§230.405 of this chapter) or Rule 12b-2 of the Securities Exchange Act of 1934 (§240.12b-2 of this chapter). Emerging Growth Company ☐ If an emerging growth company, indicate by check mark if the registrant has elected not to use the extended transition period for complying with any new or revised financial accounting standards provided pursuant to Section 13(a) of the Exchange Act. ☐ Item 2.01    Completion of Acquisition or Disposition of Assets. On April 27, 2020, NVIDIA Corporation, a Delaware corporation (the “Company”), completed its previously announced acquisition of Mellanox Technologies, Ltd., a company organized under the laws of the State of Israel (“Mellanox”), for approximately $7.0 billion, pursuant to the Agreement and Plan of Merger (the “Merger Agreement”), dated March 10, 2019, among the Company, NVIDIA International Holdings Inc., a Delaware corporation and wholly owned subsidiary of the Company (“Parent”), Teal Barvaz Ltd., a company organized under the laws of the State of Israel and a wholly owned subsidiary of Parent (“Merger Sub”), and Mellanox. Pursuant to the terms and subject to the conditions set forth in the Merger Agreement, at the effective time (the “Effective Time”) of the merger (the “Merger”), each ordinary share of Mellanox (a “Mellanox Ordinary Share”) outstanding immediately prior to the Effective Time (other than Mellanox Ordinary Shares held by Mellanox, any direct or indirect wholly owned subsidiary of Mellanox, Parent, Merger Sub or any of their respective subsidiaries or held in Mellanox’s treasury) was deemed to have been transferred to Parent in exchange for the right to receive $125.00 in cash, without interest and subject to applicable tax withholding. The foregoing description of the Merger and the Merger Agreement does not purport to be complete and is qualified in its entirety by reference to the full text of the Merger Agreement, which is filed as Exhibit 2.1 to this Current Report on Form 8-K and is incorporated herein by reference. Item 9.01    Financial Statements and Exhibits. (a)    Financial Statements of Business Acquired. The financial statements required by this Item 9.01(a) are not included in this Current Report on Form 8-K. The Company intends to include such financial statements by amendment to this Current Report on Form 8-K no later than 71 calendar days after the date this Current Report on Form 8-K is required to be filed. (b)    Pro Forma Financial Information. The pro forma financial information required by this Item 9.01(b) is not included in this Current Report on Form 8-K. The Company intends to include such pro forma financial information by amendment to this Current Report on Form 8-K no later than 71 calendar days after the date this Current Report on Form 8-K is required to be filed * Certain exhibits and schedules have been omitted pursuant to Item 601(b)(2) of Regulation S-K, and the Company agrees to furnish supplementally to the Securities and Exchange Commission a copy of any omitted exhibits or schedules upon request; provided that the Company may request confidential treatment pursuant to Rule 24b-2 of the Securities Exchange Act of 1934."
NVDA_8-K_2020-04-27_0002,NVDA,8-K,2020-04-27,NVDA_8-K_0001045810-20-000052_form8-kmellanoxclosing.htm,2,180,"by amendment to this Current Report on Form 8-K no later than 71 calendar days after the date this Current Report on Form 8-K is required to be filed. (b) Pro Forma Financial Information. The pro forma financial information required by this Item 9.01(b) is not included in this Current Report on Form 8-K. The Company intends to include such pro forma financial information by amendment to this Current Report on Form 8-K no later than 71 calendar days after the date this Current Report on Form 8-K is required to be filed * Certain exhibits and schedules have been omitted pursuant to Item 601(b)(2) of Regulation S-K, and the Company agrees to furnish supplementally to the Securities and Exchange Commission a copy of any omitted exhibits or schedules upon request; provided that the Company may request confidential treatment pursuant to Rule 24b-2 of the Securities Exchange Act of 1934. Pursuant to the requirements of the Securities Exchange Act of 1934, the registrant has duly caused this report to be signed on its behalf by the undersigned hereunto duly authorized."
NVDA_8-K_2020-05-21_0000,NVDA,8-K,2020-05-21,NVDA_8-K_0001045810-20-000063_nvda-20200521.htm,0,485,"0001045810 false 0001045810 2020-05-21 2020-05-21 SECURITIES AND EXCHANGE COMMISSION WASHINGTON, DC 20549 PURSUANT TO SECTION 13 OR 15(d) OF THE SECURITIES EXCHANGE ACT OF 1934 Date of Report (Date of earliest event reported): May 21, 2020 NVIDIA CORP ORATION 2788 San Tomas Expressway , Santa Clara , CA 95051 (Address of principal executive offices) (Zip Code) Registrant’s telephone number, including area code: ( 408 ) 486-2000 (Former name or former address, if changed since last report) Check the appropriate box below if the Form 8-K filing is intended to simultaneously satisfy the filing obligation of the registrant under any of the following provisions: ☐ Written communications pursuant to Rule 425 under the Securities Act (17 CFR 230.425) ☐ Soliciting material pursuant to Rule 14a-12 under the Exchange Act (17 CFR 240.14a-12) ☐ Pre-commencement communications pursuant to Rule 14d-2(b) under the Exchange Act (17 CFR 240.14d-2(b)) ☐ Pre-commencement communications pursuant to Rule 13e-4(c) under the Exchange Act (17 CFR 240.13e-4(c)) Securities registered pursuant to Section 12(b) of the Act: Indicate by check mark whether the registrant is an emerging growth company as defined in Rule 405 of the Securities Act of 1933 (§230.405 of this chapter) or Rule 12b-2 of the Securities Exchange Act of 1934 (§240.12b-2 of this chapter). Emerging Growth Company ☐ If an emerging growth company, indicate by check mark if the registrant has elected not to use the extended transition period for complying with any new or revised financial accounting standards provided pursuant to Section 13(a) of the Exchange Act. ☐ Item 2.02 Results of Operations and Financial Condition. On May 21, 2020, NVIDIA Corporation, or the Company, issued a press release announcing its results for the quarter ended April 26, 2020. The press release is attached as Exhibit 99.1 and is incorporated herein by reference. Attached hereto as Exhibit 99.2 and incorporated by reference herein is financial information and commentary by Colette M. Kress, Executive Vice President and Chief Financial Officer of the Company, regarding results of the quarter ended April 26, 2020, or the CFO Commentary. The CFO Commentary will be posted to http://investor.nvidia.com immediately after the filing of this Current Report. The press release and CFO Commentary are furnished and shall not be deemed ""filed"" for purposes of Section 18 of the Securities Exchange Act of 1934, as amended, or subject to the liabilities of that Section or Sections 11 and 12(a)(2) of the Securities Act of 1933, as amended. The information in this Current Report shall not be incorporated by reference in any filing with the U.S. Securities and Exchange Commission made by the Company, whether made before or after the date hereof, regardless of any general incorporation language in such filing. Item 9.01 Financial Statements and Exhibits. Pursuant to the requirements of the Securities Exchange Act of 1934, the registrant has duly caused this report to be signed on its behalf by the undersigned hereunto duly authorized."
NVDA_8-K_2020-06-15_0000,NVDA,8-K,2020-06-15,NVDA_8-K_0001045810-20-000103_a8-k2020annualmeetingr.htm,0,797,"false 0001045810 0001045810 2020-06-09 2020-06-09 UNITED STATES SECURITIES AND EXCHANGE COMMISSION WASHINGTON, DC 20549 ______________ FORM 8-K CURRENT REPORT PURSUANT TO SECTION 13 OR 15(d) OF THE SECURITIES EXCHANGE ACT OF 1934 Date of Report (Date of earliest event reported): June 9, 2020 NVIDIA CORP ORATION 2788 San Tomas Expressway , Santa Clara , CA 95051 (Address of principal executive offices) (Zip Code) Registrant’s telephone number, including area code: ( 408 ) 486-2000 Not Applicable (Former name or former address, if changed since last report) Check the appropriate box below if the Form 8-K filing is intended to simultaneously satisfy the filing obligation of the registrant under any of the following provisions: ☐ Written communications pursuant to Rule 425 under the Securities Act (17 CFR 230.425) ☐ Soliciting material pursuant to Rule 14a-12 under the Exchange Act (17 CFR 240.14a-12) ☐ Pre-commencement communications pursuant to Rule 14d-2(b) under the Exchange Act (17 CFR 240.14d-2(b)) ☐ Pre-commencement communications pursuant to Rule 13e-4(c) under the Exchange Act (17 CFR 240.13e-4(c)) Securities registered pursuant to Section 12(b) of the Act: Indicate by check mark whether the registrant is an emerging growth company as defined in Rule 405 of the Securities Act of 1933 (§230.405 of this chapter) or Rule 12b-2 of the Securities Exchange Act of 1934 (§240.12b-2 of this chapter). Emerging Growth Company ☐ If an emerging growth company, indicate by check mark if the registrant has elected not to use the extended transition period for complying with any new or revised financial accounting standards provided pursuant to Section 13(a) of the Exchange Act. ☐ Item 5.02. Departure of Directors or Certain Officers; Election of Directors; Appointment of Certain Officers; Compensatory Arrangements of Certain Officers. Amendment and Restatement of Amended and Restated 2007 Equity Incentive Plan On June 9, 2020, at the 2020 Annual Meeting of Stockholders of NVIDIA Corporation, or the 2020 Annual Meeting, our stockholders approved an amendment and restatement of the NVIDIA Corporation Amended and Restated 2007 Equity Incentive Plan, or the 2007 Plan, to increase the available share reserve by 14,800,000 shares as described in our definitive proxy statement for the 2020 Annual Meeting filed with the Securities and Exchange Commission on April 29, 2020, or the Proxy Statement. The 2007 Plan previously had been approved, subject to stockholder approval, by the Compensation Committee of the Board of Directors of NVIDIA, or the Committee. A summary of the 2007 Plan is set forth in our Proxy Statement. That summary and the foregoing description of the 2007 Plan are qualified in their entirety by reference to the text of the 2007 Plan, which is filed as Exhibit 10.1 hereto and incorporated herein by reference. Amendment and Restatement of Amended and Restated 2012 Employee Stock Purchase Plan At the 2020 Annual Meeting, our stockholders also approved an amendment and restatement of the NVIDIA Corporation Amended and Restated 2012 Employee Stock Purchase Plan, or the 2012 Plan, to increase the available share reserve by 2,000,000 shares as described in the Proxy Statement. The 2012 Plan previously had been approved, subject to stockholder approval, by the Committee. A summary of the 2012 Plan is set forth in our Proxy Statement. That summary and the foregoing description of the 2012 Plan are qualified in their entirety by reference to the text of the 2012 Plan, which is filed as Exhibit 10.2 hereto and incorporated herein by reference. Item 5.07. Submission of Matters to a Vote of Security Holders. At the 2020 Annual Meeting, the following proposals were adopted by the margin indicated. Proxies for the 2020 Annual Meeting were solicited pursuant to Section 14(a) of the Securities Exchange Act of 1934, as amended, and there was no solicitation in opposition of management’s solicitation. 1.    The election of each of our eleven (11) directors to serve for a one-year term until our 2021 Annual Meeting of Stockholders. The results of the voting were as follows: 2.    The approval, on an advisory basis, of the compensation of our named executive officers as disclosed Proxy Statement. The results of the voting were as follows: 3.    The ratification of the appointment of PricewaterhouseCoopers LLP as our independent registered accounting firm for our fiscal year ending January 31, 2021. The results of the voting were as follows: 4.    The approval of the 2007 Plan. The results of the voting were as follows: 5.    The approval of the 2012 Plan. The results of the voting were as follows: Item 9.01    Financial Statements and Exhibits. (d) Exhibits SIGNATURE Pursuant to the requirements of the Securities Exchange Act of 1934, the registrant has duly caused this report to be signed on its behalf by the undersigned hereunto duly authorized. false 0001045810 0001045810 2020-06-09 2020-06-09 SECURITIES AND EXCHANGE COMMISSION WASHINGTON, DC 20549 PURSUANT TO SECTION 13 OR 15(d) OF"
NVDA_8-K_2020-06-15_0001,NVDA,8-K,2020-06-15,NVDA_8-K_0001045810-20-000103_a8-k2020annualmeetingr.htm,1,800,"voting were as follows: 2. The approval, on an advisory basis, of the compensation of our named executive officers as disclosed Proxy Statement. The results of the voting were as follows: 3. The ratification of the appointment of PricewaterhouseCoopers LLP as our independent registered accounting firm for our fiscal year ending January 31, 2021. The results of the voting were as follows: 4. The approval of the 2007 Plan. The results of the voting were as follows: 5. The approval of the 2012 Plan. The results of the voting were as follows: Item 9.01 Financial Statements and Exhibits. (d) Exhibits SIGNATURE Pursuant to the requirements of the Securities Exchange Act of 1934, the registrant has duly caused this report to be signed on its behalf by the undersigned hereunto duly authorized. false 0001045810 0001045810 2020-06-09 2020-06-09 SECURITIES AND EXCHANGE COMMISSION WASHINGTON, DC 20549 PURSUANT TO SECTION 13 OR 15(d) OF THE SECURITIES EXCHANGE ACT OF 1934 Date of Report (Date of earliest event reported): June 9, 2020 NVIDIA CORP ORATION 2788 San Tomas Expressway , Santa Clara , CA 95051 (Address of principal executive offices) (Zip Code) Registrant’s telephone number, including area code: ( 408 ) 486-2000 (Former name or former address, if changed since last report) Check the appropriate box below if the Form 8-K filing is intended to simultaneously satisfy the filing obligation of the registrant under any of the following provisions: ☐ Written communications pursuant to Rule 425 under the Securities Act (17 CFR 230.425) ☐ Soliciting material pursuant to Rule 14a-12 under the Exchange Act (17 CFR 240.14a-12) ☐ Pre-commencement communications pursuant to Rule 14d-2(b) under the Exchange Act (17 CFR 240.14d-2(b)) ☐ Pre-commencement communications pursuant to Rule 13e-4(c) under the Exchange Act (17 CFR 240.13e-4(c)) Securities registered pursuant to Section 12(b) of the Act: Indicate by check mark whether the registrant is an emerging growth company as defined in Rule 405 of the Securities Act of 1933 (§230.405 of this chapter) or Rule 12b-2 of the Securities Exchange Act of 1934 (§240.12b-2 of this chapter). Emerging Growth Company ☐ If an emerging growth company, indicate by check mark if the registrant has elected not to use the extended transition period for complying with any new or revised financial accounting standards provided pursuant to Section 13(a) of the Exchange Act. ☐ Item 5.02. Departure of Directors or Certain Officers; Election of Directors; Appointment of Certain Officers; Compensatory Arrangements of Certain Officers. Amendment and Restatement of Amended and Restated 2007 Equity Incentive Plan On June 9, 2020, at the 2020 Annual Meeting of Stockholders of NVIDIA Corporation, or the 2020 Annual Meeting, our stockholders approved an amendment and restatement of the NVIDIA Corporation Amended and Restated 2007 Equity Incentive Plan, or the 2007 Plan, to increase the available share reserve by 14,800,000 shares as described in our definitive proxy statement for the 2020 Annual Meeting filed with the Securities and Exchange Commission on April 29, 2020, or the Proxy Statement. The 2007 Plan previously had been approved, subject to stockholder approval, by the Compensation Committee of the Board of Directors of NVIDIA, or the Committee. A summary of the 2007 Plan is set forth in our Proxy Statement. That summary and the foregoing description of the 2007 Plan are qualified in their entirety by reference to the text of the 2007 Plan, which is filed as Exhibit 10.1 hereto and incorporated herein by reference. Amendment and Restatement of Amended and Restated 2012 Employee Stock Purchase Plan At the 2020 Annual Meeting, our stockholders also approved an amendment and restatement of the NVIDIA Corporation Amended and Restated 2012 Employee Stock Purchase Plan, or the 2012 Plan, to increase the available share reserve by 2,000,000 shares as described in the Proxy Statement. The 2012 Plan previously had been approved, subject to stockholder approval, by the Committee. A summary of the 2012 Plan is set forth in our Proxy Statement. That summary and the foregoing description of the 2012 Plan are qualified in their entirety by reference to the text of the 2012 Plan, which is filed as Exhibit 10.2 hereto and incorporated herein by reference. Item 5.07. Submission of Matters to a Vote of Security Holders. At the 2020 Annual Meeting, the following proposals were adopted by the margin indicated. Proxies for the 2020 Annual Meeting were solicited pursuant to Section 14(a) of the Securities Exchange Act of 1934, as amended, and there was no solicitation in opposition of management’s solicitation. 1.    The election of each of our eleven (11) directors to serve for a one-year term until our 2021 Annual Meeting of Stockholders. The results of the voting were as follows: 2.    The approval, on an advisory basis, of the compensation of our named executive officers as disclosed Proxy Statement. The results of the voting were as follows:"
NVDA_8-K_2020-06-15_0002,NVDA,8-K,2020-06-15,NVDA_8-K_0001045810-20-000103_a8-k2020annualmeetingr.htm,2,247,"That summary and the foregoing description of the 2012 Plan are qualified in their entirety by reference to the text of the 2012 Plan, which is filed as Exhibit 10.2 hereto and incorporated herein by reference. Item 5.07. Submission of Matters to a Vote of Security Holders. At the 2020 Annual Meeting, the following proposals were adopted by the margin indicated. Proxies for the 2020 Annual Meeting were solicited pursuant to Section 14(a) of the Securities Exchange Act of 1934, as amended, and there was no solicitation in opposition of management’s solicitation. 1. The election of each of our eleven (11) directors to serve for a one-year term until our 2021 Annual Meeting of Stockholders. The results of the voting were as follows: 2. The approval, on an advisory basis, of the compensation of our named executive officers as disclosed Proxy Statement. The results of the voting were as follows: 3.    The ratification of the appointment of PricewaterhouseCoopers LLP as our independent registered accounting firm for our fiscal year ending January 31, 2021. The results of the voting were as follows: 4.    The approval of the 2007 Plan. The results of the voting were as follows: 5.    The approval of the 2012 Plan. The results of the voting were as follows: Item 9.01    Financial Statements and Exhibits. Pursuant to the requirements of the Securities Exchange Act of 1934, the registrant has duly caused this report to be signed on its behalf by the undersigned hereunto duly authorized."
NVDA_8-K_2020-07-13_0000,NVDA,8-K,2020-07-13,NVDA_8-K_0001045810-20-000127_nvda-20200713.htm,0,499,"0001045810 false 0001045810 2020-07-13 2020-07-13 SECURITIES AND EXCHANGE COMMISSION WASHINGTON, DC 20549 PURSUANT TO SECTION 13 OR 15(d) OF THE SECURITIES EXCHANGE ACT OF 1934 Date of Report (Date of earliest event reported): July 13, 2020 NVIDIA CORP ORATION 2788 San Tomas Expressway , Santa Clara , CA 95051 (Address of principal executive offices) (Zip Code) Registrant’s telephone number, including area code: ( 408 ) 486-2000 (Former name or former address, if changed since last report) Check the appropriate box below if the Form 8-K filing is intended to simultaneously satisfy the filing obligation of the registrant under any of the following provisions: ☐ Written communications pursuant to Rule 425 under the Securities Act (17 CFR 230.425) ☐ Soliciting material pursuant to Rule 14a-12 under the Exchange Act (17 CFR 240.14a-12) ☐ Pre-commencement communications pursuant to Rule 14d-2(b) under the Exchange Act (17 CFR 240.14d-2(b)) ☐ Pre-commencement communications pursuant to Rule 13e-4(c) under the Exchange Act (17 CFR 240.13e-4(c)) Securities registered pursuant to Section 12(b) of the Act: Indicate by check mark whether the registrant is an emerging growth company as defined in Rule 405 of the Securities Act of 1933 (§230.405 of this chapter) or Rule 12b-2 of the Securities Exchange Act of 1934 (§240.12b-2 of this chapter). Emerging Growth Company ☐ If an emerging growth company, indicate by check mark if the registrant has elected not to use the extended transition period for complying with any new or revised financial accounting standards provided pursuant to Section 13(a) of the Exchange Act. ☐ Item 5.02. Departure of Directors or Certain Officers; Election of Directors; Appointment of Certain Officers; Compensatory Arrangements of Certain Officers. On July 13, 2020, John Dabiri was appointed to the Board of Directors of NVIDIA Corporation (the “ Board ”). In connection with his appointment to the Board, Mr. Dabiri was granted pursuant to our 2007 Amended and Restated Equity Incentive Plan (the “ 2007 Plan ”): (a) an initial equity grant of 620 restricted stock units, vesting approximately semi-annually over three years commencing July 13, 2020, and (b) a pro-rated annual equity grant of 633 restricted stock units, with 277 shares vesting on November 18, 2020 and 356 shares vesting on May 19, 2021. Additionally, he was granted a pro-rated annual cash retainer of $66,780, payable starting on July 13, 2020. The 2007 Plan is filed as Exhibit 10.1 to our Current Report on Form 8-K (File No. 0-23985) filed with the Securities and Exchange Commission on June 15, 2020. In addition, we have entered into an indemnity agreement with Mr. Dabiri in connection with his service as a member of the Board. The form of indemnity agreement is filed as Exhibit 10.1 to our Current Report on Form 8-K (File No. 0-23985) filed with the Securities and Exchange Commission on March 7, 2006. Pursuant to the requirements of the Securities Exchange Act of 1934, the registrant has duly caused this report to be signed on its behalf by the undersigned hereunto duly authorized."
NVDA_8-K_2020-08-19_0000,NVDA,8-K,2020-08-19,NVDA_8-K_0001045810-20-000145_nvda-20200819.htm,0,485,"0001045810 false 0001045810 2020-08-19 2020-08-19 SECURITIES AND EXCHANGE COMMISSION WASHINGTON, DC 20549 PURSUANT TO SECTION 13 OR 15(d) OF THE SECURITIES EXCHANGE ACT OF 1934 Date of Report (Date of earliest event reported): August 19, 2020 NVIDIA CORP ORATION 2788 San Tomas Expressway , Santa Clara , CA 95051 (Address of principal executive offices) (Zip Code) Registrant’s telephone number, including area code: ( 408 ) 486-2000 (Former name or former address, if changed since last report) Check the appropriate box below if the Form 8-K filing is intended to simultaneously satisfy the filing obligation of the registrant under any of the following provisions: ☐ Written communications pursuant to Rule 425 under the Securities Act (17 CFR 230.425) ☐ Soliciting material pursuant to Rule 14a-12 under the Exchange Act (17 CFR 240.14a-12) ☐ Pre-commencement communications pursuant to Rule 14d-2(b) under the Exchange Act (17 CFR 240.14d-2(b)) ☐ Pre-commencement communications pursuant to Rule 13e-4(c) under the Exchange Act (17 CFR 240.13e-4(c)) Securities registered pursuant to Section 12(b) of the Act: Indicate by check mark whether the registrant is an emerging growth company as defined in Rule 405 of the Securities Act of 1933 (§230.405 of this chapter) or Rule 12b-2 of the Securities Exchange Act of 1934 (§240.12b-2 of this chapter). Emerging Growth Company ☐ If an emerging growth company, indicate by check mark if the registrant has elected not to use the extended transition period for complying with any new or revised financial accounting standards provided pursuant to Section 13(a) of the Exchange Act. ☐ Item 2.02 Results of Operations and Financial Condition. On August 19, 2020, NVIDIA Corporation, or the Company, issued a press release announcing its results for the quarter ended July 26, 2020. The press release is attached as Exhibit 99.1 and is incorporated herein by reference. Attached hereto as Exhibit 99.2 and incorporated by reference herein is financial information and commentary by Colette M. Kress, Executive Vice President and Chief Financial Officer of the Company, regarding results of the quarter ended July 26, 2020, or the CFO Commentary. The CFO Commentary will be posted to http://investor.nvidia.com immediately after the filing of this Current Report. The press release and CFO Commentary are furnished and shall not be deemed ""filed"" for purposes of Section 18 of the Securities Exchange Act of 1934, as amended, or subject to the liabilities of that Section or Sections 11 and 12(a)(2) of the Securities Act of 1933, as amended. The information in this Current Report shall not be incorporated by reference in any filing with the U.S. Securities and Exchange Commission made by the Company, whether made before or after the date hereof, regardless of any general incorporation language in such filing. Item 9.01 Financial Statements and Exhibits. Pursuant to the requirements of the Securities Exchange Act of 1934, the registrant has duly caused this report to be signed on its behalf by the undersigned hereunto duly authorized."
NVDA_8-K_2020-09-14_0000,NVDA,8-K,2020-09-14,NVDA_8-K_0001193125-20-244601_d13958d8k.htm,0,501,"NVIDIA CORP false 0001045810 0001045810 2020-09-13 2020-09-13 UNITED STATES SECURITIES AND EXCHANGE COMMISSION WASHINGTON, DC 20549 FORM 8-K CURRENT REPORT PURSUANT TO SECTION 13 OR 15(d) OF THE SECURITIES EXCHANGE ACT OF 1934 Date of Report (Date of earliest event reported): September 13, 2020 NVIDIA CORPORATION (Exact name of registrant as specified in its charter) Registrant’s telephone number, including area code: (408) 486-2000 Not Applicable (Former name or former address, if changed since last report) Check the appropriate box below if the Form 8-K filing is intended to simultaneously satisfy the filing obligation of the registrant under any of the following provisions (see General Instruction A.2. below): ☐ Written communications pursuant to Rule 425 under the Securities Act (17 CFR 230.425) ☐ Soliciting material pursuant to Rule 14a-12 under the Exchange Act (17 CFR 240.14a-12) ☐ Pre-commencement communications pursuant to Rule 14d-2(b) under the Exchange Act (17 CFR 240.14d-2(b)) ☐ Pre-commencement communications pursuant to Rule 13e-4(c) under the Exchange Act (17 CFR 240.13e-4(c)) Securities registered pursuant to Section 12(b) of the Act: Indicate by check mark whether the registrant is an emerging growth company as defined in Rule 405 of the Securities Act of 1933 (§230.405 of this chapter) or Rule 12b-2 of the Securities Exchange Act of 1934 (§240.12b-2 of this chapter). Emerging Growth Company ☐ If an emerging growth company, indicate by check mark if the registrant has elected not to use the extended transition period for complying with any new or revised financial accounting standards provided pursuant to Section 13(a) of the Exchange Act.  ☐ SECURITIES AND EXCHANGE COMMISSION WASHINGTON, DC 20549 PURSUANT TO SECTION 13 OR 15(d) OF THE SECURITIES EXCHANGE ACT OF 1934 Date of Report (Date of earliest event reported): September 13, 2020 NVIDIA CORPORATION (Exact name of registrant as specified in its charter) Registrant’s telephone number, including area code: (408) 486-2000 (Former name or former address, if changed since last report) Check the appropriate box below if the Form 8-K filing is intended to simultaneously satisfy the filing obligation of the registrant under any of the following provisions (see General Instruction A.2. below): ☐ Written communications pursuant to Rule 425 under the Securities Act (17 CFR 230.425) ☐ Soliciting material pursuant to Rule 14a-12 under the Exchange Act (17 CFR 240.14a-12) ☐ Pre-commencement communications pursuant to Rule 14d-2(b) under the Exchange Act (17 CFR 240.14d-2(b)) ☐ Pre-commencement communications pursuant to Rule 13e-4(c) under the Exchange Act (17 CFR 240.13e-4(c)) Securities registered pursuant to Section 12(b) of the Act: Indicate by check mark whether the registrant is an emerging growth company as defined in Rule 405 of the Securities Act of 1933 (§230.405 of this chapter) or Rule 12b-2 of the Securities Exchange Act of 1934 (§240.12b-2 of this chapter). Emerging Growth Company ☐ If an emerging growth company, indicate by check mark if the registrant has elected not to use the extended transition period for complying with any new or revised financial accounting standards provided pursuant to Section 13(a) of the Exchange Act.  ☐"
NVDA_8-K_2020-09-14_0001,NVDA,8-K,2020-09-14,NVDA_8-K_0001193125-20-244601_d13958d8k.htm,1,710,"Written communications pursuant to Rule 425 under the Securities Act (17 CFR 230.425) ☐ Soliciting material pursuant to Rule 14a-12 under the Exchange Act (17 CFR 240.14a-12) ☐ Pre-commencement communications pursuant to Rule 14d-2(b) under the Exchange Act (17 CFR 240.14d-2(b)) ☐ Pre-commencement communications pursuant to Rule 13e-4(c) under the Exchange Act (17 CFR 240.13e-4(c)) Securities registered pursuant to Section 12(b) of the Act: Indicate by check mark whether the registrant is an emerging growth company as defined in Rule 405 of the Securities Act of 1933 (§230.405 of this chapter) or Rule 12b-2 of the Securities Exchange Act of 1934 (§240.12b-2 of this chapter). Emerging Growth Company ☐ If an emerging growth company, indicate by check mark if the registrant has elected not to use the extended transition period for complying with any new or revised financial accounting standards provided pursuant to Section 13(a) of the Exchange Act. ☐ Share Purchase Agreement On September 13, 2020, NVIDIA Corporation, a Delaware corporation (“NVIDIA”), entered into a Share Purchase Agreement (the “Purchase Agreement”) with NVIDIA International Holdings Inc., a Delaware corporation and a wholly owned subsidiary of NVIDIA (“NVIDIA Holdings”), Arm Limited, a company organized under the laws of England & Wales (“Arm”), SoftBank Group Capital Limited, a company organized under the laws of England & Wales (“SoftBank”), and SVF Holdco (UK) Limited, a company organized under the laws of England & Wales (“Vision Fund”, and together with SoftBank, the “Sellers”). The Purchase Agreement and the Share Purchase (as defined below) have been approved by the respective boards of directors or equivalent governing bodies of NVIDIA, NVIDIA Holdings, Arm and each of the Sellers. Transaction Overview. The Purchase Agreement provides that, upon the terms and subject to the conditions set forth in the Purchase Agreement, NVIDIA or its designee will acquire, from the Sellers, all of the allotted and issued ordinary shares of Arm of a par value of £0.001 (the “Share Purchase”) in a transaction valued at $40 billion. As consideration for the Share Purchase, NVIDIA will (i) pay the Sellers and Arm $2 billion in cash (the “Signing Consideration”) upon the signing of the Purchase Agreement as an advance on the consideration for the Share Purchase and as consideration for an intellectual property license from Arm to NVIDIA; (ii) pay the Sellers $10 billion in cash (subject to certain deductions and adjustments) at the closing of the Share Purchase (the “Closing”); (iii) issue to the Sellers 44.3 million shares of NVIDIA’s common stock, par value $0.001 (“NVIDIA Stock”), at the Closing with an aggregate value of $21.5 billion, as determined by the average daily closing price of NVIDIA Stock for the 30 trading days ending one trading day prior to the date of the Purchase Agreement; (iv) pay to the Sellers earn out payments of up to $5 billion in cash or up to 10.3 million shares of NVIDIA Stock (as determined by the average daily closing price of NVIDIA Stock for the 30 trading days ending one trading day prior to the date of the Purchase Agreement), contingent on the achievement of certain financial performance targets for Arm during the fiscal period beginning April 1, 2021 and ending March 31, 2022 and (v) issue restricted stock units covering NVIDIA Stock with an aggregate value not to exceed $1.5 billion to employees of Arm following the Closing, in each case in accordance with the terms of the Purchase Agreement. Covenants, Representations and Warranties and Indemnities . Each of NVIDIA, NVIDIA Holdings, Arm and the Sellers have made customary representations, warranties and covenants in the Purchase Agreement. Arm and the Sellers have made covenants, among others, relating to a reorganization and distribution of Arm’s IoT Services Group and certain other specified assets and liabilities and the conduct of Arm’s business in the ordinary course prior to the Closing. Each of NVIDIA, the Sellers and Arm have agreed in the Purchase Agreement to use their reasonable best efforts to obtain all required governmental and regulatory consents and approvals subject to certain limitations. In addition, the Purchase Agreement provides that, subject to certain negotiated limitations and survival periods, NVIDIA and the Sellers will indemnify each other for breaches of these representations, warranties and covenants and for certain other matters. Share Purchase Agreement"
NVDA_8-K_2020-09-14_0002,NVDA,8-K,2020-09-14,NVDA_8-K_0001193125-20-244601_d13958d8k.htm,2,704,"case in accordance with the terms of the Purchase Agreement. Covenants, Representations and Warranties and Indemnities . Each of NVIDIA, NVIDIA Holdings, Arm and the Sellers have made customary representations, warranties and covenants in the Purchase Agreement. Arm and the Sellers have made covenants, among others, relating to a reorganization and distribution of Arm’s IoT Services Group and certain other specified assets and liabilities and the conduct of Arm’s business in the ordinary course prior to the Closing. Each of NVIDIA, the Sellers and Arm have agreed in the Purchase Agreement to use their reasonable best efforts to obtain all required governmental and regulatory consents and approvals subject to certain limitations. In addition, the Purchase Agreement provides that, subject to certain negotiated limitations and survival periods, NVIDIA and the Sellers will indemnify each other for breaches of these representations, warranties and covenants and for certain other matters. Share Purchase Agreement On September 13, 2020, NVIDIA Corporation, a Delaware corporation (“NVIDIA”), entered into a Share Purchase Agreement (the “Purchase Agreement”) with NVIDIA International Holdings Inc., a Delaware corporation and a wholly owned subsidiary of NVIDIA (“NVIDIA Holdings”), Arm Limited, a company organized under the laws of England & Wales (“Arm”), SoftBank Group Capital Limited, a company organized under the laws of England & Wales (“SoftBank”), and SVF Holdco (UK) Limited, a company organized under the laws of England & Wales (“Vision Fund”, and together with SoftBank, the “Sellers”). The Purchase Agreement and the Share Purchase (as defined below) have been approved by the respective boards of directors or equivalent governing bodies of NVIDIA, NVIDIA Holdings, Arm and each of the Sellers. Transaction Overview. The Purchase Agreement provides that, upon the terms and subject to the conditions set forth in the Purchase Agreement, NVIDIA or its designee will acquire, from the Sellers, all of the allotted and issued ordinary shares of Arm of a par value of £0.001 (the “Share Purchase”) in a transaction valued at $40 billion. As consideration for the Share Purchase, NVIDIA will (i) pay the Sellers and Arm $2 billion in cash (the “Signing Consideration”) upon the signing of the Purchase Agreement as an advance on the consideration for the Share Purchase and as consideration for an intellectual property license from Arm to NVIDIA; (ii) pay the Sellers $10 billion in cash (subject to certain deductions and adjustments) at the closing of the Share Purchase (the “Closing”); (iii) issue to the Sellers 44.3 million shares of NVIDIA’s common stock, par value $0.001 (“NVIDIA Stock”), at the Closing with an aggregate value of $21.5 billion, as determined by the average daily closing price of NVIDIA Stock for the 30 trading days ending one trading day prior to the date of the Purchase Agreement; (iv) pay to the Sellers earn out payments of up to $5 billion in cash or up to 10.3 million shares of NVIDIA Stock (as determined by the average daily closing price of NVIDIA Stock for the 30 trading days ending one trading day prior to the date of the Purchase Agreement), contingent on the achievement of certain financial performance targets for Arm during the fiscal period beginning April 1, 2021 and ending March 31, 2022 and (v) issue restricted stock units covering NVIDIA Stock with an aggregate value not to exceed $1.5 billion to employees of Arm following the Closing, in each case in accordance with the terms of the Purchase Agreement. Covenants, Representations and Warranties and Indemnities . Each of NVIDIA, NVIDIA Holdings, Arm and the Sellers have made customary representations, warranties and covenants in the Purchase Agreement. Arm and the Sellers have made covenants, among others, relating to a reorganization and distribution of Arm’s IoT Services Group and certain other specified assets and liabilities and the conduct of Arm’s business in the ordinary course prior to the Closing. Each of NVIDIA, the Sellers and Arm have agreed in the Purchase Agreement to use their reasonable best efforts to obtain all required governmental and regulatory consents and approvals subject to certain limitations. In addition, the Purchase Agreement provides that, subject to certain negotiated limitations and survival periods, NVIDIA and the Sellers will indemnify each other for breaches of these representations, warranties and covenants and for certain other matters."
NVDA_8-K_2020-09-14_0003,NVDA,8-K,2020-09-14,NVDA_8-K_0001193125-20-244601_d13958d8k.htm,3,776,"Closing, in each case in accordance with the terms of the Purchase Agreement. Covenants, Representations and Warranties and Indemnities . Each of NVIDIA, NVIDIA Holdings, Arm and the Sellers have made customary representations, warranties and covenants in the Purchase Agreement. Arm and the Sellers have made covenants, among others, relating to a reorganization and distribution of Arm’s IoT Services Group and certain other specified assets and liabilities and the conduct of Arm’s business in the ordinary course prior to the Closing. Each of NVIDIA, the Sellers and Arm have agreed in the Purchase Agreement to use their reasonable best efforts to obtain all required governmental and regulatory consents and approvals subject to certain limitations. In addition, the Purchase Agreement provides that, subject to certain negotiated limitations and survival periods, NVIDIA and the Sellers will indemnify each other for breaches of these representations, warranties and covenants and for certain other matters. At the Closing, NVIDIA and the Sellers will enter into an investor rights agreement, pursuant to which, among other things, the Sellers will be subject to certain rights and restrictions relating to the shares of NVIDIA Stock issued as consideration for the Share Purchase. Conditions to the Share Purchase . The Closing of the Share Purchase is subject to certain conditions, including, among others, (a) the absence of laws, orders, decrees, judgments and injunctions by any governmental entity of competent jurisdiction preventing the completion of the Share Purchase or that make the completion of the Share Purchase illegal, (b) the receipt of specified governmental and regulatory consents and approvals and expiration of any mandatory waiting period related thereto, (c) subject to certain exceptions, the accuracy of representations and warranties with respect to Arm, NVIDIA, NVIDIA Holdings and the Sellers, (d) compliance in all material respects by Arm, NVIDIA, NVIDIA Holdings and the Sellers with their respective covenants contained in the Purchase Agreement, (e) the implementation by Arm of the reorganizations described above, and (f) certification by Arm and the Sellers of Arm’s compliance with certain undertakings given by Arm to The Panel on Takeovers and Mergers of the United Kingdom. The Share Purchase is not subject to a financing condition. Termination Rights . The Purchase Agreement contains certain termination rights by either NVIDIA or the Sellers, including if the Share Purchase is not consummated by September 13, 2021, which date may be extended by three months on four consecutive occasions if, on the applicable date, certain conditions to Closing have not been satisfied. If the Purchase Agreement is terminated under certain circumstances, the Sellers will refund a portion of the Signing Consideration to NVIDIA. The foregoing description of the Purchase Agreement is qualified in its entirety by reference to the full text of the Purchase Agreement, a copy of which is filed as Exhibit 2.1 hereto, and is incorporated into this report by reference. The Purchase Agreement contains representations, warranties and covenants that the respective parties made to each other as of the date of such agreement or other specific dates. The assertions embodied in those representations, warranties and covenants were made for purposes of the contract among the respective parties and are subject to important qualifications and limitations agreed to by the parties in connection with negotiating such agreement. The Purchase Agreement has been attached to provide investors with information regarding its terms. It is not intended to provide any other factual information about NVIDIA, NVIDIA Holdings, Arm or the Sellers. In particular, the representations, warranties, covenants and agreements contained in the Purchase Agreement, which were made only for purposes of such agreement and as of specific dates, were solely for the benefit of the parties to the Purchase Agreement, may be subject to limitations agreed upon by the contracting parties (including being qualified by confidential disclosures made for the purposes of allocating contractual risk between the parties to the Purchase Agreement instead of establishing these matters as facts) and may be subject to standards of materiality applicable to the contracting parties that differ from those applicable to investors and reports and documents filed with the U.S. Securities and Exchange Commission (the “SEC”). Investors should not rely on the representations, warranties, covenants and agreements, or any descriptions thereof, as characterizations of the actual state of facts or condition of any party to the Purchase Agreement. In addition, the representations, warranties, covenants and agreements and other terms of the Purchase Agreement may be subject to subsequent waiver or modification. Moreover, information concerning the subject matter of the representations and warranties and other terms may change after the date of the Purchase Agreement, which subsequent information may or may not be fully reflected in NVIDIA’s public disclosures."
NVDA_8-K_2020-09-14_0004,NVDA,8-K,2020-09-14,NVDA_8-K_0001193125-20-244601_d13958d8k.htm,4,776,"confidential disclosures made for the purposes of allocating contractual risk between the parties to the Purchase Agreement instead of establishing these matters as facts) and may be subject to standards of materiality applicable to the contracting parties that differ from those applicable to investors and reports and documents filed with the U.S. Securities and Exchange Commission (the “SEC”). Investors should not rely on the representations, warranties, covenants and agreements, or any descriptions thereof, as characterizations of the actual state of facts or condition of any party to the Purchase Agreement. In addition, the representations, warranties, covenants and agreements and other terms of the Purchase Agreement may be subject to subsequent waiver or modification. Moreover, information concerning the subject matter of the representations and warranties and other terms may change after the date of the Purchase Agreement, which subsequent information may or may not be fully reflected in NVIDIA’s public disclosures. At the Closing, NVIDIA and the Sellers will enter into an investor rights agreement, pursuant to which, among other things, the Sellers will be subject to certain rights and restrictions relating to the shares of NVIDIA Stock issued as consideration for the Share Purchase. Conditions to the Share Purchase . The Closing of the Share Purchase is subject to certain conditions, including, among others, (a) the absence of laws, orders, decrees, judgments and injunctions by any governmental entity of competent jurisdiction preventing the completion of the Share Purchase or that make the completion of the Share Purchase illegal, (b) the receipt of specified governmental and regulatory consents and approvals and expiration of any mandatory waiting period related thereto, (c) subject to certain exceptions, the accuracy of representations and warranties with respect to Arm, NVIDIA, NVIDIA Holdings and the Sellers, (d) compliance in all material respects by Arm, NVIDIA, NVIDIA Holdings and the Sellers with their respective covenants contained in the Purchase Agreement, (e) the implementation by Arm of the reorganizations described above, and (f) certification by Arm and the Sellers of Arm’s compliance with certain undertakings given by Arm to The Panel on Takeovers and Mergers of the United Kingdom. The Share Purchase is not subject to a financing condition. Termination Rights . The Purchase Agreement contains certain termination rights by either NVIDIA or the Sellers, including if the Share Purchase is not consummated by September 13, 2021, which date may be extended by three months on four consecutive occasions if, on the applicable date, certain conditions to Closing have not been satisfied. If the Purchase Agreement is terminated under certain circumstances, the Sellers will refund a portion of the Signing Consideration to NVIDIA. The foregoing description of the Purchase Agreement is qualified in its entirety by reference to the full text of the Purchase Agreement, a copy of which is filed as Exhibit 2.1 hereto, and is incorporated into this report by reference. The Purchase Agreement contains representations, warranties and covenants that the respective parties made to each other as of the date of such agreement or other specific dates. The assertions embodied in those representations, warranties and covenants were made for purposes of the contract among the respective parties and are subject to important qualifications and limitations agreed to by the parties in connection with negotiating such agreement. The Purchase Agreement has been attached to provide investors with information regarding its terms. It is not intended to provide any other factual information about NVIDIA, NVIDIA Holdings, Arm or the Sellers. In particular, the representations, warranties, covenants and agreements contained in the Purchase Agreement, which were made only for purposes of such agreement and as of specific dates, were solely for the benefit of the parties to the Purchase Agreement, may be subject to limitations agreed upon by the contracting parties (including being qualified by confidential disclosures made for the purposes of allocating contractual risk between the parties to the Purchase Agreement instead of establishing these matters as facts) and may be subject to standards of materiality applicable to the contracting parties that differ from those applicable to investors and reports and documents filed with the U.S. Securities and Exchange Commission (the “SEC”). Investors should not rely on the representations, warranties, covenants and agreements, or any descriptions thereof, as characterizations of the actual state of facts or condition of any party to the Purchase Agreement. In addition, the representations, warranties, covenants and agreements and other terms of the Purchase Agreement may be subject to subsequent waiver or modification. Moreover, information concerning the subject matter of the representations and warranties and other terms may change after the date of the Purchase Agreement, which subsequent information may or may not be fully reflected in NVIDIA’s public disclosures."
NVDA_8-K_2020-09-14_0005,NVDA,8-K,2020-09-14,NVDA_8-K_0001193125-20-244601_d13958d8k.htm,5,771,"confidential disclosures made for the purposes of allocating contractual risk between the parties to the Purchase Agreement instead of establishing these matters as facts) and may be subject to standards of materiality applicable to the contracting parties that differ from those applicable to investors and reports and documents filed with the U.S. Securities and Exchange Commission (the “SEC”). Investors should not rely on the representations, warranties, covenants and agreements, or any descriptions thereof, as characterizations of the actual state of facts or condition of any party to the Purchase Agreement. In addition, the representations, warranties, covenants and agreements and other terms of the Purchase Agreement may be subject to subsequent waiver or modification. Moreover, information concerning the subject matter of the representations and warranties and other terms may change after the date of the Purchase Agreement, which subsequent information may or may not be fully reflected in NVIDIA’s public disclosures. On September 13, 2020, NVIDIA, SoftBank and Arm issued a joint press release related to their entry into the Purchase Agreement, a copy of which is furnished as Exhibit 99.1. On September 13, 2020, NVIDIA published an investor presentation regarding the transaction, a copy of which is furnished as Exhibit 99.2. The information in this Item 7.01 and Exhibits 99.1 and 99.2 are furnished and shall not be deemed “filed” for purposes of Section 18 of the Securities Exchange Act of 1934, as amended, or subject to the liabilities of that Section or Sections 11 and 12(a)(2) of the Securities Act of 1933, as amended. The information in this Current Report shall not be incorporated by reference in any filing with the SEC made by NVIDIA, whether made before or after the date hereof, regardless of any general incorporation language in such filing. * * * Safe Harbor for Forward-looking Statements All statements included or incorporated by reference in this communication, other than statements or characterizations of historical fact, are forward-looking statements within the meaning of the federal securities laws. These forward-looking statements are based on NVIDIA’s current expectations, estimates and projections about its business and industry, management’s beliefs, and certain assumptions made by NVIDIA and Arm, all of which are subject to change. Forward-looking statements can often be identified by words such as “anticipates,” “expects,” “intends,” “plans,” “predicts,” “believes,” “seeks,” “goals,” “likely,” “might,” “project,” “target,” “estimates,” “may,” “will,” “should,” “would,” “could,” “potential,” “continue,” “ongoing,” or similar expressions, and variations or negatives of these words. Certain statements in this press release including, but not limited to, statements as to the proposed Share Purchase, including statements regarding the benefits of the transaction and what the combined companies will offer, the timing, price and closing conditions of the transaction; and statements regarding the companies’ products and markets are forward-looking statements that are subject to risks and uncertainties that could cause results to be materially different than expectations. These forward-looking statements are based on current expectations and are not guarantees of future results. Many factors could cause actual future events to differ materially from the forward looking statements in this document, including the following, among others: the risk that the transaction may not be completed in a timely manner or at all, which may adversely affect NVIDIA’s business and the price of its stock; uncertainties as to the timing of the consummation of the transaction and the failure to satisfy the conditions to the consummation of the transaction, including the receipt of certain governmental and regulatory approvals; the potential for regulatory authorities to require divestitures, behavioral remedies or other concessions in order to obtain their approval of the proposed transaction; the occurrence of any event, change or other circumstance that could give rise to the termination of the Purchase Agreement; the effect of the announcement or pendency of the transaction on NVIDIA’s business relationships, operating results, and business generally; delays, disruptions or increased costs in the integration of Arm’s technology into existing or new products; expected financial benefits and other benefits of the transaction may not be realized; integration of the acquisition post-closing, and the combined companies’ ability to achieve the growth prospects and synergies expected from the transaction, may not occur as anticipated, and there may be delays, challenges and expenses associated with integrating the combined companies’ existing businesses; litigation related to the transaction or otherwise or limitations or restrictions imposed by regulatory authorities may delay or negatively impact the transaction; unanticipated restructuring costs may be incurred or undisclosed liabilities assumed; attempts to retain key personnel and customers may not succeed; risks related to diverting management’s attention from NVIDIA’s ongoing business operations; the business combination or the combined company’s products may not be"
NVDA_8-K_2020-09-14_0006,NVDA,8-K,2020-09-14,NVDA_8-K_0001193125-20-244601_d13958d8k.htm,6,768,"announcement or pendency of the transaction on NVIDIA’s business relationships, operating results, and business generally; delays, disruptions or increased costs in the integration of Arm’s technology into existing or new products; expected financial benefits and other benefits of the transaction may not be realized; integration of the acquisition post-closing, and the combined companies’ ability to achieve the growth prospects and synergies expected from the transaction, may not occur as anticipated, and there may be delays, challenges and expenses associated with integrating the combined companies’ existing businesses; litigation related to the transaction or otherwise or limitations or restrictions imposed by regulatory authorities may delay or negatively impact the transaction; unanticipated restructuring costs may be incurred or undisclosed liabilities assumed; attempts to retain key personnel and customers may not succeed; risks related to diverting management’s attention from NVIDIA’s ongoing business operations; the business combination or the combined company’s products may not be On September 13, 2020, NVIDIA, SoftBank and Arm issued a joint press release related to their entry into the Purchase Agreement, a copy of which is furnished as Exhibit 99.1. On September 13, 2020, NVIDIA published an investor presentation regarding the transaction, a copy of which is furnished as Exhibit 99.2. The information in this Item 7.01 and Exhibits 99.1 and 99.2 are furnished and shall not be deemed “filed” for purposes of Section 18 of the Securities Exchange Act of 1934, as amended, or subject to the liabilities of that Section or Sections 11 and 12(a)(2) of the Securities Act of 1933, as amended. The information in this Current Report shall not be incorporated by reference in any filing with the SEC made by NVIDIA, whether made before or after the date hereof, regardless of any general incorporation language in such filing. Safe Harbor for Forward-looking Statements All statements included or incorporated by reference in this communication, other than statements or characterizations of historical fact, are forward-looking statements within the meaning of the federal securities laws. These forward-looking statements are based on NVIDIA’s current expectations, estimates and projections about its business and industry, management’s beliefs, and certain assumptions made by NVIDIA and Arm, all of which are subject to change. Forward-looking statements can often be identified by words such as “anticipates,” “expects,” “intends,” “plans,” “predicts,” “believes,” “seeks,” “goals,” “likely,” “might,” “project,” “target,” “estimates,” “may,” “will,” “should,” “would,” “could,” “potential,” “continue,” “ongoing,” or similar expressions, and variations or negatives of these words. Certain statements in this press release including, but not limited to, statements as to the proposed Share Purchase, including statements regarding the benefits of the transaction and what the combined companies will offer, the timing, price and closing conditions of the transaction; and statements regarding the companies’ products and markets are forward-looking statements that are subject to risks and uncertainties that could cause results to be materially different than expectations. These forward-looking statements are based on current expectations and are not guarantees of future results. Many factors could cause actual future events to differ materially from the forward looking statements in this document, including the following, among others: the risk that the transaction may not be completed in a timely manner or at all, which may adversely affect NVIDIA’s business and the price of its stock; uncertainties as to the timing of the consummation of the transaction and the failure to satisfy the conditions to the consummation of the transaction, including the receipt of certain governmental and regulatory approvals; the potential for regulatory authorities to require divestitures, behavioral remedies or other concessions in order to obtain their approval of the proposed transaction; the occurrence of any event, change or other circumstance that could give rise to the termination of the Purchase Agreement; the effect of the announcement or pendency of the transaction on NVIDIA’s business relationships, operating results, and business generally; delays, disruptions or increased costs in the integration of Arm’s technology into existing or new products; expected financial benefits and other benefits of the transaction may not be realized; integration of the acquisition post-closing, and the combined companies’ ability to achieve the growth prospects and synergies expected from the transaction, may not occur as anticipated, and there may be delays, challenges and expenses associated with integrating the combined companies’ existing businesses; litigation related to the transaction or otherwise or limitations or restrictions imposed by regulatory authorities may delay or negatively impact the transaction; unanticipated restructuring costs may be incurred or undisclosed liabilities assumed; attempts to retain key personnel and customers may not succeed; risks related to diverting management’s attention from NVIDIA’s ongoing business operations; the business combination or the combined company’s products may not be"
NVDA_8-K_2020-09-14_0007,NVDA,8-K,2020-09-14,NVDA_8-K_0001193125-20-244601_d13958d8k.htm,7,665,"announcement or pendency of the transaction on NVIDIA’s business relationships, operating results, and business generally; delays, disruptions or increased costs in the integration of Arm’s technology into existing or new products; expected financial benefits and other benefits of the transaction may not be realized; integration of the acquisition post-closing, and the combined companies’ ability to achieve the growth prospects and synergies expected from the transaction, may not occur as anticipated, and there may be delays, challenges and expenses associated with integrating the combined companies’ existing businesses; litigation related to the transaction or otherwise or limitations or restrictions imposed by regulatory authorities may delay or negatively impact the transaction; unanticipated restructuring costs may be incurred or undisclosed liabilities assumed; attempts to retain key personnel and customers may not succeed; risks related to diverting management’s attention from NVIDIA’s ongoing business operations; the business combination or the combined company’s products may not be supported by third parties; actions by competitors may negatively impact results; potential adverse reactions or changes to business relationships resulting from the announcement or completion of the transaction; the short-term and long-term effects of the COVID-19 pandemic; there may be negative changes in general economic conditions in the regions or the industries in which NVIDIA and Arm operate; and other risks described in NVIDIA’s filings with the SEC. In addition, please refer to the documents that NVIDIA files with the SEC on Forms 10-K, 10-Q, and 8-K. These filings identify and address other important risks and uncertainties that could cause events and results to differ materially from those contained in the forward-looking statements set forth in this document. Actual results are subject to other risks and uncertainties that relate more broadly to NVIDIA’s overall business, including those more fully described in NVIDIA’s filings with the SEC. In addition, the foregoing review of important factors that could cause actual events to differ from expectations should not be construed as exhaustive and should be read in conjunction with statements that are included herein and NVIDIA’s filings with the SEC. These forward-looking statements are not guarantees of future events performance and speak only as of the date hereof, and, except as required by law, NVIDIA disclaims any obligation to update these forward-looking statements to reflect future events or circumstances. (d) Exhibits supported by third parties; actions by competitors may negatively impact results; potential adverse reactions or changes to business relationships resulting from the announcement or completion of the transaction; the short-term and long-term effects of the COVID-19 pandemic; there may be negative changes in general economic conditions in the regions or the industries in which NVIDIA and Arm operate; and other risks described in NVIDIA’s filings with the SEC. In addition, please refer to the documents that NVIDIA files with the SEC on Forms 10-K, 10-Q, and 8-K. These filings identify and address other important risks and uncertainties that could cause events and results to differ materially from those contained in the forward-looking statements set forth in this document. Actual results are subject to other risks and uncertainties that relate more broadly to NVIDIA’s overall business, including those more fully described in NVIDIA’s filings with the SEC. In addition, the foregoing review of important factors that could cause actual events to differ from expectations should not be construed as exhaustive and should be read in conjunction with statements that are included herein and NVIDIA’s filings with the SEC. These forward-looking statements are not guarantees of future events performance and speak only as of the date hereof, and, except as required by law, NVIDIA disclaims any obligation to update these forward-looking statements to reflect future events or circumstances. SIGNATURE Pursuant to the requirements of the Securities Exchange Act of 1934, the registrant has duly caused this report to be signed on its behalf by the undersigned hereunto duly authorized. Pursuant to the requirements of the Securities Exchange Act of 1934, the registrant has duly caused this report to be signed on its behalf by the undersigned hereunto duly authorized."
NVDA_8-K_2020-11-09_0000,NVDA,8-K,2020-11-09,NVDA_8-K_0001045810-20-000181_nvda-20201109.htm,0,492,"0001045810 false 0001045810 2020-07-13 2020-07-13 SECURITIES AND EXCHANGE COMMISSION WASHINGTON, DC 20549 PURSUANT TO SECTION 13 OR 15(d) OF THE SECURITIES EXCHANGE ACT OF 1934 Date of Report (Date of earliest event reported): November 9, 2020 NVIDIA CORP ORATION 2788 San Tomas Expressway , Santa Clara , CA 95051 (Address of principal executive offices) (Zip Code) Registrant’s telephone number, including area code: ( 408 ) 486-2000 (Former name or former address, if changed since last report) Check the appropriate box below if the Form 8-K filing is intended to simultaneously satisfy the filing obligation of the registrant under any of the following provisions: ☐ Written communications pursuant to Rule 425 under the Securities Act (17 CFR 230.425) ☐ Soliciting material pursuant to Rule 14a-12 under the Exchange Act (17 CFR 240.14a-12) ☐ Pre-commencement communications pursuant to Rule 14d-2(b) under the Exchange Act (17 CFR 240.14d-2(b)) ☐ Pre-commencement communications pursuant to Rule 13e-4(c) under the Exchange Act (17 CFR 240.13e-4(c)) Securities registered pursuant to Section 12(b) of the Act: Indicate by check mark whether the registrant is an emerging growth company as defined in Rule 405 of the Securities Act of 1933 (§230.405 of this chapter) or Rule 12b-2 of the Securities Exchange Act of 1934 (§240.12b-2 of this chapter). Emerging Growth Company ☐ If an emerging growth company, indicate by check mark if the registrant has elected not to use the extended transition period for complying with any new or revised financial accounting standards provided pursuant to Section 13(a) of the Exchange Act. ☐ Item 5.02. Departure of Directors or Certain Officers; Election of Directors; Appointment of Certain Officers; Compensatory Arrangements of Certain Officers. On November 9, 2020, Aarti Shah was appointed to the Board of Directors of NVIDIA Corporation (the “ Board ”). In connection with her appointment to the Board, Ms. Shah was granted pursuant to our 2007 Amended and Restated Equity Incentive Plan (the “ 2007 Plan ”): (a) an initial equity grant of 426 restricted stock units, vesting approximately semi-annually over three years commencing November 9, 2020, and (b) a pro-rated annual equity grant of 401 restricted stock units, which will vest in full on May 19, 2021. Additionally, she was granted a pro-rated annual cash retainer of $42,300, payable starting on November 9, 2020. The 2007 Plan is filed as Exhibit 10.1 to our Current Report on Form 8-K (File No. 0-23985) filed with the Securities and Exchange Commission on June 15, 2020. In addition, we have entered into an indemnity agreement with Ms. Shah in connection with her service as a member of the Board. The form of indemnity agreement is filed as Exhibit 10.1 to our Current Report on Form 8-K (File No. 0-23985) filed with the Securities and Exchange Commission on March 7, 2006. Pursuant to the requirements of the Securities Exchange Act of 1934, the registrant has duly caused this report to be signed on its behalf by the undersigned hereunto duly authorized."
NVDA_8-K_2020-11-18_0000,NVDA,8-K,2020-11-18,NVDA_8-K_0001045810-20-000187_nvda-20201118.htm,0,485,"0001045810 false 0001045810 2020-11-18 2020-11-18 SECURITIES AND EXCHANGE COMMISSION WASHINGTON, DC 20549 PURSUANT TO SECTION 13 OR 15(d) OF THE SECURITIES EXCHANGE ACT OF 1934 Date of Report (Date of earliest event reported): November 18, 2020 NVIDIA CORP ORATION 2788 San Tomas Expressway , Santa Clara , CA 95051 (Address of principal executive offices) (Zip Code) Registrant’s telephone number, including area code: ( 408 ) 486-2000 (Former name or former address, if changed since last report) Check the appropriate box below if the Form 8-K filing is intended to simultaneously satisfy the filing obligation of the registrant under any of the following provisions: ☐ Written communications pursuant to Rule 425 under the Securities Act (17 CFR 230.425) ☐ Soliciting material pursuant to Rule 14a-12 under the Exchange Act (17 CFR 240.14a-12) ☐ Pre-commencement communications pursuant to Rule 14d-2(b) under the Exchange Act (17 CFR 240.14d-2(b)) ☐ Pre-commencement communications pursuant to Rule 13e-4(c) under the Exchange Act (17 CFR 240.13e-4(c)) Securities registered pursuant to Section 12(b) of the Act: Indicate by check mark whether the registrant is an emerging growth company as defined in Rule 405 of the Securities Act of 1933 (§230.405 of this chapter) or Rule 12b-2 of the Securities Exchange Act of 1934 (§240.12b-2 of this chapter). Emerging Growth Company ☐ If an emerging growth company, indicate by check mark if the registrant has elected not to use the extended transition period for complying with any new or revised financial accounting standards provided pursuant to Section 13(a) of the Exchange Act. ☐ Item 2.02 Results of Operations and Financial Condition. On November 18, 2020, NVIDIA Corporation, or the Company, issued a press release announcing its results for the quarter ended October 25, 2020. The press release is attached as Exhibit 99.1 and is incorporated herein by reference. Attached hereto as Exhibit 99.2 and incorporated by reference herein is financial information and commentary by Colette M. Kress, Executive Vice President and Chief Financial Officer of the Company, regarding results of the quarter ended October 25, 2020, or the CFO Commentary. The CFO Commentary will be posted to http://investor.nvidia.com immediately after the filing of this Current Report. The press release and CFO Commentary are furnished and shall not be deemed ""filed"" for purposes of Section 18 of the Securities Exchange Act of 1934, as amended, or subject to the liabilities of that Section or Sections 11 and 12(a)(2) of the Securities Act of 1933, as amended. The information in this Current Report shall not be incorporated by reference in any filing with the U.S. Securities and Exchange Commission made by the Company, whether made before or after the date hereof, regardless of any general incorporation language in such filing. Item 9.01 Financial Statements and Exhibits. Pursuant to the requirements of the Securities Exchange Act of 1934, the registrant has duly caused this report to be signed on its behalf by the undersigned hereunto duly authorized."
NVDA_8-K_2021-02-24_0000,NVDA,8-K,2021-02-24,NVDA_8-K_0001045810-21-000007_nvda-20210224.htm,0,491,"0001045810 false 0001045810 2021-02-24 2021-02-24 SECURITIES AND EXCHANGE COMMISSION WASHINGTON, DC 20549 PURSUANT TO SECTION 13 OR 15(d) OF THE SECURITIES EXCHANGE ACT OF 1934 Date of Report (Date of earliest event reported): February 24, 2021 NVIDIA CORP ORATION 2788 San Tomas Expressway , Santa Clara , CA 95051 (Address of principal executive offices) (Zip Code) Registrant’s telephone number, including area code: ( 408 ) 486-2000 (Former name or former address, if changed since last report) Check the appropriate box below if the Form 8-K filing is intended to simultaneously satisfy the filing obligation of the registrant under any of the following provisions: ☐ Written communications pursuant to Rule 425 under the Securities Act (17 CFR 230.425) ☐ Soliciting material pursuant to Rule 14a-12 under the Exchange Act (17 CFR 240.14a-12) ☐ Pre-commencement communications pursuant to Rule 14d-2(b) under the Exchange Act (17 CFR 240.14d-2(b)) ☐ Pre-commencement communications pursuant to Rule 13e-4(c) under the Exchange Act (17 CFR 240.13e-4(c)) Securities registered pursuant to Section 12(b) of the Act: Indicate by check mark whether the registrant is an emerging growth company as defined in Rule 405 of the Securities Act of 1933 (§230.405 of this chapter) or Rule 12b-2 of the Securities Exchange Act of 1934 (§240.12b-2 of this chapter). Emerging Growth Company ☐ If an emerging growth company, indicate by check mark if the registrant has elected not to use the extended transition period for complying with any new or revised financial accounting standards provided pursuant to Section 13(a) of the Exchange Act. ☐ Item 2.02 Results of Operations and Financial Condition. On February 24, 2021, NVIDIA Corporation, or the Company, issued a press release announcing its results for the quarter and fiscal year ended January 31, 2021. The press release is attached as Exhibit 99.1 and is incorporated herein by reference. Attached hereto as Exhibit 99.2 and incorporated by reference herein is financial information and commentary by Colette M. Kress, Executive Vice President and Chief Financial Officer of the Company, regarding results of the quarter and fiscal year ended January 31, 2021, or the CFO Commentary. The CFO Commentary will be posted to http://investor.nvidia.com immediately after the filing of this Current Report. The press release and CFO Commentary are furnished and shall not be deemed ""filed"" for purposes of Section 18 of the Securities Exchange Act of 1934, as amended, or subject to the liabilities of that Section or Sections 11 and 12(a)(2) of the Securities Act of 1933, as amended. The information in this Current Report shall not be incorporated by reference in any filing with the U.S. Securities and Exchange Commission made by the Company, whether made before or after the date hereof, regardless of any general incorporation language in such filing. Item 9.01 Financial Statements and Exhibits. Pursuant to the requirements of the Securities Exchange Act of 1934, the registrant has duly caused this report to be signed on its behalf by the undersigned hereunto duly authorized."
NVDA_8-K_2021-03-19_0000,NVDA,8-K,2021-03-19,NVDA_8-K_0001045810-21-000034_nvda-20210315.htm,0,569,"0001045810 false 0001045810 2021-03-15 2021-03-15 SECURITIES AND EXCHANGE COMMISSION WASHINGTON, DC 20549 PURSUANT TO SECTION 13 OR 15(d) OF THE SECURITIES EXCHANGE ACT OF 1934 Date of Report (Date of earliest event reported): March 15, 2021 NVIDIA CORP ORATION 2788 San Tomas Expressway , Santa Clara , CA 95051 (Address of principal executive offices) (Zip Code) Registrant’s telephone number, including area code: ( 408 ) 486-2000 (Former name or former address, if changed since last report) Check the appropriate box below if the Form 8-K filing is intended to simultaneously satisfy the filing obligation of the registrant under any of the following provisions: ☐ Written communications pursuant to Rule 425 under the Securities Act (17 CFR 230.425) ☐ Soliciting material pursuant to Rule 14a-12 under the Exchange Act (17 CFR 240.14a-12) ☐ Pre-commencement communications pursuant to Rule 14d-2(b) under the Exchange Act (17 CFR 240.14d-2(b)) ☐ Pre-commencement communications pursuant to Rule 13e-4(c) under the Exchange Act (17 CFR 240.13e-4(c)) Securities registered pursuant to Section 12(b) of the Act: Indicate by check mark whether the registrant is an emerging growth company as defined in Rule 405 of the Securities Act of 1933 (§230.405 of this chapter) or Rule 12b-2 of the Securities Exchange Act of 1934 (§240.12b-2 of this chapter). Emerging Growth Company ☐ If an emerging growth company, indicate by check mark if the registrant has elected not to use the extended transition period for complying with any new or revised financial accounting standards provided pursuant to Section 13(a) of the Exchange Act. ☐ Item 5.02. Departure of Directors or Certain Officers; Election of Directors; Appointment of Certain Officers; Compensatory Arrangements of Certain Officers. Adoption of Fiscal Year 2022 Variable Compensation Plan On March 15, 2021, the Compensation Committee of the Board of Directors of NVIDIA Corporation, or the Company, adopted the Variable Compensation Plan for Fiscal Year 2022, or the 2022 Plan, which provides eligible executive officers the opportunity to earn a variable cash payment based on the level of achievement by the Company of certain corporate performance goals, or the Performance Goals, during fiscal year 2022. The Company operates on a fiscal year ending on the last Sunday in January and designates its fiscal year by the year in which that fiscal year ends. Fiscal year 2022 refers to the Company’s fiscal year ending January 30, 2022. The Compensation Committee has set the Performance Goals for fiscal year 2022 based upon the achievement of specified fiscal year 2022 revenue and has established threshold, base operating plan, and stretch operating plan levels. An eligible participant’s variable cash compensation under the 2022 Plan will be based on the achievement by the Company of the Performance Goals in fiscal year 2022. Unless otherwise determined by the Compensation Committee, a participant must remain an employee through the payment date under the 2022 Plan to be eligible to earn an award. The following table sets forth the respective target award opportunities for base operating plan achievement for the Company’s named executive officers under the 2022 Plan: The foregoing description is subject to, and qualified in its entirety by, the 2022 Plan, which is filed with this report as Exhibit 10.1 and is incorporated herein by reference. Item 9.01. Financial Statements and Exhibits. Pursuant to the requirements of the Securities Exchange Act of 1934, the registrant has duly caused this report to be signed on its behalf by the undersigned hereunto duly authorized."
NVDA_8-K_2021-04-12_0000,NVDA,8-K,2021-04-12,NVDA_8-K_0001045810-21-000047_nvda-20210412.htm,0,422,"0001045810 false 0001045810 2021-04-12 2021-04-12 0001045810 2021-03-15 2021-03-15 SECURITIES AND EXCHANGE COMMISSION WASHINGTON, DC 20549 PURSUANT TO SECTION 13 OR 15(d) OF THE SECURITIES EXCHANGE ACT OF 1934 Date of Report (Date of earliest event reported): April 12, 2021 NVIDIA CORP ORATION 2788 San Tomas Expressway , Santa Clara , CA 95051 (Address of principal executive offices) (Zip Code) Registrant’s telephone number, including area code: ( 408 ) 486-2000 (Former name or former address, if changed since last report) Check the appropriate box below if the Form 8-K filing is intended to simultaneously satisfy the filing obligation of the registrant under any of the following provisions: ☐ Written communications pursuant to Rule 425 under the Securities Act (17 CFR 230.425) ☐ Soliciting material pursuant to Rule 14a-12 under the Exchange Act (17 CFR 240.14a-12) ☐ Pre-commencement communications pursuant to Rule 14d-2(b) under the Exchange Act (17 CFR 240.14d-2(b)) ☐ Pre-commencement communications pursuant to Rule 13e-4(c) under the Exchange Act (17 CFR 240.13e-4(c)) Securities registered pursuant to Section 12(b) of the Act: Indicate by check mark whether the registrant is an emerging growth company as defined in Rule 405 of the Securities Act of 1933 (§230.405 of this chapter) or Rule 12b-2 of the Securities Exchange Act of 1934 (§240.12b-2 of this chapter). Emerging Growth Company ☐ If an emerging growth company, indicate by check mark if the registrant has elected not to use the extended transition period for complying with any new or revised financial accounting standards provided pursuant to Section 13(a) of the Exchange Act. ☐ Item 7.01. Regulation FD Disclosure. On April 12, 2021, NVIDIA Corporation issued a press release updating its outlook for the fiscal quarter ending May 2, 2021. The press release is attached as Exhibit 99.1 and is incorporated herein by reference. The press release is furnished and shall not be deemed ""filed"" for purposes of Section 18 of the Securities Exchange Act of 1934, as amended, or subject to the liabilities of that Section or Sections 11 and 12(a)(2) of the Securities Act of 1933, as amended. The information in this Current Report shall not be incorporated by reference in any filing with the U.S. Securities and Exchange Commission made by NVIDIA Corporation, whether made before or after the date hereof, regardless of any general incorporation language in such filing. Item 9.01. Financial Statements and Exhibits. Pursuant to the requirements of the Securities Exchange Act of 1934, the registrant has duly caused this report to be signed on its behalf by the undersigned hereunto duly authorized."
NVDA_8-K_2021-05-21_0000,NVDA,8-K,2021-05-21,NVDA_8-K_0001045810-21-000056_nvda-20210521.htm,0,398,"0001045810 false 0001045810 2021-05-21 2021-05-21 SECURITIES AND EXCHANGE COMMISSION WASHINGTON, DC 20549 PURSUANT TO SECTION 13 OR 15(d) OF THE SECURITIES EXCHANGE ACT OF 1934 Date of Report (Date of earliest event reported): May 21, 2021 NVIDIA CORP ORATION 2788 San Tomas Expressway , Santa Clara , CA 95051 (Address of principal executive offices) (Zip Code) Registrant’s telephone number, including area code: ( 408 ) 486-2000 (Former name or former address, if changed since last report) Check the appropriate box below if the Form 8-K filing is intended to simultaneously satisfy the filing obligation of the registrant under any of the following provisions: ☐ Written communications pursuant to Rule 425 under the Securities Act (17 CFR 230.425) ☐ Soliciting material pursuant to Rule 14a-12 under the Exchange Act (17 CFR 240.14a-12) ☐ Pre-commencement communications pursuant to Rule 14d-2(b) under the Exchange Act (17 CFR 240.14d-2(b)) ☐ Pre-commencement communications pursuant to Rule 13e-4(c) under the Exchange Act (17 CFR 240.13e-4(c)) Securities registered pursuant to Section 12(b) of the Act: Indicate by check mark whether the registrant is an emerging growth company as defined in Rule 405 of the Securities Act of 1933 (§230.405 of this chapter) or Rule 12b-2 of the Securities Exchange Act of 1934 (§240.12b-2 of this chapter). Emerging Growth Company ☐ If an emerging growth company, indicate by check mark if the registrant has elected not to use the extended transition period for complying with any new or revised financial accounting standards provided pursuant to Section 13(a) of the Exchange Act. ☐ Item 8.01. Other Events. On May 21, 2021, the board of directors of NVIDIA Corporation, or the Company, declared a four-for-one split of Company’s common stock in the form of a stock dividend, conditioned on obtaining stockholder approval at the Company’s 2021 Annual Meeting of Stockholders to be held on June 3, 2021, of an amendment to NVIDIA’s Amended and Restated Certificate of Incorporation to increase the number of authorized shares of common stock to 4 billion shares. The press release announcing the stock dividend and other matters relating to the Company’s 2021 Annual Meeting of Stockholders is attached as Exhibit 99.1 and is incorporated herein by reference. Item 9.01. Financial Statements and Exhibits. Pursuant to the requirements of the Securities Exchange Act of 1934, the registrant has duly caused this report to be signed on its behalf by the undersigned hereunto duly authorized."
NVDA_8-K_2021-05-26_0000,NVDA,8-K,2021-05-26,NVDA_8-K_0001045810-21-000063_nvda-20210526.htm,0,485,"0001045810 false 0001045810 2021-05-26 2021-05-26 SECURITIES AND EXCHANGE COMMISSION WASHINGTON, DC 20549 PURSUANT TO SECTION 13 OR 15(d) OF THE SECURITIES EXCHANGE ACT OF 1934 Date of Report (Date of earliest event reported): May 26, 2021 NVIDIA CORP ORATION 2788 San Tomas Expressway , Santa Clara , CA 95051 (Address of principal executive offices) (Zip Code) Registrant’s telephone number, including area code: ( 408 ) 486-2000 (Former name or former address, if changed since last report) Check the appropriate box below if the Form 8-K filing is intended to simultaneously satisfy the filing obligation of the registrant under any of the following provisions: ☐ Written communications pursuant to Rule 425 under the Securities Act (17 CFR 230.425) ☐ Soliciting material pursuant to Rule 14a-12 under the Exchange Act (17 CFR 240.14a-12) ☐ Pre-commencement communications pursuant to Rule 14d-2(b) under the Exchange Act (17 CFR 240.14d-2(b)) ☐ Pre-commencement communications pursuant to Rule 13e-4(c) under the Exchange Act (17 CFR 240.13e-4(c)) Securities registered pursuant to Section 12(b) of the Act: Indicate by check mark whether the registrant is an emerging growth company as defined in Rule 405 of the Securities Act of 1933 (§230.405 of this chapter) or Rule 12b-2 of the Securities Exchange Act of 1934 (§240.12b-2 of this chapter). Emerging Growth Company ☐ If an emerging growth company, indicate by check mark if the registrant has elected not to use the extended transition period for complying with any new or revised financial accounting standards provided pursuant to Section 13(a) of the Exchange Act. ☐ Item 2.02 Results of Operations and Financial Condition. On May 26, 2021, NVIDIA Corporation, or the Company, issued a press release announcing its results for the quarter ended May 2, 2021. The press release is attached as Exhibit 99.1 and is incorporated herein by reference. Attached hereto as Exhibit 99.2 and incorporated by reference herein is financial information and commentary by Colette M. Kress, Executive Vice President and Chief Financial Officer of the Company, regarding results of the quarter ended May 2, 2021, or the CFO Commentary. The CFO Commentary will be posted to http://investor.nvidia.com immediately after the filing of this Current Report. The press release and CFO Commentary are furnished and shall not be deemed ""filed"" for purposes of Section 18 of the Securities Exchange Act of 1934, as amended, or subject to the liabilities of that Section or Sections 11 and 12(a)(2) of the Securities Act of 1933, as amended. The information in this Current Report shall not be incorporated by reference in any filing with the U.S. Securities and Exchange Commission made by the Company, whether made before or after the date hereof, regardless of any general incorporation language in such filing. Item 9.01. Financial Statements and Exhibits. Pursuant to the requirements of the Securities Exchange Act of 1934, the registrant has duly caused this report to be signed on its behalf by the undersigned hereunto duly authorized."
NVDA_8-K_2021-06-07_0000,NVDA,8-K,2021-06-07,NVDA_8-K_0001045810-21-000075_nvda-20210603.htm,0,579,"0001045810 false 01/30 0001045810 2021-06-03 2021-06-03 0001045810 2022-01-30 2022-01-30 SECURITIES AND EXCHANGE COMMISSION WASHINGTON, DC 20549 PURSUANT TO SECTION 13 OR 15(d) OF THE SECURITIES EXCHANGE ACT OF 1934 Date of Report (Date of earliest event reported): June 3, 2021 NVIDIA CORP ORATION 2788 San Tomas Expressway , Santa Clara , CA 95051 (Address of principal executive offices) (Zip Code) Registrant’s telephone number, including area code: ( 408 ) 486-2000 (Former name or former address, if changed since last report) Check the appropriate box below if the Form 8-K filing is intended to simultaneously satisfy the filing obligation of the registrant under any of the following provisions: ☐ Written communications pursuant to Rule 425 under the Securities Act (17 CFR 230.425) ☐ Soliciting material pursuant to Rule 14a-12 under the Exchange Act (17 CFR 240.14a-12) ☐ Pre-commencement communications pursuant to Rule 14d-2(b) under the Exchange Act (17 CFR 240.14d-2(b)) ☐ Pre-commencement communications pursuant to Rule 13e-4(c) under the Exchange Act (17 CFR 240.13e-4(c)) Securities registered pursuant to Section 12(b) of the Act: Indicate by check mark whether the registrant is an emerging growth company as defined in Rule 405 of the Securities Act of 1933 (§230.405 of this chapter) or Rule 12b-2 of the Securities Exchange Act of 1934 (§240.12b-2 of this chapter). Emerging Growth Company ☐ If an emerging growth company, indicate by check mark if the registrant has elected not to use the extended transition period for complying with any new or revised financial accounting standards provided pursuant to Section 13(a) of the Exchange Act. ☐ Item 5.03. Amendments to Articles of Incorporation or Bylaws; Change in Fiscal Year. (a) Amendment to Certificate of Incorporation On June 3, 2021, at the 2021 Annual Meeting of Stockholders of NVIDIA Corporation, or the 2021 Annual Meeting, our stockholders approved an amendment to our Amended and Restated Certificate of Incorporation, or the Amendment, to increase the number of authorized shares of common stock from 2 billion to 4 billion. The Amendment, which was filed with the Secretary of State of the State of Delaware on June 4, 2021, is filed as Exhibit 3.1 to this Current Report on Form 8-K. Item 5.07. Submission of Matters to a Vote of Security Holders. On June 3, 2021, at the 2021 Annual Meeting, the following proposals were adopted by the margin indicated. Proxies for the 2021 Annual Meeting were solicited pursuant to Section 14(a) of the Securities Exchange Act of 1934, as amended, and there was no solicitation in opposition of management’s solicitation. 1.    Stockholders approved the election of each of our thirteen (13) directors to serve for a one-year term until our 2022 Annual Meeting of Stockholders. The results of the voting were as follows: 2.    Stockholders approved, on an advisory basis, the compensation of our named executive officers as disclosed in our definitive proxy statement for the 2021 Annual Meeting filed with the Securities and Exchange Commission on April 23, 2021. The results of the voting were as follows: 3.    Stockholders approved the ratification of the appointment of PricewaterhouseCoopers LLP as our independent registered accounting firm for our fiscal year ending January 30, 2022. The results of the voting were as follows: 4.    Stockholders approved the Amendment. The results of the voting were as follows: Item 9.01    Financial Statements and Exhibits. Pursuant to the requirements of the Securities Exchange Act of 1934, the registrant has duly caused this report to be signed on its behalf by the undersigned hereunto duly authorized."
NVDA_8-K_2021-06-16_0000,NVDA,8-K,2021-06-16,NVDA_8-K_0001193125-21-192149_d80739d8k.htm,0,413,"NVIDIA CORP false 0001045810 0001045810 2021-06-14 2021-06-14 UNITED STATES SECURITIES AND EXCHANGE COMMISSION WASHINGTON, DC 20549 FORM 8-K CURRENT REPORT PURSUANT TO SECTION 13 OR 15(d) OF THE SECURITIES EXCHANGE ACT OF 1934 Date of Report (Date of earliest event reported): June 14, 2021 NVIDIA CORPORATION (Exact name of registrant as specified in its charter) 2788 San Tomas Expressway , Santa Clara , CA 95051 (Address of principal executive offices) (Zip Code) Registrant’s telephone number, including area code: (408) 486-2000 Not Applicable (Former name or former address, if changed since last report) Check the appropriate box below if the Form 8-K filing is intended to simultaneously satisfy the filing obligation of the registrant under any of the following provisions: Securities registered pursuant to Section 12(b) of the Act: Indicate by check mark whether the registrant is an emerging growth company as defined in Rule 405 of the Securities Act of 1933 (§230.405 of this chapter) or Rule 12b-2 of the Securities Exchange Act of 1934 (§240.12b-2 of this chapter). Emerging Growth Company ☐ If an emerging growth company, indicate by check mark if the registrant has elected not to use the extended transition period for complying with any new or revised financial accounting standards provided pursuant to Section 13(a) of the Exchange Act.  ☐ SECURITIES AND EXCHANGE COMMISSION WASHINGTON, DC 20549 PURSUANT TO SECTION 13 OR 15(d) OF THE SECURITIES EXCHANGE ACT OF 1934 Date of Report (Date of earliest event reported): June 14, 2021 NVIDIA CORPORATION (Exact name of registrant as specified in its charter) 2788 San Tomas Expressway , Santa Clara , CA 95051 (Address of principal executive offices) (Zip Code) Registrant’s telephone number, including area code: (408) 486-2000 (Former name or former address, if changed since last report) Check the appropriate box below if the Form 8-K filing is intended to simultaneously satisfy the filing obligation of the registrant under any of the following provisions: Securities registered pursuant to Section 12(b) of the Act: Indicate by check mark whether the registrant is an emerging growth company as defined in Rule 405 of the Securities Act of 1933 (§230.405 of this chapter) or Rule 12b-2 of the Securities Exchange Act of 1934 (§240.12b-2 of this chapter). Emerging Growth Company ☐ If an emerging growth company, indicate by check mark if the registrant has elected not to use the extended transition period for complying with any new or revised financial accounting standards provided pursuant to Section 13(a) of the Exchange Act.  ☐"
NVDA_8-K_2021-06-16_0001,NVDA,8-K,2021-06-16,NVDA_8-K_0001193125-21-192149_d80739d8k.htm,1,906,", CA 95051 (Address of principal executive offices) (Zip Code) Registrant’s telephone number, including area code: (408) 486-2000 (Former name or former address, if changed since last report) Check the appropriate box below if the Form 8-K filing is intended to simultaneously satisfy the filing obligation of the registrant under any of the following provisions: Securities registered pursuant to Section 12(b) of the Act: Indicate by check mark whether the registrant is an emerging growth company as defined in Rule 405 of the Securities Act of 1933 (§230.405 of this chapter) or Rule 12b-2 of the Securities Exchange Act of 1934 (§240.12b-2 of this chapter). Emerging Growth Company ☐ If an emerging growth company, indicate by check mark if the registrant has elected not to use the extended transition period for complying with any new or revised financial accounting standards provided pursuant to Section 13(a) of the Exchange Act. ☐ Underwriting Agreement On June 14, 2021, NVIDIA Corporation, or the Company, entered into an underwriting agreement, or the Underwriting Agreement, with Morgan Stanley & Co. LLC, as representative of the several underwriters named in Schedule I thereto, or the Underwriters, to issue and sell $5.0 billion aggregate principal amount of unsecured notes, consisting of $1.25 billion principal amount of 0.309% notes due 2023, or the 2023 Notes, $1.25 billion principal amount of 0.584% notes due 2024, or the 2024 Notes, $1.25 billion principal amount of 1.550% notes due 2028, or the 2028 Notes, and $1.25 billion principal amount of 2.000% notes due 2031, or the 2031 Notes. The 2023 Notes, 2024 Notes, 2028 Notes and 2031 Notes are collectively referred to as the Notes. The Underwriting Agreement includes customary representations, warranties, conditions and covenants, including an agreement to indemnify the Underwriters against certain liabilities. The net proceeds from the offering of the Notes were approximately $4.98 billion, after deducting underwriting discounts and estimated offering expenses. The Company intends to use the net proceeds of the offering for general corporate purposes, which may include, among other things, repayment of indebtedness. The offering of the Notes was made pursuant to the Company’s Registration Statement on Form S-3 (File No. 333-237390) and a related prospectus, including a prospectus supplement, filed with the Securities and Exchange Commission, or the SEC. The above description of the Underwriting Agreement does not purport to be complete and is qualified in its entirety by reference to the Underwriting Agreement, attached as Exhibit 1.1 hereto, and incorporated herein by reference. Indenture The terms of the Notes are governed by an indenture, dated as of September 16, 2016, or the Base Indenture, between the Company and Wells Fargo Bank, National Association, or the Trustee, as supplemented by an Officers’ Certificate, dated as of June 16, 2021. The Base Indenture, as supplemented by the Officers’ Certificate, is referred to as the Indenture. The 2023 Notes will mature on June 15, 2023, the 2024 Notes will mature on June 14, 2024, the 2028 Notes will mature on June 15, 2028 and the 2031 Notes will mature on June 15, 2031. Interest on the 2024 Notes is payable on June 14 and December 14 of each year, beginning on December 14, 2021. Interest on all other series of Notes is payable on June 15 and December 15 of each year, beginning on December 15, 2021. The Company may redeem the Notes for cash in whole, at any time, or in part, from time to time, prior to maturity, upon at least 10 but no more than 60 days prior notice (other than in certain circumstances), at redemption prices that include accrued and unpaid interest, if any, to, but excluding, the redemption date, and a make-whole premium. However, no make-whole premium will be paid for redemptions of (i) the 2023 Notes on or after June 15, 2022, (ii) the 2024 Notes on or after June 14, 2023, (iii) the 2028 Notes on or after April 15, 2028, or (iv) the 2031 Notes on or after March 15, 2031. The Indenture includes covenants limiting the Company’s ability to create liens on its properties, enter into sale and leaseback transactions with respect to its properties or consolidate, merge or sell all or substantially all of its assets, subject to a number of important exceptions as specified in the Indenture. The Indenture also contains customary event of default provisions. In the event of the occurrence of both (1) a change of control of the Company and (2) a downgrade of a series of Notes below an investment grade rating by each of Moody’s Investors Service, Inc. and S&P Global Ratings within a specified period relating to the applicable change of control, the Company will be required to offer to repurchase any outstanding Notes of that series at a price in cash equal to 101% of the then outstanding principal amount of such series of Notes, plus accrued and unpaid interest, if any, on the Notes to be repurchased to, but excluding, the date of repurchase. The Notes are the Company’s unsecured senior obligations and rank equally with all of the Company’s existing and future unsecured and unsubordinated indebtedness from time to time outstanding. The Notes will be structurally subordinated to the liabilities of the Company’s subsidiaries and will be effectively subordinated to any secured indebtedness to the extent of the value of the assets securing such indebtedness. All existing and future liabilities of the Company’s subsidiaries will be effectively senior to the Notes."
NVDA_8-K_2021-06-16_0002,NVDA,8-K,2021-06-16,NVDA_8-K_0001193125-21-192149_d80739d8k.htm,2,663,"Investors Service, Inc. and S&P Global Ratings within a specified period relating to the applicable change of control, the Company will be required to offer to repurchase any outstanding Notes of that series at a price in cash equal to 101% of the then outstanding principal amount of such series of Notes, plus accrued and unpaid interest, if any, on the Notes to be repurchased to, but excluding, the date of repurchase. The Notes are the Company’s unsecured senior obligations and rank equally with all of the Company’s existing and future unsecured and unsubordinated indebtedness from time to time outstanding. The Notes will be structurally subordinated to the liabilities of the Company’s subsidiaries and will be effectively subordinated to any secured indebtedness to the extent of the value of the assets securing such indebtedness. All existing and future liabilities of the Company’s subsidiaries will be effectively senior to the Notes. Underwriting Agreement On June 14, 2021, NVIDIA Corporation, or the Company, entered into an underwriting agreement, or the Underwriting Agreement, with Morgan Stanley & Co. LLC, as representative of the several underwriters named in Schedule I thereto, or the Underwriters, to issue and sell $5.0 billion aggregate principal amount of unsecured notes, consisting of $1.25 billion principal amount of 0.309% notes due 2023, or the 2023 Notes, $1.25 billion principal amount of 0.584% notes due 2024, or the 2024 Notes, $1.25 billion principal amount of 1.550% notes due 2028, or the 2028 Notes, and $1.25 billion principal amount of 2.000% notes due 2031, or the 2031 Notes. The 2023 Notes, 2024 Notes, 2028 Notes and 2031 Notes are collectively referred to as the Notes. The Underwriting Agreement includes customary representations, warranties, conditions and covenants, including an agreement to indemnify the Underwriters against certain liabilities. The net proceeds from the offering of the Notes were approximately $4.98 billion, after deducting underwriting discounts and estimated offering expenses. The Company intends to use the net proceeds of the offering for general corporate purposes, which may include, among other things, repayment of indebtedness. The offering of the Notes was made pursuant to the Company’s Registration Statement on Form S-3 (File No. 333-237390) and a related prospectus, including a prospectus supplement, filed with the Securities and Exchange Commission, or the SEC. The above description of the Underwriting Agreement does not purport to be complete and is qualified in its entirety by reference to the Underwriting Agreement, attached as Exhibit 1.1 hereto, and incorporated herein by reference. The terms of the Notes are governed by an indenture, dated as of September 16, 2016, or the Base Indenture, between the Company and Wells Fargo Bank, National Association, or the Trustee, as supplemented by an Officers’ Certificate, dated as of June 16, 2021. The Base Indenture, as supplemented by the Officers’ Certificate, is referred to as the Indenture. The 2023 Notes will mature on June 15, 2023, the 2024 Notes will mature on June 14, 2024, the 2028 Notes will mature on June 15, 2028 and the 2031 Notes will mature on June 15, 2031. Interest on the 2024 Notes is payable on June 14 and December 14 of each year, beginning on December 14, 2021. Interest on all other series of Notes is payable on June 15 and December 15 of each year, beginning on December 15, 2021. The Company may redeem the Notes for cash in whole, at any time, or in part, from time to time, prior to maturity, upon at least 10 but no more than 60 days prior notice (other than in certain circumstances), at redemption prices that include accrued and unpaid interest, if any, to, but excluding, the redemption date, and a make-whole premium. However, no make-whole premium will be paid for redemptions of (i) the 2023 Notes on or after June 15, 2022, (ii) the 2024 Notes on or after June 14, 2023, (iii) the 2028 Notes on or after April 15, 2028, or (iv) the 2031 Notes on or after March 15, 2031."
NVDA_8-K_2021-06-16_0003,NVDA,8-K,2021-06-16,NVDA_8-K_0001193125-21-192149_d80739d8k.htm,3,783,"payable on June 14 and December 14 of each year, beginning on December 14, 2021. Interest on all other series of Notes is payable on June 15 and December 15 of each year, beginning on December 15, 2021. The Company may redeem the Notes for cash in whole, at any time, or in part, from time to time, prior to maturity, upon at least 10 but no more than 60 days prior notice (other than in certain circumstances), at redemption prices that include accrued and unpaid interest, if any, to, but excluding, the redemption date, and a make-whole premium. However, no make-whole premium will be paid for redemptions of (i) the 2023 Notes on or after June 15, 2022, (ii) the 2024 Notes on or after June 14, 2023, (iii) the 2028 Notes on or after April 15, 2028, or (iv) the 2031 Notes on or after March 15, 2031. The Indenture includes covenants limiting the Company’s ability to create liens on its properties, enter into sale and leaseback transactions with respect to its properties or consolidate, merge or sell all or substantially all of its assets, subject to a number of important exceptions as specified in the Indenture. The Indenture also contains customary event of default provisions. In the event of the occurrence of both (1) a change of control of the Company and (2) a downgrade of a series of Notes below an investment grade rating by each of Moody’s Investors Service, Inc. and S&P Global Ratings within a specified period relating to the applicable change of control, the Company will be required to offer to repurchase any outstanding Notes of that series at a price in cash equal to 101% of the then outstanding principal amount of such series of Notes, plus accrued and unpaid interest, if any, on the Notes to be repurchased to, but excluding, the date of repurchase. The Notes are the Company’s unsecured senior obligations and rank equally with all of the Company’s existing and future unsecured and unsubordinated indebtedness from time to time outstanding. The Notes will be structurally subordinated to the liabilities of the Company’s subsidiaries and will be effectively subordinated to any secured indebtedness to the extent of the value of the assets securing such indebtedness. All existing and future liabilities of the Company’s subsidiaries will be effectively senior to the Notes. The above description of the Indenture and the Notes does not purport to be complete and is qualified in its entirety by reference to the Indenture and the forms of Notes, attached as Exhibits 4.1 through 4.6 hereto, and incorporated herein by reference. The agreements included as exhibits to this Current Report on Form 8-K are included to provide information regarding their terms and are not intended to provide any other factual or disclosure information about the Company or the other parties to the agreements. The agreements may contain representations and warranties by each of the parties to the applicable agreement. These representations and warranties have been made solely for the benefit of the other parties to the applicable agreement and: Accordingly, these representations and warranties may not describe the actual state of affairs as of the date they were made or at any other time. Additional information about the Company may be found elsewhere in this Current Report on Form 8-K and the Company’s other public filings, which are available without charge through the SEC’s website at http://www.sec.gov . The information set forth in Item 1.01 above is hereby incorporated by reference into this Item 2.03, insofar as it relates to the creation of a direct financial obligation. (d) Exhibits The above description of the Indenture and the Notes does not purport to be complete and is qualified in its entirety by reference to the Indenture and the forms of Notes, attached as Exhibits 4.1 through 4.6 hereto, and incorporated herein by reference. The agreements included as exhibits to this Current Report on Form 8-K are included to provide information regarding their terms and are not intended to provide any other factual or disclosure information about the Company or the other parties to the agreements. The agreements may contain representations and warranties by each of the parties to the applicable agreement. These representations and warranties have been made solely for the benefit of the other parties to the applicable agreement and: Accordingly, these representations and warranties may not describe the actual state of affairs as of the date they were made or at any other time. Additional information about the Company may be found elsewhere in this Current Report on Form 8-K and the Company’s other public filings, which are available without charge through the SEC’s website at http://www.sec.gov ."
NVDA_8-K_2021-06-16_0004,NVDA,8-K,2021-06-16,NVDA_8-K_0001193125-21-192149_d80739d8k.htm,4,240,"Notes, attached as Exhibits 4.1 through 4.6 hereto, and incorporated herein by reference. The agreements included as exhibits to this Current Report on Form 8-K are included to provide information regarding their terms and are not intended to provide any other factual or disclosure information about the Company or the other parties to the agreements. The agreements may contain representations and warranties by each of the parties to the applicable agreement. These representations and warranties have been made solely for the benefit of the other parties to the applicable agreement and: Accordingly, these representations and warranties may not describe the actual state of affairs as of the date they were made or at any other time. Additional information about the Company may be found elsewhere in this Current Report on Form 8-K and the Company’s other public filings, which are available without charge through the SEC’s website at http://www.sec.gov . The information set forth in Item 1.01 above is hereby incorporated by reference into this Item 2.03, insofar as it relates to the creation of a direct financial obligation. SIGNATURE Pursuant to the requirements of the Securities Exchange Act of 1934, the registrant has duly caused this report to be signed on its behalf by the undersigned hereunto duly authorized. Pursuant to the requirements of the Securities Exchange Act of 1934, the registrant has duly caused this report to be signed on its behalf by the undersigned hereunto duly authorized."
NVDA_8-K_2021-06-28_0000,NVDA,8-K,2021-06-28,NVDA_8-K_0001045810-21-000117_nvda-20210628.htm,0,587,"0001045810 false 0001045810 2021-06-28 2021-06-28 SECURITIES AND EXCHANGE COMMISSION WASHINGTON, DC 20549 PURSUANT TO SECTION 13 OR 15(d) OF THE SECURITIES EXCHANGE ACT OF 1934 Date of Report (Date of earliest event reported): June 28, 2021 NVIDIA CORP ORATION 2788 San Tomas Expressway , Santa Clara , CA 95051 (Address of principal executive offices) (Zip Code) Registrant’s telephone number, including area code: ( 408 ) 486-2000 (Former name or former address, if changed since last report) Check the appropriate box below if the Form 8-K filing is intended to simultaneously satisfy the filing obligation of the registrant under any of the following provisions: ☐ Written communications pursuant to Rule 425 under the Securities Act (17 CFR 230.425) ☐ Soliciting material pursuant to Rule 14a-12 under the Exchange Act (17 CFR 240.14a-12) ☐ Pre-commencement communications pursuant to Rule 14d-2(b) under the Exchange Act (17 CFR 240.14d-2(b)) ☐ Pre-commencement communications pursuant to Rule 13e-4(c) under the Exchange Act (17 CFR 240.13e-4(c)) Securities registered pursuant to Section 12(b) of the Act: Indicate by check mark whether the registrant is an emerging growth company as defined in Rule 405 of the Securities Act of 1933 (§230.405 of this chapter) or Rule 12b-2 of the Securities Exchange Act of 1934 (§240.12b-2 of this chapter). Emerging Growth Company ☐ If an emerging growth company, indicate by check mark if the registrant has elected not to use the extended transition period for complying with any new or revised financial accounting standards provided pursuant to Section 13(a) of the Exchange Act. ☐ Item 7.01 Regulation FD Disclosure. On June 28, 2021, NVIDIA Corporation, or the Company, completed a simplification of its corporate structure by repatriating the economic rights of certain non-U.S. intellectual property to the United States via domestication of a foreign subsidiary, or the Domestication. In connection with the Domestication, the Company is updating its tax rate outlook for the second quarter of fiscal 2022 as follows: • GAAP and non-GAAP tax rates are both expected to be 13 percent, plus or minus 1 percent, excluding any discrete items, up from 10 percent, plus or minus 1 percent, provided in our prior outlook. GAAP discrete items include one-time tax impacts from the Domestication and excess tax benefits or deficiencies related to stock-based compensation, which are expected to generate variability on a quarter-by-quarter basis. The discrete tax impact from the Domestication in the second quarter of fiscal 2022 is expected to be a benefit of approximately $250 million to $300 million. The information in this Item 7.01 is furnished and shall not be deemed “filed” for purposes of Section 18 of the Securities Exchange Act of 1934, as amended, or subject to the liabilities of that Section or Sections 11 and 12(a)(2) of the Securities Act of 1933, as amended. The information in this Current Report shall not be incorporated by reference in any filing with the U.S. Securities and Exchange Commission made by the Company, whether made before or after the date hereof, regardless of any general incorporation language in such filing. Item 8.01 Other Events. As described above, on June 28, 2021, the Company completed the Domestication, which more closely aligns the Company’s corporate structure to its operating structure in accordance with the Organization for Economic Cooperation and Development’s Base Erosion and Profit Sharing conclusions and changes to U.S. and European tax laws. Pursuant to the requirements of the Securities Exchange Act of 1934, the registrant has duly caused this report to be signed on its behalf by the undersigned hereunto duly authorized."
NVDA_8-K_2021-08-18_0000,NVDA,8-K,2021-08-18,NVDA_8-K_0001045810-21-000128_nvda-20210818.htm,0,485,"0001045810 false 0001045810 2021-08-18 2021-08-18 SECURITIES AND EXCHANGE COMMISSION WASHINGTON, DC 20549 PURSUANT TO SECTION 13 OR 15(d) OF THE SECURITIES EXCHANGE ACT OF 1934 Date of Report (Date of earliest event reported): August 18, 2021 NVIDIA CORP ORATION 2788 San Tomas Expressway , Santa Clara , CA 95051 (Address of principal executive offices) (Zip Code) Registrant’s telephone number, including area code: ( 408 ) 486-2000 (Former name or former address, if changed since last report) Check the appropriate box below if the Form 8-K filing is intended to simultaneously satisfy the filing obligation of the registrant under any of the following provisions: ☐ Written communications pursuant to Rule 425 under the Securities Act (17 CFR 230.425) ☐ Soliciting material pursuant to Rule 14a-12 under the Exchange Act (17 CFR 240.14a-12) ☐ Pre-commencement communications pursuant to Rule 14d-2(b) under the Exchange Act (17 CFR 240.14d-2(b)) ☐ Pre-commencement communications pursuant to Rule 13e-4(c) under the Exchange Act (17 CFR 240.13e-4(c)) Securities registered pursuant to Section 12(b) of the Act: Indicate by check mark whether the registrant is an emerging growth company as defined in Rule 405 of the Securities Act of 1933 (§230.405 of this chapter) or Rule 12b-2 of the Securities Exchange Act of 1934 (§240.12b-2 of this chapter). Emerging Growth Company ☐ If an emerging growth company, indicate by check mark if the registrant has elected not to use the extended transition period for complying with any new or revised financial accounting standards provided pursuant to Section 13(a) of the Exchange Act. ☐ Item 2.02 Results of Operations and Financial Condition. On August 18, 2021, NVIDIA Corporation, or the Company, issued a press release announcing its results for the quarter ended August 1, 2021. The press release is attached as Exhibit 99.1 and is incorporated herein by reference. Attached hereto as Exhibit 99.2 and incorporated by reference herein is financial information and commentary by Colette M. Kress, Executive Vice President and Chief Financial Officer of the Company, regarding results of the quarter ended August 1, 2021, or the CFO Commentary. The CFO Commentary will be posted to http://investor.nvidia.com immediately after the filing of this Current Report. The press release and CFO Commentary are furnished and shall not be deemed ""filed"" for purposes of Section 18 of the Securities Exchange Act of 1934, as amended, or subject to the liabilities of that Section or Sections 11 and 12(a)(2) of the Securities Act of 1933, as amended. The information in this Current Report shall not be incorporated by reference in any filing with the U.S. Securities and Exchange Commission made by the Company, whether made before or after the date hereof, regardless of any general incorporation language in such filing. Item 9.01. Financial Statements and Exhibits. Pursuant to the requirements of the Securities Exchange Act of 1934, the registrant has duly caused this report to be signed on its behalf by the undersigned hereunto duly authorized."
NVDA_8-K_2021-11-17_0000,NVDA,8-K,2021-11-17,NVDA_8-K_0001045810-21-000160_nvda-20211117.htm,0,485,"0001045810 false 0001045810 2021-11-17 2021-11-17 SECURITIES AND EXCHANGE COMMISSION WASHINGTON, DC 20549 PURSUANT TO SECTION 13 OR 15(d) OF THE SECURITIES EXCHANGE ACT OF 1934 Date of Report (Date of earliest event reported): November 17, 2021 NVIDIA CORP ORATION 2788 San Tomas Expressway , Santa Clara , CA 95051 (Address of principal executive offices) (Zip Code) Registrant’s telephone number, including area code: ( 408 ) 486-2000 (Former name or former address, if changed since last report) Check the appropriate box below if the Form 8-K filing is intended to simultaneously satisfy the filing obligation of the registrant under any of the following provisions: ☐ Written communications pursuant to Rule 425 under the Securities Act (17 CFR 230.425) ☐ Soliciting material pursuant to Rule 14a-12 under the Exchange Act (17 CFR 240.14a-12) ☐ Pre-commencement communications pursuant to Rule 14d-2(b) under the Exchange Act (17 CFR 240.14d-2(b)) ☐ Pre-commencement communications pursuant to Rule 13e-4(c) under the Exchange Act (17 CFR 240.13e-4(c)) Securities registered pursuant to Section 12(b) of the Act: Indicate by check mark whether the registrant is an emerging growth company as defined in Rule 405 of the Securities Act of 1933 (§230.405 of this chapter) or Rule 12b-2 of the Securities Exchange Act of 1934 (§240.12b-2 of this chapter). Emerging Growth Company ☐ If an emerging growth company, indicate by check mark if the registrant has elected not to use the extended transition period for complying with any new or revised financial accounting standards provided pursuant to Section 13(a) of the Exchange Act. ☐ Item 2.02 Results of Operations and Financial Condition. On November 17, 2021, NVIDIA Corporation, or the Company, issued a press release announcing its results for the quarter ended October 31, 2021. The press release is attached as Exhibit 99.1 and is incorporated herein by reference. Attached hereto as Exhibit 99.2 and incorporated by reference herein is financial information and commentary by Colette M. Kress, Executive Vice President and Chief Financial Officer of the Company, regarding results of the quarter ended October 31, 2021, or the CFO Commentary. The CFO Commentary will be posted to http://investor.nvidia.com immediately after the filing of this Current Report. The press release and CFO Commentary are furnished and shall not be deemed ""filed"" for purposes of Section 18 of the Securities Exchange Act of 1934, as amended, or subject to the liabilities of that Section or Sections 11 and 12(a)(2) of the Securities Act of 1933, as amended. The information in this Current Report shall not be incorporated by reference in any filing with the U.S. Securities and Exchange Commission made by the Company, whether made before or after the date hereof, regardless of any general incorporation language in such filing. Item 9.01. Financial Statements and Exhibits. Pursuant to the requirements of the Securities Exchange Act of 1934, the registrant has duly caused this report to be signed on its behalf by the undersigned hereunto duly authorized."
NVDA_8-K_2022-02-08_0000,NVDA,8-K,2022-02-08,NVDA_8-K_0001045810-22-000005_nvda-20220208.htm,0,459,"0001045810 false 0001045810 2022-02-08 2022-02-08 SECURITIES AND EXCHANGE COMMISSION WASHINGTON, DC 20549 PURSUANT TO SECTION 13 OR 15(d) OF THE SECURITIES EXCHANGE ACT OF 1934 Date of Report (Date of earliest event reported): February 8, 2022 NVIDIA CORP ORATION 2788 San Tomas Expressway , Santa Clara , CA 95051 (Address of principal executive offices) (Zip Code) Registrant’s telephone number, including area code: ( 408 ) 486-2000 (Former name or former address, if changed since last report) Check the appropriate box below if the Form 8-K filing is intended to simultaneously satisfy the filing obligation of the registrant under any of the following provisions: ☐ Written communications pursuant to Rule 425 under the Securities Act (17 CFR 230.425) ☐ Soliciting material pursuant to Rule 14a-12 under the Exchange Act (17 CFR 240.14a-12) ☐ Pre-commencement communications pursuant to Rule 14d-2(b) under the Exchange Act (17 CFR 240.14d-2(b)) ☐ Pre-commencement communications pursuant to Rule 13e-4(c) under the Exchange Act (17 CFR 240.13e-4(c)) Securities registered pursuant to Section 12(b) of the Act: Indicate by check mark whether the registrant is an emerging growth company as defined in Rule 405 of the Securities Act of 1933 (§230.405 of this chapter) or Rule 12b-2 of the Securities Exchange Act of 1934 (§240.12b-2 of this chapter). Emerging Growth Company ☐ If an emerging growth company, indicate by check mark if the registrant has elected not to use the extended transition period for complying with any new or revised financial accounting standards provided pursuant to Section 13(a) of the Exchange Act. ☐ Item 1.02 Termination of a Material Definitive Agreement . On February 8, 2022, NVIDIA Corporation (the “Company”), SoftBank Group Capital Limited (“SoftBank”) and SVF Holdco (UK) Limited (together with SoftBank, the “Sellers”) mutually terminated the Share Purchase Agreement (the “Purchase Agreement”), dated as of September 13, 2020, by and among the Company, NVIDIA International Holdings Inc., the Sellers and Arm Limited. The material terms of the Purchase Agreement were previously disclosed on a Form 8-K filed by the Company with the U.S. Securities and Exchange Commission on September 1 4 , 2020 . The parties agreed to terminate the Purchase Agreement because of significant regulatory challenges preventing the consummation of the transaction.  In accordance with the terms of the Purchase Agreement, the Sellers will retain the $1.25 billion prepaid by the Company, and the Company will retain its 20-year Arm license. The Company intends to record a $1.36 billion charge in the first quarter of fiscal year 2023, inclusive of the $1.25 billion prepayment provided at signing, due to the termination of the Purchase Agreement. Pursuant to the requirements of the Securities Exchange Act of 1934, the registrant has duly caused this report to be signed on its behalf by the undersigned hereunto duly authorized."
NVDA_8-K_2022-02-16_0000,NVDA,8-K,2022-02-16,NVDA_8-K_0001045810-22-000008_nvda-20220216.htm,0,491,"0001045810 false 0001045810 2022-02-16 2022-02-16 SECURITIES AND EXCHANGE COMMISSION WASHINGTON, DC 20549 PURSUANT TO SECTION 13 OR 15(d) OF THE SECURITIES EXCHANGE ACT OF 1934 Date of Report (Date of earliest event reported): February 16, 2022 NVIDIA CORP ORATION 2788 San Tomas Expressway , Santa Clara , CA 95051 (Address of principal executive offices) (Zip Code) Registrant’s telephone number, including area code: ( 408 ) 486-2000 (Former name or former address, if changed since last report) Check the appropriate box below if the Form 8-K filing is intended to simultaneously satisfy the filing obligation of the registrant under any of the following provisions: ☐ Written communications pursuant to Rule 425 under the Securities Act (17 CFR 230.425) ☐ Soliciting material pursuant to Rule 14a-12 under the Exchange Act (17 CFR 240.14a-12) ☐ Pre-commencement communications pursuant to Rule 14d-2(b) under the Exchange Act (17 CFR 240.14d-2(b)) ☐ Pre-commencement communications pursuant to Rule 13e-4(c) under the Exchange Act (17 CFR 240.13e-4(c)) Securities registered pursuant to Section 12(b) of the Act: Indicate by check mark whether the registrant is an emerging growth company as defined in Rule 405 of the Securities Act of 1933 (§230.405 of this chapter) or Rule 12b-2 of the Securities Exchange Act of 1934 (§240.12b-2 of this chapter). Emerging Growth Company ☐ If an emerging growth company, indicate by check mark if the registrant has elected not to use the extended transition period for complying with any new or revised financial accounting standards provided pursuant to Section 13(a) of the Exchange Act. ☐ Item 2.02 Results of Operations and Financial Condition. On February 16, 2022, NVIDIA Corporation, or the Company, issued a press release announcing its results for the quarter and fiscal year ended January 30, 2022. The press release is attached as Exhibit 99.1 and is incorporated herein by reference. Attached hereto as Exhibit 99.2 and incorporated by reference herein is financial information and commentary by Colette M. Kress, Executive Vice President and Chief Financial Officer of the Company, regarding results of the quarter and fiscal year ended January 30, 2022, or the CFO Commentary. The CFO Commentary will be posted to http://investor.nvidia.com immediately after the filing of this Current Report. The press release and CFO Commentary are furnished and shall not be deemed ""filed"" for purposes of Section 18 of the Securities Exchange Act of 1934, as amended, or subject to the liabilities of that Section or Sections 11 and 12(a)(2) of the Securities Act of 1933, as amended. The information in this Current Report shall not be incorporated by reference in any filing with the U.S. Securities and Exchange Commission made by the Company, whether made before or after the date hereof, regardless of any general incorporation language in such filing. Item 9.01. Financial Statements and Exhibits. Pursuant to the requirements of the Securities Exchange Act of 1934, the registrant has duly caused this report to be signed on its behalf by the undersigned hereunto duly authorized."
NVDA_8-K_2022-03-09_0000,NVDA,8-K,2022-03-09,NVDA_8-K_0001045810-22-000023_nvda-20220303.htm,0,774,"0001045810 false 01/29 0001045810 2022-03-03 2022-03-03 0001045810 2023-01-29 2023-01-29 SECURITIES AND EXCHANGE COMMISSION WASHINGTON, DC 20549 PURSUANT TO SECTION 13 OR 15(d) OF THE SECURITIES EXCHANGE ACT OF 1934 Date of Report (Date of earliest event reported): March 3, 2022 NVIDIA CORP ORATION 2788 San Tomas Expressway , Santa Clara , CA 95051 (Address of principal executive offices) (Zip Code) Registrant’s telephone number, including area code: ( 408 ) 486-2000 (Former name or former address, if changed since last report) Check the appropriate box below if the Form 8-K filing is intended to simultaneously satisfy the filing obligation of the registrant under any of the following provisions: ☐ Written communications pursuant to Rule 425 under the Securities Act (17 CFR 230.425) ☐ Soliciting material pursuant to Rule 14a-12 under the Exchange Act (17 CFR 240.14a-12) ☐ Pre-commencement communications pursuant to Rule 14d-2(b) under the Exchange Act (17 CFR 240.14d-2(b)) ☐ Pre-commencement communications pursuant to Rule 13e-4(c) under the Exchange Act (17 CFR 240.13e-4(c)) Securities registered pursuant to Section 12(b) of the Act: Indicate by check mark whether the registrant is an emerging growth company as defined in Rule 405 of the Securities Act of 1933 (§230.405 of this chapter) or Rule 12b-2 of the Securities Exchange Act of 1934 (§240.12b-2 of this chapter). Emerging Growth Company ☐ If an emerging growth company, indicate by check mark if the registrant has elected not to use the extended transition period for complying with any new or revised financial accounting standards provided pursuant to Section 13(a) of the Exchange Act. ☐ Item 5.02. Departure of Directors or Certain Officers; Election of Directors; Appointment of Certain Officers; Compensatory Arrangements of Certain Officers. Adoption of Fiscal Year 2023 Variable Compensation Plan On March 3, 2022, the Compensation Committee of the Board of Directors, or the Board, of NVIDIA Corporation, or the Company, adopted the Variable Compensation Plan for Fiscal Year 2023, or the 2023 Plan, which provides eligible executive officers the opportunity to earn a variable cash payment based on the level of achievement by the Company of certain corporate performance goals, or the Performance Goals, during fiscal year 2023. The Company operates on a fiscal year ending on the last Sunday in January and designates its fiscal year by the year in which that fiscal year ends. Fiscal year 2023 refers to the Company’s fiscal year ending January 29, 2023. The Compensation Committee has set the Performance Goals for fiscal year 2023 based upon the achievement of specified fiscal year 2023 revenue and has established threshold, base operating plan, and stretch operating plan levels. An eligible participant’s variable cash compensation under the 2023 Plan will be based on the achievement by the Company of the Performance Goals in fiscal year 2023. Unless otherwise determined by the Compensation Committee, a participant must remain an employee through the payment date under the 2023 Plan to be eligible to earn an award. The following table sets forth the respective target award opportunities for base operating plan achievement for the Company’s named executive officers under the 2023 Plan: The foregoing description is subject to, and qualified in its entirety by, the 2023 Plan, which is filed with this report as Exhibit 10.1 and is incorporated herein by reference. Item 5.03. Amendments to Articles of Incorporation or Bylaws; Change in Fiscal Year. (a) Amendment to Bylaws On March 3, 2022, the Board amended and restated the Company’s Bylaws, or the Restated Bylaws, to implement a majority vote standard for the election of directors in uncontested director elections, with a plurality vote standard applying to contested director elections. Under the Restated Bylaws, a majority of the votes cast means that the number of shares voted “for” a director must exceed the number of votes cast as “against” that director. “Abstentions” and “broker non-votes” with respect to that director’s election will not be counted as votes cast. Prior to this amendment and restatement, the election of directors was subject to a plurality vote standard, provided that any director nominee who did not receive the necessary votes was required to submit his or her offer of resignation to the Board, which then determined whether to accept or reject such resignation based on all relevant facts and circumstances. These resignation provisions remain unchanged in the Restated Bylaws. The Restated Bylaws became effective immediately upon adoption by the Board. The foregoing description is only a summary of the changes made to the Restated Bylaws and is subject to, and qualified in its entirety by, the Restated Bylaws, which are filed with this report as Exhibit 3.1 and are incorporated herein by reference. Item 9.01. Financial Statements and Exhibits."
NVDA_8-K_2022-03-09_0001,NVDA,8-K,2022-03-09,NVDA_8-K_0001045810-22-000023_nvda-20220303.htm,1,180,"cast as “against” that director. “Abstentions” and “broker non-votes” with respect to that director’s election will not be counted as votes cast. Prior to this amendment and restatement, the election of directors was subject to a plurality vote standard, provided that any director nominee who did not receive the necessary votes was required to submit his or her offer of resignation to the Board, which then determined whether to accept or reject such resignation based on all relevant facts and circumstances. These resignation provisions remain unchanged in the Restated Bylaws. The Restated Bylaws became effective immediately upon adoption by the Board. The foregoing description is only a summary of the changes made to the Restated Bylaws and is subject to, and qualified in its entirety by, the Restated Bylaws, which are filed with this report as Exhibit 3.1 and are incorporated herein by reference. Item 9.01. Financial Statements and Exhibits. Pursuant to the requirements of the Securities Exchange Act of 1934, the registrant has duly caused this report to be signed on its behalf by the undersigned hereunto duly authorized."
NVDA_8-K_2022-05-25_0000,NVDA,8-K,2022-05-25,NVDA_8-K_0001045810-22-000073_nvda-20220525.htm,0,485,"0001045810 false 0001045810 2022-05-25 2022-05-25 SECURITIES AND EXCHANGE COMMISSION WASHINGTON, DC 20549 PURSUANT TO SECTION 13 OR 15(d) OF THE SECURITIES EXCHANGE ACT OF 1934 Date of Report (Date of earliest event reported): May 25, 2022 NVIDIA CORP ORATION 2788 San Tomas Expressway , Santa Clara , CA 95051 (Address of principal executive offices) (Zip Code) Registrant’s telephone number, including area code: ( 408 ) 486-2000 (Former name or former address, if changed since last report) Check the appropriate box below if the Form 8-K filing is intended to simultaneously satisfy the filing obligation of the registrant under any of the following provisions: ☐ Written communications pursuant to Rule 425 under the Securities Act (17 CFR 230.425) ☐ Soliciting material pursuant to Rule 14a-12 under the Exchange Act (17 CFR 240.14a-12) ☐ Pre-commencement communications pursuant to Rule 14d-2(b) under the Exchange Act (17 CFR 240.14d-2(b)) ☐ Pre-commencement communications pursuant to Rule 13e-4(c) under the Exchange Act (17 CFR 240.13e-4(c)) Securities registered pursuant to Section 12(b) of the Act: Indicate by check mark whether the registrant is an emerging growth company as defined in Rule 405 of the Securities Act of 1933 (§230.405 of this chapter) or Rule 12b-2 of the Securities Exchange Act of 1934 (§240.12b-2 of this chapter). Emerging Growth Company ☐ If an emerging growth company, indicate by check mark if the registrant has elected not to use the extended transition period for complying with any new or revised financial accounting standards provided pursuant to Section 13(a) of the Exchange Act. ☐ Item 2.02 Results of Operations and Financial Condition. On May 25, 2022, NVIDIA Corporation, or the Company, issued a press release announcing its results for the quarter ended May 1, 2022. The press release is attached as Exhibit 99.1 and is incorporated herein by reference. Attached hereto as Exhibit 99.2 and incorporated by reference herein is financial information and commentary by Colette M. Kress, Executive Vice President and Chief Financial Officer of the Company, regarding results of the quarter ended May 1, 2022, or the CFO Commentary. The CFO Commentary will be posted to http://investor.nvidia.com immediately after the filing of this Current Report. The press release and CFO Commentary are furnished and shall not be deemed ""filed"" for purposes of Section 18 of the Securities Exchange Act of 1934, as amended, or subject to the liabilities of that Section or Sections 11 and 12(a)(2) of the Securities Act of 1933, as amended. The information in this Current Report shall not be incorporated by reference in any filing with the U.S. Securities and Exchange Commission made by the Company, whether made before or after the date hereof, regardless of any general incorporation language in such filing. Item 9.01. Financial Statements and Exhibits. Pursuant to the requirements of the Securities Exchange Act of 1934, the registrant has duly caused this report to be signed on its behalf by the undersigned hereunto duly authorized."
NVDA_8-K_2022-06-06_0000,NVDA,8-K,2022-06-06,NVDA_8-K_0001045810-22-000088_nvda-20220602.htm,0,743,"0001045810 false 01/29 0001045810 2022-06-02 2022-06-02 0001045810 2023-01-29 2023-01-29 SECURITIES AND EXCHANGE COMMISSION WASHINGTON, DC 20549 PURSUANT TO SECTION 13 OR 15(d) OF THE SECURITIES EXCHANGE ACT OF 1934 Date of Report (Date of earliest event reported): June 2, 2022 NVIDIA CORP ORATION 2788 San Tomas Expressway , Santa Clara , CA 95051 (Address of principal executive offices) (Zip Code) Registrant’s telephone number, including area code: ( 408 ) 486-2000 (Former name or former address, if changed since last report) Check the appropriate box below if the Form 8-K filing is intended to simultaneously satisfy the filing obligation of the registrant under any of the following provisions: ☐ Written communications pursuant to Rule 425 under the Securities Act (17 CFR 230.425) ☐ Soliciting material pursuant to Rule 14a-12 under the Exchange Act (17 CFR 240.14a-12) ☐ Pre-commencement communications pursuant to Rule 14d-2(b) under the Exchange Act (17 CFR 240.14d-2(b)) ☐ Pre-commencement communications pursuant to Rule 13e-4(c) under the Exchange Act (17 CFR 240.13e-4(c)) Securities registered pursuant to Section 12(b) of the Act: Indicate by check mark whether the registrant is an emerging growth company as defined in Rule 405 of the Securities Act of 1933 (§230.405 of this chapter) or Rule 12b-2 of the Securities Exchange Act of 1934 (§240.12b-2 of this chapter). Emerging Growth Company ☐ If an emerging growth company, indicate by check mark if the registrant has elected not to use the extended transition period for complying with any new or revised financial accounting standards provided pursuant to Section 13(a) of the Exchange Act. ☐ Item 5.02. Departure of Directors or Certain Officers; Election of Directors; Appointment of Certain Officers; Compensatory Arrangements of Certain Officers. Amendment and Restatement of Amended and Restated 2007 Equity Incentive Plan On June 2, 2022, at the 2022 Annual Meeting of Stockholders of NVIDIA Corporation, or the 2022 Annual Meeting, our stockholders approved an amendment and restatement of our Amended and Restated 2007 Equity Incentive Plan, or the 2007 Plan, to increase the available share reserve by 51,500,000 shares as described in our definitive proxy statement for the 2022 Annual Meeting filed with the Securities and Exchange Commission on April 19, 2022, or the Proxy Statement. The 2007 Plan previously had been approved, subject to stockholder approval, by the Compensation Committee of the Board of Directors of NVIDIA Corporation. A summary of the 2007 Plan is set forth in our Proxy Statement. That summary and the foregoing description of the 2007 Plan are qualified in their entirety by reference to the text of the 2007 Plan, which is filed as Exhibit 10.1 to this Current Report on Form 8-K. Item 5.03. Amendments to Articles of Incorporation or Bylaws; Change in Fiscal Year. (a) Amendment to Certificate of Incorporation On June 2, 2022, at the 2022 Annual Meeting, our stockholders approved an amendment to our Restated Certificate of Incorporation, or the Amendment, to increase the number of authorized shares of common stock from 4 billion to 8 billion. The Amendment, which was filed with the Secretary of State of the State of Delaware on June 6, 2022, is filed as Exhibit 3.1 to this Current Report on Form 8-K. Item 5.07. Submission of Matters to a Vote of Security Holders. On June 2, 2022, at the 2022 Annual Meeting, the following proposals were adopted by the margin indicated. Proxies for the 2022 Annual Meeting were solicited pursuant to Section 14(a) of the Securities Exchange Act of 1934, as amended, and there was no solicitation in opposition of management’s solicitation. 1.    Stockholders approved the election of each of our thirteen (13) directors to serve for a one-year term until our 2023 Annual Meeting of Stockholders. The results of the voting were as follows: 2.    Stockholders approved, on an advisory basis, the compensation of our named executive officers as disclosed in the Proxy Statement. The results of the voting were as follows: 3.    Stockholders approved the ratification of the appointment of PricewaterhouseCoopers LLP as our independent registered accounting firm for our fiscal year ending January 29, 2023. The results of the voting were as follows: 4.    Stockholders approved the Amendment. The results of the voting were as follows: 5.    Stockholders approved the 2007 Plan. The results of the voting were as follows: Item 9.01    Financial Statements and Exhibits. Pursuant to the requirements of the Securities Exchange Act of 1934, the registrant has duly caused this report to be signed on its behalf by the undersigned hereunto duly authorized."
NVDA_8-K_2022-08-08_0000,NVDA,8-K,2022-08-08,NVDA_8-K_0001045810-22-000133_nvda-20220808.htm,0,427,"0001045810 false 0001045810 2022-08-08 2022-08-08 SECURITIES AND EXCHANGE COMMISSION WASHINGTON, DC 20549 PURSUANT TO SECTION 13 OR 15(d) OF THE SECURITIES EXCHANGE ACT OF 1934 Date of Report (Date of earliest event reported): August 8, 2022 NVIDIA CORP ORATION 2788 San Tomas Expressway , Santa Clara , CA 95051 (Address of principal executive offices) (Zip Code) Registrant’s telephone number, including area code: ( 408 ) 486-2000 (Former name or former address, if changed since last report) Check the appropriate box below if the Form 8-K filing is intended to simultaneously satisfy the filing obligation of the registrant under any of the following provisions: ☐ Written communications pursuant to Rule 425 under the Securities Act (17 CFR 230.425) ☐ Soliciting material pursuant to Rule 14a-12 under the Exchange Act (17 CFR 240.14a-12) ☐ Pre-commencement communications pursuant to Rule 14d-2(b) under the Exchange Act (17 CFR 240.14d-2(b)) ☐ Pre-commencement communications pursuant to Rule 13e-4(c) under the Exchange Act (17 CFR 240.13e-4(c)) Securities registered pursuant to Section 12(b) of the Act: Indicate by check mark whether the registrant is an emerging growth company as defined in Rule 405 of the Securities Act of 1933 (§230.405 of this chapter) or Rule 12b-2 of the Securities Exchange Act of 1934 (§240.12b-2 of this chapter). Emerging Growth Company ☐ If an emerging growth company, indicate by check mark if the registrant has elected not to use the extended transition period for complying with any new or revised financial accounting standards provided pursuant to Section 13(a) of the Exchange Act. ☐ Item 2.02 Results of Operations and Financial Condition. On August 8, 2022, NVIDIA Corporation, or the Company, issued a press release announcing selected preliminary financial results for the second quarter ended July 31, 2022. The press release is attached as Exhibit 99.1 and is incorporated herein by reference. The press release is furnished and shall not be deemed ""filed"" for purposes of Section 18 of the Securities Exchange Act of 1934, as amended, or subject to the liabilities of that Section or Sections 11 and 12(a)(2) of the Securities Act of 1933, as amended. The information in this Current Report shall not be incorporated by reference in any filing with the U.S. Securities and Exchange Commission made by the Company, whether made before or after the date hereof, regardless of any general incorporation language in such filing. Item 9.01. Financial Statements and Exhibits. Pursuant to the requirements of the Securities Exchange Act of 1934, the registrant has duly caused this report to be signed on its behalf by the undersigned hereunto duly authorized."
NVDA_8-K_2022-08-24_0000,NVDA,8-K,2022-08-24,NVDA_8-K_0001045810-22-000136_nvda-20220824.htm,0,485,"0001045810 false 0001045810 2022-08-24 2022-08-24 SECURITIES AND EXCHANGE COMMISSION WASHINGTON, DC 20549 PURSUANT TO SECTION 13 OR 15(d) OF THE SECURITIES EXCHANGE ACT OF 1934 Date of Report (Date of earliest event reported): August 24, 2022 NVIDIA CORP ORATION 2788 San Tomas Expressway , Santa Clara , CA 95051 (Address of principal executive offices) (Zip Code) Registrant’s telephone number, including area code: ( 408 ) 486-2000 (Former name or former address, if changed since last report) Check the appropriate box below if the Form 8-K filing is intended to simultaneously satisfy the filing obligation of the registrant under any of the following provisions: ☐ Written communications pursuant to Rule 425 under the Securities Act (17 CFR 230.425) ☐ Soliciting material pursuant to Rule 14a-12 under the Exchange Act (17 CFR 240.14a-12) ☐ Pre-commencement communications pursuant to Rule 14d-2(b) under the Exchange Act (17 CFR 240.14d-2(b)) ☐ Pre-commencement communications pursuant to Rule 13e-4(c) under the Exchange Act (17 CFR 240.13e-4(c)) Securities registered pursuant to Section 12(b) of the Act: Indicate by check mark whether the registrant is an emerging growth company as defined in Rule 405 of the Securities Act of 1933 (§230.405 of this chapter) or Rule 12b-2 of the Securities Exchange Act of 1934 (§240.12b-2 of this chapter). Emerging Growth Company ☐ If an emerging growth company, indicate by check mark if the registrant has elected not to use the extended transition period for complying with any new or revised financial accounting standards provided pursuant to Section 13(a) of the Exchange Act. ☐ Item 2.02 Results of Operations and Financial Condition. On August 24, 2022, NVIDIA Corporation, or the Company, issued a press release announcing its results for the quarter ended July 31, 2022. The press release is attached as Exhibit 99.1 and is incorporated herein by reference. Attached hereto as Exhibit 99.2 and incorporated by reference herein is financial information and commentary by Colette M. Kress, Executive Vice President and Chief Financial Officer of the Company, regarding results of the quarter ended July 31, 2022, or the CFO Commentary. The CFO Commentary will be posted to http://investor.nvidia.com immediately after the filing of this Current Report. The press release and CFO Commentary are furnished and shall not be deemed ""filed"" for purposes of Section 18 of the Securities Exchange Act of 1934, as amended, or subject to the liabilities of that Section or Sections 11 and 12(a)(2) of the Securities Act of 1933, as amended. The information in this Current Report shall not be incorporated by reference in any filing with the U.S. Securities and Exchange Commission made by the Company, whether made before or after the date hereof, regardless of any general incorporation language in such filing. Item 9.01. Financial Statements and Exhibits. Pursuant to the requirements of the Securities Exchange Act of 1934, the registrant has duly caused this report to be signed on its behalf by the undersigned hereunto duly authorized."
NVDA_8-K_2022-08-31_0000,NVDA,8-K,2022-08-31,NVDA_8-K_0001045810-22-000146_nvda-20220826.htm,0,628,"0001045810 false 0001045810 2022-08-26 2022-08-26 SECURITIES AND EXCHANGE COMMISSION WASHINGTON, DC 20549 PURSUANT TO SECTION 13 OR 15(d) OF THE SECURITIES EXCHANGE ACT OF 1934 Date of Report (Date of earliest event reported): August 26, 2022 NVIDIA CORP ORATION 2788 San Tomas Expressway , Santa Clara , CA 95051 (Address of principal executive offices) (Zip Code) Registrant’s telephone number, including area code: ( 408 ) 486-2000 (Former name or former address, if changed since last report) Check the appropriate box below if the Form 8-K filing is intended to simultaneously satisfy the filing obligation of the registrant under any of the following provisions: ☐ Written communications pursuant to Rule 425 under the Securities Act (17 CFR 230.425) ☐ Soliciting material pursuant to Rule 14a-12 under the Exchange Act (17 CFR 240.14a-12) ☐ Pre-commencement communications pursuant to Rule 14d-2(b) under the Exchange Act (17 CFR 240.14d-2(b)) ☐ Pre-commencement communications pursuant to Rule 13e-4(c) under the Exchange Act (17 CFR 240.13e-4(c)) Securities registered pursuant to Section 12(b) of the Act: Indicate by check mark whether the registrant is an emerging growth company as defined in Rule 405 of the Securities Act of 1933 (§230.405 of this chapter) or Rule 12b-2 of the Securities Exchange Act of 1934 (§240.12b-2 of this chapter). Emerging Growth Company ☐ If an emerging growth company, indicate by check mark if the registrant has elected not to use the extended transition period for complying with any new or revised financial accounting standards provided pursuant to Section 13(a) of the Exchange Act. ☐ Item 8.01    Other Events On August 26, 2022, the U.S. government, or USG, informed NVIDIA Corporation, or the Company, that the USG has imposed a new license requirement, effective immediately, for any future export to China (including Hong Kong) and Russia of the Company’s A100 and forthcoming H100 integrated circuits. DGX or any other systems which incorporate A100 or H100 integrated circuits and the A100X are also covered by the new license requirement. The license requirement also includes any future NVIDIA integrated circuit achieving both peak performance and chip-to-chip I/O performance equal to or greater than thresholds that are roughly equivalent to the A100, as well as any system that includes those circuits. A license is required to export technology to support or develop covered products. The USG indicated that the new license requirement will address the risk that the covered products may be used in, or diverted to, a ‘military end use’ or ‘military end user’ in China and Russia. The Company does not sell products to customers in Russia. The new license requirement may impact the Company's ability to complete its development of H100 in a timely manner or support existing customers of A100 and may require the Company to transition certain operations out of China. The Company is engaged with the USG and is seeking exemptions for the Company’s internal development and support activities. In addition, the Company is engaging with customers in China and is seeking to satisfy their planned or future purchases of the Company’s Data Center products with products not subject to the new license requirement. To the extent that a customer requires products covered by the new license requirement, the Company may seek a license for the customer but has no assurance that the USG will grant any exemptions or licenses for any customer, or that the USG will act on them in a timely manner. The Company’s outlook for its third fiscal quarter provided on August 24, 2022 included approximately $400 million in potential sales to China which may be subject to the new license requirement if customers do not want to purchase the Company’s alternative product offerings or if the USG does not grant licenses in a timely manner or denies licenses to significant customers."
NVDA_8-K_2022-08-31_0001,NVDA,8-K,2022-08-31,NVDA_8-K_0001045810-22-000146_nvda-20220826.htm,1,470,"and support activities. In addition, the Company is engaging with customers in China and is seeking to satisfy their planned or future purchases of the Company’s Data Center products with products not subject to the new license requirement. To the extent that a customer requires products covered by the new license requirement, the Company may seek a license for the customer but has no assurance that the USG will grant any exemptions or licenses for any customer, or that the USG will act on them in a timely manner. The Company’s outlook for its third fiscal quarter provided on August 24, 2022 included approximately $400 million in potential sales to China which may be subject to the new license requirement if customers do not want to purchase the Company’s alternative product offerings or if the USG does not grant licenses in a timely manner or denies licenses to significant customers. Certain statements in this Current Report on Form 8-K including statements regarding the Company’s financial outlook for the third quarter of fiscal 2023; the Company’s engagement with the USG seeking exemptions for the Company’s internal development and support activities; the Company’s intent to seek licenses for sales to customers of products subject to the new license requirement; and the Company’s engagement with customers to satisfy their planned purchases of the Company’s Data Center products with products not subject to the new license requirement are forward-looking statements that are subject to risks and uncertainties that could cause results to be materially different than expectations. Important factors that could cause actual results to differ materially include: global economic conditions; our reliance on third parties to manufacture, assemble, package and test our products; the impact of technological development and competition; development of new products and technologies or enhancements to our existing product and technologies; market acceptance of our products or our partners’ products; design, manufacturing or software defects; changes in consumer preferences or demands; changes in industry standards and interfaces; unexpected loss of performance of our products or technologies when integrated into systems; as well as other factors detailed from time to time in the most recent reports NVIDIA files with the Securities and Exchange Commission, or SEC, including, but not limited to, its annual report on Form 10-K and quarterly reports on Form 10-Q. Copies of reports filed with the SEC are posted on the company’s website and are available from NVIDIA without charge. These forward-looking statements are not guarantees of future performance and speak only as of the date hereof, and, except as required by law, NVIDIA disclaims any obligation to update these forward-looking statements to reflect future events or circumstances. Pursuant to the requirements of the Securities Exchange Act of 1934, the registrant has duly caused this report to be signed on its behalf by the undersigned hereunto duly authorized."
NVDA_8-K_2022-09-01_0000,NVDA,8-K,2022-09-01,NVDA_8-K_0001045810-22-000151_nvda-20220831.htm,0,376,"0001045810 false 0001045810 2022-08-31 2022-08-31 SECURITIES AND EXCHANGE COMMISSION WASHINGTON, DC 20549 PURSUANT TO SECTION 13 OR 15(d) OF THE SECURITIES EXCHANGE ACT OF 1934 Date of Report (Date of earliest event reported): August 31, 2022 NVIDIA CORP ORATION 2788 San Tomas Expressway , Santa Clara , CA 95051 (Address of principal executive offices) (Zip Code) Registrant’s telephone number, including area code: ( 408 ) 486-2000 (Former name or former address, if changed since last report) Check the appropriate box below if the Form 8-K filing is intended to simultaneously satisfy the filing obligation of the registrant under any of the following provisions: ☐ Written communications pursuant to Rule 425 under the Securities Act (17 CFR 230.425) ☐ Soliciting material pursuant to Rule 14a-12 under the Exchange Act (17 CFR 240.14a-12) ☐ Pre-commencement communications pursuant to Rule 14d-2(b) under the Exchange Act (17 CFR 240.14d-2(b)) ☐ Pre-commencement communications pursuant to Rule 13e-4(c) under the Exchange Act (17 CFR 240.13e-4(c)) Securities registered pursuant to Section 12(b) of the Act: Indicate by check mark whether the registrant is an emerging growth company as defined in Rule 405 of the Securities Act of 1933 (§230.405 of this chapter) or Rule 12b-2 of the Securities Exchange Act of 1934 (§240.12b-2 of this chapter). Emerging Growth Company ☐ If an emerging growth company, indicate by check mark if the registrant has elected not to use the extended transition period for complying with any new or revised financial accounting standards provided pursuant to Section 13(a) of the Exchange Act. ☐ Item 8.01    Other Events The U.S. government has authorized exports, reexports, and in-country transfers needed to continue NVIDIA Corporation’s, or the Company’s, development of H100 integrated circuits after the Company filed its Current Report on Form 8-K with the U.S. Securities and Exchange Commission on August 31, 2022. The authorization also allows the Company to perform exports needed to provide support for U.S. customers of A100 through March 1, 2023. Additionally, the U.S. government authorized A100 and H100 order fulfillment and logistics through the Company’s Hong Kong facility through September 1, 2023. Pursuant to the requirements of the Securities Exchange Act of 1934, the registrant has duly caused this report to be signed on its behalf by the undersigned hereunto duly authorized."
NVDA_8-K_2022-11-16_0000,NVDA,8-K,2022-11-16,NVDA_8-K_0001045810-22-000163_nvda-20221116.htm,0,485,"0001045810 false 0001045810 2022-11-16 2022-11-16 SECURITIES AND EXCHANGE COMMISSION WASHINGTON, DC 20549 PURSUANT TO SECTION 13 OR 15(d) OF THE SECURITIES EXCHANGE ACT OF 1934 Date of Report (Date of earliest event reported): November 16, 2022 NVIDIA CORP ORATION 2788 San Tomas Expressway , Santa Clara , CA 95051 (Address of principal executive offices) (Zip Code) Registrant’s telephone number, including area code: ( 408 ) 486-2000 (Former name or former address, if changed since last report) Check the appropriate box below if the Form 8-K filing is intended to simultaneously satisfy the filing obligation of the registrant under any of the following provisions: ☐ Written communications pursuant to Rule 425 under the Securities Act (17 CFR 230.425) ☐ Soliciting material pursuant to Rule 14a-12 under the Exchange Act (17 CFR 240.14a-12) ☐ Pre-commencement communications pursuant to Rule 14d-2(b) under the Exchange Act (17 CFR 240.14d-2(b)) ☐ Pre-commencement communications pursuant to Rule 13e-4(c) under the Exchange Act (17 CFR 240.13e-4(c)) Securities registered pursuant to Section 12(b) of the Act: Indicate by check mark whether the registrant is an emerging growth company as defined in Rule 405 of the Securities Act of 1933 (§230.405 of this chapter) or Rule 12b-2 of the Securities Exchange Act of 1934 (§240.12b-2 of this chapter). Emerging Growth Company ☐ If an emerging growth company, indicate by check mark if the registrant has elected not to use the extended transition period for complying with any new or revised financial accounting standards provided pursuant to Section 13(a) of the Exchange Act. ☐ Item 2.02 Results of Operations and Financial Condition. On November 16, 2022, NVIDIA Corporation, or the Company, issued a press release announcing its results for the quarter ended October 30, 2022. The press release is attached as Exhibit 99.1 and is incorporated herein by reference. Attached hereto as Exhibit 99.2 and incorporated by reference herein is financial information and commentary by Colette M. Kress, Executive Vice President and Chief Financial Officer of the Company, regarding results of the quarter ended October 30, 2022, or the CFO Commentary. The CFO Commentary will be posted to http://investor.nvidia.com immediately after the filing of this Current Report. The press release and CFO Commentary are furnished and shall not be deemed ""filed"" for purposes of Section 18 of the Securities Exchange Act of 1934, as amended, or subject to the liabilities of that Section or Sections 11 and 12(a)(2) of the Securities Act of 1933, as amended. The information in this Current Report shall not be incorporated by reference in any filing with the U.S. Securities and Exchange Commission made by the Company, whether made before or after the date hereof, regardless of any general incorporation language in such filing. Item 9.01. Financial Statements and Exhibits. Pursuant to the requirements of the Securities Exchange Act of 1934, the registrant has duly caused this report to be signed on its behalf by the undersigned hereunto duly authorized."
NVDA_8-K_2023-02-22_0000,NVDA,8-K,2023-02-22,NVDA_8-K_0001045810-23-000014_nvda-20230222.htm,0,491,"0001045810 false 0001045810 2023-02-22 2023-02-22 SECURITIES AND EXCHANGE COMMISSION WASHINGTON, DC 20549 PURSUANT TO SECTION 13 OR 15(d) OF THE SECURITIES EXCHANGE ACT OF 1934 Date of Report (Date of earliest event reported): February 22, 2023 NVIDIA CORP ORATION 2788 San Tomas Expressway , Santa Clara , CA 95051 (Address of principal executive offices) (Zip Code) Registrant’s telephone number, including area code: ( 408 ) 486-2000 (Former name or former address, if changed since last report) Check the appropriate box below if the Form 8-K filing is intended to simultaneously satisfy the filing obligation of the registrant under any of the following provisions: ☐ Written communications pursuant to Rule 425 under the Securities Act (17 CFR 230.425) ☐ Soliciting material pursuant to Rule 14a-12 under the Exchange Act (17 CFR 240.14a-12) ☐ Pre-commencement communications pursuant to Rule 14d-2(b) under the Exchange Act (17 CFR 240.14d-2(b)) ☐ Pre-commencement communications pursuant to Rule 13e-4(c) under the Exchange Act (17 CFR 240.13e-4(c)) Securities registered pursuant to Section 12(b) of the Act: Indicate by check mark whether the registrant is an emerging growth company as defined in Rule 405 of the Securities Act of 1933 (§230.405 of this chapter) or Rule 12b-2 of the Securities Exchange Act of 1934 (§240.12b-2 of this chapter). Emerging Growth Company ☐ If an emerging growth company, indicate by check mark if the registrant has elected not to use the extended transition period for complying with any new or revised financial accounting standards provided pursuant to Section 13(a) of the Exchange Act. ☐ Item 2.02 Results of Operations and Financial Condition. On February 22, 2023, NVIDIA Corporation, or the Company, issued a press release announcing its results for the quarter and fiscal year ended January 29, 2023. The press release is attached as Exhibit 99.1 and is incorporated herein by reference. Attached hereto as Exhibit 99.2 and incorporated by reference herein is financial information and commentary by Colette M. Kress, Executive Vice President and Chief Financial Officer of the Company, regarding results of the quarter and fiscal year ended January 29, 2023, or the CFO Commentary. The CFO Commentary will be posted to http://investor.nvidia.com immediately after the filing of this Current Report. The press release and CFO Commentary are furnished and shall not be deemed ""filed"" for purposes of Section 18 of the Securities Exchange Act of 1934, as amended, or subject to the liabilities of that Section or Sections 11 and 12(a)(2) of the Securities Act of 1933, as amended. The information in this Current Report shall not be incorporated by reference in any filing with the U.S. Securities and Exchange Commission made by the Company, whether made before or after the date hereof, regardless of any general incorporation language in such filing. Item 9.01. Financial Statements and Exhibits. Pursuant to the requirements of the Securities Exchange Act of 1934, the registrant has duly caused this report to be signed on its behalf by the undersigned hereunto duly authorized."
NVDA_8-K_2023-03-08_0000,NVDA,8-K,2023-03-08,NVDA_8-K_0001045810-23-000039_nvda-20230302.htm,0,771,"0001045810 false 01/28 0001045810 2023-03-02 2023-03-02 SECURITIES AND EXCHANGE COMMISSION WASHINGTON, DC 20549 PURSUANT TO SECTION 13 OR 15(d) OF THE SECURITIES EXCHANGE ACT OF 1934 Date of Report (Date of earliest event reported): March 2, 2023 NVIDIA CORP ORATION 2788 San Tomas Expressway , Santa Clara , CA 95051 (Address of principal executive offices) (Zip Code) Registrant’s telephone number, including area code: ( 408 ) 486-2000 (Former name or former address, if changed since last report) Check the appropriate box below if the Form 8-K filing is intended to simultaneously satisfy the filing obligation of the registrant under any of the following provisions: ☐ Written communications pursuant to Rule 425 under the Securities Act (17 CFR 230.425) ☐ Soliciting material pursuant to Rule 14a-12 under the Exchange Act (17 CFR 240.14a-12) ☐ Pre-commencement communications pursuant to Rule 14d-2(b) under the Exchange Act (17 CFR 240.14d-2(b)) ☐ Pre-commencement communications pursuant to Rule 13e-4(c) under the Exchange Act (17 CFR 240.13e-4(c)) Securities registered pursuant to Section 12(b) of the Act: Indicate by check mark whether the registrant is an emerging growth company as defined in Rule 405 of the Securities Act of 1933 (§230.405 of this chapter) or Rule 12b-2 of the Securities Exchange Act of 1934 (§240.12b-2 of this chapter). Emerging Growth Company ☐ If an emerging growth company, indicate by check mark if the registrant has elected not to use the extended transition period for complying with any new or revised financial accounting standards provided pursuant to Section 13(a) of the Exchange Act. ☐ Item 5.02. Departure of Directors or Certain Officers; Election of Directors; Appointment of Certain Officers; Compensatory Arrangements of Certain Officers. Adoption of Fiscal Year 2024 Variable Compensation Plan On March 2, 2023, the Compensation Committee of the Board of Directors, or the Board, of NVIDIA Corporation, or the Company, adopted the Variable Compensation Plan for Fiscal Year 2024, or the 2024 Plan, which provides eligible executive officers the opportunity to earn a variable cash payment based on the level of achievement by the Company of certain corporate performance goals, or the Performance Goals, during fiscal year 2024. The Company operates on a fiscal year ending on the last Sunday in January and designates its fiscal year by the year in which that fiscal year ends. Fiscal year 2024 refers to the Company’s fiscal year ending January 28, 2024. The Compensation Committee has set the Performance Goals for fiscal year 2024 based upon the achievement of specified fiscal year 2024 revenue and has established threshold, base compensation plan, and stretch compensation plan levels. An eligible participant’s variable cash compensation under the 2024 Plan will be based on the achievement by the Company of the Performance Goals in fiscal year 2024. Unless otherwise determined by the Compensation Committee, a participant must remain an employee through the payment date under the 2024 Plan to be eligible to earn an award. The following table sets forth the respective target award opportunities for base compensation plan achievement for the Company’s named executive officers under the 2024 Plan: The foregoing description is subject to, and qualified in its entirety by, the 2024 Plan, which is filed with this report as Exhibit 10.1 and is incorporated herein by reference. Item 5.03. Amendments to Articles of Incorporation or Bylaws; Change in Fiscal Year. (a) Amendment to Bylaws On March 2, 2023, the Board of the Company amended and restated the Company’s Bylaws, or the Restated Bylaws, which became effective immediately upon adoption by the Board. Among other things, the Restated Bylaws update procedural mechanics and disclosure requirements in connection with stockholder nominations of directors and submissions of stockholder proposals regarding other business at stockholder meetings (other than nominations pursuant to the Company’s proxy access bylaws and proposals to be included in the Company’s proxy materials pursuant to Rule 14a-8 under the Securities and Exchange Act of 1934, as amended, or the Exchange Act), including by requiring: • additional background information and disclosures regarding proposing stockholders, proposed nominees and business, and other persons related to a stockholder’s solicitation of proxies; • any stockholder submitting a nomination notice to make a representation as to whether such stockholder intends to solicit proxies in support of director nominees other than the Company’s nominees in accordance with Rule 14a-19 under the Exchange Act and to timely provide reasonable evidence that certain requirements of such rule have been satisfied; • that disclosures included in a stockholder’s notice of nominations or proposals regarding other business be updated, if necessary, to be accurate both as of the stockholder meeting record date and as of five business days prior to the stockholder meeting;"
NVDA_8-K_2023-03-08_0001,NVDA,8-K,2023-03-08,NVDA_8-K_0001045810-23-000039_nvda-20230302.htm,1,366,"bylaws and proposals to be included in the Company’s proxy materials pursuant to Rule 14a-8 under the Securities and Exchange Act of 1934, as amended, or the Exchange Act), including by requiring: • additional background information and disclosures regarding proposing stockholders, proposed nominees and business, and other persons related to a stockholder’s solicitation of proxies; • any stockholder submitting a nomination notice to make a representation as to whether such stockholder intends to solicit proxies in support of director nominees other than the Company’s nominees in accordance with Rule 14a-19 under the Exchange Act and to timely provide reasonable evidence that certain requirements of such rule have been satisfied; • that disclosures included in a stockholder’s notice of nominations or proposals regarding other business be updated, if necessary, to be accurate both as of the stockholder meeting record date and as of five business days prior to the stockholder meeting; • that if any stockholder provides a nomination notice and subsequently either (i) notifies the Company that such stockholder no longer intends to solicit proxies in support of director nominees other than the Company’s nominees or (ii) fails either to comply with the requirements of Rule 14a-19 or fails to timely provide reasonable evidence to the Company that such stockholder has met the requirements of Rule 14a-19, then such stockholder’s nominees will be disregarded and no vote on such nominees proposed by such stockholder will occur, notwithstanding any proxies or votes the Company has received in respect of such nominees; and • a stockholder directly or indirectly soliciting proxies from other stockholders to use a proxy card color other than white, which shall be reserved for the exclusive use by the Board. The foregoing summary of the amendments effected by the Restated Bylaws does not purport to be complete and is qualified in its entirety by reference to the complete text of the Restated Bylaws, a copy of which is filed as Exhibit 3.1 hereto and incorporated herein by reference. Item 9.01. Financial Statements and Exhibits. Pursuant to the requirements of the Securities Exchange Act of 1934, the registrant has duly caused this report to be signed on its behalf by the undersigned hereunto duly authorized."
NVDA_8-K_2023-05-24_0000,NVDA,8-K,2023-05-24,NVDA_8-K_0001045810-23-000087_nvda-20230524.htm,0,485,"0001045810 false 0001045810 2023-05-24 2023-05-24 SECURITIES AND EXCHANGE COMMISSION WASHINGTON, DC 20549 PURSUANT TO SECTION 13 OR 15(d) OF THE SECURITIES EXCHANGE ACT OF 1934 Date of Report (Date of earliest event reported): May 24, 2023 NVIDIA CORP ORATION 2788 San Tomas Expressway , Santa Clara , CA 95051 (Address of principal executive offices) (Zip Code) Registrant’s telephone number, including area code: ( 408 ) 486-2000 (Former name or former address, if changed since last report) Check the appropriate box below if the Form 8-K filing is intended to simultaneously satisfy the filing obligation of the registrant under any of the following provisions: ☐ Written communications pursuant to Rule 425 under the Securities Act (17 CFR 230.425) ☐ Soliciting material pursuant to Rule 14a-12 under the Exchange Act (17 CFR 240.14a-12) ☐ Pre-commencement communications pursuant to Rule 14d-2(b) under the Exchange Act (17 CFR 240.14d-2(b)) ☐ Pre-commencement communications pursuant to Rule 13e-4(c) under the Exchange Act (17 CFR 240.13e-4(c)) Securities registered pursuant to Section 12(b) of the Act: Indicate by check mark whether the registrant is an emerging growth company as defined in Rule 405 of the Securities Act of 1933 (§230.405 of this chapter) or Rule 12b-2 of the Securities Exchange Act of 1934 (§240.12b-2 of this chapter). Emerging Growth Company ☐ If an emerging growth company, indicate by check mark if the registrant has elected not to use the extended transition period for complying with any new or revised financial accounting standards provided pursuant to Section 13(a) of the Exchange Act. ☐ Item 2.02 Results of Operations and Financial Condition. On May 24, 2023, NVIDIA Corporation, or the Company, issued a press release announcing its results for the quarter ended April 30, 2023. The press release is attached as Exhibit 99.1 and is incorporated herein by reference. Attached hereto as Exhibit 99.2 and incorporated by reference herein is financial information and commentary by Colette M. Kress, Executive Vice President and Chief Financial Officer of the Company, regarding results of the quarter ended April 30, 2023, or the CFO Commentary. The CFO Commentary will be posted to http://investor.nvidia.com immediately after the filing of this Current Report. The press release and CFO Commentary are furnished and shall not be deemed ""filed"" for purposes of Section 18 of the Securities Exchange Act of 1934, as amended, or subject to the liabilities of that Section or Sections 11 and 12(a)(2) of the Securities Act of 1933, as amended. The information in this Current Report shall not be incorporated by reference in any filing with the U.S. Securities and Exchange Commission made by the Company, whether made before or after the date hereof, regardless of any general incorporation language in such filing. Item 9.01. Financial Statements and Exhibits. Pursuant to the requirements of the Securities Exchange Act of 1934, the registrant has duly caused this report to be signed on its behalf by the undersigned hereunto duly authorized."
NVDA_8-K_2023-06-27_0000,NVDA,8-K,2023-06-27,NVDA_8-K_0001045810-23-000146_nvda-20230622.htm,0,529,"0001045810 false 0001045810 2023-06-22 2023-06-22 SECURITIES AND EXCHANGE COMMISSION WASHINGTON, DC 20549 PURSUANT TO SECTION 13 OR 15(d) OF THE SECURITIES EXCHANGE ACT OF 1934 Date of Report (Date of earliest event reported): June 22, 2023 NVIDIA CORP ORATION 2788 San Tomas Expressway , Santa Clara , CA 95051 (Address of principal executive offices) (Zip Code) Registrant’s telephone number, including area code: ( 408 ) 486-2000 (Former name or former address, if changed since last report) Check the appropriate box below if the Form 8-K filing is intended to simultaneously satisfy the filing obligation of the registrant under any of the following provisions: ☐ Written communications pursuant to Rule 425 under the Securities Act (17 CFR 230.425) ☐ Soliciting material pursuant to Rule 14a-12 under the Exchange Act (17 CFR 240.14a-12) ☐ Pre-commencement communications pursuant to Rule 14d-2(b) under the Exchange Act (17 CFR 240.14d-2(b)) ☐ Pre-commencement communications pursuant to Rule 13e-4(c) under the Exchange Act (17 CFR 240.13e-4(c)) Securities registered pursuant to Section 12(b) of the Act: Indicate by check mark whether the registrant is an emerging growth company as defined in Rule 405 of the Securities Act of 1933 (§230.405 of this chapter) or Rule 12b-2 of the Securities Exchange Act of 1934 (§240.12b-2 of this chapter). Emerging Growth Company ☐ If an emerging growth company, indicate by check mark if the registrant has elected not to use the extended transition period for complying with any new or revised financial accounting standards provided pursuant to Section 13(a) of the Exchange Act. ☐ Item 5.07. Submission of Matters to a Vote of Security Holders. On June 22, 2023, at the 2023 Annual Meeting of Stockholders of NVIDIA Corporation, or the 2023 Annual Meeting, the following proposals were adopted by the margin indicated. Proxies for the 2023 Annual Meeting were solicited pursuant to Section 14(a) of the Securities Exchange Act of 1934, as amended, and there was no solicitation in opposition of management’s solicitation. 1.    Stockholders approved the election of each of our thirteen (13) director nominees to hold office until the 2024 Annual Meeting of Stockholders of NVIDIA Corporation and until his or her successor is elected or appointed. The results of the voting were as follows: 2.    Stockholders approved, on an advisory basis, the compensation of our named executive officers as disclosed in our definitive proxy statement for the 2023 Annual Meeting filed with the Securities and Exchange Commission on May 8, 2023. The results of the voting were as follows: 3.     Stockholders approved, on an advisory basis, the frequency of holding an advisory vote on the compensation of our named executive officers. The results of the voting were as follows: Based on the voting results, we have determined to provide for an annual advisory vote on the compensation of our named executive officers. 4.    Stockholders approved the ratification of the selection of PricewaterhouseCoopers LLP as our independent registered accounting firm for our fiscal year ending January 28, 2024. The results of the voting were as follows: Pursuant to the requirements of the Securities Exchange Act of 1934, the registrant has duly caused this report to be signed on its behalf by the undersigned hereunto duly authorized."
NVDA_8-K_2023-07-24_0000,NVDA,8-K,2023-07-24,NVDA_8-K_0001045810-23-000164_nvda-20230724.htm,0,528,"0001045810 false 0001045810 2023-07-24 2023-07-24 SECURITIES AND EXCHANGE COMMISSION WASHINGTON, DC 20549 PURSUANT TO SECTION 13 OR 15(d) OF THE SECURITIES EXCHANGE ACT OF 1934 Date of Report (Date of earliest event reported): July 24, 2023 NVIDIA CORP ORATION 2788 San Tomas Expressway , Santa Clara , CA 95051 (Address of principal executive offices) (Zip Code) Registrant’s telephone number, including area code: ( 408 ) 486-2000 (Former name or former address, if changed since last report) Check the appropriate box below if the Form 8-K filing is intended to simultaneously satisfy the filing obligation of the registrant under any of the following provisions: ☐ Written communications pursuant to Rule 425 under the Securities Act (17 CFR 230.425) ☐ Soliciting material pursuant to Rule 14a-12 under the Exchange Act (17 CFR 240.14a-12) ☐ Pre-commencement communications pursuant to Rule 14d-2(b) under the Exchange Act (17 CFR 240.14d-2(b)) ☐ Pre-commencement communications pursuant to Rule 13e-4(c) under the Exchange Act (17 CFR 240.13e-4(c)) Securities registered pursuant to Section 12(b) of the Act: Indicate by check mark whether the registrant is an emerging growth company as defined in Rule 405 of the Securities Act of 1933 (§230.405 of this chapter) or Rule 12b-2 of the Securities Exchange Act of 1934 (§240.12b-2 of this chapter). Emerging Growth Company ☐ If an emerging growth company, indicate by check mark if the registrant has elected not to use the extended transition period for complying with any new or revised financial accounting standards provided pursuant to Section 13(a) of the Exchange Act. ☐ Item 5.02. Departure of Directors or Certain Officers; Election of Directors; Appointment of Certain Officers; Compensatory Arrangements of Certain Officers. On July 24, 2023, the Board of Directors, or the Board, of NVIDIA Corporation appointed Melissa Lora as a member of the Board and the number of directors constituting the full Board was increased from thirteen to fourteen. Ms. Lora was also appointed to serve as a member of the Audit Committee of the Board. In connection with her appointment to the Board, Ms. Lora was granted pursuant to our Amended and Restated 2007 Equity Incentive Plan, or the 2007 Plan: (a) an initial equity grant of 587 restricted stock units, vesting approximately semi-annually over three years commencing July 24, 2023, and (b) a pro-rated annual equity grant of 590 restricted stock units, of which 265 will vest on November 15, 2023 and 325 will vest on May 15, 2024. Additionally, she was granted a pro-rated annual cash retainer of $77,250, payable starting on July 24, 2023. The 2007 Plan is filed as Exhibit 10.2 to our Annual Report on Form 10-K filed with the Securities and Exchange Commission, or the SEC, on February 24, 2023. In addition, we have entered into an indemnity agreement with Ms. Lora in connection with her service as a member of the Board. The form of indemnity agreement is filed as Exhibit 10.1 to our Current Report on Form 8-K filed with the SEC on March 7, 2006. Pursuant to the requirements of the Securities Exchange Act of 1934, the registrant has duly caused this report to be signed on its behalf by the undersigned hereunto duly authorized."
NVDA_8-K_2023-08-23_0000,NVDA,8-K,2023-08-23,NVDA_8-K_0001045810-23-000171_nvda-20230823.htm,0,485,"0001045810 false 0001045810 2023-08-23 2023-08-23 SECURITIES AND EXCHANGE COMMISSION WASHINGTON, DC 20549 PURSUANT TO SECTION 13 OR 15(d) OF THE SECURITIES EXCHANGE ACT OF 1934 Date of Report (Date of earliest event reported): August 23, 2023 NVIDIA CORP ORATION 2788 San Tomas Expressway , Santa Clara , CA 95051 (Address of principal executive offices) (Zip Code) Registrant’s telephone number, including area code: ( 408 ) 486-2000 (Former name or former address, if changed since last report) Check the appropriate box below if the Form 8-K filing is intended to simultaneously satisfy the filing obligation of the registrant under any of the following provisions: ☐ Written communications pursuant to Rule 425 under the Securities Act (17 CFR 230.425) ☐ Soliciting material pursuant to Rule 14a-12 under the Exchange Act (17 CFR 240.14a-12) ☐ Pre-commencement communications pursuant to Rule 14d-2(b) under the Exchange Act (17 CFR 240.14d-2(b)) ☐ Pre-commencement communications pursuant to Rule 13e-4(c) under the Exchange Act (17 CFR 240.13e-4(c)) Securities registered pursuant to Section 12(b) of the Act: Indicate by check mark whether the registrant is an emerging growth company as defined in Rule 405 of the Securities Act of 1933 (§230.405 of this chapter) or Rule 12b-2 of the Securities Exchange Act of 1934 (§240.12b-2 of this chapter). Emerging Growth Company ☐ If an emerging growth company, indicate by check mark if the registrant has elected not to use the extended transition period for complying with any new or revised financial accounting standards provided pursuant to Section 13(a) of the Exchange Act. ☐ Item 2.02 Results of Operations and Financial Condition. On August 23, 2023, NVIDIA Corporation, or the Company, issued a press release announcing its results for the quarter ended July 30, 2023. The press release is attached as Exhibit 99.1 and is incorporated herein by reference. Attached hereto as Exhibit 99.2 and incorporated by reference herein is financial information and commentary by Colette M. Kress, Executive Vice President and Chief Financial Officer of the Company, regarding results of the quarter ended July 30, 2023, or the CFO Commentary. The CFO Commentary will be posted to http://investor.nvidia.com immediately after the filing of this Current Report. The press release and CFO Commentary are furnished and shall not be deemed ""filed"" for purposes of Section 18 of the Securities Exchange Act of 1934, as amended, or subject to the liabilities of that Section or Sections 11 and 12(a)(2) of the Securities Act of 1933, as amended. The information in this Current Report shall not be incorporated by reference in any filing with the U.S. Securities and Exchange Commission made by the Company, whether made before or after the date hereof, regardless of any general incorporation language in such filing. Item 9.01. Financial Statements and Exhibits. Pursuant to the requirements of the Securities Exchange Act of 1934, the registrant has duly caused this report to be signed on its behalf by the undersigned hereunto duly authorized."
NVDA_8-K_2023-10-17_0000,NVDA,8-K,2023-10-17,NVDA_8-K_0001045810-23-000217_nvda-20231017.htm,0,603,"0001045810 false 0001045810 2023-10-17 2023-10-17 SECURITIES AND EXCHANGE COMMISSION WASHINGTON, DC 20549 PURSUANT TO SECTION 13 OR 15(d) OF THE SECURITIES EXCHANGE ACT OF 1934 Date of Report (Date of earliest event reported): October 17, 2023 NVIDIA CORP ORATION 2788 San Tomas Expressway , Santa Clara , CA 95051 (Address of principal executive offices) (Zip Code) Registrant’s telephone number, including area code: ( 408 ) 486-2000 (Former name or former address, if changed since last report) Check the appropriate box below if the Form 8-K filing is intended to simultaneously satisfy the filing obligation of the registrant under any of the following provisions: ☐ Written communications pursuant to Rule 425 under the Securities Act (17 CFR 230.425) ☐ Soliciting material pursuant to Rule 14a-12 under the Exchange Act (17 CFR 240.14a-12) ☐ Pre-commencement communications pursuant to Rule 14d-2(b) under the Exchange Act (17 CFR 240.14d-2(b)) ☐ Pre-commencement communications pursuant to Rule 13e-4(c) under the Exchange Act (17 CFR 240.13e-4(c)) Securities registered pursuant to Section 12(b) of the Act: Indicate by check mark whether the registrant is an emerging growth company as defined in Rule 405 of the Securities Act of 1933 (§230.405 of this chapter) or Rule 12b-2 of the Securities Exchange Act of 1934 (§240.12b-2 of this chapter). Emerging Growth Company ☐ If an emerging growth company, indicate by check mark if the registrant has elected not to use the extended transition period for complying with any new or revised financial accounting standards provided pursuant to Section 13(a) of the Exchange Act. ☐ Item 8.01 Other Events On October 17, 2023, the U.S. Government, or USG, announced that it submitted the Interim Final Rule, “Implementation of Additional Export Controls: Certain Advanced Computing Items; Supercomputer and Semiconductor End Use; Updates and Corrections” (the “Interim Final Rule”) for publication in the Federal Register. The Interim Final Rule amends ECCN 3A090 and 4A090 and imposes additional licensing requirements for exports to China and Country Groups D1, D4, and D5 (including but not limited to Saudi Arabia, the United Arab Emirates, and Vietnam, but excluding Israel) of the Company’s integrated circuits exceeding certain performance thresholds (including but not limited to the A100, A800, H100, H800, L40, L40S, and RTX 4090). Any system that incorporates one or more of the covered integrated circuits (including but not limited to NVIDIA DGX and HGX systems) is also covered by the new licensing requirement. The licensing requirement includes future NVIDIA integrated circuits, boards, or systems classified with ECCN 3A090 or 4A090, achieving certain total processing performance and/or performance density. The licensing requirement applies to the export of products classified ECCN 3A090 or 4A090 to a party headquartered in, or with an ultimate parent headquartered in, Country Group D5, including China. The licensing requirement may impact the Company's ability to complete development of products in a timely manner, support existing customers of covered products, or supply customers of covered products outside the impacted regions, and may require the Company to transition certain operations out of one or more of the identified countries. To the extent that a customer requires products covered by the new licensing requirements, the Company may seek a license for the customer but has no assurance that the USG will grant any exceptions or licenses, or that the USG will act on the request in a timely manner. The Company’s third quarter of fiscal 2024 ends on October 29, 2023. The Interim Final Rule is effective thirty days after its publication. Given the strength of demand for our products worldwide, we do not anticipate that the additional restrictions will have a near-term meaningful impact on our financial results."
NVDA_8-K_2023-10-17_0001,NVDA,8-K,2023-10-17,NVDA_8-K_0001045810-23-000217_nvda-20231017.htm,1,494,"The licensing requirement may impact the Company's ability to complete development of products in a timely manner, support existing customers of covered products, or supply customers of covered products outside the impacted regions, and may require the Company to transition certain operations out of one or more of the identified countries. To the extent that a customer requires products covered by the new licensing requirements, the Company may seek a license for the customer but has no assurance that the USG will grant any exceptions or licenses, or that the USG will act on the request in a timely manner. The Company’s third quarter of fiscal 2024 ends on October 29, 2023. The Interim Final Rule is effective thirty days after its publication. Given the strength of demand for our products worldwide, we do not anticipate that the additional restrictions will have a near-term meaningful impact on our financial results. Certain statements in this Current Report on Form 8-K including statements regarding the possible impact of the new licensing requirements on the Company’s ability to complete development of products in a timely manner or support existing customers of covered products, or supply customers of covered products outside the impacted regions; the possibility of the Company transitioning certain operations out of one or more of the identified countries as a result of the new licensing requirements; the Company’s intent to seek licenses for sales to customers of products subject to the new licensing requirements; and the near-term impact of the new licensing requirements on the Company’s financial results are forward-looking statements that are subject to risks and uncertainties that could cause results to be materially different than expectations. Important factors that could cause actual results to differ materially include: global economic conditions; our reliance on third parties to manufacture, assemble, package and test our products; the impact of technological development and competition; development of new products and technologies or enhancements to our existing product and technologies; market acceptance of our products or our partners’ products; design, manufacturing or software defects; changes in consumer preferences or demands; changes in industry standards and interfaces; unexpected loss of performance of our products or technologies when integrated into systems; as well as other factors detailed from time to time in the most recent reports NVIDIA files with the Securities and Exchange Commission, or SEC, including, but not limited to, its annual report on Form 10-K and quarterly reports on Form 10-Q. Copies of reports filed with the SEC are posted on the company’s website and are available from NVIDIA without charge. These forward-looking statements are not guarantees of future performance and speak only as of the date hereof, and, except as required by law, NVIDIA disclaims any obligation to update these forward-looking statements to reflect future events or circumstances. Pursuant to the requirements of the Securities Exchange Act of 1934, the registrant has duly caused this report to be signed on its behalf by the undersigned hereunto duly authorized."
NVDA_8-K_2023-10-24_0000,NVDA,8-K,2023-10-24,NVDA_8-K_0001045810-23-000221_nvda-20231023.htm,0,668,"0001045810 false 0001045810 2023-10-23 2023-10-23 SECURITIES AND EXCHANGE COMMISSION WASHINGTON, DC 20549 PURSUANT TO SECTION 13 OR 15(d) OF THE SECURITIES EXCHANGE ACT OF 1934 Date of Report (Date of earliest event reported): October 23, 2023 NVIDIA CORP ORATION 2788 San Tomas Expressway , Santa Clara , CA 95051 (Address of principal executive offices) (Zip Code) Registrant’s telephone number, including area code: ( 408 ) 486-2000 (Former name or former address, if changed since last report) Check the appropriate box below if the Form 8-K filing is intended to simultaneously satisfy the filing obligation of the registrant under any of the following provisions: ☐ Written communications pursuant to Rule 425 under the Securities Act (17 CFR 230.425) ☐ Soliciting material pursuant to Rule 14a-12 under the Exchange Act (17 CFR 240.14a-12) ☐ Pre-commencement communications pursuant to Rule 14d-2(b) under the Exchange Act (17 CFR 240.14d-2(b)) ☐ Pre-commencement communications pursuant to Rule 13e-4(c) under the Exchange Act (17 CFR 240.13e-4(c)) Securities registered pursuant to Section 12(b) of the Act: Indicate by check mark whether the registrant is an emerging growth company as defined in Rule 405 of the Securities Act of 1933 (§230.405 of this chapter) or Rule 12b-2 of the Securities Exchange Act of 1934 (§240.12b-2 of this chapter). Emerging Growth Company ☐ If an emerging growth company, indicate by check mark if the registrant has elected not to use the extended transition period for complying with any new or revised financial accounting standards provided pursuant to Section 13(a) of the Exchange Act. ☐ Item 8.01 Other Events On October 23, 2023, the United States Government informed NVIDIA Corporation, or the Company, that the licensing requirements of the interim final rule entitled “Implementation of Additional Export Controls: Certain Advanced Computing Items; Supercomputer and Semiconductor End Use; Updates and Corrections”, dated October 18, 2023, applicable to products having a “total processing performance” of 4800 or more and designed or marketed for datacenters, is effective immediately, impacting shipments of the Company’s A100, A800, H100, H800, and L40S products. These licensing requirements were originally to be effective after a 30-day period, as first described in the Company's Current Report on Form 8-K filed with the U.S. Securities and Exchange Commission on October 17, 2023. Given the strength of demand for the Company’s products worldwide, the Company does not anticipate that the accelerated timing of the licensing requirements will have a near-term meaningful impact on its financial results. Certain statements in this Current Report on Form 8-K including statements regarding the near-term impact of the accelerated timing of licensing requirements on the Company’s financial results are forward-looking statements that are subject to risks and uncertainties that could cause results to be materially different than expectations. Important factors that could cause actual results to differ materially include: global economic conditions; our reliance on third parties to manufacture, assemble, package and test our products; the impact of technological development and competition; development of new products and technologies or enhancements to our existing product and technologies; market acceptance of our products or our partners’ products; design, manufacturing or software defects; changes in consumer preferences or demands; changes in industry standards and interfaces; unexpected loss of performance of our products or technologies when integrated into systems; as well as other factors detailed from time to time in the most recent reports NVIDIA files with the Securities and Exchange Commission, or SEC, including, but not limited to, its annual report on Form 10-K and quarterly reports on Form 10-Q. Copies of reports filed with the SEC are posted on the company’s website and are available from NVIDIA without charge. These forward-looking statements are not guarantees of future performance and speak only as of the date hereof, and, except as required by law, NVIDIA disclaims any obligation to update these forward-looking statements to reflect future events or circumstances. Pursuant to the requirements of the Securities Exchange Act of 1934, the registrant has duly caused this report to be signed on its behalf by the undersigned hereunto duly authorized."
NVDA_8-K_2023-11-21_0000,NVDA,8-K,2023-11-21,NVDA_8-K_0001045810-23-000225_nvda-20231121.htm,0,485,"0001045810 false 0001045810 2023-11-21 2023-11-21 SECURITIES AND EXCHANGE COMMISSION WASHINGTON, DC 20549 PURSUANT TO SECTION 13 OR 15(d) OF THE SECURITIES EXCHANGE ACT OF 1934 Date of Report (Date of earliest event reported): November 21, 2023 NVIDIA CORP ORATION 2788 San Tomas Expressway , Santa Clara , CA 95051 (Address of principal executive offices) (Zip Code) Registrant’s telephone number, including area code: ( 408 ) 486-2000 (Former name or former address, if changed since last report) Check the appropriate box below if the Form 8-K filing is intended to simultaneously satisfy the filing obligation of the registrant under any of the following provisions: ☐ Written communications pursuant to Rule 425 under the Securities Act (17 CFR 230.425) ☐ Soliciting material pursuant to Rule 14a-12 under the Exchange Act (17 CFR 240.14a-12) ☐ Pre-commencement communications pursuant to Rule 14d-2(b) under the Exchange Act (17 CFR 240.14d-2(b)) ☐ Pre-commencement communications pursuant to Rule 13e-4(c) under the Exchange Act (17 CFR 240.13e-4(c)) Securities registered pursuant to Section 12(b) of the Act: Indicate by check mark whether the registrant is an emerging growth company as defined in Rule 405 of the Securities Act of 1933 (§230.405 of this chapter) or Rule 12b-2 of the Securities Exchange Act of 1934 (§240.12b-2 of this chapter). Emerging Growth Company ☐ If an emerging growth company, indicate by check mark if the registrant has elected not to use the extended transition period for complying with any new or revised financial accounting standards provided pursuant to Section 13(a) of the Exchange Act. ☐ Item 2.02 Results of Operations and Financial Condition. On November 21, 2023, NVIDIA Corporation, or the Company, issued a press release announcing its results for the quarter ended October 29, 2023. The press release is attached as Exhibit 99.1 and is incorporated herein by reference. Attached hereto as Exhibit 99.2 and incorporated by reference herein is financial information and commentary by Colette M. Kress, Executive Vice President and Chief Financial Officer of the Company, regarding results of the quarter ended October 29, 2023, or the CFO Commentary. The CFO Commentary will be posted to http://investor.nvidia.com immediately after the filing of this Current Report. The press release and CFO Commentary are furnished and shall not be deemed ""filed"" for purposes of Section 18 of the Securities Exchange Act of 1934, as amended, or subject to the liabilities of that Section or Sections 11 and 12(a)(2) of the Securities Act of 1933, as amended. The information in this Current Report shall not be incorporated by reference in any filing with the U.S. Securities and Exchange Commission made by the Company, whether made before or after the date hereof, regardless of any general incorporation language in such filing. Item 9.01. Financial Statements and Exhibits. Pursuant to the requirements of the Securities Exchange Act of 1934, the registrant has duly caused this report to be signed on its behalf by the undersigned hereunto duly authorized."
NVDA_8-K_2024-02-21_0000,NVDA,8-K,2024-02-21,NVDA_8-K_0001045810-24-000028_nvda-20240221.htm,0,491,"0001045810 false 0001045810 2024-02-21 2024-02-21 SECURITIES AND EXCHANGE COMMISSION WASHINGTON, DC 20549 PURSUANT TO SECTION 13 OR 15(d) OF THE SECURITIES EXCHANGE ACT OF 1934 Date of Report (Date of earliest event reported): February 21, 2024 NVIDIA CORP ORATION 2788 San Tomas Expressway , Santa Clara , CA 95051 (Address of principal executive offices) (Zip Code) Registrant’s telephone number, including area code: ( 408 ) 486-2000 (Former name or former address, if changed since last report) Check the appropriate box below if the Form 8-K filing is intended to simultaneously satisfy the filing obligation of the registrant under any of the following provisions: ☐ Written communications pursuant to Rule 425 under the Securities Act (17 CFR 230.425) ☐ Soliciting material pursuant to Rule 14a-12 under the Exchange Act (17 CFR 240.14a-12) ☐ Pre-commencement communications pursuant to Rule 14d-2(b) under the Exchange Act (17 CFR 240.14d-2(b)) ☐ Pre-commencement communications pursuant to Rule 13e-4(c) under the Exchange Act (17 CFR 240.13e-4(c)) Securities registered pursuant to Section 12(b) of the Act: Indicate by check mark whether the registrant is an emerging growth company as defined in Rule 405 of the Securities Act of 1933 (§230.405 of this chapter) or Rule 12b-2 of the Securities Exchange Act of 1934 (§240.12b-2 of this chapter). Emerging Growth Company ☐ If an emerging growth company, indicate by check mark if the registrant has elected not to use the extended transition period for complying with any new or revised financial accounting standards provided pursuant to Section 13(a) of the Exchange Act. ☐ Item 2.02 Results of Operations and Financial Condition. On February 21, 2024, NVIDIA Corporation, or the Company, issued a press release announcing its results for the quarter and fiscal year ended January 28, 2024. The press release is attached as Exhibit 99.1 and is incorporated herein by reference. Attached hereto as Exhibit 99.2 and incorporated by reference herein is financial information and commentary by Colette M. Kress, Executive Vice President and Chief Financial Officer of the Company, regarding results of the quarter and fiscal year ended January 28, 2024, or the CFO Commentary. The CFO Commentary will be posted to http://investor.nvidia.com immediately after the filing of this Current Report. The press release and CFO Commentary are furnished and shall not be deemed ""filed"" for purposes of Section 18 of the Securities Exchange Act of 1934, as amended, or subject to the liabilities of that Section or Sections 11 and 12(a)(2) of the Securities Act of 1933, as amended. The information in this Current Report shall not be incorporated by reference in any filing with the U.S. Securities and Exchange Commission made by the Company, whether made before or after the date hereof, regardless of any general incorporation language in such filing. Item 9.01. Financial Statements and Exhibits. Pursuant to the requirements of the Securities Exchange Act of 1934, the registrant has duly caused this report to be signed on its behalf by the undersigned hereunto duly authorized."
NVDA_8-K_2024-03-14_0000,NVDA,8-K,2024-03-14,NVDA_8-K_0001045810-24-000069_nvda-20240308.htm,0,782,"0001045810 false 1/26 0001045810 2024-03-08 2024-03-08 SECURITIES AND EXCHANGE COMMISSION WASHINGTON, DC 20549 PURSUANT TO SECTION 13 OR 15(d) OF THE SECURITIES EXCHANGE ACT OF 1934 Date of Report (Date of earliest event reported): March 8, 2024 NVIDIA CORP ORATION 2788 San Tomas Expressway , Santa Clara , CA 95051 (Address of principal executive offices) (Zip Code) Registrant’s telephone number, including area code: ( 408 ) 486-2000 (Former name or former address, if changed since last report) Check the appropriate box below if the Form 8-K filing is intended to simultaneously satisfy the filing obligation of the registrant under any of the following provisions: ☐ Written communications pursuant to Rule 425 under the Securities Act (17 CFR 230.425) ☐ Soliciting material pursuant to Rule 14a-12 under the Exchange Act (17 CFR 240.14a-12) ☐ Pre-commencement communications pursuant to Rule 14d-2(b) under the Exchange Act (17 CFR 240.14d-2(b)) ☐ Pre-commencement communications pursuant to Rule 13e-4(c) under the Exchange Act (17 CFR 240.13e-4(c)) Securities registered pursuant to Section 12(b) of the Act: Indicate by check mark whether the registrant is an emerging growth company as defined in Rule 405 of the Securities Act of 1933 (§230.405 of this chapter) or Rule 12b-2 of the Securities Exchange Act of 1934 (§240.12b-2 of this chapter). Emerging Growth Company ☐ If an emerging growth company, indicate by check mark if the registrant has elected not to use the extended transition period for complying with any new or revised financial accounting standards provided pursuant to Section 13(a) of the Exchange Act. ☐ Item 5.02. Departure of Directors or Certain Officers; Election of Directors; Appointment of Certain Officers; Compensatory Arrangements of Certain Officers. Adoption of Fiscal Year 2025 Variable Compensation Plan On March 8, 2024, the Compensation Committee of the Board of Directors, or the Board, of NVIDIA Corporation, or the Company, adopted the Variable Compensation Plan for Fiscal Year 2025, or the 2025 Plan, which provides eligible executive officers the opportunity to earn a variable cash payment based on the level of achievement by the Company of certain corporate performance goals, or the Performance Goals, during fiscal year 2025. The Company operates on a fiscal year ending on the last Sunday in January and designates its fiscal year by the year in which that fiscal year ends. Fiscal year 2025 refers to the Company’s fiscal year ending January 26, 2025. The Compensation Committee has set the Performance Goals for fiscal year 2025 based upon the achievement of specified fiscal year 2025 revenue and has established threshold compensation plan, base compensation plan, and stretch compensation plan levels. Unless otherwise determined by the Compensation Committee, a participant must remain an employee through the payment date under the 2025 Plan to be eligible to earn an award. The following table sets forth the respective target award opportunities for base compensation plan achievement for the Company’s named executive officers under the 2025 Plan: The foregoing description is subject to, and qualified in its entirety by, the 2025 Plan, which is filed with this report as Exhibit 10.1 and is incorporated herein by reference. Item 5.03. Amendments to Articles of Incorporation or Bylaws; Change in Fiscal Year. (a) Amendment to Bylaws On March 12, 2024, the Board of the Company amended and restated the Company’s Bylaws, or the Restated Bylaws, which became effective immediately upon adoption by the Board. Among other things, the amendments effected by the Restated Bylaws: • permit stockholders of record “owning” (as defined in the Restated Bylaws) at least 15% of the voting power of all the then-outstanding shares of voting stock of the Company who have owned such shares continuously for at least one year to call a special meeting of stockholders, provided that the stockholders satisfy the disclosure, timing and other requirements intended to ensure that stockholders receive adequate, timely and accurate information in connection with a special meeting and avoid the unnecessary use of resources that would result from holding multiple stockholder meetings in a short time period; • eliminate the requirement that a list of stockholders be made available at stockholder meetings to conform to recent amendments to the Delaware General Corporation Law; and • incorporate certain technical, clarifying and conforming changes. The foregoing summary of the amendments effected by the Restated Bylaws does not purport to be complete and is qualified in its entirety by reference to the complete text of the Restated Bylaws, a copy of which is filed as Exhibit 3.1 hereto and incorporated herein by reference. Item 9.01. Financial Statements and Exhibits. Pursuant to the requirements of the Securities Exchange Act of 1934, the registrant has duly caused this report to be signed on its behalf by the undersigned hereunto duly authorized."
NVDA_8-K_2024-05-22_0000,NVDA,8-K,2024-05-22,NVDA_8-K_0001045810-24-000113_nvda-20240522.htm,0,672,"0001045810 false 0001045810 2024-05-22 2024-05-22 SECURITIES AND EXCHANGE COMMISSION WASHINGTON, DC 20549 PURSUANT TO SECTION 13 OR 15(d) OF THE SECURITIES EXCHANGE ACT OF 1934 Date of Report (Date of earliest event reported): May 22, 2024 NVIDIA CORP ORATION 2788 San Tomas Expressway , Santa Clara , CA 95051 (Address of principal executive offices) (Zip Code) Registrant’s telephone number, including area code: ( 408 ) 486-2000 (Former name or former address, if changed since last report) Check the appropriate box below if the Form 8-K filing is intended to simultaneously satisfy the filing obligation of the registrant under any of the following provisions: ☐ Written communications pursuant to Rule 425 under the Securities Act (17 CFR 230.425) ☐ Soliciting material pursuant to Rule 14a-12 under the Exchange Act (17 CFR 240.14a-12) ☐ Pre-commencement communications pursuant to Rule 14d-2(b) under the Exchange Act (17 CFR 240.14d-2(b)) ☐ Pre-commencement communications pursuant to Rule 13e-4(c) under the Exchange Act (17 CFR 240.13e-4(c)) Securities registered pursuant to Section 12(b) of the Act: Indicate by check mark whether the registrant is an emerging growth company as defined in Rule 405 of the Securities Act of 1933 (§230.405 of this chapter) or Rule 12b-2 of the Securities Exchange Act of 1934 (§240.12b-2 of this chapter). Emerging Growth Company ☐ If an emerging growth company, indicate by check mark if the registrant has elected not to use the extended transition period for complying with any new or revised financial accounting standards provided pursuant to Section 13(a) of the Exchange Act. ☐ Item 2.02 Results of Operations and Financial Condition. On May 22, 2024, NVIDIA Corporation, or the Company, issued a press release announcing its results for the quarter ended April 28, 2024. The press release is attached as Exhibit 99.1 and is incorporated herein by reference. Attached hereto as Exhibit 99.2 and incorporated by reference herein is financial information and commentary by Colette M. Kress, Executive Vice President and Chief Financial Officer of the Company, regarding results for the quarter ended April 28, 2024, or the CFO Commentary. The CFO Commentary will be posted to http://investor.nvidia.com immediately after the filing of this Current Report. The press release and CFO Commentary are furnished and shall not be deemed ""filed"" for purposes of Section 18 of the Securities Exchange Act of 1934, as amended, or subject to the liabilities of that Section or Sections 11 and 12(a)(2) of the Securities Act of 1933, as amended. The information in this Current Report shall not be incorporated by reference in any filing with the U.S. Securities and Exchange Commission made by the Company, whether made before or after the date hereof, regardless of any general incorporation language in such filing. Item 8.01. Other Events. On May 22, 2024, the Company announced a ten-for-one forward stock split, or the Stock Split, of the Company’s issued common stock to be effected through the filing of an amendment to the Company's Restated Certificate of Incorporation, or the Amendment, with the Secretary of the State of Delaware. The Amendment will result in a proportionate increase in the number of shares of authorized common stock. As a result of the Stock Split, each record holder of common stock as of the close of market on Thursday, June 6, 2024 will receive nine additional shares of common stock, to be distributed after the close of market on Friday, June 7, 2024. Trading is expected to commence on a split-adjusted basis at market open on Monday, June 10, 2024. The Company also increased its quarterly cash dividend by 150 percent from $0.04 per share to $0.10 per share of common stock. The increased dividend is equivalent to $0.01 per share on a post-Stock Split basis and will be paid on Friday, June 28, 2024, to all shareholders of record on Tuesday, June 11, 2024. Item 9.01. Financial Statements and Exhibits. Pursuant to the requirements of the Securities Exchange Act of 1934, the registrant has duly caused this report to be signed on its behalf by the undersigned hereunto duly authorized."
NVDA_8-K_2024-06-07_0000,NVDA,8-K,2024-06-07,NVDA_8-K_0001045810-24-000144_nvda-20240607.htm,0,433,"0001045810 false 1/26 0001045810 2024-06-07 2024-06-07 SECURITIES AND EXCHANGE COMMISSION WASHINGTON, DC 20549 PURSUANT TO SECTION 13 OR 15(d) OF THE SECURITIES EXCHANGE ACT OF 1934 Date of Report (Date of earliest event reported): June 7, 2024 NVIDIA CORP ORATION 2788 San Tomas Expressway , Santa Clara , CA 95051 (Address of principal executive offices) (Zip Code) Registrant’s telephone number, including area code: ( 408 ) 486-2000 (Former name or former address, if changed since last report) Check the appropriate box below if the Form 8-K filing is intended to simultaneously satisfy the filing obligation of the registrant under any of the following provisions: ☐ Written communications pursuant to Rule 425 under the Securities Act (17 CFR 230.425) ☐ Soliciting material pursuant to Rule 14a-12 under the Exchange Act (17 CFR 240.14a-12) ☐ Pre-commencement communications pursuant to Rule 14d-2(b) under the Exchange Act (17 CFR 240.14d-2(b)) ☐ Pre-commencement communications pursuant to Rule 13e-4(c) under the Exchange Act (17 CFR 240.13e-4(c)) Securities registered pursuant to Section 12(b) of the Act: Indicate by check mark whether the registrant is an emerging growth company as defined in Rule 405 of the Securities Act of 1933 (§230.405 of this chapter) or Rule 12b-2 of the Securities Exchange Act of 1934 (§240.12b-2 of this chapter). Emerging Growth Company ☐ If an emerging growth company, indicate by check mark if the registrant has elected not to use the extended transition period for complying with any new or revised financial accounting standards provided pursuant to Section 13(a) of the Exchange Act. ☐ Item 5.03. Amendments to Articles of Incorporation or Bylaws; Change in Fiscal Year. (a) Amendment to Certificate of Incorporation On May 22, 2024, NVIDIA Corporation, or the Company, announced a ten-for-one forward stock split, or the Stock Split, of the Company’s issued common stock to be effected through the filing of an amendment to the Company's Restated Certificate of Incorporation, or the Amendment, with the Secretary of the State of Delaware. The Company filed the Amendment to effect the Stock Split and proportionately increase the number of shares of the Company’s authorized common stock from 8 billion to 80 billion. The Amendment, which became effective at 4:01 p.m. Eastern Time on June 7, 2024, is filed as Exhibit 3.1 to this Current Report on Form 8-K. Trading is expected to commence on a split-adjusted basis at market open on June 10, 2024. Item 9.01. Financial Statements and Exhibits. Pursuant to the requirements of the Securities Exchange Act of 1934, the registrant has duly caused this report to be signed on its behalf by the undersigned hereunto duly authorized."
NVDA_8-K_2024-07-02_0000,NVDA,8-K,2024-07-02,NVDA_8-K_0001045810-24-000206_nvda-20240626.htm,0,571,"0001045810 false 0001045810 2024-06-26 2024-06-26 SECURITIES AND EXCHANGE COMMISSION WASHINGTON, DC 20549 PURSUANT TO SECTION 13 OR 15(d) OF THE SECURITIES EXCHANGE ACT OF 1934 Date of Report (Date of earliest event reported): June 26, 2024 NVIDIA CORP ORATION 2788 San Tomas Expressway , Santa Clara , CA 95051 (Address of principal executive offices) (Zip Code) Registrant’s telephone number, including area code: ( 408 ) 486-2000 (Former name or former address, if changed since last report) Check the appropriate box below if the Form 8-K filing is intended to simultaneously satisfy the filing obligation of the registrant under any of the following provisions: ☐ Written communications pursuant to Rule 425 under the Securities Act (17 CFR 230.425) ☐ Soliciting material pursuant to Rule 14a-12 under the Exchange Act (17 CFR 240.14a-12) ☐ Pre-commencement communications pursuant to Rule 14d-2(b) under the Exchange Act (17 CFR 240.14d-2(b)) ☐ Pre-commencement communications pursuant to Rule 13e-4(c) under the Exchange Act (17 CFR 240.13e-4(c)) Securities registered pursuant to Section 12(b) of the Act: Indicate by check mark whether the registrant is an emerging growth company as defined in Rule 405 of the Securities Act of 1933 (§230.405 of this chapter) or Rule 12b-2 of the Securities Exchange Act of 1934 (§240.12b-2 of this chapter). Emerging Growth Company ☐ If an emerging growth company, indicate by check mark if the registrant has elected not to use the extended transition period for complying with any new or revised financial accounting standards provided pursuant to Section 13(a) of the Exchange Act. ☐ Item 5.07. Submission of Matters to a Vote of Security Holders. On June 26, 2024, at the 2024 Annual Meeting of Stockholders of NVIDIA Corporation, or the 2024 Annual Meeting, the following proposals were adopted by the margin indicated. The record date for the 2024 Annual Meeting was April 29, 2024, which preceded the date of our ten-for-one forward stock split effected on June 7, 2024, and therefore the final voting results reported below are on a pre-stock split basis. 1.    Stockholders approved the election of each of our twelve (12) director nominees to hold office until the 2025 Annual Meeting of Stockholders of NVIDIA Corporation and until his or her successor is elected or appointed. The results of the voting were as follows: 2.    Stockholders approved, on an advisory basis, the compensation of our named executive officers as disclosed in our definitive proxy statement for the 2024 Annual Meeting filed with the Securities and Exchange Commission on May 14, 2024. The results of the voting were as follows: 3.    Stockholders approved the ratification of the selection of PricewaterhouseCoopers LLP as our independent registered accounting firm for our fiscal year ending January 26, 2025. The results of the voting were as follows: 4.    Stockholders approved, on an advisory basis, a stockholder proposal to replace the supermajority voting provisions in our charter and bylaws with a simple majority voting standard. The results of the voting were as follows:* *     In addition, there were 6,692,603 shares present, represented by proxy and entitled to vote on this proposal for which no voting directions were indicated. As our Board of Directors elected to make no recommendation with respect to this proposal, the proxyholders did not vote these shares on this proposal. Pursuant to the requirements of the Securities Exchange Act of 1934, the registrant has duly caused this report to be signed on its behalf by the undersigned hereunto duly authorized."
NVDA_8-K_2024-08-28_0000,NVDA,8-K,2024-08-28,NVDA_8-K_0001045810-24-000262_nvda-20240828.htm,0,485,"0001045810 false 0001045810 2024-08-28 2024-08-28 SECURITIES AND EXCHANGE COMMISSION WASHINGTON, DC 20549 PURSUANT TO SECTION 13 OR 15(d) OF THE SECURITIES EXCHANGE ACT OF 1934 Date of Report (Date of earliest event reported): August 28, 2024 NVIDIA CORP ORATION 2788 San Tomas Expressway , Santa Clara , CA 95051 (Address of principal executive offices) (Zip Code) Registrant’s telephone number, including area code: ( 408 ) 486-2000 (Former name or former address, if changed since last report) Check the appropriate box below if the Form 8-K filing is intended to simultaneously satisfy the filing obligation of the registrant under any of the following provisions: ☐ Written communications pursuant to Rule 425 under the Securities Act (17 CFR 230.425) ☐ Soliciting material pursuant to Rule 14a-12 under the Exchange Act (17 CFR 240.14a-12) ☐ Pre-commencement communications pursuant to Rule 14d-2(b) under the Exchange Act (17 CFR 240.14d-2(b)) ☐ Pre-commencement communications pursuant to Rule 13e-4(c) under the Exchange Act (17 CFR 240.13e-4(c)) Securities registered pursuant to Section 12(b) of the Act: Indicate by check mark whether the registrant is an emerging growth company as defined in Rule 405 of the Securities Act of 1933 (§230.405 of this chapter) or Rule 12b-2 of the Securities Exchange Act of 1934 (§240.12b-2 of this chapter). Emerging Growth Company ☐ If an emerging growth company, indicate by check mark if the registrant has elected not to use the extended transition period for complying with any new or revised financial accounting standards provided pursuant to Section 13(a) of the Exchange Act. ☐ Item 2.02 Results of Operations and Financial Condition. On August 28, 2024, NVIDIA Corporation, or the Company, issued a press release announcing its results for the quarter ended July 28, 2024. The press release is attached as Exhibit 99.1 and is incorporated herein by reference. Attached hereto as Exhibit 99.2 and incorporated by reference herein is financial information and commentary by Colette M. Kress, Executive Vice President and Chief Financial Officer of the Company, regarding results for the quarter ended July 28, 2024, or the CFO Commentary. The CFO Commentary will be posted to http://investor.nvidia.com immediately after the filing of this Current Report. The press release and CFO Commentary are furnished and shall not be deemed ""filed"" for purposes of Section 18 of the Securities Exchange Act of 1934, as amended, or subject to the liabilities of that Section or Sections 11 and 12(a)(2) of the Securities Act of 1933, as amended. The information in this Current Report shall not be incorporated by reference in any filing with the U.S. Securities and Exchange Commission made by the Company, whether made before or after the date hereof, regardless of any general incorporation language in such filing. Item 9.01. Financial Statements and Exhibits. Pursuant to the requirements of the Securities Exchange Act of 1934, the registrant has duly caused this report to be signed on its behalf by the undersigned hereunto duly authorized."
NVDA_8-K_2024-11-07_0000,NVDA,8-K,2024-11-07,NVDA_8-K_0001045810-24-000300_nvda-20241107.htm,0,522,"0001045810 false 0001045810 2024-11-07 2024-11-07 SECURITIES AND EXCHANGE COMMISSION WASHINGTON, DC 20549 PURSUANT TO SECTION 13 OR 15(d) OF THE SECURITIES EXCHANGE ACT OF 1934 Date of Report (Date of earliest event reported): November 7, 2024 NVIDIA CORP ORATION 2788 San Tomas Expressway , Santa Clara , CA 95051 (Address of principal executive offices) (Zip Code) Registrant’s telephone number, including area code: ( 408 ) 486-2000 (Former name or former address, if changed since last report) Check the appropriate box below if the Form 8-K filing is intended to simultaneously satisfy the filing obligation of the registrant under any of the following provisions: ☐ Written communications pursuant to Rule 425 under the Securities Act (17 CFR 230.425) ☐ Soliciting material pursuant to Rule 14a-12 under the Exchange Act (17 CFR 240.14a-12) ☐ Pre-commencement communications pursuant to Rule 14d-2(b) under the Exchange Act (17 CFR 240.14d-2(b)) ☐ Pre-commencement communications pursuant to Rule 13e-4(c) under the Exchange Act (17 CFR 240.13e-4(c)) Securities registered pursuant to Section 12(b) of the Act: Indicate by check mark whether the registrant is an emerging growth company as defined in Rule 405 of the Securities Act of 1933 (§230.405 of this chapter) or Rule 12b-2 of the Securities Exchange Act of 1934 (§240.12b-2 of this chapter). Emerging Growth Company ☐ If an emerging growth company, indicate by check mark if the registrant has elected not to use the extended transition period for complying with any new or revised financial accounting standards provided pursuant to Section 13(a) of the Exchange Act. ☐ Item 5.02. Departure of Directors or Certain Officers; Election of Directors; Appointment of Certain Officers; Compensatory Arrangements of Certain Officers. On November 7, 2024, the Board of Directors, or the Board, of NVIDIA Corporation appointed Ellen Ochoa as a member of the Board and the number of directors constituting the full Board was increased from twelve to thirteen. Dr. Ochoa is expected to be appointed to serve as a member of the Nominating and Corporate Governance Committee of the Board. In connection with her appointment to the Board, Dr. Ochoa will be granted pursuant to our Amended and Restated 2007 Equity Incentive Plan, or the 2007 Plan: (a) an initial equity grant of 1,848 restricted stock units, vesting approximately semi-annually over three years, and (b) a pro-rated annual equity grant of 1,321 restricted stock units, all of which will vest on May 21, 2025. Additionally, she was granted a pro-rated annual cash retainer of $53,800, payable starting on November 7, 2024. The 2007 Plan is filed as Exhibit 10.1 to our Quarterly Report on Form 10-Q filed with the Securities and Exchange Commission, or the SEC, on August 28, 2024. In addition, we have entered into an indemnity agreement with Dr. Ochoa in connection with her service as a member of the Board. The form of indemnity agreement is filed as Exhibit 10.1 to our Current Report on Form 8-K filed with the SEC on March 7, 2006. Pursuant to the requirements of the Securities Exchange Act of 1934, the registrant has duly caused this report to be signed on its behalf by the undersigned hereunto duly authorized."
NVDA_8-K_2024-11-20_0000,NVDA,8-K,2024-11-20,NVDA_8-K_0001045810-24-000315_nvda-20241120.htm,0,485,"0001045810 false 0001045810 2024-11-20 2024-11-20 SECURITIES AND EXCHANGE COMMISSION WASHINGTON, DC 20549 PURSUANT TO SECTION 13 OR 15(d) OF THE SECURITIES EXCHANGE ACT OF 1934 Date of Report (Date of earliest event reported): November 20, 2024 NVIDIA CORP ORATION 2788 San Tomas Expressway , Santa Clara , CA 95051 (Address of principal executive offices) (Zip Code) Registrant’s telephone number, including area code: ( 408 ) 486-2000 (Former name or former address, if changed since last report) Check the appropriate box below if the Form 8-K filing is intended to simultaneously satisfy the filing obligation of the registrant under any of the following provisions: ☐ Written communications pursuant to Rule 425 under the Securities Act (17 CFR 230.425) ☐ Soliciting material pursuant to Rule 14a-12 under the Exchange Act (17 CFR 240.14a-12) ☐ Pre-commencement communications pursuant to Rule 14d-2(b) under the Exchange Act (17 CFR 240.14d-2(b)) ☐ Pre-commencement communications pursuant to Rule 13e-4(c) under the Exchange Act (17 CFR 240.13e-4(c)) Securities registered pursuant to Section 12(b) of the Act: Indicate by check mark whether the registrant is an emerging growth company as defined in Rule 405 of the Securities Act of 1933 (§230.405 of this chapter) or Rule 12b-2 of the Securities Exchange Act of 1934 (§240.12b-2 of this chapter). Emerging Growth Company ☐ If an emerging growth company, indicate by check mark if the registrant has elected not to use the extended transition period for complying with any new or revised financial accounting standards provided pursuant to Section 13(a) of the Exchange Act. ☐ Item 2.02 Results of Operations and Financial Condition. On November 20, 2024, NVIDIA Corporation, or the Company, issued a press release announcing its results for the quarter ended October 27, 2024. The press release is attached as Exhibit 99.1 and is incorporated herein by reference. Attached hereto as Exhibit 99.2 and incorporated by reference herein is financial information and commentary by Colette M. Kress, Executive Vice President and Chief Financial Officer of the Company, regarding results for the quarter ended October 27, 2024, or the CFO Commentary. The CFO Commentary will be posted to https://investor.nvidia.com immediately after the filing of this Current Report. The press release and CFO Commentary are furnished and shall not be deemed ""filed"" for purposes of Section 18 of the Securities Exchange Act of 1934, as amended, or subject to the liabilities of that Section or Sections 11 and 12(a)(2) of the Securities Act of 1933, as amended. The information in this Current Report shall not be incorporated by reference in any filing with the U.S. Securities and Exchange Commission made by the Company, whether made before or after the date hereof, regardless of any general incorporation language in such filing. Item 9.01. Financial Statements and Exhibits. Pursuant to the requirements of the Securities Exchange Act of 1934, the registrant has duly caused this report to be signed on its behalf by the undersigned hereunto duly authorized."
NVDA_8-K_2025-01-17_0000,NVDA,8-K,2025-01-17,NVDA_8-K_0001045810-25-000007_nvda-20250113.htm,0,741,"0001045810 false 0001045810 2025-01-13 2025-01-13 SECURITIES AND EXCHANGE COMMISSION WASHINGTON, DC 20549 PURSUANT TO SECTION 13 OR 15(d) OF THE SECURITIES EXCHANGE ACT OF 1934 Date of Report (Date of earliest event reported): January 13, 2025 NVIDIA CORP ORATION 2788 San Tomas Expressway , Santa Clara , CA 95051 (Address of principal executive offices) (Zip Code) Registrant’s telephone number, including area code: ( 408 ) 486-2000 (Former name or former address, if changed since last report) Check the appropriate box below if the Form 8-K filing is intended to simultaneously satisfy the filing obligation of the registrant under any of the following provisions: ☐ Written communications pursuant to Rule 425 under the Securities Act (17 CFR 230.425) ☐ Soliciting material pursuant to Rule 14a-12 under the Exchange Act (17 CFR 240.14a-12) ☐ Pre-commencement communications pursuant to Rule 14d-2(b) under the Exchange Act (17 CFR 240.14d-2(b)) ☐ Pre-commencement communications pursuant to Rule 13e-4(c) under the Exchange Act (17 CFR 240.13e-4(c)) Securities registered pursuant to Section 12(b) of the Act: Indicate by check mark whether the registrant is an emerging growth company as defined in Rule 405 of the Securities Act of 1933 (§230.405 of this chapter) or Rule 12b-2 of the Securities Exchange Act of 1934 (§240.12b-2 of this chapter). Emerging Growth Company ☐ If an emerging growth company, indicate by check mark if the registrant has elected not to use the extended transition period for complying with any new or revised financial accounting standards provided pursuant to Section 13(a) of the Exchange Act. ☐ Item 8.01 Other Events The “AI Diffusion” Rule On January 13, 2025, the U.S. Government announced that it submitted the Interim Final Rule, “Export Control Framework for Artificial Intelligence Diffusion,” or the IFR, for publication in the Federal Register. The rule published in the Federal Register on January 15, 2025 at 90 Fed. Reg. 4544. After a 120-day delayed compliance period, the IFR will, unless modified, impose a worldwide licensing requirement on all products classified under Export Control Classification Numbers, or ECCNs, 3A090.a, 4A090.a, or corresponding .z ECCNs, including all related software and technology. Any system that incorporates one or more of the covered integrated circuits, or ICs, (including but not limited to NVIDIA DGX, HGX, and MGX systems) will be covered by the new licensing requirement. The licensing requirement will include future NVIDIA ICs, boards, or systems classified with ECCN 3A090.a or 4A090.a, or corresponding .z ECCNs, achieving certain total processing performance and/or performance density. Unless one of the new license exceptions is available to specific transactions, the worldwide licensing requirements will apply to the following NVIDIA products, and any others we develop that meet the characteristics of 3A090.a or 4A090.a, including but not limited to: A100, A800, H100, H200, H800, B100, B200, GB200, L4, L40S, and RTX 6000 Ada. The IFR is subject to a notice and public comment period of 120 days from publication, i.e., by May 15, 2025. Unless the IFR is modified, in whole or in part, or withdrawn altogether by the incoming Trump Administration, exporters, reexports, and transferors are required to begin compliance with the IFR’s licensing, reporting, and other requirements on May 15, 2025. The Company supports U.S. leadership in innovation by providing cutting-edge solutions, working to make American advancements a global standard, and constantly pursuing rapid progress. The Company supports creating new datacenters in the United States and promotes efforts to develop the necessary infrastructure. The Company also supports the safe and responsible development and deployment of all AI-powered systems and will provide feedback on the IFR during the notice and comment period. The “Additional Due Diligence Measures” Rule On January 16, 2025, the Bureau of Industry and Security, Department of Commerce, published a rule entitled “Implementation of Additional Due Diligence Measures for Advanced Computing Integrated Circuits.” The rule is intended to reduce the diversion of ICs to unauthorized end uses or end users that meet the control parameters of ECCN 3A090 by end users who misrepresent the performance capabilities of their ICs to the foundries that manufacture them or the companies that assemble the ICs, or OSATs, into packages. The rule requires additional diligence for foundries and OSATs to verify technical parameters, although approved IC designers are considered a reliable source to verify technical parameters of the applicable advanced logic ICs. NVIDIA Corporation is an approved IC designer and thus the rule is not expected to have an impact on our operations or on product sales to China."
NVDA_8-K_2025-01-17_0001,NVDA,8-K,2025-01-17,NVDA_8-K_0001045810-25-000007_nvda-20250113.htm,1,473,"notice and comment period. The “Additional Due Diligence Measures” Rule On January 16, 2025, the Bureau of Industry and Security, Department of Commerce, published a rule entitled “Implementation of Additional Due Diligence Measures for Advanced Computing Integrated Circuits.” The rule is intended to reduce the diversion of ICs to unauthorized end uses or end users that meet the control parameters of ECCN 3A090 by end users who misrepresent the performance capabilities of their ICs to the foundries that manufacture them or the companies that assemble the ICs, or OSATs, into packages. The rule requires additional diligence for foundries and OSATs to verify technical parameters, although approved IC designers are considered a reliable source to verify technical parameters of the applicable advanced logic ICs. NVIDIA Corporation is an approved IC designer and thus the rule is not expected to have an impact on our operations or on product sales to China. Certain statements in this Current Report on Form 8-K including statements regarding the scope of the licensing requirement under the IFR; NVIDIA’s products that are subject to the IFR; the impact of the IFR on NVIDIA’s future products; the effectiveness and effective date of the IFR; NVIDIA providing feedback on the IFR during the notice and comment period; and the “Implementation of Additional Due Diligence Measures for Advanced Computing Integrated Circuits” rule unexpected to have an impact on NVIDIA’s operations or on product sales to China are forward-looking statements that are subject to risks and uncertainties that could cause results to be materially different than expectations. Important factors that could cause actual results to differ materially include: global economic conditions; NVIDIA’s reliance on third parties to manufacture, assemble, package and test NVIDIA’s products; the impact of technological development and competition; development of new products and technologies or enhancements to NVIDIA’s existing product and technologies; market acceptance of NVIDIA’s products or its partners’ products; design, manufacturing or software defects; changes in consumer preferences or demands; changes in industry standards and interfaces; unexpected loss of performance of NVIDIA’s products or technologies when integrated into systems; as well as other factors detailed from time to time in the most recent reports NVIDIA files with the Securities and Exchange Commission, or SEC, including, but not limited to, its annual report on Form 10-K and quarterly reports on Form 10-Q. Copies of reports filed with the SEC are posted on the company’s website and are available from NVIDIA without charge. These forward-looking statements are not guarantees of future performance and speak only as of the date hereof, and, except as required by law, NVIDIA disclaims any obligation to update these forward-looking statements to reflect future events or circumstances. Pursuant to the requirements of the Securities Exchange Act of 1934, the registrant has duly caused this report to be signed on its behalf by the undersigned hereunto duly authorized."
NVDA_8-K_2025-02-26_0000,NVDA,8-K,2025-02-26,NVDA_8-K_0001045810-25-000021_nvda-20250226.htm,0,491,"0001045810 false 0001045810 2025-02-26 2025-02-26 SECURITIES AND EXCHANGE COMMISSION WASHINGTON, DC 20549 PURSUANT TO SECTION 13 OR 15(d) OF THE SECURITIES EXCHANGE ACT OF 1934 Date of Report (Date of earliest event reported): February 26, 2025 NVIDIA CORP ORATION 2788 San Tomas Expressway , Santa Clara , CA 95051 (Address of principal executive offices) (Zip Code) Registrant’s telephone number, including area code: ( 408 ) 486-2000 (Former name or former address, if changed since last report) Check the appropriate box below if the Form 8-K filing is intended to simultaneously satisfy the filing obligation of the registrant under any of the following provisions: ☐ Written communications pursuant to Rule 425 under the Securities Act (17 CFR 230.425) ☐ Soliciting material pursuant to Rule 14a-12 under the Exchange Act (17 CFR 240.14a-12) ☐ Pre-commencement communications pursuant to Rule 14d-2(b) under the Exchange Act (17 CFR 240.14d-2(b)) ☐ Pre-commencement communications pursuant to Rule 13e-4(c) under the Exchange Act (17 CFR 240.13e-4(c)) Securities registered pursuant to Section 12(b) of the Act: Indicate by check mark whether the registrant is an emerging growth company as defined in Rule 405 of the Securities Act of 1933 (§230.405 of this chapter) or Rule 12b-2 of the Securities Exchange Act of 1934 (§240.12b-2 of this chapter). Emerging Growth Company ☐ If an emerging growth company, indicate by check mark if the registrant has elected not to use the extended transition period for complying with any new or revised financial accounting standards provided pursuant to Section 13(a) of the Exchange Act. ☐ Item 2.02 Results of Operations and Financial Condition. On February 26, 2025, NVIDIA Corporation, or the Company, issued a press release announcing its results for the quarter and fiscal year ended January 26, 2025. The press release is attached as Exhibit 99.1 and is incorporated herein by reference. Attached hereto as Exhibit 99.2 and incorporated by reference herein is financial information and commentary by Colette M. Kress, Executive Vice President and Chief Financial Officer of the Company, regarding results for the quarter and fiscal year ended January 26, 2025, or the CFO Commentary. The CFO Commentary will be posted to https://investor.nvidia.com immediately after the filing of this Current Report. The press release and CFO Commentary are furnished and shall not be deemed ""filed"" for purposes of Section 18 of the Securities Exchange Act of 1934, as amended, or subject to the liabilities of that Section or Sections 11 and 12(a)(2) of the Securities Act of 1933, as amended. The information in this Current Report shall not be incorporated by reference in any filing with the U.S. Securities and Exchange Commission made by the Company, whether made before or after the date hereof, regardless of any general incorporation language in such filing. Item 9.01. Financial Statements and Exhibits. Pursuant to the requirements of the Securities Exchange Act of 1934, the registrant has duly caused this report to be signed on its behalf by the undersigned hereunto duly authorized."
NVDA_8-K_2025-03-07_0000,NVDA,8-K,2025-03-07,NVDA_8-K_0001045810-25-000039_nvda-20250303.htm,0,547,"0001045810 false 0001045810 2025-03-03 2025-03-03 SECURITIES AND EXCHANGE COMMISSION WASHINGTON, DC 20549 PURSUANT TO SECTION 13 OR 15(d) OF THE SECURITIES EXCHANGE ACT OF 1934 Date of Report (Date of earliest event reported): March 3, 2025 NVIDIA CORP ORATION 2788 San Tomas Expressway , Santa Clara , CA 95051 (Address of principal executive offices) (Zip Code) Registrant’s telephone number, including area code: ( 408 ) 486-2000 (Former name or former address, if changed since last report) Check the appropriate box below if the Form 8-K filing is intended to simultaneously satisfy the filing obligation of the registrant under any of the following provisions: ☐ Written communications pursuant to Rule 425 under the Securities Act (17 CFR 230.425) ☐ Soliciting material pursuant to Rule 14a-12 under the Exchange Act (17 CFR 240.14a-12) ☐ Pre-commencement communications pursuant to Rule 14d-2(b) under the Exchange Act (17 CFR 240.14d-2(b)) ☐ Pre-commencement communications pursuant to Rule 13e-4(c) under the Exchange Act (17 CFR 240.13e-4(c)) Securities registered pursuant to Section 12(b) of the Act: Indicate by check mark whether the registrant is an emerging growth company as defined in Rule 405 of the Securities Act of 1933 (§230.405 of this chapter) or Rule 12b-2 of the Securities Exchange Act of 1934 (§240.12b-2 of this chapter). Emerging Growth Company ☐ If an emerging growth company, indicate by check mark if the registrant has elected not to use the extended transition period for complying with any new or revised financial accounting standards provided pursuant to Section 13(a) of the Exchange Act. ☐ Item 5.02. Departure of Directors or Certain Officers; Election of Directors; Appointment of Certain Officers; Compensatory Arrangements of Certain Officers. Adoption of Fiscal Year 2026 Variable Compensation Plan On March 3, 2025, the Compensation Committee of the Board of Directors, or the Board, of NVIDIA Corporation, or the Company, adopted the Variable Compensation Plan for Fiscal Year 2026, or the 2026 Plan, which provides eligible executive officers the opportunity to earn a variable cash payment based on the level of achievement by the Company of certain corporate performance goals, or the Performance Goals, during fiscal year 2026. The Company operates on a fiscal year ending on the last Sunday in January and designates its fiscal year by the year in which that fiscal year ends. Fiscal year 2026 refers to the Company’s fiscal year ending January 25, 2026. The Compensation Committee has set the Performance Goals for fiscal year 2026 based upon the achievement of specified fiscal year 2026 revenue and has established threshold compensation plan, base compensation plan, and stretch compensation plan levels. Unless otherwise determined by the Compensation Committee, a participant must remain an employee through the payment date under the 2026 Plan to be eligible to earn an award. The following table sets forth the respective target award opportunities for base compensation plan achievement for the Company’s named executive officers under the 2026 Plan: The foregoing description is subject to, and qualified in its entirety by, the 2026 Plan, which is filed with this report as Exhibit 10.1 and is incorporated herein by reference. Item 9.01. Financial Statements and Exhibits. Pursuant to the requirements of the Securities Exchange Act of 1934, the registrant has duly caused this report to be signed on its behalf by the undersigned hereunto duly authorized."
NVDA_8-K_2025-04-15_0000,NVDA,8-K,2025-04-15,NVDA_8-K_0001045810-25-000082_nvda-20250409.htm,0,671,"0001045810 false 0001045810 2025-04-09 2025-04-09 SECURITIES AND EXCHANGE COMMISSION WASHINGTON, DC 20549 PURSUANT TO SECTION 13 OR 15(d) OF THE SECURITIES EXCHANGE ACT OF 1934 Date of Report (Date of earliest event reported): April 9, 2025 NVIDIA CORP ORATION 2788 San Tomas Expressway , Santa Clara , CA 95051 (Address of principal executive offices) (Zip Code) Registrant’s telephone number, including area code: ( 408 ) 486-2000 (Former name or former address, if changed since last report) Check the appropriate box below if the Form 8-K filing is intended to simultaneously satisfy the filing obligation of the registrant under any of the following provisions: ☐ Written communications pursuant to Rule 425 under the Securities Act (17 CFR 230.425) ☐ Soliciting material pursuant to Rule 14a-12 under the Exchange Act (17 CFR 240.14a-12) ☐ Pre-commencement communications pursuant to Rule 14d-2(b) under the Exchange Act (17 CFR 240.14d-2(b)) ☐ Pre-commencement communications pursuant to Rule 13e-4(c) under the Exchange Act (17 CFR 240.13e-4(c)) Securities registered pursuant to Section 12(b) of the Act: Indicate by check mark whether the registrant is an emerging growth company as defined in Rule 405 of the Securities Act of 1933 (§230.405 of this chapter) or Rule 12b-2 of the Securities Exchange Act of 1934 (§240.12b-2 of this chapter). Emerging Growth Company ☐ If an emerging growth company, indicate by check mark if the registrant has elected not to use the extended transition period for complying with any new or revised financial accounting standards provided pursuant to Section 13(a) of the Exchange Act. ☐ Item 8.01 Other Events. On April 9, 2025, the U.S. government, or USG, informed NVIDIA Corporation, or the Company, that the USG requires a license for export to China (including Hong Kong and Macau) and D:5 countries, or to companies headquartered or with an ultimate parent therein, of the Company’s H20 integrated circuits and any other circuits achieving the H20’s memory bandwidth, interconnect bandwidth, or combination thereof. The USG indicated that the license requirement addresses the risk that the covered products may be used in, or diverted to, a supercomputer in China. On April 14, 2025, the USG informed the Company that the license requirement will be in effect for the indefinite future. The Company’s first quarter of fiscal year 2026 ends on April 27, 2025. First quarter results are expected to include up to approximately $5.5 billion of charges associated with H20 products for inventory, purchase commitments, and related reserves. Certain statements in this Current Report on Form 8-K including statements regarding the USG’s intentions and the impact of the license requirement on the Company’s first quarter financial results are forward-looking statements that are subject to risks and uncertainties that could cause results to be materially different than expectations. Important factors that could cause actual results to differ materially include: global economic conditions; our reliance on third parties to manufacture, assemble, package and test our products; the impact of technological development and competition; development of new products and technologies or enhancements to our existing product and technologies; market acceptance of our products or our partners’ products; design, manufacturing or software defects; changes in consumer preferences or demands; changes in industry standards and interfaces; unexpected loss of performance of our products or technologies when integrated into systems; as well as other factors detailed from time to time in the most recent reports NVIDIA files with the Securities and Exchange Commission, or SEC, including, but not limited to, its annual report on Form 10-K and quarterly reports on Form 10-Q. Copies of reports filed with the SEC are posted on the company’s website and are available from NVIDIA without charge. These forward-looking statements are not guarantees of future performance and speak only as of the date hereof, and, except as required by law, NVIDIA disclaims any obligation to update these forward-looking statements to reflect future events or circumstances. Pursuant to the requirements of the Securities Exchange Act of 1934, the registrant has duly caused this report to be signed on its behalf by the undersigned hereunto duly authorized."
NVDA_8-K_2025-05-28_0000,NVDA,8-K,2025-05-28,NVDA_8-K_0001045810-25-000115_nvda-20250528.htm,0,485,"0001045810 false 0001045810 2025-05-28 2025-05-28 SECURITIES AND EXCHANGE COMMISSION WASHINGTON, DC 20549 PURSUANT TO SECTION 13 OR 15(d) OF THE SECURITIES EXCHANGE ACT OF 1934 Date of Report (Date of earliest event reported): May 28, 2025 NVIDIA CORP ORATION 2788 San Tomas Expressway , Santa Clara , CA 95051 (Address of principal executive offices) (Zip Code) Registrant’s telephone number, including area code: ( 408 ) 486-2000 (Former name or former address, if changed since last report) Check the appropriate box below if the Form 8-K filing is intended to simultaneously satisfy the filing obligation of the registrant under any of the following provisions: ☐ Written communications pursuant to Rule 425 under the Securities Act (17 CFR 230.425) ☐ Soliciting material pursuant to Rule 14a-12 under the Exchange Act (17 CFR 240.14a-12) ☐ Pre-commencement communications pursuant to Rule 14d-2(b) under the Exchange Act (17 CFR 240.14d-2(b)) ☐ Pre-commencement communications pursuant to Rule 13e-4(c) under the Exchange Act (17 CFR 240.13e-4(c)) Securities registered pursuant to Section 12(b) of the Act: Indicate by check mark whether the registrant is an emerging growth company as defined in Rule 405 of the Securities Act of 1933 (§230.405 of this chapter) or Rule 12b-2 of the Securities Exchange Act of 1934 (§240.12b-2 of this chapter). Emerging Growth Company ☐ If an emerging growth company, indicate by check mark if the registrant has elected not to use the extended transition period for complying with any new or revised financial accounting standards provided pursuant to Section 13(a) of the Exchange Act. ☐ Item 2.02 Results of Operations and Financial Condition. On May 28, 2025, NVIDIA Corporation, or the Company, issued a press release announcing its results for the quarter ended April 27, 2025. The press release is attached as Exhibit 99.1 and is incorporated herein by reference. Attached hereto as Exhibit 99.2 and incorporated by reference herein is financial information and commentary by Colette M. Kress, Executive Vice President and Chief Financial Officer of the Company, regarding results for the quarter ended April 27, 2025, or the CFO Commentary. The CFO Commentary will be posted to https://investor.nvidia.com immediately after the filing of this Current Report. The press release and CFO Commentary are furnished and shall not be deemed ""filed"" for purposes of Section 18 of the Securities Exchange Act of 1934, as amended, or subject to the liabilities of that Section or Sections 11 and 12(a)(2) of the Securities Act of 1933, as amended. The information in this Current Report shall not be incorporated by reference in any filing with the U.S. Securities and Exchange Commission made by the Company, whether made before or after the date hereof, regardless of any general incorporation language in such filing. Item 9.01 Financial Statements and Exhibits. Pursuant to the requirements of the Securities Exchange Act of 1934, the registrant has duly caused this report to be signed on its behalf by the undersigned hereunto duly authorized."
NVDA_8-K_2025-07-01_0000,NVDA,8-K,2025-07-01,NVDA_8-K_0001045810-25-000179_nvda-20250625.htm,0,582,"0001045810 false 0001045810 2025-06-25 2025-06-25 SECURITIES AND EXCHANGE COMMISSION WASHINGTON, DC 20549 PURSUANT TO SECTION 13 OR 15(d) OF THE SECURITIES EXCHANGE ACT OF 1934 Date of Report (Date of earliest event reported): June 25, 2025 NVIDIA CORP ORATION 2788 San Tomas Expressway , Santa Clara , CA 95051 (Address of principal executive offices) (Zip Code) Registrant’s telephone number, including area code: ( 408 ) 486-2000 (Former name or former address, if changed since last report) Check the appropriate box below if the Form 8-K filing is intended to simultaneously satisfy the filing obligation of the registrant under any of the following provisions: ☐ Written communications pursuant to Rule 425 under the Securities Act (17 CFR 230.425) ☐ Soliciting material pursuant to Rule 14a-12 under the Exchange Act (17 CFR 240.14a-12) ☐ Pre-commencement communications pursuant to Rule 14d-2(b) under the Exchange Act (17 CFR 240.14d-2(b)) ☐ Pre-commencement communications pursuant to Rule 13e-4(c) under the Exchange Act (17 CFR 240.13e-4(c)) Securities registered pursuant to Section 12(b) of the Act: Indicate by check mark whether the registrant is an emerging growth company as defined in Rule 405 of the Securities Act of 1933 (§230.405 of this chapter) or Rule 12b-2 of the Securities Exchange Act of 1934 (§240.12b-2 of this chapter). Emerging Growth Company ☐ If an emerging growth company, indicate by check mark if the registrant has elected not to use the extended transition period for complying with any new or revised financial accounting standards provided pursuant to Section 13(a) of the Exchange Act. ☐ Item 5.07. Submission of Matters to a Vote of Security Holders. On June 25, 2025, at the 2025 Annual Meeting of Stockholders of NVIDIA Corporation, or the 2025 Annual Meeting, the following proposals were adopted or rejected by the margin indicated. 1. Stockholders approved the election of each of our thirteen (13) director nominees to hold office until the 2026 Annual Meeting of Stockholders of NVIDIA Corporation and until his or her successor is elected or appointed. The results of the voting were as follows: 2. Stockholders approved, on an advisory basis, the compensation of our named executive officers as disclosed in our definitive proxy statement on Schedule 14A for the 2025 Annual Meeting filed with the Securities and Exchange Commission on May 13, 2025. The results of the voting were as follows: 3. Stockholders approved the ratification of the selection of PricewaterhouseCoopers LLP as our independent registered accounting firm for our fiscal year ending January 25, 2026. The results of the voting were as follows: 4. Stockholders did not approve an amendment and restatement of the Certificate of Incorporation of NVIDIA Corporation to remove all supermajority provisions 1 . The results of the voting were as follows: 1 Approval of this proposal required at least 66 2/3% of the outstanding shares of our common stock. 5. Stockholders did not approve the non-binding stockholder proposal to eliminate the holding period requirement to call a special stockholder meeting. The results of the voting were as follows: 6. Stockholders did not approve the non-binding stockholder proposal to request the adoption of a new director election resignation governance policy. The results of the voting were as follows: 7. Stockholders did not approve the non-binding stockholder proposal to modify existing reporting on workforce data. The results of the voting were as follows: Pursuant to the requirements of the Securities Exchange Act of 1934, the registrant has duly caused this report to be signed on its behalf by the undersigned hereunto duly authorized."
NVDA_8-K_2025-08-05_0000,NVDA,8-K,2025-08-05,NVDA_8-K_0001045810-25-000197_nvda-20250731.htm,0,368,"0001045810 false 0001045810 2025-07-31 2025-07-31 SECURITIES AND EXCHANGE COMMISSION WASHINGTON, DC 20549 PURSUANT TO SECTION 13 OR 15(d) OF THE SECURITIES EXCHANGE ACT OF 1934 Date of Report (Date of earliest event reported): July 31, 2025 NVIDIA CORP ORATION 2788 San Tomas Expressway , Santa Clara , CA 95051 (Address of principal executive offices) (Zip Code) Registrant’s telephone number, including area code: ( 408 ) 486-2000 (Former name or former address, if changed since last report) Check the appropriate box below if the Form 8-K filing is intended to simultaneously satisfy the filing obligation of the registrant under any of the following provisions: ☐ Written communications pursuant to Rule 425 under the Securities Act (17 CFR 230.425) ☐ Soliciting material pursuant to Rule 14a-12 under the Exchange Act (17 CFR 240.14a-12) ☐ Pre-commencement communications pursuant to Rule 14d-2(b) under the Exchange Act (17 CFR 240.14d-2(b)) ☐ Pre-commencement communications pursuant to Rule 13e-4(c) under the Exchange Act (17 CFR 240.13e-4(c)) Securities registered pursuant to Section 12(b) of the Act: Indicate by check mark whether the registrant is an emerging growth company as defined in Rule 405 of the Securities Act of 1933 (§230.405 of this chapter) or Rule 12b-2 of the Securities Exchange Act of 1934 (§240.12b-2 of this chapter). Emerging Growth Company ☐ If an emerging growth company, indicate by check mark if the registrant has elected not to use the extended transition period for complying with any new or revised financial accounting standards provided pursuant to Section 13(a) of the Exchange Act. ☐ Item 5.02. Departure of Directors or Certain Officers; Election of Directors; Appointment of Certain Officers; Compensatory Arrangements of Certain Officers. On July 31, 2025, Ellen Ochoa resigned from the Board of Directors, or the Board, of NVIDIA Corporation, or the Company, including as a member of the Nominating and Corporate Governance Committee of the Board, effective immediately. Dr. Ochoa’s resignation is for personal reasons and not because of any disagreement with the Company on any matter relating to the Company’s operations, policies or practices. Pursuant to the requirements of the Securities Exchange Act of 1934, the registrant has duly caused this report to be signed on its behalf by the undersigned hereunto duly authorized."
NVDA_8-K_2025-08-27_0000,NVDA,8-K,2025-08-27,NVDA_8-K_0001045810-25-000207_nvda-20250827.htm,0,485,"0001045810 false 0001045810 2025-08-27 2025-08-27 SECURITIES AND EXCHANGE COMMISSION WASHINGTON, DC 20549 PURSUANT TO SECTION 13 OR 15(d) OF THE SECURITIES EXCHANGE ACT OF 1934 Date of Report (Date of earliest event reported): August 27, 2025 NVIDIA CORP ORATION 2788 San Tomas Expressway , Santa Clara , CA 95051 (Address of principal executive offices) (Zip Code) Registrant’s telephone number, including area code: ( 408 ) 486-2000 (Former name or former address, if changed since last report) Check the appropriate box below if the Form 8-K filing is intended to simultaneously satisfy the filing obligation of the registrant under any of the following provisions: ☐ Written communications pursuant to Rule 425 under the Securities Act (17 CFR 230.425) ☐ Soliciting material pursuant to Rule 14a-12 under the Exchange Act (17 CFR 240.14a-12) ☐ Pre-commencement communications pursuant to Rule 14d-2(b) under the Exchange Act (17 CFR 240.14d-2(b)) ☐ Pre-commencement communications pursuant to Rule 13e-4(c) under the Exchange Act (17 CFR 240.13e-4(c)) Securities registered pursuant to Section 12(b) of the Act: Indicate by check mark whether the registrant is an emerging growth company as defined in Rule 405 of the Securities Act of 1933 (§230.405 of this chapter) or Rule 12b-2 of the Securities Exchange Act of 1934 (§240.12b-2 of this chapter). Emerging Growth Company ☐ If an emerging growth company, indicate by check mark if the registrant has elected not to use the extended transition period for complying with any new or revised financial accounting standards provided pursuant to Section 13(a) of the Exchange Act. ☐ Item 2.02 Results of Operations and Financial Condition. On August 27, 2025, NVIDIA Corporation, or the Company, issued a press release announcing its results for the quarter ended July 27, 2025. The press release is attached as Exhibit 99.1 and is incorporated herein by reference. Attached hereto as Exhibit 99.2 and incorporated by reference herein is financial information and commentary by Colette M. Kress, Executive Vice President and Chief Financial Officer of the Company, regarding results for the quarter ended July 27, 2025, or the CFO Commentary. The CFO Commentary will be posted to https://investor.nvidia.com immediately after the filing of this Current Report. The press release and CFO Commentary are furnished and shall not be deemed ""filed"" for purposes of Section 18 of the Securities Exchange Act of 1934, as amended, or subject to the liabilities of that Section or Sections 11 and 12(a)(2) of the Securities Act of 1933, as amended. The information in this Current Report shall not be incorporated by reference in any filing with the U.S. Securities and Exchange Commission made by the Company, whether made before or after the date hereof, regardless of any general incorporation language in such filing. Item 9.01 Financial Statements and Exhibits. Pursuant to the requirements of the Securities Exchange Act of 1934, the registrant has duly caused this report to be signed on its behalf by the undersigned hereunto duly authorized."
NVDA_8-K_2025-11-19_0000,NVDA,8-K,2025-11-19,NVDA_8-K_0001045810-25-000228_nvda-20251119.htm,0,485,"0001045810 false 0001045810 2025-11-19 2025-11-19 SECURITIES AND EXCHANGE COMMISSION WASHINGTON, DC 20549 PURSUANT TO SECTION 13 OR 15(d) OF THE SECURITIES EXCHANGE ACT OF 1934 Date of Report (Date of earliest event reported): November 19, 2025 NVIDIA CORP ORATION 2788 San Tomas Expressway , Santa Clara , CA 95051 (Address of principal executive offices) (Zip Code) Registrant’s telephone number, including area code: ( 408 ) 486-2000 (Former name or former address, if changed since last report) Check the appropriate box below if the Form 8-K filing is intended to simultaneously satisfy the filing obligation of the registrant under any of the following provisions: ☐ Written communications pursuant to Rule 425 under the Securities Act (17 CFR 230.425) ☐ Soliciting material pursuant to Rule 14a-12 under the Exchange Act (17 CFR 240.14a-12) ☐ Pre-commencement communications pursuant to Rule 14d-2(b) under the Exchange Act (17 CFR 240.14d-2(b)) ☐ Pre-commencement communications pursuant to Rule 13e-4(c) under the Exchange Act (17 CFR 240.13e-4(c)) Securities registered pursuant to Section 12(b) of the Act: Indicate by check mark whether the registrant is an emerging growth company as defined in Rule 405 of the Securities Act of 1933 (§230.405 of this chapter) or Rule 12b-2 of the Securities Exchange Act of 1934 (§240.12b-2 of this chapter). Emerging Growth Company ☐ If an emerging growth company, indicate by check mark if the registrant has elected not to use the extended transition period for complying with any new or revised financial accounting standards provided pursuant to Section 13(a) of the Exchange Act. ☐ Item 2.02 Results of Operations and Financial Condition. On November 19, 2025, NVIDIA Corporation, or the Company, issued a press release announcing its results for the quarter ended October 26, 2025. The press release is attached as Exhibit 99.1 and is incorporated herein by reference. Attached hereto as Exhibit 99.2 and incorporated by reference herein is financial information and commentary by Colette M. Kress, Executive Vice President and Chief Financial Officer of the Company, regarding results for the quarter ended October 26, 2025, or the CFO Commentary. The CFO Commentary will be posted to https://investor.nvidia.com immediately after the filing of this Current Report. The press release and CFO Commentary are furnished and shall not be deemed ""filed"" for purposes of Section 18 of the Securities Exchange Act of 1934, as amended, or subject to the liabilities of that Section or Sections 11 and 12(a)(2) of the Securities Act of 1933, as amended. The information in this Current Report shall not be incorporated by reference in any filing with the U.S. Securities and Exchange Commission made by the Company, whether made before or after the date hereof, regardless of any general incorporation language in such filing. Item 9.01 Financial Statements and Exhibits. Pursuant to the requirements of the Securities Exchange Act of 1934, the registrant has duly caused this report to be signed on its behalf by the undersigned hereunto duly authorized."
NVDA_8-K_2026-01-23_0000,NVDA,8-K,2026-01-23,NVDA_8-K_0001045810-26-000003_nvda-20260120.htm,0,367,"0001045810 false 0001045810 2026-01-20 2026-01-20 SECURITIES AND EXCHANGE COMMISSION WASHINGTON, DC 20549 PURSUANT TO SECTION 13 OR 15(d) OF THE SECURITIES EXCHANGE ACT OF 1934 Date of Report (Date of earliest event reported): January 20, 2026 NVIDIA CORP ORATION 2788 San Tomas Expressway , Santa Clara , CA 95051 (Address of principal executive offices) (Zip Code) Registrant’s telephone number, including area code: ( 408 ) 486-2000 (Former name or former address, if changed since last report) Check the appropriate box below if the Form 8-K filing is intended to simultaneously satisfy the filing obligation of the registrant under any of the following provisions: ☐ Written communications pursuant to Rule 425 under the Securities Act (17 CFR 230.425) ☐ Soliciting material pursuant to Rule 14a-12 under the Exchange Act (17 CFR 240.14a-12) ☐ Pre-commencement communications pursuant to Rule 14d-2(b) under the Exchange Act (17 CFR 240.14d-2(b)) ☐ Pre-commencement communications pursuant to Rule 13e-4(c) under the Exchange Act (17 CFR 240.13e-4(c)) Securities registered pursuant to Section 12(b) of the Act: Indicate by check mark whether the registrant is an emerging growth company as defined in Rule 405 of the Securities Act of 1933 (§230.405 of this chapter) or Rule 12b-2 of the Securities Exchange Act of 1934 (§240.12b-2 of this chapter). Emerging Growth Company ☐ If an emerging growth company, indicate by check mark if the registrant has elected not to use the extended transition period for complying with any new or revised financial accounting standards provided pursuant to Section 13(a) of the Exchange Act. ☐ Item 5.02. Departure of Directors or Certain Officers; Election of Directors; Appointment of Certain Officers; Compensatory Arrangements of Certain Officers. On January 20, 2026, Persis Drell resigned from the Board of Directors, or the Board, of NVIDIA Corporation, or the Company, including as a member of the Compensation Committee of the Board, effective immediately. Dr. Drell resigned to pursue a new professional opportunity and not because of any disagreement with the Company on any matter relating to the Company’s operations, policies or practices. Pursuant to the requirements of the Securities Exchange Act of 1934, the registrant has duly caused this report to be signed on its behalf by the undersigned hereunto duly authorized."
NVDA_8-K_2026-02-25_0000,NVDA,8-K,2026-02-25,NVDA_8-K_0001045810-26-000019_nvda-20260225.htm,0,485,"0001045810 false 0001045810 2026-02-25 2026-02-25 SECURITIES AND EXCHANGE COMMISSION WASHINGTON, DC 20549 PURSUANT TO SECTION 13 OR 15(d) OF THE SECURITIES EXCHANGE ACT OF 1934 Date of Report (Date of earliest event reported): February 25, 2026 NVIDIA CORP ORATION 2788 San Tomas Expressway , Santa Clara , CA 95051 (Address of principal executive offices) (Zip Code) Registrant’s telephone number, including area code: ( 408 ) 486-2000 (Former name or former address, if changed since last report) Check the appropriate box below if the Form 8-K filing is intended to simultaneously satisfy the filing obligation of the registrant under any of the following provisions: ☐ Written communications pursuant to Rule 425 under the Securities Act (17 CFR 230.425) ☐ Soliciting material pursuant to Rule 14a-12 under the Exchange Act (17 CFR 240.14a-12) ☐ Pre-commencement communications pursuant to Rule 14d-2(b) under the Exchange Act (17 CFR 240.14d-2(b)) ☐ Pre-commencement communications pursuant to Rule 13e-4(c) under the Exchange Act (17 CFR 240.13e-4(c)) Securities registered pursuant to Section 12(b) of the Act: Indicate by check mark whether the registrant is an emerging growth company as defined in Rule 405 of the Securities Act of 1933 (§230.405 of this chapter) or Rule 12b-2 of the Securities Exchange Act of 1934 (§240.12b-2 of this chapter). Emerging Growth Company ☐ If an emerging growth company, indicate by check mark if the registrant has elected not to use the extended transition period for complying with any new or revised financial accounting standards provided pursuant to Section 13(a) of the Exchange Act. ☐ Item 2.02 Results of Operations and Financial Condition. On February 25, 2026, NVIDIA Corporation, or the Company, issued a press release announcing its results for the quarter ended January 25, 2026. The press release is attached as Exhibit 99.1 and is incorporated herein by reference. Attached hereto as Exhibit 99.2 and incorporated by reference herein is financial information and commentary by Colette M. Kress, Executive Vice President and Chief Financial Officer of the Company, regarding results for the quarter ended January 25, 2026, or the CFO Commentary. The CFO Commentary will be posted to https://investor.nvidia.com immediately after the filing of this Current Report. The press release and CFO Commentary are furnished and shall not be deemed ""filed"" for purposes of Section 18 of the Securities Exchange Act of 1934, as amended, or subject to the liabilities of that Section or Sections 11 and 12(a)(2) of the Securities Act of 1933, as amended. The information in this Current Report shall not be incorporated by reference in any filing with the U.S. Securities and Exchange Commission made by the Company, whether made before or after the date hereof, regardless of any general incorporation language in such filing. Item 9.01 Financial Statements and Exhibits. Pursuant to the requirements of the Securities Exchange Act of 1934, the registrant has duly caused this report to be signed on its behalf by the undersigned hereunto duly authorized."
NVDA_8-K_2026-03-06_0000,NVDA,8-K,2026-03-06,NVDA_8-K_0001045810-26-000024_nvda-20260302.htm,0,547,"0001045810 false 0001045810 2026-03-02 2026-03-02 SECURITIES AND EXCHANGE COMMISSION WASHINGTON, DC 20549 PURSUANT TO SECTION 13 OR 15(d) OF THE SECURITIES EXCHANGE ACT OF 1934 Date of Report (Date of earliest event reported): March 2, 2026 NVIDIA CORP ORATION 2788 San Tomas Expressway , Santa Clara , CA 95051 (Address of principal executive offices) (Zip Code) Registrant’s telephone number, including area code: ( 408 ) 486-2000 (Former name or former address, if changed since last report) Check the appropriate box below if the Form 8-K filing is intended to simultaneously satisfy the filing obligation of the registrant under any of the following provisions: ☐ Written communications pursuant to Rule 425 under the Securities Act (17 CFR 230.425) ☐ Soliciting material pursuant to Rule 14a-12 under the Exchange Act (17 CFR 240.14a-12) ☐ Pre-commencement communications pursuant to Rule 14d-2(b) under the Exchange Act (17 CFR 240.14d-2(b)) ☐ Pre-commencement communications pursuant to Rule 13e-4(c) under the Exchange Act (17 CFR 240.13e-4(c)) Securities registered pursuant to Section 12(b) of the Act: Indicate by check mark whether the registrant is an emerging growth company as defined in Rule 405 of the Securities Act of 1933 (§230.405 of this chapter) or Rule 12b-2 of the Securities Exchange Act of 1934 (§240.12b-2 of this chapter). Emerging Growth Company ☐ If an emerging growth company, indicate by check mark if the registrant has elected not to use the extended transition period for complying with any new or revised financial accounting standards provided pursuant to Section 13(a) of the Exchange Act. ☐ Item 5.02. Departure of Directors or Certain Officers; Election of Directors; Appointment of Certain Officers; Compensatory Arrangements of Certain Officers. Adoption of Fiscal Year 2027 Variable Compensation Plan On March 2, 2026, the Compensation Committee of the Board of Directors, or the Board, of NVIDIA Corporation, or the Company, adopted the Variable Compensation Plan for Fiscal Year 2027, or the 2027 Plan, which provides eligible executive officers the opportunity to earn a variable cash payment based on the level of achievement by the Company of certain corporate performance goals, or the Performance Goals, during fiscal year 2027. The Company operates on a fiscal year ending on the last Sunday in January and designates its fiscal year by the year in which that fiscal year ends. Fiscal year 2027 refers to the Company’s fiscal year ending January 31, 2027. The Compensation Committee has set the Performance Goals for fiscal year 2027 based upon the achievement of specified fiscal year 2027 revenue and has established threshold compensation plan, base compensation plan, and stretch compensation plan levels. Unless otherwise determined by the Compensation Committee, a participant must remain an employee through the payment date under the 2027 Plan to be eligible to earn an award. The following table sets forth the respective target award opportunities for base compensation plan achievement for the Company’s named executive officers under the 2027 Plan: The foregoing description is subject to, and qualified in its entirety by, the 2027 Plan, which is filed with this report as Exhibit 10.1 and is incorporated herein by reference. Item 9.01. Financial Statements and Exhibits. Pursuant to the requirements of the Securities Exchange Act of 1934, the registrant has duly caused this report to be signed on its behalf by the undersigned hereunto duly authorized."
NVDA_8-K_2026-04-27_0000,NVDA,8-K,2026-04-27,NVDA_8-K_0001045810-26-000026_nvda-20260424.htm,0,707,"0001045810 false 0001045810 2026-04-24 2026-04-24 SECURITIES AND EXCHANGE COMMISSION WASHINGTON, DC 20549 PURSUANT TO SECTION 13 OR 15(d) OF THE SECURITIES EXCHANGE ACT OF 1934 Date of Report (Date of earliest event reported): April 24, 2026 NVIDIA CORP ORATION 2788 San Tomas Expressway , Santa Clara , CA 95051 (Address of principal executive offices) (Zip Code) Registrant’s telephone number, including area code: ( 408 ) 486-2000 (Former name or former address, if changed since last report) Check the appropriate box below if the Form 8-K filing is intended to simultaneously satisfy the filing obligation of the registrant under any of the following provisions: ☐ Written communications pursuant to Rule 425 under the Securities Act (17 CFR 230.425) ☐ Soliciting material pursuant to Rule 14a-12 under the Exchange Act (17 CFR 240.14a-12) ☐ Pre-commencement communications pursuant to Rule 14d-2(b) under the Exchange Act (17 CFR 240.14d-2(b)) ☐ Pre-commencement communications pursuant to Rule 13e-4(c) under the Exchange Act (17 CFR 240.13e-4(c)) Securities registered pursuant to Section 12(b) of the Act: Indicate by check mark whether the registrant is an emerging growth company as defined in Rule 405 of the Securities Act of 1933 (§230.405 of this chapter) or Rule 12b-2 of the Securities Exchange Act of 1934 (§240.12b-2 of this chapter). Emerging Growth Company ☐ If an emerging growth company, indicate by check mark if the registrant has elected not to use the extended transition period for complying with any new or revised financial accounting standards provided pursuant to Section 13(a) of the Exchange Act. ☐ Item 5.02. Departure of Directors or Certain Officers; Election of Directors; Appointment of Certain Officers; Compensatory Arrangements of Certain Officers. On April 24, 2026, Donald Robertson, Vice President, or VP, and Chief Accounting Officer, or CAO, of NVIDIA Corporation, or the Company, notified the Company of his intention to retire from his role as VP and CAO, effective May 4, 2026. Following such date, he will remain with the Company as VP, Finance to support various projects until July 1, 2026. On April 26, 2026, the Company appointed Scott Gawel, age 55, as VP and CAO of the Company, effective upon the commencement of his employment with the Company on May 4, 2026. In this role, he will serve as the Company's principal accounting officer. Mr. Gawel will join the Company from Intel Corporation, a global designer and manufacturer of semiconductor products. From 2022 to 2026, he served as Corporate VP and CAO of Intel. From 2020 to 2022, he served as Senior VP and Corporate Controller of Oracle Corporation, a software and technology company. He served as Oracle’s Senior VP and Assistant Controller from 2017 to 2020, VP, Corporate Accounting from 2009 to 2017, and Senior Director, Corporate Accounting from 2004 to 2009. There is no arrangement or understanding between Mr. Gawel and any other person pursuant to which he was selected to this position. There are no transactions involving the Company and Mr. Gawel that are required to be reported pursuant to Item 404(a) of Regulation S-K. Mr. Gawel has no family relationships with any of the Company’s board of directors or executive officers. In connection with his appointment, Mr. Gawel’s annual base salary will be $800,000 and he will receive two new hire equity grants of restricted stock units, or RSUs, with a combined target value of $12,875,000. The RSUs will vest approximately over a four-year period according to the Company’s standard vesting schedules. The terms of the RSUs will be governed by the Company's Amended and Restated 2007 Equity Incentive Plan and applicable RSU agreement. Mr. Gawel will be eligible to participate in the Company's standard benefit programs available to similarly situated employees. Mr. Gawel will enter into the Company’s standard indemnity agreement, which would require the Company to indemnify Mr. Gawel, under the circumstances and to the extent provided for therein, against certain expenses and other amounts incurred by Mr. Gawel as a result of being made a party to certain actions, suits, proceedings and the like by reason of his position as an officer of the Company. Pursuant to the requirements of the Securities Exchange Act of 1934, the registrant has duly caused this report to be signed on its behalf by the undersigned hereunto duly authorized."
NVDA_8-K_2026-05-08_0000,NVDA,8-K,2026-05-08,NVDA_8-K_0001045810-26-000028_nvda-20260507.htm,0,534,"0001045810 false 0001045810 2026-05-07 2026-05-07 SECURITIES AND EXCHANGE COMMISSION WASHINGTON, DC 20549 PURSUANT TO SECTION 13 OR 15(d) OF THE SECURITIES EXCHANGE ACT OF 1934 Date of Report (Date of earliest event reported): May 7, 2026 NVIDIA CORP ORATION 2788 San Tomas Expressway , Santa Clara , CA 95051 (Address of principal executive offices) (Zip Code) Registrant’s telephone number, including area code: ( 408 ) 486-2000 (Former name or former address, if changed since last report) Check the appropriate box below if the Form 8-K filing is intended to simultaneously satisfy the filing obligation of the registrant under any of the following provisions: ☐ Written communications pursuant to Rule 425 under the Securities Act (17 CFR 230.425) ☐ Soliciting material pursuant to Rule 14a-12 under the Exchange Act (17 CFR 240.14a-12) ☐ Pre-commencement communications pursuant to Rule 14d-2(b) under the Exchange Act (17 CFR 240.14d-2(b)) ☐ Pre-commencement communications pursuant to Rule 13e-4(c) under the Exchange Act (17 CFR 240.13e-4(c)) Securities registered pursuant to Section 12(b) of the Act: Indicate by check mark whether the registrant is an emerging growth company as defined in Rule 405 of the Securities Act of 1933 (§230.405 of this chapter) or Rule 12b-2 of the Securities Exchange Act of 1934 (§240.12b-2 of this chapter). Emerging Growth Company ☐ If an emerging growth company, indicate by check mark if the registrant has elected not to use the extended transition period for complying with any new or revised financial accounting standards provided pursuant to Section 13(a) of the Exchange Act. ☐ Item 5.02. Departure of Directors or Certain Officers; Election of Directors; Appointment of Certain Officers; Compensatory Arrangements of Certain Officers. On May 7, 2026, the Board of Directors, or the Board, of NVIDIA Corporation appointed Suzanne Nora Johnson as a member of the Board and as a member of the Audit Committee of the Board and the number of directors constituting the full Board was increased from ten to eleven, in each case effective July 13, 2026. Ms. Nora Johnson will join the Board effective July 13, 2026, due to a prior professional commitment. In connection with her appointment to the Board, Ms. Nora Johnson will be granted pursuant to our Amended and Restated 2007 Equity Incentive Plan: (a) an initial equity grant of restricted stock units with a target value of $255,000, vesting approximately semi-annually over three years, and (b) a pro-rated annual equity grant of restricted stock units with an annualized target value of $255,000, approximately 50% of which will vest on May 19, 2027, and the balance of which will vest on November 18, 2026. Additionally, she will be granted a pro-rated annual cash retainer with an annualized value of $85,000, payable quarterly starting on July 13, 2026. In addition, we will enter into an indemnity agreement with Ms. Nora Johnson in connection with her service as a member of the Board. The form of indemnity agreement is filed as Exhibit 10.1 to our Current Report on Form 8-K filed with the SEC on March 7, 2006. Pursuant to the requirements of the Securities Exchange Act of 1934, the registrant has duly caused this report to be signed on its behalf by the undersigned hereunto duly authorized."
NVDA_8-K_2026-05-20_0000,NVDA,8-K,2026-05-20,NVDA_8-K_0001045810-26-000051_nvda-20260520.htm,0,485,"0001045810 false 0001045810 2026-05-20 2026-05-20 SECURITIES AND EXCHANGE COMMISSION WASHINGTON, DC 20549 PURSUANT TO SECTION 13 OR 15(d) OF THE SECURITIES EXCHANGE ACT OF 1934 Date of Report (Date of earliest event reported): May 20, 2026 NVIDIA CORP ORATION 2788 San Tomas Expressway , Santa Clara , CA 95051 (Address of principal executive offices) (Zip Code) Registrant’s telephone number, including area code: ( 408 ) 486-2000 (Former name or former address, if changed since last report) Check the appropriate box below if the Form 8-K filing is intended to simultaneously satisfy the filing obligation of the registrant under any of the following provisions: ☐ Written communications pursuant to Rule 425 under the Securities Act (17 CFR 230.425) ☐ Soliciting material pursuant to Rule 14a-12 under the Exchange Act (17 CFR 240.14a-12) ☐ Pre-commencement communications pursuant to Rule 14d-2(b) under the Exchange Act (17 CFR 240.14d-2(b)) ☐ Pre-commencement communications pursuant to Rule 13e-4(c) under the Exchange Act (17 CFR 240.13e-4(c)) Securities registered pursuant to Section 12(b) of the Act: Indicate by check mark whether the registrant is an emerging growth company as defined in Rule 405 of the Securities Act of 1933 (§230.405 of this chapter) or Rule 12b-2 of the Securities Exchange Act of 1934 (§240.12b-2 of this chapter). Emerging Growth Company ☐ If an emerging growth company, indicate by check mark if the registrant has elected not to use the extended transition period for complying with any new or revised financial accounting standards provided pursuant to Section 13(a) of the Exchange Act. ☐ Item 2.02 Results of Operations and Financial Condition. On May 20, 2026, NVIDIA Corporation, or the Company, issued a press release announcing its results for the quarter ended April 26, 2026. The press release is attached as Exhibit 99.1 and is incorporated herein by reference. Attached hereto as Exhibit 99.2 and incorporated by reference herein is financial information and commentary by Colette M. Kress, Executive Vice President and Chief Financial Officer of the Company, regarding results for the quarter ended April 26, 2026, or the CFO Commentary. The CFO Commentary will be posted to https://investor.nvidia.com immediately after the filing of this Current Report. The press release and CFO Commentary are furnished and shall not be deemed ""filed"" for purposes of Section 18 of the Securities Exchange Act of 1934, as amended, or subject to the liabilities of that Section or Sections 11 and 12(a)(2) of the Securities Act of 1933, as amended. The information in this Current Report shall not be incorporated by reference in any filing with the U.S. Securities and Exchange Commission made by the Company, whether made before or after the date hereof, regardless of any general incorporation language in such filing. Item 9.01 Financial Statements and Exhibits. Pursuant to the requirements of the Securities Exchange Act of 1934, the registrant has duly caused this report to be signed on its behalf by the undersigned hereunto duly authorized."
NVDA_8-K_2026-06-18_0000,NVDA,8-K,2026-06-18,NVDA_8-K_0001193125-26-275783_d48176d8k.htm,0,413,"NVIDIA CORP false 0001045810 0001045810 2026-06-15 2026-06-15 UNITED STATES SECURITIES AND EXCHANGE COMMISSION WASHINGTON, DC 20549 FORM 8-K CURRENT REPORT PURSUANT TO SECTION 13 OR 15(d) OF THE SECURITIES EXCHANGE ACT OF 1934 Date of Report (Date of earliest event reported): June 15, 2026 NVIDIA CORPORATION (Exact name of registrant as specified in its charter) 2788 San Tomas Expressway , Santa Clara , CA 95051 (Address of principal executive offices) (Zip Code) Registrant’s telephone number, including area code: (408) 486-2000 Not Applicable (Former name or former address, if changed since last report) Check the appropriate box below if the Form 8-K filing is intended to simultaneously satisfy the filing obligation of the registrant under any of the following provisions: Securities registered pursuant to Section 12(b) of the Act: Indicate by check mark whether the registrant is an emerging growth company as defined in Rule 405 of the Securities Act of 1933 (§230.405 of this chapter) or Rule 12b-2 of the Securities Exchange Act of 1934 (§240.12b-2 of this chapter). Emerging Growth Company ☐ If an emerging growth company, indicate by check mark if the registrant has elected not to use the extended transition period for complying with any new or revised financial accounting standards provided pursuant to Section 13(a) of the Exchange Act. ☐ SECURITIES AND EXCHANGE COMMISSION WASHINGTON, DC 20549 PURSUANT TO SECTION 13 OR 15(d) OF THE SECURITIES EXCHANGE ACT OF 1934 Date of Report (Date of earliest event reported): June 15, 2026 NVIDIA CORPORATION (Exact name of registrant as specified in its charter) 2788 San Tomas Expressway , Santa Clara , CA 95051 (Address of principal executive offices) (Zip Code) Registrant’s telephone number, including area code: (408) 486-2000 (Former name or former address, if changed since last report) Check the appropriate box below if the Form 8-K filing is intended to simultaneously satisfy the filing obligation of the registrant under any of the following provisions: Securities registered pursuant to Section 12(b) of the Act: Indicate by check mark whether the registrant is an emerging growth company as defined in Rule 405 of the Securities Act of 1933 (§230.405 of this chapter) or Rule 12b-2 of the Securities Exchange Act of 1934 (§240.12b-2 of this chapter). Emerging Growth Company ☐ If an emerging growth company, indicate by check mark if the registrant has elected not to use the extended transition period for complying with any new or revised financial accounting standards provided pursuant to Section 13(a) of the Exchange Act. ☐"
NVDA_8-K_2026-06-18_0001,NVDA,8-K,2026-06-18,NVDA_8-K_0001193125-26-275783_d48176d8k.htm,1,630,", CA 95051 (Address of principal executive offices) (Zip Code) Registrant’s telephone number, including area code: (408) 486-2000 (Former name or former address, if changed since last report) Check the appropriate box below if the Form 8-K filing is intended to simultaneously satisfy the filing obligation of the registrant under any of the following provisions: Securities registered pursuant to Section 12(b) of the Act: Indicate by check mark whether the registrant is an emerging growth company as defined in Rule 405 of the Securities Act of 1933 (§230.405 of this chapter) or Rule 12b-2 of the Securities Exchange Act of 1934 (§240.12b-2 of this chapter). Emerging Growth Company ☐ If an emerging growth company, indicate by check mark if the registrant has elected not to use the extended transition period for complying with any new or revised financial accounting standards provided pursuant to Section 13(a) of the Exchange Act. ☐ On June 18, 2026, NVIDIA Corporation (the “Company”) completed an offering of $3,500,000,000 aggregate principal amount of its 4.250% Notes due 2028 (the “2028 Notes”), $3,500,000,000 aggregate principal amount of its 4.350% Notes due 2029 (the “2029 Notes”), $4,000,000,000 aggregate principal amount of its 4.500% Notes due 2031 (the “2031 Notes”), $3,500,000,000 aggregate principal amount of its 4.750% Notes due 2033 (the “2033 Notes”), $4,000,000,000 aggregate principal amount of its 4.950% Notes due 2036 (the “2036 Notes”), $3,000,000,000 aggregate principal amount of its 5.550% Notes due 2046 (the “2046 Notes”) and $3,500,000,000 aggregate principal amount of its 5.625% Notes due 2056 (the “2056 Notes” and, together with the 2028 Notes, the 2029 Notes, the 2031 Notes, the 2033 Notes, the 2036 Notes, and the 2046 Notes, the “Notes”). The offering of the Notes was made pursuant to the Company’s Registration Statement on Form S-3 (File No. 333-287619), which Registration Statement relates to the offer and sale on a delayed basis from time to time of an indeterminate amount of the Company’s securities, including debt securities. Further information concerning the Notes and related matters is set forth in the Company’s Prospectus Supplement dated June 15, 2026, which was filed with the Securities and Exchange Commission on June 17, 2026. In connection with the issuance of the Notes, the Company entered into an Underwriting Agreement dated as of June 15, 2026 (the “Underwriting Agreement”) with Goldman Sachs & Co. LLC, J.P. Morgan Securities LLC and Morgan Stanley & Co. LLC, as representatives of the several underwriters listed in Schedule I to the Underwriting Agreement. The foregoing description of the Underwriting Agreement is qualified in its entirety by the terms of such agreement, a copy of which is attached hereto as Exhibit 1.1 and is incorporated by reference herein. The Notes were issued pursuant to an Indenture with Computershare Trust Company, N.A., as successor to Wells Fargo Bank, National Association, as trustee, dated as of September 16, 2016 (the “Base Indenture”), as supplemented by an Officers’ Certificate, dated as of June 18, 2026 (the “Officers’ Certificate” and, together with the Base Indenture, the “Indenture”). The Officers’ Certificate is attached hereto as Exhibit 4.2 and is incorporated by reference herein. The Base Indenture was previously incorporated by reference into the Registration Statement pursuant to Exhibit 4.1 to the Company’s Current Report on Form 8-K filed on September 16, 2016. The forms of the 2028 Notes, the 2029 Notes, the 2031 Notes, the 2033 Notes, the 2036 Notes, the 2046 Notes, and the 2056 Notes are attached hereto as Exhibits 4.3, 4.4, 4.5, 4.6, 4.7, 4.8, and 4.9, respectively, and are incorporated by reference herein. The above description of the Underwriting Agreement, the Indenture and the Notes does not purport to be complete and is qualified in its entirety by reference to the Underwriting Agreement, the Indenture, and the forms of Notes. (d)  Exhibits 2"
NVDA_8-K_2026-06-18_0002,NVDA,8-K,2026-06-18,NVDA_8-K_0001193125-26-275783_d48176d8k.htm,2,697,"by an Officers’ Certificate, dated as of June 18, 2026 (the “Officers’ Certificate” and, together with the Base Indenture, the “Indenture”). The Officers’ Certificate is attached hereto as Exhibit 4.2 and is incorporated by reference herein. The Base Indenture was previously incorporated by reference into the Registration Statement pursuant to Exhibit 4.1 to the Company’s Current Report on Form 8-K filed on September 16, 2016. The forms of the 2028 Notes, the 2029 Notes, the 2031 Notes, the 2033 Notes, the 2036 Notes, the 2046 Notes, and the 2056 Notes are attached hereto as Exhibits 4.3, 4.4, 4.5, 4.6, 4.7, 4.8, and 4.9, respectively, and are incorporated by reference herein. The above description of the Underwriting Agreement, the Indenture and the Notes does not purport to be complete and is qualified in its entirety by reference to the Underwriting Agreement, the Indenture, and the forms of Notes. (d) Exhibits 2 On June 18, 2026, NVIDIA Corporation (the “Company”) completed an offering of $3,500,000,000 aggregate principal amount of its 4.250% Notes due 2028 (the “2028 Notes”), $3,500,000,000 aggregate principal amount of its 4.350% Notes due 2029 (the “2029 Notes”), $4,000,000,000 aggregate principal amount of its 4.500% Notes due 2031 (the “2031 Notes”), $3,500,000,000 aggregate principal amount of its 4.750% Notes due 2033 (the “2033 Notes”), $4,000,000,000 aggregate principal amount of its 4.950% Notes due 2036 (the “2036 Notes”), $3,000,000,000 aggregate principal amount of its 5.550% Notes due 2046 (the “2046 Notes”) and $3,500,000,000 aggregate principal amount of its 5.625% Notes due 2056 (the “2056 Notes” and, together with the 2028 Notes, the 2029 Notes, the 2031 Notes, the 2033 Notes, the 2036 Notes, and the 2046 Notes, the “Notes”). The offering of the Notes was made pursuant to the Company’s Registration Statement on Form S-3 (File No. 333-287619), which Registration Statement relates to the offer and sale on a delayed basis from time to time of an indeterminate amount of the Company’s securities, including debt securities. Further information concerning the Notes and related matters is set forth in the Company’s Prospectus Supplement dated June 15, 2026, which was filed with the Securities and Exchange Commission on June 17, 2026. In connection with the issuance of the Notes, the Company entered into an Underwriting Agreement dated as of June 15, 2026 (the “Underwriting Agreement”) with Goldman Sachs & Co. LLC, J.P. Morgan Securities LLC and Morgan Stanley & Co. LLC, as representatives of the several underwriters listed in Schedule I to the Underwriting Agreement. The foregoing description of the Underwriting Agreement is qualified in its entirety by the terms of such agreement, a copy of which is attached hereto as Exhibit 1.1 and is incorporated by reference herein. The Notes were issued pursuant to an Indenture with Computershare Trust Company, N.A., as successor to Wells Fargo Bank, National Association, as trustee, dated as of September 16, 2016 (the “Base Indenture”), as supplemented by an Officers’ Certificate, dated as of June 18, 2026 (the “Officers’ Certificate” and, together with the Base Indenture, the “Indenture”). The Officers’ Certificate is attached hereto as Exhibit 4.2 and is incorporated by reference herein. The Base Indenture was previously incorporated by reference into the Registration Statement pursuant to Exhibit 4.1 to the Company’s Current Report on Form 8-K filed on September 16, 2016. The forms of the 2028 Notes, the 2029 Notes, the 2031 Notes, the 2033 Notes, the 2036 Notes, the 2046 Notes, and the 2056 Notes are attached hereto as Exhibits 4.3, 4.4, 4.5, 4.6, 4.7, 4.8, and 4.9, respectively, and are incorporated by reference herein. The above description of the Underwriting Agreement, the Indenture and the Notes does not purport to be complete and is qualified in its entirety by reference to the Underwriting Agreement, the Indenture, and the forms of Notes. SIGNATURE Pursuant to the requirements of the Securities Exchange Act of 1934, the registrant has duly caused this report to be signed on its behalf by the undersigned hereunto duly authorized. Date: June 18, 2026 4 Pursuant to the requirements of the Securities Exchange Act of 1934, the registrant has duly caused this report to be signed on its behalf by the undersigned hereunto duly authorized. Date: June 18, 2026"
NVDA_8-K_2026-06-30_0000,NVDA,8-K,2026-06-30,NVDA_8-K_0001045810-26-000056_nvda-20260624.htm,0,577,"0001045810 false 0001045810 2026-06-24 2026-06-24 SECURITIES AND EXCHANGE COMMISSION WASHINGTON, DC 20549 PURSUANT TO SECTION 13 OR 15(d) OF THE SECURITIES EXCHANGE ACT OF 1934 Date of Report (Date of earliest event reported): June 24, 2026 NVIDIA CORP ORATION 2788 San Tomas Expressway , Santa Clara , CA 95051 (Address of principal executive offices) (Zip Code) Registrant’s telephone number, including area code: ( 408 ) 486-2000 (Former name or former address, if changed since last report) Check the appropriate box below if the Form 8-K filing is intended to simultaneously satisfy the filing obligation of the registrant under any of the following provisions: ☐ Written communications pursuant to Rule 425 under the Securities Act (17 CFR 230.425) ☐ Soliciting material pursuant to Rule 14a-12 under the Exchange Act (17 CFR 240.14a-12) ☐ Pre-commencement communications pursuant to Rule 14d-2(b) under the Exchange Act (17 CFR 240.14d-2(b)) ☐ Pre-commencement communications pursuant to Rule 13e-4(c) under the Exchange Act (17 CFR 240.13e-4(c)) Securities registered pursuant to Section 12(b) of the Act: Indicate by check mark whether the registrant is an emerging growth company as defined in Rule 405 of the Securities Act of 1933 (§230.405 of this chapter) or Rule 12b-2 of the Securities Exchange Act of 1934 (§240.12b-2 of this chapter). Emerging Growth Company ☐ If an emerging growth company, indicate by check mark if the registrant has elected not to use the extended transition period for complying with any new or revised financial accounting standards provided pursuant to Section 13(a) of the Exchange Act. ☐ Item 5.07. Submission of Matters to a Vote of Security Holders. On June 24, 2026, at the 2026 Annual Meeting of Stockholders of NVIDIA Corporation, or the 2026 Annual Meeting, the following proposals were adopted or rejected by the margin indicated. 1. Stockholders approved the election of each of our ten (10) director nominees to hold office until the 2027 Annual Meeting of Stockholders of NVIDIA Corporation and until his or her successor is elected or appointed. The results of the voting were as follows: 2. Stockholders approved, on an advisory basis, the compensation of our named executive officers as disclosed in our definitive proxy statement on Schedule 14A for the 2026 Annual Meeting filed with the Securities and Exchange Commission on May 12, 2026. The results of the voting were as follows: 3. Stockholders approved the ratification of the selection of PricewaterhouseCoopers LLP as our independent registered accounting firm for our fiscal year ending January 31, 2027. The results of the voting were as follows: 4. Stockholders approved the non-binding stockholder proposal to replace the supermajority voting provisions in our charter and bylaws with a simple majority voting standard. The results of the voting were as follows: 5. Stockholders did not approve the non-binding stockholder proposal to request an evaluation and report on faith-based community resource groups. The results of the voting were as follows: 6. Stockholders did not approve the non-binding stockholder proposal to request an evaluation and report on civil rights and non-discrimination related to diversity, equity, and inclusion. The results of the voting were as follows: 7. Stockholders did not approve the non-binding stockholder proposal to request a report disclosing GHG emissions from the use of the NVIDIA Corporation’s sold products. The results of the voting were as follows: Pursuant to the requirements of the Securities Exchange Act of 1934, the registrant has duly caused this report to be signed on its behalf by the undersigned hereunto duly authorized."
NVDA_8-K_2026-07-02_0000,NVDA,8-K,2026-07-02,NVDA_8-K_0001045810-26-000060_nvda-20260628.htm,0,749,"0001045810 false 0001045810 2026-06-28 2026-06-28 SECURITIES AND EXCHANGE COMMISSION WASHINGTON, DC 20549 PURSUANT TO SECTION 13 OR 15(d) OF THE SECURITIES EXCHANGE ACT OF 1934 Date of Report (Date of earliest event reported): June 28, 2026 NVIDIA CORP ORATION 2788 San Tomas Expressway , Santa Clara , CA 95051 (Address of principal executive offices) (Zip Code) Registrant’s telephone number, including area code: ( 408 ) 486-2000 (Former name or former address, if changed since last report) Check the appropriate box below if the Form 8-K filing is intended to simultaneously satisfy the filing obligation of the registrant under any of the following provisions: ☐ Written communications pursuant to Rule 425 under the Securities Act (17 CFR 230.425) ☐ Soliciting material pursuant to Rule 14a-12 under the Exchange Act (17 CFR 240.14a-12) ☐ Pre-commencement communications pursuant to Rule 14d-2(b) under the Exchange Act (17 CFR 240.14d-2(b)) ☐ Pre-commencement communications pursuant to Rule 13e-4(c) under the Exchange Act (17 CFR 240.13e-4(c)) Securities registered pursuant to Section 12(b) of the Act: Indicate by check mark whether the registrant is an emerging growth company as defined in Rule 405 of the Securities Act of 1933 (§230.405 of this chapter) or Rule 12b-2 of the Securities Exchange Act of 1934 (§240.12b-2 of this chapter). Emerging Growth Company ☐ If an emerging growth company, indicate by check mark if the registrant has elected not to use the extended transition period for complying with any new or revised financial accounting standards provided pursuant to Section 13(a) of the Exchange Act. ☐ Item 5.02. Departure of Directors or Certain Officers; Election of Directors; Appointment of Certain Officers; Compensatory Arrangements of Certain Officers. On June 28, 2026, Ajay K. Puri, Executive Vice President, Worldwide Field Operations of NVIDIA Corporation, or the Company, notified the Company of his intention to retire from his role effective upon the employment commencement date of his successor. Mr. Puri, a 21-year executive at NVIDIA, is expected to remain with the Company in a senior advisory role to ensure a seamless transition to his successor. On July 1, 2026, the Company appointed Nicholas Parker, age 55, as Executive Vice President, Worldwide Field Operations of the Company, effective upon the commencement of his employment with the Company, which is anticipated to be on August 24, 2026. Mr. Parker will join the Company after 26 years at Microsoft Corporation and brings a combination of industry knowledge and business acumen as the Company works to extend its global leadership in AI infrastructure and expand the ecosystem. He most recently served as Executive Vice President and Chief Business Officer of Microsoft’s Worldwide Sales & Solutions organization from 2025 to 2026, where he was responsible for operating the commercial business for enterprise, small and medium business and consumer customers. He also served as President, Industry & Partner Sales from 2022 to 2025, and Vice President, Global Partner Solutions from 2020 to 2022. Mr. Parker’s annual base salary will be $1,000,000 and he will receive a sign-on bonus of $5,000,000. He will be eligible to receive target annualized cash variable compensation of $1,500,000 pursuant to the Company’s Fiscal 2027 Variable Compensation Plan, pro-rated for his time worked during fiscal year 2027. Mr. Parker will also receive two new hire equity grants consisting of (a) restricted stock units, or RSUs, with a target value of $35,000,000, vesting approximately over a four-year period according to the Company’s standard new hire vesting schedule, and (b) multi-year performance-based RSUs, or MY PSUs, with a target value of $5,000,000, which will be eligible to vest based on the Company’s total shareholder return relative to the Standard & Poor’s 500 Composite Index over a three-year period. The terms of the RSUs and MY PSUs will be governed by the Company's Amended and Restated 2007 Equity Incentive Plan and applicable RSU and MY PSU agreements. Mr. Parker will be eligible to participate in the Company's benefit programs available to similarly situated employees. Mr. Parker will enter into the Company’s indemnity agreement, which would require the Company to indemnify Mr. Parker, under the circumstances and to the extent provided for therein, against certain expenses and other amounts incurred by Mr. Parker as a result of being made a party to certain actions, suits, proceedings and the like by reason of his position as an officer of the Company. Pursuant to the requirements of the Securities Exchange Act of 1934, the registrant has duly caused this report to be signed on its behalf by the undersigned hereunto duly authorized."
NVDA_8-K_2026-08-17_0000,NVDA,8-K,2026-08-17,NVDA_8-K_0001045810-26-000069_nvda-20260817.htm,0,788,"0001045810 false 0001045810 2026-08-17 2026-08-17 SECURITIES AND EXCHANGE COMMISSION WASHINGTON, DC 20549 PURSUANT TO SECTION 13 OR 15(d) OF THE SECURITIES EXCHANGE ACT OF 1934 Date of Report (Date of earliest event reported): August 17, 2026 NVIDIA CORP ORATION 2788 San Tomas Expressway , Santa Clara , CA 95051 (Address of principal executive offices) (Zip Code) Registrant’s telephone number, including area code: ( 408 ) 486-2000 (Former name or former address, if changed since last report) Check the appropriate box below if the Form 8-K filing is intended to simultaneously satisfy the filing obligation of the registrant under any of the following provisions: ☐ Written communications pursuant to Rule 425 under the Securities Act (17 CFR 230.425) ☐ Soliciting material pursuant to Rule 14a-12 under the Exchange Act (17 CFR 240.14a-12) ☐ Pre-commencement communications pursuant to Rule 14d-2(b) under the Exchange Act (17 CFR 240.14d-2(b)) ☐ Pre-commencement communications pursuant to Rule 13e-4(c) under the Exchange Act (17 CFR 240.13e-4(c)) Securities registered pursuant to Section 12(b) of the Act: Indicate by check mark whether the registrant is an emerging growth company as defined in Rule 405 of the Securities Act of 1933 (§230.405 of this chapter) or Rule 12b-2 of the Securities Exchange Act of 1934 (§240.12b-2 of this chapter). Emerging Growth Company ☐ If an emerging growth company, indicate by check mark if the registrant has elected not to use the extended transition period for complying with any new or revised financial accounting standards provided pursuant to Section 13(a) of the Exchange Act. ☐ Item 1.01.    Entry into a Material Definitive Agreement On August 17, 2026, NVIDIA Corporation (“NVIDIA”) announced a multi-year partnership with SB Energy Corp. (collectively with its affiliates, “SB Energy”) to advance the development of the PORTS Technology Campus, a large-scale AI data center campus in Pike County, Ohio (the “Portsmouth Site”). Through the partnership and the credit support described below, NVIDIA has secured land, power, and shell capacity at the Portsmouth Site to host NVIDIA AI compute infrastructure. An affiliate of OpenAI Group PBC (such affiliate, “OpenAI”) will be the tenant. Residual Value Guaranties On August 17, 2026, NVIDIA entered into multiple residual value guaranties (collectively, the “Agreements”) with SB Energy (the “Lessor”) relating to leases for approximately 4.25 gigawatts of IT load in the aggregate at the Portsmouth Site. An Agreement generally will become effective upon commencement of the applicable lease. NVIDIA also can provide credit support to secure approximately an additional 3.8 gigawatts at the Portsmouth Site, exercisable in its sole discretion. NVIDIA’s aggregate payment obligation is cumulatively capped at $105 billion for its initial commitment under the Agreements. NVIDIA’s payment obligations are subject to specified conditions, including among other things, that the Lessor has satisfied applicable ready-for-service conditions under the lease for the relevant premises, expected beginning in 2028. Pursuant to the Agreements, OpenAI is the tenant; however, in the event of (i) OpenAI’s insolvency resulting in a default under a lease, or (ii) OpenAI’s failure to make payments under a lease (each a “Trigger Event”), NVIDIA will pay an amount generally equal to any shortfall between the guaranteed minimum value of a lease (as set forth in the Agreements) and amounts recovered through a replacement lease or sale. Upon a Trigger Event, NVIDIA may elect to (i) assume the applicable lease, (ii) require the Lessor to seek to relet the applicable premises, (iii) initiate a sale process, (iv) allow the applicable lease to be terminated, or (v) defer the exercise of these remedies for up to one year while paying specified project agreement costs. NVIDIA’s obligations under an Agreement will terminate upon the earliest to occur of (i) the 20th anniversary of the commencement of the applicable lease, (ii) the termination of the applicable lease by OpenAI in accordance with its terms, (iii) OpenAI achieving a satisfactory credit rating, and (iv) other customary termination events. OpenAI has agreed to reimburse and indemnify NVIDIA for any and all amounts actually paid by NVIDIA to the Lessor under the Agreements. The foregoing description of the Agreements does not purport to be complete and is qualified in its entirety by reference to the full text of the Agreements, the form of which will be filed as an exhibit to NVIDIA’s Quarterly Report on Form 10-Q for the fiscal quarter ended July 26, 2026. OpenAI, as the tenant, will utilize capacity at the Portsmouth Site supporting approximately 4.25 gigawatts of IT load to deploy NVIDIA’s full-stack DSX AI factory platform, subject to limited exceptions. Item 2.03.    Creation of a Direct Financial Obligation or an Obligation under an Off-Balance Sheet Arrangement of a Registrant The information set forth in Item 1.01 above is hereby incorporated by reference into this Item 2.03. Item 7.01.    Regulation FD"
NVDA_8-K_2026-08-17_0001,NVDA,8-K,2026-08-17,NVDA_8-K_0001045810-26-000069_nvda-20260817.htm,1,700,"(iv) other customary termination events. OpenAI has agreed to reimburse and indemnify NVIDIA for any and all amounts actually paid by NVIDIA to the Lessor under the Agreements. The foregoing description of the Agreements does not purport to be complete and is qualified in its entirety by reference to the full text of the Agreements, the form of which will be filed as an exhibit to NVIDIA’s Quarterly Report on Form 10-Q for the fiscal quarter ended July 26, 2026. OpenAI, as the tenant, will utilize capacity at the Portsmouth Site supporting approximately 4.25 gigawatts of IT load to deploy NVIDIA’s full-stack DSX AI factory platform, subject to limited exceptions. Item 2.03. Creation of a Direct Financial Obligation or an Obligation under an Off-Balance Sheet Arrangement of a Registrant The information set forth in Item 1.01 above is hereby incorporated by reference into this Item 2.03. Item 7.01. Regulation FD On August 17, 2026, NVIDIA issued a press release announcing the partnership with SB Energy. The press release is attached as Exhibit 99.1 hereto and is incorporated herein by reference. The press release is furnished and shall not be deemed ""filed"" for purposes of Section 18 of the Securities Exchange Act of 1934, as amended, or subject to the liabilities of that Section or Sections 11 and 12(a)(2) of the Securities Act of 1933, as amended. The information in this Item 7.01 of this Current Report on Form 8-K, including Exhibit 99.1, shall not be incorporated by reference in any filing with the U.S. Securities and Exchange Commission made by NVIDIA, whether made before or after the date hereof, regardless of any general incorporation language in such filing. Forward-Looking Statements Certain statements in this Current Report on Form 8-K, including, but not limited to, statements as to: NVIDIA’s partnership with SB Energy and the expected benefits and impacts of the partnership; the development, timing, scale, capacity, and operation of the Portsmouth Site; OpenAI’s role as the tenant and the expected deployment of NVIDIA’s DSX AI factory platform at the Portsmouth Site; the potential expansion of the Portsmouth Site and related commitments; the amount, timing, and conditions of any payments by NVIDIA under the Agreements; the expected timing of the Lessor’s satisfaction of the applicable ready-for-service conditions; and other statements that are not historical facts are forward-looking statements within the meaning of Section 27A of the Securities Act of 1933, as amended, and Section 21E of the Securities Exchange Act of 1934, as amended, which are subject to the “safe harbor” created by those sections based on management’s beliefs and assumptions and on information currently available to management and are subject to risks and uncertainties that could cause results to be materially different than expectations. Important factors that could cause actual results to differ materially include: global economic and political conditions; NVIDIA’s reliance on third parties to manufacture, assemble, package and test NVIDIA’s products; the impact of technological development and competition; development of new products and technologies or enhancements to NVIDIA’s existing products and technologies; market acceptance of NVIDIA’s products or NVIDIA’s partners’ products; design, manufacturing or software defects; changes in consumer preferences or demands; changes in industry standards and interfaces; unexpected loss of performance of NVIDIA’s products or technologies when integrated into systems; NVIDIA’s ability to realize the potential benefits of business investments or acquisitions; and changes in applicable laws and regulations, as well as other factors detailed from time to time in the most recent reports NVIDIA files with the Securities and Exchange Commission (the “SEC”) including, but not limited to, its most recent Annual Report on Form 10-K and subsequent Quarterly Reports on Form 10-Q. Copies of reports filed with the SEC are posted on NVIDIA’s website and are available from NVIDIA without charge. These forward-looking statements are not guarantees of future performance and speak only as of the date hereof, and, except as required by law, NVIDIA disclaims any obligation to update these forward-looking statements to reflect future events or circumstances. Item 9.01.    Financial Statements and Exhibits. Pursuant to the requirements of the Securities Exchange Act of 1934, the registrant has duly caused this report to be signed on its behalf by the undersigned hereunto duly authorized."
NVDA_8-K_2026-08-26_0000,NVDA,8-K,2026-08-26,NVDA_8-K_0001045810-26-000073_nvda-20260826.htm,0,485,"0001045810 false 0001045810 2026-08-26 2026-08-26 SECURITIES AND EXCHANGE COMMISSION WASHINGTON, DC 20549 PURSUANT TO SECTION 13 OR 15(d) OF THE SECURITIES EXCHANGE ACT OF 1934 Date of Report (Date of earliest event reported): August 26, 2026 NVIDIA CORP ORATION 2788 San Tomas Expressway , Santa Clara , CA 95051 (Address of principal executive offices) (Zip Code) Registrant’s telephone number, including area code: ( 408 ) 486-2000 (Former name or former address, if changed since last report) Check the appropriate box below if the Form 8-K filing is intended to simultaneously satisfy the filing obligation of the registrant under any of the following provisions: ☐ Written communications pursuant to Rule 425 under the Securities Act (17 CFR 230.425) ☐ Soliciting material pursuant to Rule 14a-12 under the Exchange Act (17 CFR 240.14a-12) ☐ Pre-commencement communications pursuant to Rule 14d-2(b) under the Exchange Act (17 CFR 240.14d-2(b)) ☐ Pre-commencement communications pursuant to Rule 13e-4(c) under the Exchange Act (17 CFR 240.13e-4(c)) Securities registered pursuant to Section 12(b) of the Act: Indicate by check mark whether the registrant is an emerging growth company as defined in Rule 405 of the Securities Act of 1933 (§230.405 of this chapter) or Rule 12b-2 of the Securities Exchange Act of 1934 (§240.12b-2 of this chapter). Emerging Growth Company ☐ If an emerging growth company, indicate by check mark if the registrant has elected not to use the extended transition period for complying with any new or revised financial accounting standards provided pursuant to Section 13(a) of the Exchange Act. ☐ Item 2.02 Results of Operations and Financial Condition. On August 26, 2026, NVIDIA Corporation, or the Company, issued a press release announcing its results for the quarter ended July 26, 2026. The press release is attached as Exhibit 99.1 and is incorporated herein by reference. Attached hereto as Exhibit 99.2 and incorporated by reference herein is financial information and commentary by Colette M. Kress, Executive Vice President and Chief Financial Officer of the Company, regarding results for the quarter ended July 26, 2026, or the CFO Commentary. The CFO Commentary will be posted to https://investor.nvidia.com immediately after the filing of this Current Report. The press release and CFO Commentary are furnished and shall not be deemed ""filed"" for purposes of Section 18 of the Securities Exchange Act of 1934, as amended, or subject to the liabilities of that Section or Sections 11 and 12(a)(2) of the Securities Act of 1933, as amended. The information in this Current Report shall not be incorporated by reference in any filing with the U.S. Securities and Exchange Commission made by the Company, whether made before or after the date hereof, regardless of any general incorporation language in such filing. Item 9.01 Financial Statements and Exhibits. Pursuant to the requirements of the Securities Exchange Act of 1934, the registrant has duly caused this report to be signed on its behalf by the undersigned hereunto duly authorized."
NVDA_8-K_2026-09-03_0000,NVDA,8-K,2026-09-03,NVDA_8-K_0001045810-26-000078_nvda-20260902.htm,0,727,"0001045810 false 0001045810 2026-09-02 2026-09-02 SECURITIES AND EXCHANGE COMMISSION WASHINGTON, DC 20549 PURSUANT TO SECTION 13 OR 15(d) OF THE SECURITIES EXCHANGE ACT OF 1934 Date of Report (Date of earliest event reported): September 2, 2026 NVIDIA CORP ORATION 2788 San Tomas Expressway , Santa Clara , CA 95051 (Address of principal executive offices) (Zip Code) Registrant’s telephone number, including area code: ( 408 ) 486-2000 (Former name or former address, if changed since last report) Check the appropriate box below if the Form 8-K filing is intended to simultaneously satisfy the filing obligation of the registrant under any of the following provisions: ☐ Written communications pursuant to Rule 425 under the Securities Act (17 CFR 230.425) ☐ Soliciting material pursuant to Rule 14a-12 under the Exchange Act (17 CFR 240.14a-12) ☐ Pre-commencement communications pursuant to Rule 14d-2(b) under the Exchange Act (17 CFR 240.14d-2(b)) ☐ Pre-commencement communications pursuant to Rule 13e-4(c) under the Exchange Act (17 CFR 240.13e-4(c)) Securities registered pursuant to Section 12(b) of the Act: Indicate by check mark whether the registrant is an emerging growth company as defined in Rule 405 of the Securities Act of 1933 (§230.405 of this chapter) or Rule 12b-2 of the Securities Exchange Act of 1934 (§240.12b-2 of this chapter). Emerging Growth Company ☐ If an emerging growth company, indicate by check mark if the registrant has elected not to use the extended transition period for complying with any new or revised financial accounting standards provided pursuant to Section 13(a) of the Exchange Act. ☐ Item 8.01. Other Events. On September 2, 2026, NVIDIA Corporation (“NVIDIA”) entered into a definitive agreement to acquire Hugging Face, Inc. (“Hugging Face”). Hugging Face operates a platform and community for developing, sharing and deploying open-source models, datasets and applications. The transaction includes an approximately $11.9 billion purchase price payable to Hugging Face stockholders, subject to certain adjustments, and an equity-based retention program of up to approximately $1.0 billion for Hugging Face employees joining NVIDIA. The transaction is expected to close in the first half of 2027, subject to the satisfaction or waiver of customary closing conditions, including receipt of required regulatory approvals. NVIDIA expects the acquisition to provide additional resources to Hugging Face and support developers building, sharing and deploying open models and applications. NVIDIA has committed to, among other things, keep Hugging Face’s platform open, consistent with Hugging Face’s existing practices. Under this commitment, Hugging Face would continue to permit model makers, developers, and users to upload and download models and datasets of their choosing and to support other silicon vendors. Risks Related to the Proposed Acquisition of Hugging Face The following risk factor supplements, and should be read together with, the risks relating to acquisitions and other risks described in NVIDIA’s Annual Report on Form 10-K for the fiscal year ended January 25, 2026 and subsequent Quarterly Reports on Form 10-Q. Government restrictions may negatively impact our business and the Hugging Face platform. Demand for open-source foundation models and applications based on them promotes the use of our products worldwide and sustains the Hugging Face platform. We are committed to promoting the training, distribution, and use of both closed and open-source AI models and applications. Other parties are actively lobbying the U.S. Government and other stakeholders worldwide to adopt legislative or regulatory measures that would restrict or disadvantage open-source models and the customers of them. Governments may impose new or additional requirements governing the development, training, release, distribution, access, transfer, deployment or use of AI models, including open-source models. Such requirements could restrict the models or datasets available through Hugging Face, require changes to Hugging Face’s platform or practices, delay or restrict offerings, increase compliance costs or result in investigations or enforcement actions. Many of the world’s most popular and successful open-source models originated in China and are then downloaded, revised, fine-tuned, and tested by developers in the United States and worldwide. Any regulatory control or other restriction that limits our ability to provide products and services that support models derived from any region, including China, could have a material impact on Hugging Face’s platform, as well as a material impact on our business, operating results, and financial condition. Any of these risks could limit our ability to realize the expected benefits of the acquisition or have a material impact on our business, operating results and financial condition. Forward-Looking Statements"
NVDA_8-K_2026-09-03_0001,NVDA,8-K,2026-09-03,NVDA_8-K_0001045810-26-000078_nvda-20260902.htm,1,505,"deployment or use of AI models, including open-source models. Such requirements could restrict the models or datasets available through Hugging Face, require changes to Hugging Face’s platform or practices, delay or restrict offerings, increase compliance costs or result in investigations or enforcement actions. Many of the world’s most popular and successful open-source models originated in China and are then downloaded, revised, fine-tuned, and tested by developers in the United States and worldwide. Any regulatory control or other restriction that limits our ability to provide products and services that support models derived from any region, including China, could have a material impact on Hugging Face’s platform, as well as a material impact on our business, operating results, and financial condition. Any of these risks could limit our ability to realize the expected benefits of the acquisition or have a material impact on our business, operating results and financial condition. Forward-Looking Statements Certain statements in this Current Report on Form 8-K, including, but not limited to, statements as to: NVIDIA’s proposed acquisition of Hugging Face, including expected timing, anticipated benefits and post-closing plans, and other statements that are not historical facts are forward-looking statements within the meaning of Section 27A of the Securities Act of 1933, as amended, and Section 21E of the Securities Exchange Act of 1934, as amended, which are subject to the “safe harbor” created by those sections based on management’s beliefs and assumptions and on information currently available to management and are subject to risks and uncertainties that could cause results to be materially different than expectations. Important factors that could cause actual results to differ materially include: global economic and political conditions; NVIDIA’s reliance on third parties to manufacture, assemble, package and test NVIDIA’s products; the impact of technological development and competition; development of new products and technologies or enhancements to NVIDIA’s existing products and technologies; market acceptance of NVIDIA’s products or NVIDIA’s partners’ products; design, manufacturing or software defects; changes in consumer preferences or demands; changes in industry standards and interfaces; unexpected loss of performance of NVIDIA’s products or technologies when integrated into systems; NVIDIA’s ability to realize the potential benefits of business investments or acquisitions; and changes in applicable laws and regulations, as well as other factors detailed from time to time in the most recent reports NVIDIA files with the Securities and Exchange Commission (the “SEC”) including, but not limited to, its most recent Annual Report on Form 10-K and subsequent Quarterly Reports on Form 10-Q. Copies of reports filed with the SEC are posted on NVIDIA’s website and are available from NVIDIA without charge. These forward-looking statements are not guarantees of future performance and speak only as of the date hereof, and, except as required by law, NVIDIA disclaims any obligation to update these forward-looking statements to reflect future events or circumstances. Item 9.01.    Financial Statements and Exhibits. Pursuant to the requirements of the Securities Exchange Act of 1934, the registrant has duly caused this report to be signed on its behalf by the undersigned hereunto duly authorized."
