date,open,high,low,close,adj_close,volume
2016-01-04,14.206999778747559,14.234999656677246,13.98799991607666,14.227999687194824,10.817034721374512,30970000
2016-01-05,14.314000129699707,14.329999923706055,13.720999717712402,13.751999855041504,10.455147743225098,38173000
2016-01-06,13.456999778747559,13.605999946594238,13.227999687194824,13.329000473022461,10.133557319641113,50824000
2016-01-07,13.130999565124512,13.376999855041504,12.819000244140625,12.904999732971191,9.811205863952637,50056000
2016-01-08,13.003000259399414,13.345999717712402,12.805999755859375,12.819999694824219,9.746582984924316,64641000
2016-01-11,12.949999809265137,12.996999740600586,12.541999816894531,12.803999900817871,9.734415054321289,38941000
2016-01-12,12.986000061035156,13.166999816894531,12.685999870300293,12.991999626159668,9.877346992492676,41112000
2016-01-13,12.774999618530273,12.998000144958496,12.307999610900879,12.331000328063965,9.374811172485352,48470000
2016-01-14,12.418999671936035,12.668000221252441,12.029000282287598,12.519000053405762,9.517741203308105,63942000
2016-01-15,12.020999908447266,12.378999710083008,11.930000305175781,11.996999740600586,9.120882034301758,75916000
2016-01-19,12.276000022888184,12.479999542236328,11.901000022888184,12.006999969482422,9.128484725952148,54773000
2016-01-20,11.782999992370605,12.557999610900879,11.717000007629395,12.383000373840332,9.414342880249023,103988000
2016-01-21,12.479999542236328,12.600000381469727,12.335000038146973,12.45300006866455,9.467564582824707,48475000
2016-01-22,12.64799976348877,12.64799976348877,12.42300033569336,12.451000213623047,9.466046333312988,58428000
2016-01-25,12.442999839782715,12.498000144958496,12.399999618530273,12.449000358581543,9.464521408081055,61359000
2016-01-26,12.5,12.651000022888184,12.399999618530273,12.439000129699707,9.456920623779297,119134000
2016-01-27,12.364999771118164,12.541000366210938,12.008999824523926,12.234999656677246,9.301827430725098,58156000
2016-01-28,12.293999671936035,12.654999732971191,12.199999809265137,12.63700008392334,9.607453346252441,49969000
2016-01-29,12.944000244140625,13.434000015258789,12.810999870300293,13.371000289916992,10.165489196777344,259449000
2016-02-01,13.333999633789062,13.869000434875488,13.295999526977539,13.767999649047852,10.467312812805176,45619000
2016-02-02,13.50100040435791,13.758999824523926,13.170000076293945,13.324000358581543,10.129754066467285,59005000
2016-02-03,13.725000381469727,13.76099967956543,13.029000282287598,13.13599967956543,9.986824035644531,56234000
2016-02-04,13.140000343322754,13.72700023651123,13.050000190734863,13.612000465393066,10.348712921142578,60833000
2016-02-05,13.699999809265137,13.699999809265137,12.697999954223633,12.836000442504883,9.758745193481445,70953000
2016-02-08,12.699000358581543,12.699000358581543,11.92199993133545,12.185999870300293,9.264575958251953,91242000
2016-02-09,11.982999801635742,12.571999549865723,11.876999855041504,11.970999717712402,9.101119041442871,63400000
2016-02-10,12.24899959564209,12.366999626159668,11.864999771118164,11.920000076293945,9.062344551086426,45473000
2016-02-11,11.649999618530273,11.763999938964844,11.425000190734863,11.630999565124512,8.842626571655273,66673000
2016-02-12,11.776000022888184,12.232999801635742,11.572999954223633,12.166000366210938,9.249368667602539,39965000
2016-02-16,12.32699966430664,12.678999900817871,12.295000076293945,12.62399959564209,9.597570419311523,38521000
2016-02-17,12.699999809265137,13.081999778747559,12.67300033569336,13.067999839782715,9.935128211975098,32742000
2016-02-18,13.175999641418457,13.199000358581543,12.607999801635742,12.706999778747559,9.660669326782227,39202000
2016-02-19,12.704999923706055,12.878999710083008,12.5,12.866999626159668,9.782313346862793,31118000
2016-02-22,13.0,13.243000030517578,12.949000358581543,13.064000129699707,9.932085990905762,24204000
2016-02-23,13.015999794006348,13.050000190734863,12.805999755859375,12.815999984741211,9.743542671203613,22352000
2016-02-24,12.651000022888184,13.125,12.541000366210938,13.034000396728516,9.909279823303223,25680000
2016-02-25,13.07800006866455,13.24899959564209,12.869000434875488,13.246999740600586,10.07121467590332,25652000
2016-02-26,13.420000076293945,13.496999740600586,13.225000381469727,13.310999870300293,10.119873046875,27142000
2016-02-29,13.333999633789062,13.791999816894531,13.289999961853027,13.397000312805176,10.18525505065918,35911000
2016-03-01,13.536999702453613,13.86400032043457,13.461999893188477,13.843000411987305,10.524332046508789,44906000
2016-03-02,13.78499984741211,13.824000358581543,13.505000114440918,13.696999549865723,10.413331985473633,43834000
2016-03-03,13.774999618530273,13.885000228881836,13.430000305175781,13.732999801635742,10.440704345703125,59437000
2016-03-04,14.600000381469727,14.78600025177002,14.17199993133545,14.605999946594238,11.104411125183105,72399000
2016-03-07,14.47599983215332,14.623000144958496,14.057000160217285,14.35099983215332,10.91054630279541,41363000
2016-03-08,14.229000091552734,14.281999588012695,13.940999984741211,13.963000297546387,10.615561485290527,33216000
2016-03-09,14.074999809265137,14.253000259399414,14.04699993133545,14.196000099182129,10.792705535888672,31152000
2016-03-10,14.345999717712402,14.579999923706055,14.199999809265137,14.442000389099121,10.979730606079102,54546000
2016-03-11,14.598999977111816,15.001999855041504,14.574999809265137,14.881999969482422,11.314244270324707,55822000
2016-03-14,14.711000442504883,14.918999671936035,14.699999809265137,14.814000129699707,11.262548446655273,28444000
2016-03-15,14.850000381469727,14.998000144958496,14.607999801635742,14.847000122070312,11.287637710571289,30891000
2016-03-16,14.746000289916992,14.927000045776367,14.6850004196167,14.86299991607666,11.3372163772583,34906000
2016-03-17,14.737000465393066,15.17199993133545,14.737000465393066,15.154999732971191,11.55994987487793,44708000
2016-03-18,15.194000244140625,15.300000190734863,15.086999893188477,15.24899959564209,11.631650924682617,70568000
2016-03-21,15.258999824523926,15.300000190734863,15.083000183105469,15.288999557495117,11.662162780761719,28207000
2016-03-22,15.239999771118164,15.560999870300293,15.154999732971191,15.47599983215332,11.804800987243652,33945000
2016-03-23,15.482000350952148,15.531999588012695,15.234000205993652,15.298999786376953,11.669790267944336,27577000
2016-03-24,15.175999641418457,15.329000473022461,15.112000465393066,15.300000190734863,11.67055606842041,25651000
2016-03-28,15.32800006866455,15.350000381469727,15.206999778747559,15.3100004196167,11.678180694580078,17224000
2016-03-29,15.32699966430664,15.493000030517578,15.218000411987305,15.413000106811523,11.756745338439941,26765000
2016-03-30,15.5,15.727999687194824,15.454000473022461,15.692999839782715,11.970324516296387,26794000
2016-03-31,15.70199966430664,15.737000465393066,15.444999694824219,15.449999809265137,11.784968376159668,24968000
2016-04-01,15.404000282287598,15.791999816894531,15.116000175476074,15.779999732971191,12.036686897277832,25671000
2016-04-04,15.800000190734863,15.833000183105469,15.565999984741211,15.60099983215332,11.900150299072266,17760000
2016-04-05,15.444999694824219,15.704999923706055,15.444999694824219,15.503000259399414,11.825398445129395,56915000
2016-04-06,15.470000267028809,15.777000427246094,15.371000289916992,15.753999710083008,12.016855239868164,28149000
2016-04-07,15.748000144958496,15.795000076293945,15.468999862670898,15.496999740600586,11.820820808410645,22975000
2016-04-08,15.628000259399414,15.6899995803833,15.46399974822998,15.614999771118164,11.91082763671875,18526000
2016-04-11,15.743000030517578,15.779999732971191,15.5600004196167,15.560999870300293,11.869638442993164,18568000
2016-04-12,15.60099983215332,15.63700008392334,15.300000190734863,15.543000221252441,11.85590934753418,16537000
2016-04-13,15.647000312805176,15.96500015258789,15.560999870300293,15.947999954223633,12.164834976196289,21730000
2016-04-14,15.729000091552734,15.91100025177002,15.600000381469727,15.881999969482422,12.114494323730469,27549000
2016-04-15,15.812999725341797,15.833999633789062,15.45199966430664,15.548999786376953,11.860488891601562,27685000
2016-04-18,15.53499984741211,15.640000343322754,15.380999565124512,15.59000015258789,11.89176082611084,15297000
2016-04-19,15.645000457763672,15.677000045776367,15.079000473022461,15.107000350952148,11.523337364196777,24560000
2016-04-20,15.145999908447266,15.40999984741211,15.039999961853027,15.322999954223633,11.688094139099121,19435000
2016-04-21,15.289999961853027,15.32800006866455,15.045000076293945,15.135000228881836,11.544694900512695,16117000
2016-04-22,15.039999961853027,15.293999671936035,14.873000144958496,15.032999992370605,11.466889381408691,25699000
2016-04-25,15.024999618530273,15.086000442504883,14.876999855041504,14.90999984741211,11.373067855834961,10870000
2016-04-26,15.14900016784668,15.41100025177002,15.003999710083008,15.076000213623047,11.499688148498535,26309000
2016-04-27,14.720999717712402,15.336000442504883,14.649999618530273,15.152999877929688,11.558424949645996,38930000
2016-04-28,15.038999557495117,15.402000427246094,14.732999801635742,14.798999786376953,11.288399696350098,25520000
2016-04-29,14.630999565124512,14.779000282287598,14.324999809265137,14.574999809265137,11.117536544799805,35067000
2016-05-02,14.616000175476074,14.682999610900879,14.449999809265137,14.607999801635742,11.142704010009766,19525000
2016-05-03,14.510000228881836,14.598999977111816,14.232999801635742,14.319999694824219,10.923025131225586,23986000
2016-05-04,14.25100040435791,14.442000389099121,14.126999855041504,14.206999778747559,10.836833000183105,20888000
2016-05-05,14.381999969482422,14.489999771118164,14.208999633789062,14.258000373840332,10.87573528289795,16841000
2016-05-06,14.175999641418457,14.25,13.918000221252441,14.189000129699707,10.823102951049805,30027000
2016-05-09,14.199999809265137,14.392000198364258,14.12600040435791,14.239999771118164,10.862006187438965,17300000
2016-05-10,14.25,14.513999938964844,14.149999618530273,14.461000442504883,11.03057861328125,18461000
2016-05-11,14.409000396728516,14.621999740600586,14.35099983215332,14.385000228881836,10.972606658935547,16716000
2016-05-12,14.406999588012695,14.472999572753906,13.95199966430664,14.104000091552734,10.758265495300293,26452000
2016-05-13,14.093999862670898,14.312999725341797,13.961999893188477,14.005000114440918,10.682751655578613,21716000
2016-05-16,14.086999893188477,14.362000465393066,14.069000244140625,14.265000343322754,10.88107681274414,20373000
2016-05-17,14.25100040435791,14.298999786376953,13.98799991607666,14.116999626159668,10.768184661865234,21248000
2016-05-18,14.053000450134277,14.505000114440918,14.032999992370605,14.387999534606934,10.974897384643555,22620000
2016-05-19,14.303000450134277,14.465999603271484,14.112000465393066,14.27400016784668,10.887939453125,17478000
2016-05-20,14.413000106811523,14.767000198364258,14.371000289916992,14.67300033569336,11.192291259765625,25889000
2016-05-23,14.819000244140625,15.034000396728516,14.788000106811523,14.8100004196167,11.29679012298584,17609000
2016-05-24,14.859999656677246,15.168000221252441,14.835000038146973,15.142000198364258,11.550034523010254,19907000
2016-05-25,15.184000015258789,15.399999618530273,15.048999786376953,15.357000350952148,11.714032173156738,21737000
2016-05-26,15.376999855041504,15.425000190734863,15.182000160217285,15.302000045776367,11.672079086303711,18431000
2016-05-27,15.300000190734863,15.392999649047852,15.246000289916992,15.329999923706055,11.693437576293945,18693000
2016-05-31,15.399999618530273,15.494999885559082,15.329999923706055,15.435999870300293,11.77428913116455,32058000
2016-06-01,15.340999603271484,15.531999588012695,15.333999633789062,15.47700023651123,11.805564880371094,30777000
2016-06-02,15.520999908447266,15.552000045776367,15.33899974822998,15.491000175476074,11.816242218017578,46746000
2016-06-03,16.57699966430664,16.600000381469727,16.1200008392334,16.256000518798828,12.39976978302002,82985000
2016-06-06,16.34000015258789,16.393999099731445,16.101999282836914,16.284000396728516,12.421127319335938,34010000
2016-06-07,16.333999633789062,16.594999313354492,16.2810001373291,16.483999252319336,12.573683738708496,32340000
2016-06-08,16.409000396728516,16.461999893188477,16.333999633789062,16.3700008392334,12.486729621887207,25620000
2016-06-09,16.214000701904297,16.5049991607666,16.211999893188477,16.413999557495117,12.520288467407227,29143000
2016-06-10,16.216999053955078,16.29800033569336,16.0,16.082000732421875,12.267045974731445,26657000
2016-06-13,16.013999938964844,16.225000381469727,15.96399974822998,16.000999450683594,12.2052640914917,21568000
2016-06-14,15.927000045776367,16.05299949645996,15.812999725341797,15.89900016784668,12.127462387084961,25669000
2016-06-15,15.881999969482422,16.011999130249023,15.817999839782715,15.84000015258789,12.120572090148926,30884000
2016-06-16,15.704999923706055,15.883999824523926,15.5600004196167,15.86299991607666,12.138168334960938,22804000
2016-06-17,15.897000312805176,15.975000381469727,15.493000030517578,15.600000381469727,11.93692684173584,43333000
2016-06-20,15.84000015258789,15.960000038146973,15.668999671936035,15.692999839782715,12.008088111877441,20265000
2016-06-21,15.76099967956543,15.84000015258789,15.560999870300293,15.581000328063965,11.922390937805176,16126000
2016-06-22,15.572999954223633,15.717000007629395,15.479999542236328,15.513999938964844,11.871121406555176,16039000
2016-06-23,15.734999656677246,15.86299991607666,15.597000122070312,15.862000465393066,12.137408256530762,24435000
2016-06-24,15.199999809265137,15.487000465393066,14.84000015258789,14.871999740600586,11.379870414733887,64177000
2016-06-27,14.649999618530273,14.725000381469727,14.22700023651123,14.36299991607666,10.99039363861084,37864000
2016-06-28,14.670000076293945,14.993000030517578,14.657999992370605,14.97700023651123,11.460214614868164,37233000
2016-06-29,15.201000213623047,15.5649995803833,15.07800006866455,15.5,11.860408782958984,47860000
2016-06-30,15.5,15.723999977111816,15.416999816894531,15.539999961853027,11.891014099121094,42626000
2016-07-01,15.446999549865723,15.586999893188477,15.362000465393066,15.42199993133545,11.800724029541016,19779000
2016-07-05,15.157999992370605,15.170999526977539,14.95300006866455,15.076000213623047,11.535968780517578,26321000
2016-07-06,14.935999870300293,15.126999855041504,14.715999603271484,15.062999725341797,11.526020050048828,20603000
2016-07-07,15.013999938964844,15.300000190734863,15.013999938964844,15.098999977111816,11.553569793701172,19248000
2016-07-08,15.265000343322754,15.524999618530273,15.194000244140625,15.513999938964844,11.871121406555176,26741000
2016-07-11,15.710000038146973,15.847000122070312,15.628000259399414,15.736000061035156,12.040994644165039,25201000
2016-07-12,15.857999801635742,16.090999603271484,15.824999809265137,15.859000205993652,12.135112762451172,20306000
2016-07-13,15.890999794006348,16.038000106811523,15.734000205993652,15.741000175476074,12.044819831848145,15734000
2016-07-14,15.954999923706055,16.106000900268555,15.88599967956543,16.07900047302246,12.303451538085938,23550000
2016-07-15,16.111000061035156,16.156999588012695,15.965999603271484,16.115999221801758,12.33176040649414,19259000
2016-07-18,16.242000579833984,16.3700008392334,16.19499969482422,16.232999801635742,12.42129135131836,14626000
2016-07-19,16.14699935913086,16.200000762939453,15.979000091552734,16.05299949645996,12.28355598449707,14797000
2016-07-20,16.15999984741211,16.37700080871582,16.091999053955078,16.267000198364258,12.447306632995605,18064000
2016-07-21,16.301000595092773,16.347999572753906,15.982000350952148,16.041000366210938,12.27437686920166,19530000
2016-07-22,15.958999633789062,16.030000686645508,15.668999671936035,15.967000007629395,12.217750549316406,19664000
2016-07-25,15.96399974822998,16.06999969482422,15.927000045776367,15.977999687194824,12.226165771484375,9627000
2016-07-26,16.141000747680664,16.350000381469727,16.03700065612793,16.3439998626709,12.506226539611816,28631000
2016-07-27,16.5939998626709,16.760000228881836,16.270999908447266,16.56599998474121,12.676097869873047,30493000
2016-07-28,16.5,16.69700050354004,16.392000198364258,16.42300033569336,12.56667709350586,19512000
2016-07-29,16.39299964904785,16.46500015258789,16.110000610351562,16.197999954223633,12.394508361816406,26030000
2016-08-01,16.277999877929688,16.38800048828125,16.190000534057617,16.35099983215332,12.511580467224121,17876000
2016-08-02,16.309999465942383,16.39900016784668,16.226999282836914,16.288999557495117,12.464138984680176,22689000
2016-08-03,16.187999725341797,16.415000915527344,16.128000259399414,16.410999298095703,12.557491302490234,15019000
2016-08-04,16.427000045776367,16.700000762939453,16.420000076293945,16.698999404907227,12.777870178222656,19978000
2016-08-05,16.795000076293945,17.020000457763672,16.722999572753906,17.011999130249023,13.01737117767334,25594000
2016-08-08,17.0,17.12299919128418,16.785999298095703,16.834999084472656,12.88193416595459,19084000
2016-08-09,16.893999099731445,17.216999053955078,16.8700008392334,17.117000579833984,13.097716331481934,32743000
2016-08-10,17.121999740600586,17.218000411987305,16.983999252319336,17.184999465942383,13.149744033813477,19523000
2016-08-11,17.207000732421875,17.31599998474121,17.09000015258789,17.208999633789062,13.16811466217041,15745000
2016-08-12,17.21299934387207,17.261999130249023,17.13800048828125,17.246999740600586,13.19719123840332,16530000
2016-08-15,17.336999893188477,17.58099937438965,17.25,17.554000854492188,13.432101249694824,25807000
2016-08-16,17.481000900268555,17.499000549316406,17.209999084472656,17.239999771118164,13.191835403442383,19069000
2016-08-17,17.225000381469727,17.327999114990234,17.176000595092773,17.30299949645996,13.240043640136719,16613000
2016-08-18,17.281999588012695,17.417999267578125,17.263999938964844,17.39299964904785,13.30890941619873,21120000
2016-08-19,17.417999267578125,17.506000518798828,17.343000411987305,17.493000030517578,13.385425567626953,15349000
2016-08-22,17.5,17.631000518798828,17.4060001373291,17.593000411987305,13.461947441101074,15393000
2016-08-23,17.672000885009766,17.746999740600586,17.61199951171875,17.733999252319336,13.569832801818848,19741000
2016-08-24,17.756999969482422,17.768999099731445,17.437000274658203,17.530000686645508,13.413738250732422,21802000
2016-08-25,17.552000045776367,17.714000701904297,17.4689998626709,17.604000091552734,13.47036361694336,18735000
2016-08-26,17.683000564575195,17.864999771118164,17.51300048828125,17.715999603271484,13.556062698364258,22586000
2016-08-29,17.729999542236328,17.868000030517578,17.690000534057617,17.739999771118164,13.574427604675293,16726000
2016-08-30,17.81599998474121,17.941999435424805,17.5939998626709,17.700000762939453,13.543822288513184,27838000
2016-08-31,17.709999084472656,17.832000732421875,17.53499984741211,17.642000198364258,13.49944019317627,32753000
2016-09-01,17.687999725341797,17.767000198364258,17.48200035095215,17.708999633789062,13.550705909729004,39128000
2016-09-02,17.700000762939453,17.733999252319336,16.8799991607666,17.31100082397461,13.24616527557373,80668000
2016-09-06,17.36199951171875,17.399999618530273,16.964000701904297,17.110000610351562,13.092362403869629,36132000
2016-09-07,17.142000198364258,17.200000762939453,16.770999908447266,16.889999389648438,12.924019813537598,31437000
2016-09-08,16.839000701904297,16.882999420166016,16.6560001373291,16.83799934387207,12.88422679901123,18680000
2016-09-09,16.632999420166016,16.704999923706055,16.066999435424805,16.077999114990234,12.302684783935547,45022000
2016-09-12,15.913000106811523,16.475000381469727,15.875,16.447999954223633,12.58580493927002,35673000
2016-09-13,16.447999954223633,16.736000061035156,16.43000030517578,16.52400016784668,12.643963813781738,36003000
2016-09-14,16.523000717163086,16.993000030517578,16.5049991607666,16.961000442504883,12.97834587097168,40324000
2016-09-15,16.933000564575195,17.299999237060547,16.81999969482422,17.27199935913086,13.256180763244629,36322000
2016-09-16,17.242000579833984,17.298999786376953,16.985000610351562,17.124000549316406,13.142593383789062,83067000
2016-09-19,17.155000686645508,17.357999801635742,16.940000534057617,17.072999954223633,13.103448867797852,28306000
2016-09-20,17.22100067138672,17.22100067138672,16.816999435424805,16.822999954223633,12.91157341003418,18722000
2016-09-21,16.839000701904297,17.00200080871582,16.76099967956543,16.982999801635742,13.03437614440918,17977000
2016-09-22,17.097000122070312,17.125,16.80699920654297,16.884000778198242,12.958393096923828,20619000
2016-09-23,16.8700008392334,16.902999877929688,16.551000595092773,16.665000915527344,12.790310859680176,26875000
2016-09-26,16.510000228881836,16.722999572753906,16.275999069213867,16.66900062561035,12.79338264465332,32033000
2016-09-27,16.68899917602539,17.08799934387207,16.601999282836914,17.086000442504883,13.113425254821777,25353000
2016-09-28,17.17799949645996,17.270999908447266,16.97800064086914,17.06999969482422,13.101150512695312,20843000
2016-09-29,17.0,17.39900016784668,16.948999404907227,17.246000289916992,13.236226081848145,38570000
2016-09-30,17.299999237060547,17.46500015258789,17.243999481201172,17.25200080871582,13.240835189819336,34220000
2016-10-03,17.301000595092773,17.388999938964844,16.972000122070312,17.006999969482422,13.052791595458984,22807000
2016-10-04,17.06100082397461,17.09000015258789,16.808000564575195,16.905000686645508,12.97451114654541,19596000
2016-10-05,17.149999618530273,17.410999298095703,17.06800079345703,17.347999572753906,13.314510345458984,26149000
2016-10-06,17.329999923706055,17.46500015258789,17.125999450683594,17.41900062561035,13.369000434875488,21014000
2016-10-07,17.488000869750977,17.4950008392334,17.23900032043457,17.42099952697754,13.370537757873535,21842000
2016-10-10,17.472999572753906,17.59000015258789,17.375999450683594,17.476999282836914,13.41351318359375,16336000
2016-10-11,17.52899932861328,17.549999237060547,16.952999114990234,17.117000579833984,13.137218475341797,26181000
2016-10-12,17.075000762939453,17.106000900268555,16.84000015258789,17.047000885009766,13.08349609375,21740000
2016-10-13,16.87700080871582,16.989999771118164,16.68000030517578,16.893999099731445,12.96606731414795,22373000
2016-10-14,16.99799919128418,17.263999938964844,16.93400001525879,17.009000778198242,13.054329872131348,19570000
2016-10-17,16.969999313354492,17.094999313354492,16.87299919128418,16.88800048828125,12.961462020874023,12741000
2016-10-18,17.065000534057617,17.28700065612793,17.054000854492188,17.216999053955078,13.213971138000488,14167000
2016-10-19,17.117000579833984,17.22800064086914,17.01099967956543,17.187000274658203,13.190945625305176,20440000
2016-10-20,17.166000366210938,17.45800018310547,17.101999282836914,17.340999603271484,13.309136390686035,18961000
2016-10-21,17.229000091552734,17.34000015258789,17.06999969482422,17.29199981689453,13.27153205871582,15842000
2016-10-24,17.416000366210938,17.700000762939453,17.356000900268555,17.655000686645508,13.55013370513916,19772000
2016-10-25,17.60300064086914,17.649999618530273,17.35099983215332,17.364999771118164,13.327556610107422,21622000
2016-10-26,17.21500015258789,17.47800064086914,17.110000610351562,17.299999237060547,13.277671813964844,21075000
2016-10-27,17.430999755859375,17.524999618530273,17.17799949645996,17.224000930786133,13.219342231750488,19840000
2016-10-28,17.249000549316406,17.28700065612793,16.90399932861328,16.934999465942383,12.997535705566406,20651000
2016-10-31,17.0,17.166000366210938,16.868999481201172,17.027999877929688,13.068906784057617,20317000
2016-11-01,17.07200050354004,17.155000686645508,16.58300018310547,16.8799991607666,12.95532512664795,28452000
2016-11-02,17.291000366210938,17.415000915527344,16.981000900268555,17.256000518798828,13.243902206420898,43501000
2016-11-03,17.2450008392334,17.534000396728516,17.21500015258789,17.298999786376953,13.276905059814453,20654000
2016-11-04,17.040000915527344,17.452999114990234,17.023000717163086,17.216999053955078,13.213971138000488,21753000
2016-11-07,17.43899917602539,17.788000106811523,17.410999298095703,17.695999145507812,13.581597328186035,26126000
2016-11-08,17.707000732421875,17.802000045776367,17.51099967956543,17.700000762939453,13.58466911315918,18923000
2016-11-09,17.14699935913086,17.649999618530273,17.115999221801758,17.341999053955078,13.309904098510742,32506000
2016-11-10,17.371999740600586,17.450000762939453,16.329999923706055,16.79400062561035,12.889315605163574,51217000
2016-11-11,16.735000610351562,17.0,16.572999954223633,16.753999710083008,12.858619689941406,29793000
2016-11-14,16.64699935913086,16.777000427246094,16.302000045776367,16.378000259399414,12.570040702819824,28187000
2016-11-15,16.482999801635742,16.75,16.361000061035156,16.645000457763672,12.7749605178833,25380000
2016-11-16,16.6299991607666,16.816999435424805,16.575000762939453,16.783000946044922,12.880876541137695,13333000
2016-11-17,16.735000610351562,16.902000427246094,16.601999282836914,16.70400047302246,12.820242881774902,18100000
2016-11-18,16.674999237060547,16.916000366210938,16.674999237060547,16.81599998474121,12.906204223632812,19524000
2016-11-21,16.913000106811523,17.275999069213867,16.913000106811523,17.257999420166016,13.24543571472168,21384000
2016-11-22,17.371999740600586,17.742000579833984,17.33099937438965,17.70199966430664,13.586204528808594,31024000
2016-11-23,17.63599967956543,17.775999069213867,17.52400016784668,17.70800018310547,13.590810775756836,22123000
2016-11-25,17.67799949645996,17.70199966430664,17.55699920654297,17.674999237060547,13.565483093261719,8198000
2016-11-28,17.606000900268555,17.707000732421875,17.45400047302246,17.46500015258789,13.404305458068848,26570000
2016-11-29,17.38599967956543,17.697999954223633,17.343000411987305,17.545000076293945,13.465703964233398,18514000
2016-11-30,17.511999130249023,17.59000015258789,17.04400062561035,17.048999786376953,13.085026741027832,31249000
2016-12-01,17.000999450683594,17.048999786376953,16.121000289916992,16.27899932861328,12.494059562683105,46389000
2016-12-02,16.35700035095215,16.492000579833984,16.062000274658203,16.422000885009766,12.603808403015137,26945000
2016-12-05,16.60099983215332,16.660999298095703,16.239999771118164,16.613000869750977,12.75040340423584,21372000
2016-12-06,16.680999755859375,16.797000885009766,16.344999313354492,16.47599983215332,12.645256042480469,39184000
2016-12-07,16.47599983215332,16.854999542236328,16.367000579833984,16.854999542236328,12.936136245727539,32659000
2016-12-08,16.954999923706055,17.13800048828125,16.750999450683594,17.070999145507812,13.101910591125488,38361000
2016-12-09,18.094999313354492,18.190000534057617,17.690000534057617,17.909000396728516,13.745077133178711,75744000
2016-12-12,17.80500030517578,18.07699966430664,17.6560001373291,17.81599998474121,13.673702239990234,37194000
2016-12-13,17.874000549316406,18.194000244140625,17.799999237060547,17.944000244140625,13.771941184997559,69076000
2016-12-14,17.875,17.922000885009766,17.62299919128418,17.761999130249023,13.710183143615723,46795000
2016-12-15,17.83099937438965,18.1200008392334,17.656999588012695,18.000999450683594,13.89466667175293,38103000
2016-12-16,18.075000762939453,18.108999252319336,17.74799919128418,17.841999053955078,13.771939277648926,41541000
2016-12-19,17.906999588012695,18.141000747680664,17.812000274658203,18.04599952697754,13.929401397705078,22219000
2016-12-20,18.100000381469727,18.327999114990234,18.013999938964844,18.207000732421875,14.05367660522461,27352000
2016-12-21,18.37299919128418,18.39900016784668,18.17799949645996,18.229000091552734,14.070656776428223,21013000
2016-12-22,18.28499984741211,18.299999237060547,17.937999725341797,18.059999465942383,13.940211296081543,17557000
2016-12-23,18.0049991607666,18.197999954223633,17.965999603271484,18.194000244140625,14.04364013671875,8977000
2016-12-27,18.211000442504883,18.3700008392334,18.204999923706055,18.231000900268555,14.072200775146484,8283000
2016-12-28,18.263999938964844,18.299999237060547,17.983999252319336,18.018999099731445,13.908556938171387,14039000
2016-12-29,17.969999313354492,18.066999435424805,17.863000869750977,17.98699951171875,13.883858680725098,13671000
2016-12-30,18.03700065612793,18.09000015258789,17.601999282836914,17.677000045776367,13.644576072692871,25421000
2017-01-03,17.82900047302246,18.09000015258789,17.65399932861328,17.833999633789062,13.765765190124512,32098000
2017-01-04,17.826000213623047,17.899999618530273,17.667999267578125,17.707000732421875,13.667731285095215,23965000
2017-01-05,17.632999420166016,17.700000762939453,17.38800048828125,17.42799949645996,13.452373504638672,24861000
2017-01-06,17.42099952697754,17.690000534057617,17.33099937438965,17.659000396728516,13.63068675994873,23142000
2017-01-09,17.665000915527344,17.829999923706055,17.663999557495117,17.69700050354004,13.660016059875488,20265000
2017-01-10,17.749000549316406,18.073999404907227,17.690000534057617,18.05699920654297,13.937889099121094,30181000
2017-01-11,18.0049991607666,18.047000885009766,17.775999069213867,17.941999435424805,13.849128723144531,18787000
2017-01-12,17.80900001525879,17.90999984741211,17.540000915527344,17.88599967956543,13.805896759033203,23137000
2017-01-13,17.889999389648438,18.077999114990234,17.839000701904297,18.045000076293945,13.928629875183105,20902000
2017-01-17,17.947999954223633,17.96299934387207,17.756000518798828,17.910999298095703,13.8251953125,26316000
2017-01-18,18.035999298095703,18.506999969482422,18.0,18.50200080871582,14.281383514404297,35642000
2017-01-19,18.510000228881836,18.687999725341797,18.468000411987305,18.555999755859375,14.323060035705566,45718000
2017-01-20,18.860000610351562,19.15399932861328,18.809999465942383,19.107999801635742,14.749141693115234,57623000
2017-01-23,19.10099983215332,19.152999877929688,18.841999053955078,19.100000381469727,14.742971420288086,33394000
2017-01-24,19.27199935913086,19.964000701904297,19.22800064086914,19.774999618530273,15.263985633850098,62008000
2017-01-25,19.992000579833984,20.259000778198242,19.80299949645996,20.24799919128418,15.629084587097168,60888000
2017-01-26,20.444000244140625,20.527000427246094,20.113000869750977,20.41699981689453,15.759538650512695,38820000
2017-01-27,20.538000106811523,20.57900047302246,20.354000091552734,20.570999145507812,15.878405570983887,25780000
2017-01-30,20.44499969482422,20.48699951171875,20.06100082397461,20.32200050354004,15.686205863952637,33234000
2017-01-31,20.246999740600586,20.246999740600586,19.88599967956543,19.950000762939453,15.399067878723145,26749000
2017-02-01,20.225000381469727,20.447999954223633,20.020999908447266,20.368999481201172,15.722480773925781,31184000
2017-02-02,20.19700050354004,20.503000259399414,20.100000381469727,20.405000686645508,15.750272750854492,22712000
2017-02-03,20.4950008392334,20.65999984741211,20.30299949645996,20.615999221801758,15.913139343261719,24367000
2017-02-06,20.614999771118164,20.666000366210938,20.43000030517578,20.6560001373291,15.944012641906738,18716000
2017-02-07,20.72100067138672,20.739999771118164,20.493000030517578,20.590999603271484,15.893839836120605,22840000
2017-02-08,20.597000122070312,20.875,20.516000747680664,20.68899917602539,15.969487190246582,21069000
2017-02-09,20.732999801635742,20.768999099731445,20.363000869750977,20.534000396728516,15.849845886230469,27519000
2017-02-10,20.600000381469727,20.649999618530273,20.385000228881836,20.552000045776367,15.863740921020508,23842000
2017-02-13,20.67799949645996,20.711000442504883,20.517000198364258,20.67099952697754,15.955594062805176,12463000
2017-02-14,20.698999404907227,20.700000762939453,20.479999542236328,20.533000946044922,15.849075317382812,17357000
2017-02-15,20.582000732421875,20.694000244140625,20.479999542236328,20.599000930786133,15.900014877319336,17088000
2017-02-16,20.645999908447266,20.82200050354004,20.51799964904785,20.81800079345703,16.069055557250977,17188000
2017-02-17,20.899999618530273,21.041000366210938,20.68199920654297,21.041000366210938,16.241191864013672,30945000
2017-02-21,21.100000381469727,21.36199951171875,21.090999603271484,21.274999618530273,16.421815872192383,30333000
2017-02-22,21.299999237060547,21.493000030517578,21.149999618530273,21.416000366210938,16.530649185180664,23949000
2017-02-23,21.507999420166016,21.59600067138672,20.964000701904297,21.058000564575195,16.254310607910156,29364000
2017-02-24,20.83799934387207,21.065000534057617,20.26099967956543,21.03700065612793,16.238101959228516,27651000
2017-02-27,21.066999435424805,21.344999313354492,21.018999099731445,21.327999114990234,16.46271514892578,26991000
2017-02-28,21.413999557495117,21.43400001525879,21.030000686645508,21.093000411987305,16.28133201599121,27548000
2017-03-01,21.30699920654297,21.538999557495117,21.055999755859375,21.513999938964844,16.606290817260742,51155000
2017-03-02,22.410999298095703,22.49799919128418,21.601999282836914,21.729000091552734,16.772241592407227,71171000
2017-03-03,21.799999237060547,22.0,21.770000457763672,21.832000732421875,16.85175323486328,30747000
2017-03-06,21.636999130249023,21.85300064086914,21.517000198364258,21.79400062561035,16.822418212890625,22771000
2017-03-07,21.733999252319336,22.136999130249023,21.708999633789062,21.924999237060547,16.923534393310547,29129000
2017-03-08,21.922000885009766,22.124000549316406,21.854999542236328,21.96299934387207,16.95286750793457,24532000
2017-03-09,21.878000259399414,22.285999298095703,21.812000274658203,22.201000213623047,17.136577606201172,25675000
2017-03-10,22.273000717163086,22.641000747680664,22.273000717163086,22.635000228881836,17.471574783325195,39430000
2017-03-13,22.586000442504883,22.774999618530273,22.535999298095703,22.645000457763672,17.479291915893555,26669000
2017-03-14,22.47599983215332,22.628000259399414,22.35099983215332,22.434999465942383,17.317195892333984,22165000
2017-03-15,22.433000564575195,22.665000915527344,22.323999404907227,22.593000411987305,17.43915557861328,20727000
2017-03-16,22.54800033569336,22.582000732421875,22.156999588012695,22.236000061035156,17.241437911987305,27835000
2017-03-17,22.351999282836914,22.371000289916992,22.084999084472656,22.118000030517578,17.14993667602539,51635000
2017-03-20,22.118000030517578,22.263999938964844,22.077999114990234,22.124000549316406,17.15459442138672,17215000
2017-03-21,22.224000930786133,22.29800033569336,21.552000045776367,21.601999282836914,16.749835968017578,30557000
2017-03-22,21.601999282836914,21.836999893188477,21.538999557495117,21.742000579833984,16.858394622802734,19131000
2017-03-23,21.72599983215332,21.84600067138672,21.64299964904785,21.68600082397461,16.814973831176758,19223000
2017-03-24,21.801000595092773,22.139999389648438,21.77400016784668,21.89699935913086,16.978572845458984,23794000
2017-03-27,21.683000564575195,22.01799964904785,21.597000122070312,21.905000686645508,16.98478126525879,15358000
2017-03-28,21.85099983215332,22.17799949645996,21.834999084472656,22.094999313354492,17.132097244262695,17929000
2017-03-29,22.079999923706055,22.135000228881836,21.968000411987305,22.131000518798828,17.160017013549805,15927000
2017-03-30,22.190000534057617,22.44499969482422,21.88599967956543,22.003999710083008,17.061540603637695,34168000
2017-03-31,21.999000549316406,22.099000930786133,21.80299949645996,21.895999908447266,16.977800369262695,25897000
2017-04-03,21.899999618530273,21.999000549316406,21.666000366210938,21.8799991607666,16.965396881103516,19210000
2017-04-04,21.816999435424805,22.041000366210938,21.788000106811523,21.895999908447266,16.977800369262695,12634000
2017-04-05,21.95400047302246,22.049999237060547,21.68000030517578,21.71299934387207,16.835901260375977,15690000
2017-04-06,21.670000076293945,21.847000122070312,21.55900001525879,21.75,16.864595413208008,14615000
2017-04-07,21.75,21.983999252319336,21.70400047302246,21.825000762939453,16.922752380371094,16412000
2017-04-10,21.707000732421875,21.905000686645508,21.625999450683594,21.802000045776367,16.90491485595703,17994000
2017-04-11,21.6560001373291,21.84000015258789,21.402999877929688,21.7549991607666,16.868471145629883,22219000
2017-04-12,21.566999435424805,21.61400032043457,20.8439998626709,20.920000076293945,16.221031188964844,61026000
2017-04-13,20.92099952697754,21.39699935913086,20.899999618530273,21.131999969482422,16.38541030883789,42579000
2017-04-17,21.238000869750977,21.43600082397461,21.2189998626709,21.386999130249023,16.583133697509766,14507000
2017-04-18,21.305999755859375,21.371000289916992,21.20599937438965,21.309999465942383,16.52342414855957,8486000
2017-04-19,21.378000259399414,21.482999801635742,21.326000213623047,21.363000869750977,16.564523696899414,12081000
2017-04-20,21.5,21.91200065612793,21.422000885009766,21.820999145507812,16.919647216796875,16916000
2017-04-21,21.742000579833984,21.83300018310547,21.615999221801758,21.766000747680664,16.877004623413086,14683000
2017-04-24,22.069000244140625,22.190000534057617,21.968000411987305,22.124000549316406,17.15459442138672,17531000
2017-04-25,22.20199966430664,22.399999618530273,22.19499969482422,22.31999969482422,17.306564331054688,14848000
2017-04-26,22.349000930786133,22.39299964904785,22.086999893188477,22.167999267578125,17.188703536987305,14726000
2017-04-27,22.288999557495117,22.409000396728516,22.20599937438965,22.30900001525879,17.298030853271484,11850000
2017-04-28,22.283000946044922,22.31399917602539,21.976999282836914,22.08099937438965,17.12125015258789,16490000
2017-05-01,22.208999633789062,22.22599983215332,21.990999221801758,22.131999969482422,17.160789489746094,15339000
2017-05-02,22.34600067138672,22.549999237060547,22.149999618530273,22.545000076293945,17.481029510498047,27277000
2017-05-03,22.451000213623047,22.618999481201172,22.354999542236328,22.489999771118164,17.438373565673828,18002000
2017-05-04,22.525999069213867,22.586000442504883,22.18600082397461,22.34000015258789,17.322071075439453,16245000
2017-05-05,22.496000289916992,22.64900016784668,22.405000686645508,22.645000457763672,17.558563232421875,23128000
2017-05-08,22.652000427246094,22.709999084472656,22.38599967956543,22.507999420166016,17.45233917236328,17448000
2017-05-09,22.562000274658203,22.940000534057617,22.47100067138672,22.84600067138672,17.71441650390625,19261000
2017-05-10,22.948999404907227,23.341999053955078,22.868999481201172,23.132999420166016,17.936952590942383,24433000
2017-05-11,23.06800079345703,23.184999465942383,22.823999404907227,23.108999252319336,17.918338775634766,14823000
2017-05-12,23.148000717163086,23.604999542236328,23.083999633789062,23.59600067138672,18.295955657958984,25852000
2017-05-15,23.56100082397461,23.989999771118164,23.5,23.902999877929688,18.533994674682617,29172000
2017-05-16,23.993999481201172,24.128999710083008,23.868999481201172,24.06800079345703,18.66193389892578,18128000
2017-05-17,23.799999237060547,23.89699935913086,23.108999252319336,23.118000030517578,17.92531967163086,31447000
2017-05-18,23.158000946044922,23.86199951171875,22.76799964904785,23.766000747680664,18.427766799926758,30699000
2017-05-19,23.67099952697754,23.698999404907227,23.204999923706055,23.40999984741211,18.151731491088867,35812000
2017-05-22,23.55299949645996,23.898000717163086,23.422000885009766,23.83799934387207,18.483598709106445,20419000
2017-05-23,23.834999084472656,23.89299964904785,23.583999633789062,23.65399932861328,18.340927124023438,13696000
2017-05-24,23.84600067138672,24.000999450683594,23.69700050354004,23.959999084472656,18.578195571899414,16392000
2017-05-25,24.111000061035156,24.1560001373291,23.87299919128418,24.086000442504883,18.675893783569336,19010000
2017-05-26,24.09000015258789,24.15999984741211,23.832000732421875,24.121000289916992,18.70302391052246,13120000
2017-05-30,24.049999237060547,24.138999938964844,23.899999618530273,23.98200035095215,18.59524917602539,29364000
2017-05-31,24.25200080871582,24.288999557495117,23.756000518798828,23.947999954223633,18.56888771057129,44830000
2017-06-01,24.15999984741211,24.187000274658203,23.381000518798828,23.458999633789062,18.189725875854492,63774000
2017-06-02,24.854000091552734,25.582000732421875,24.415000915527344,25.452999114990234,19.73583984375,108613000
2017-06-05,25.399999618530273,25.67799949645996,25.020000457763672,25.22100067138672,19.555953979492188,39532000
2017-06-06,25.07699966430664,25.534000396728516,25.062000274658203,25.38599967956543,19.683887481689453,29653000
2017-06-07,25.368000030517578,25.584999084472656,25.297000885009766,25.42799949645996,19.716455459594727,29290000
2017-06-08,25.5,25.610000610351562,25.23200035095215,25.4950008392334,19.768409729003906,28273000
2017-06-09,25.551000595092773,25.600000381469727,24.145000457763672,24.333999633789062,18.868194580078125,58191000
2017-06-12,24.040000915527344,24.31100082397461,23.575000762939453,24.267000198364258,18.816232681274414,54872000
2017-06-13,24.496000289916992,24.791000366210938,24.16699981689453,24.29400062561035,18.837169647216797,30853000
2017-06-14,24.35700035095215,24.4950008392334,23.76300048828125,24.054000854492188,18.651073455810547,34509000
2017-06-15,23.534000396728516,23.948999404907227,23.527000427246094,23.798999786376953,18.531938552856445,27527000
2017-06-16,23.89299964904785,23.94300079345703,23.51300048828125,23.625,18.39645004272461,35819000
2017-06-19,24.481000900268555,24.481000900268555,24.03499984741211,24.114999771118164,18.778005599975586,28519000
2017-06-20,24.200000762939453,24.364999771118164,23.985000610351562,23.999000549316406,18.687681198120117,24429000
2017-06-21,24.357999801635742,24.590999603271484,24.191999435424805,24.511999130249023,19.087142944335938,34998000
2017-06-22,24.551000595092773,24.641000747680664,24.308000564575195,24.40399932861328,19.003042221069336,18666000
2017-06-23,24.354000091552734,24.687000274658203,24.27899932861328,24.525999069213867,19.09804344177246,34985000
2017-06-26,24.599000930786133,24.790000915527344,24.1200008392334,24.274999618530273,18.902589797973633,32103000
2017-06-27,24.13599967956543,24.198999404907227,23.523000717163086,23.533000946044922,18.32480812072754,33582000
2017-06-28,23.659000396728516,24.17300033569336,23.450000762939453,24.104999542236328,18.77021598815918,24533000
2017-06-29,23.8700008392334,23.89699935913086,23.05699920654297,23.40399932861328,18.2243595123291,34513000
2017-06-30,23.62700080871582,23.66900062561035,23.285999298095703,23.30500030517578,18.147274017333984,26534000
2017-07-03,23.451000213623047,23.52400016784668,22.908000946044922,22.97599983215332,17.891082763671875,21123000
2017-07-05,23.100000381469727,23.232999801635742,22.910999298095703,23.160999298095703,18.03513526916504,29699000
2017-07-06,22.756000518798828,23.572999954223633,22.75,23.503999710083008,18.302228927612305,26334000
2017-07-07,23.530000686645508,24.018999099731445,23.527000427246094,23.961999893188477,18.65886688232422,24731000
2017-07-10,24.051000595092773,24.194000244140625,23.881000518798828,24.177000045776367,18.82628631591797,22499000
2017-07-11,24.200000762939453,24.260000228881836,23.93899917602539,24.089000701904297,18.757761001586914,20502000
2017-07-12,24.299999237060547,24.718000411987305,24.106000900268555,24.642000198364258,19.188369750976562,27710000
2017-07-13,24.711999893188477,24.98699951171875,24.655000686645508,24.731000900268555,19.257675170898438,20400000
2017-07-14,24.863000869750977,25.040000915527344,24.78499984741211,25.02899932861328,19.489723205566406,14417000
2017-07-17,25.07900047302246,25.236000061035156,24.88599967956543,24.902000427246094,19.39082908630371,18746000
2017-07-18,24.72599983215332,25.093000411987305,24.606000900268555,25.08799934387207,19.535669326782227,13003000
2017-07-19,25.200000762939453,25.45400047302246,25.05500030517578,25.440000534057617,19.809764862060547,25526000
2017-07-20,25.450000762939453,25.5,25.235000610351562,25.343000411987305,19.73423194885254,12135000
2017-07-21,25.152999877929688,25.351999282836914,25.04599952697754,25.31100082397461,19.70931053161621,15504000
2017-07-24,25.32900047302246,25.368000030517578,25.16900062561035,25.30299949645996,19.70308494567871,13638000
2017-07-25,25.280000686645508,25.44099998474121,25.01799964904785,25.43000030517578,19.801973342895508,16123000
2017-07-26,25.4689998626709,25.819000244140625,25.461999893188477,25.701000213623047,20.013002395629883,19971000
2017-07-27,25.820999145507812,25.849000930786133,24.895000457763672,25.094999313354492,19.541114807128906,32010000
2017-07-28,24.892000198364258,25.11199951171875,24.75,25.03700065612793,19.495954513549805,31919000
2017-07-31,25.097999572753906,25.2450008392334,24.54599952697754,24.666000366210938,19.207061767578125,18902000
2017-08-01,24.822999954223633,25.0,24.695999145507812,24.839000701904297,19.34177017211914,17582000
2017-08-02,25.459999084472656,25.72800064086914,25.106000900268555,25.336000442504883,19.728776931762695,36970000
2017-08-03,25.2810001373291,25.299999237060547,24.722999572753906,25.02899932861328,19.489723205566406,23447000
2017-08-04,25.073999404907227,25.097000122070312,24.812000274658203,24.91699981689453,19.402509689331055,13454000
2017-08-07,24.93899917602539,25.288999557495117,24.889999389648438,25.243999481201172,19.657142639160156,18730000
2017-08-08,25.197999954223633,25.429000854492188,25.04199981689453,25.13599967956543,19.573043823242188,20439000
2017-08-09,24.952999114990234,25.035999298095703,24.75200080871582,24.91699981689453,19.402509689331055,21256000
2017-08-10,24.666000366210938,24.700000762939453,24.04599952697754,24.070999145507812,18.743743896484375,29033000
2017-08-11,24.0049991607666,24.52400016784668,23.8700008392334,24.41699981689453,19.01317024230957,16976000
2017-08-14,24.68600082397461,25.125,24.600000381469727,25.090999603271484,19.53800392150879,16736000
2017-08-15,25.312000274658203,25.4060001373291,25.12700080871582,25.368999481201172,19.754480361938477,20942000
2017-08-16,25.43199920654297,25.474000930786133,25.180999755859375,25.341999053955078,19.733448028564453,15394000
2017-08-17,25.299999237060547,25.424999237060547,24.665000915527344,24.69499969482422,19.229639053344727,22793000
2017-08-18,24.732999801635742,25.148000717163086,24.613000869750977,24.937000274658203,19.418087005615234,20126000
2017-08-21,25.18899917602539,25.18899917602539,24.618000030517578,24.961999893188477,19.43755340576172,20693000
2017-08-22,25.183000564575195,25.618999481201172,25.100000381469727,25.518999099731445,19.871278762817383,26917000
2017-08-23,25.392000198364258,25.891000747680664,25.339000701904297,25.691999435424805,20.00598907470703,27928000
2017-08-24,25.867000579833984,25.93600082397461,25.110000610351562,25.5049991607666,19.860376358032227,52119000
2017-08-25,25.225000381469727,25.440000534057617,24.378000259399414,24.55900001525879,19.123743057250977,69099000
2017-08-28,24.70400047302246,24.763999938964844,24.25,24.325000762939453,18.941530227661133,34174000
2017-08-29,24.128999710083008,24.45800018310547,24.003000259399414,24.17300033569336,18.823169708251953,33536000
2017-08-30,24.1560001373291,24.634000778198242,24.08799934387207,24.601999282836914,19.1572265625,21924000
2017-08-31,24.66200065612793,25.253000259399414,24.55500030517578,25.207000732421875,19.62833023071289,29491000
2017-09-01,25.232999801635742,25.534000396728516,25.229999542236328,25.273000717163086,19.679723739624023,23242000
2017-09-05,25.011999130249023,25.273000717163086,24.70199966430664,24.905000686645508,19.393171310424805,24306000
2017-09-06,25.06100082397461,25.131000518798828,24.770000457763672,24.937999725341797,19.418865203857422,13996000
2017-09-07,24.979000091552734,25.0,24.613000869750977,24.655000686645508,19.198490142822266,16088000
2017-09-08,24.591999053955078,24.639999389648438,24.309999465942383,24.410999298095703,19.008499145507812,18094000
2017-09-11,24.70800018310547,24.823999404907227,24.60099983215332,24.77400016784668,19.291160583496094,16878000
2017-09-12,24.965999603271484,24.974000930786133,24.549999237060547,24.714000701904297,19.24443817138672,18396000
2017-09-13,24.582000732421875,24.791000366210938,24.514999389648438,24.624000549316406,19.17435646057129,29664000
2017-09-14,24.461999893188477,24.750999450683594,24.323999404907227,24.69499969482422,19.229639053344727,28645000
2017-09-15,24.76300048828125,25.118999481201172,24.51099967956543,25.05500030517578,19.509965896606445,50066000
2017-09-18,25.104999542236328,25.283000946044922,24.861000061035156,24.98200035095215,19.53264617919922,25743000
2017-09-19,25.117000579833984,25.184999465942383,24.83300018310547,24.97599983215332,19.5279541015625,22088000
2017-09-20,24.974000930786133,24.988000869750977,23.785999298095703,24.291000366210938,18.992372512817383,57010000
2017-09-21,24.246000289916992,24.270000457763672,23.81800079345703,24.038000106811523,18.794559478759766,28620000
2017-09-22,23.833999633789062,24.075000762939453,23.812000274658203,23.923999786376953,18.705425262451172,23100000
2017-09-25,23.7189998626709,23.7810001373291,23.152999877929688,23.551000595092773,18.413789749145508,38692000
2017-09-26,23.788000106811523,23.9950008392334,23.5310001373291,23.726999282836914,18.551401138305664,39010000
2017-09-27,23.950000762939453,24.267000198364258,23.857999801635742,24.058000564575195,18.810195922851562,26489000
2017-09-28,23.951000213623047,24.336000442504883,23.950000762939453,24.29400062561035,18.994718551635742,21932000
2017-09-29,24.29400062561035,24.42799949645996,24.150999069213867,24.253999710083008,18.963443756103516,17319000
2017-10-02,24.5310001373291,24.5310001373291,23.975000381469727,24.047000885009766,18.80159568786621,19431000
2017-10-03,24.007999420166016,24.094999313354492,23.788999557495117,23.950000762939453,18.725753784179688,25611000
2017-10-04,23.878000259399414,24.232999801635742,23.750999450683594,24.200000762939453,18.92122459411621,23271000
2017-10-05,24.32699966430664,24.573999404907227,24.23699951171875,24.367000579833984,19.051795959472656,22811000
2017-10-06,24.030000686645508,24.575000762939453,24.030000686645508,24.573999404907227,19.213642120361328,17489000
2017-10-09,24.600000381469727,24.725000381469727,24.538999557495117,24.642000198364258,19.26680564880371,16551000
2017-10-10,24.753000259399414,24.81599998474121,24.304000854492188,24.599000930786133,19.233190536499023,15348000
2017-10-11,24.520999908447266,25.117000579833984,24.513999938964844,25.040000915527344,19.577991485595703,26603000
2017-10-12,25.04199981689453,25.128000259399414,24.827999114990234,24.874000549316406,19.448198318481445,20067000
2017-10-13,25.014999389648438,25.083999633789062,24.746999740600586,24.79599952697754,19.38721466064453,15257000
2017-10-16,24.857999801635742,24.94700050354004,24.562000274658203,24.66699981689453,19.286352157592773,14899000
2017-10-17,24.583999633789062,24.5939998626709,24.233999252319336,24.261999130249023,18.969694137573242,26965000
2017-10-18,24.33300018310547,24.461000442504883,23.979999542236328,24.399999618530273,19.077598571777344,19905000
2017-10-19,24.082000732421875,24.437000274658203,23.836000442504883,24.429000854492188,19.10027313232422,25844000
2017-10-20,24.695999145507812,24.700000762939453,24.375999450683594,24.423999786376953,19.096357345581055,23548000
2017-10-23,24.51799964904785,24.565000534057617,24.270999908447266,24.427000045776367,19.09870719909668,23418000
2017-10-24,24.506999969482422,24.81399917602539,24.410999298095703,24.76799964904785,19.36532211303711,22887000
2017-10-25,24.58799934387207,24.89299964904785,24.42300033569336,24.582000732421875,19.219894409179688,20955000
2017-10-26,24.726999282836914,24.78499984741211,24.375999450683594,24.375999450683594,19.058828353881836,24446000
2017-10-27,24.457000732421875,25.298999786376953,24.27899932861328,25.290000915527344,19.773462295532227,44753000
2017-10-30,25.329999923706055,26.219999313354492,25.32699966430664,26.12299919128418,20.42475700378418,50202000
2017-10-31,26.25,26.670000076293945,26.1299991607666,26.391000747680664,20.634294509887695,32845000
2017-11-01,26.423999786376953,26.56399917602539,25.68899917602539,25.929000854492188,20.273075103759766,27333000
2017-11-02,26.216999053955078,26.464000701904297,24.886999130249023,25.950000762939453,20.289493560791016,67196000
2017-11-03,26.402999877929688,27.799999237060547,25.711000442504883,27.363000869750977,21.394269943237305,120503000
2017-11-06,27.829999923706055,28.18000030517578,27.003000259399414,27.75200080871582,21.69841957092285,78088000
2017-11-07,27.253999710083008,27.450000762939453,26.753999710083008,27.131999969482422,21.213666915893555,36789000
2017-11-08,26.933000564575195,27.381999969482422,26.724000930786133,27.239999771118164,21.298105239868164,30254000
2017-11-09,26.86400032043457,27.040000915527344,26.25,26.56399917602539,20.769563674926758,30980000
2017-11-10,26.57900047302246,26.663999557495117,26.360000610351562,26.496000289916992,20.716402053833008,20338000
2017-11-13,26.25,26.597999572753906,26.155000686645508,26.500999450683594,20.72030258178711,28064000
2017-11-14,26.329999923706055,26.558000564575195,26.125999450683594,26.326000213623047,20.583478927612305,19718000
2017-11-15,26.229999542236328,26.700000762939453,25.80299949645996,26.559999465942383,20.766433715820312,29032000
2017-11-16,26.68000030517578,27.46500015258789,26.611000061035156,27.211000442504883,21.27543067932129,31000000
2017-11-17,27.177000045776367,27.211000442504883,26.843000411987305,27.18600082397461,21.255887985229492,24069000
2017-11-20,27.261999130249023,27.674999237060547,27.138999938964844,27.488000869750977,21.49200439453125,28639000
2017-11-21,27.610000610351562,27.820999145507812,27.490999221801758,27.659000396728516,21.625703811645508,20903000
2017-11-22,27.70199966430664,27.770999908447266,27.41699981689453,27.53700065612793,21.530315399169922,18642000
2017-11-24,27.66699981689453,28.298999786376953,27.650999069213867,28.238000869750977,22.07840919494629,11572000
2017-11-27,28.025999069213867,28.56800079345703,27.976999282836914,28.461999893188477,22.25354766845703,26230000
2017-11-28,28.486000061035156,28.489999771118164,27.68400001525879,27.739999771118164,21.689041137695312,26796000
2017-11-29,27.799999237060547,27.81399917602539,26.48699951171875,27.149999618530273,21.227737426757812,47231000
2017-11-30,27.17799949645996,27.834999084472656,27.009000778198242,27.79400062561035,21.731260299682617,31452000
2017-12-01,27.520999908447266,27.551000595092773,26.405000686645508,27.1560001373291,21.23242950439453,47729000
2017-12-04,27.391000747680664,27.45199966430664,26.013999938964844,26.361000061035156,20.610837936401367,48439000
2017-12-05,26.266000747680664,26.61199951171875,26.045000076293945,26.165000915527344,20.457597732543945,38117000
2017-12-06,25.882999420166016,26.441999435424805,25.420000076293945,26.388999938964844,20.63273048400879,48751000
2017-12-07,27.48900032043457,27.56999969482422,26.16699981689453,26.388999938964844,20.63273048400879,79282000
2017-12-08,26.57699966430664,26.694000244140625,25.93000030517578,25.990999221801758,20.321548461914062,41848000
2017-12-11,25.93400001525879,26.354999542236328,25.878999710083008,25.9950008392334,20.324678421020508,34941000
2017-12-12,25.93600082397461,26.08799934387207,25.57200050354004,25.8700008392334,20.22694969177246,28541000
2017-12-13,26.041000366210938,26.32900047302246,26.01799964904785,26.202999114990234,20.4873046875,26943000
2017-12-14,26.233999252319336,26.299999237060547,25.670000076293945,25.93400001525879,20.2769832611084,37595000
2017-12-15,26.165000915527344,26.600000381469727,25.826000213623047,26.572999954223633,20.77659797668457,45091000
2017-12-18,26.408000946044922,26.650999069213867,26.259000778198242,26.43899917602539,20.808868408203125,29786000
2017-12-19,26.329999923706055,26.52899932861328,26.12700080871582,26.3700008392334,20.754554748535156,19094000
2017-12-20,26.61400032043457,26.635000228881836,26.277999877929688,26.56399917602539,20.907249450683594,19845000
2017-12-21,26.594999313354492,26.625,26.10700035095215,26.152999877929688,20.58376693725586,17758000
2017-12-22,26.18199920654297,26.336999893188477,25.8700008392334,26.235000610351562,20.6483097076416,14617000
2017-12-26,25.722999572753906,26.235000610351562,25.339000701904297,25.809999465942383,20.31381607055664,22256000
2017-12-27,25.884000778198242,26.160999298095703,25.850000381469727,25.91200065612793,20.394084930419922,35615000
2017-12-28,26.016000747680664,26.079999923706055,25.854999542236328,26.04199981689453,20.49640655517578,13641000
2017-12-29,25.976999282836914,26.19499969482422,25.663999557495117,25.690000534057617,20.2193603515625,17980000
2018-01-02,25.976999282836914,26.75,25.756999969482422,26.701000213623047,21.01507568359375,33135000
2018-01-03,26.729000091552734,27.072999954223633,26.60300064086914,26.993000030517578,21.244897842407227,31161000
2018-01-04,27.159000396728516,27.176000595092773,26.843000411987305,27.00200080871582,21.25197410583496,19067000
2018-01-05,27.19700050354004,27.426000595092773,26.94499969482422,27.16200065612793,21.37790298461914,28633000
2018-01-08,27.091999053955078,27.2549991607666,26.9060001373291,27.226999282836914,21.429061889648438,20971000
2018-01-09,27.305999755859375,27.385000228881836,26.819000244140625,26.850000381469727,21.13234519958496,26027000
2018-01-10,26.597999572753906,26.61400032043457,26.072999954223633,26.283000946044922,20.686084747314453,31607000
2018-01-11,26.35700035095215,26.385000228881836,26.155000686645508,26.350000381469727,20.738821029663086,17726000
2018-01-12,26.339000701904297,26.531999588012695,26.201000213623047,26.429000854492188,20.800996780395508,19881000
2018-01-16,26.51799964904785,26.700000762939453,26.166000366210938,26.325000762939453,20.719141006469727,33528000
2018-01-17,26.54800033569336,26.652999877929688,26.04599952697754,26.58099937438965,20.920625686645508,37365000
2018-01-18,26.54599952697754,27.006000518798828,26.447999954223633,26.979999542236328,21.234661102294922,30319000
2018-01-19,26.915000915527344,26.944000244140625,26.60700035095215,26.638999938964844,20.966270446777344,29963000
2018-01-22,26.565000534057617,26.677000045776367,26.062000274658203,26.211000442504883,20.62942123413086,27230000
2018-01-23,26.173999786376953,26.44099998474121,25.81100082397461,26.290000915527344,20.691593170166016,35398000
2018-01-24,26.097000122070312,26.32699966430664,25.600000381469727,25.68600082397461,20.216209411621094,45405000
2018-01-25,25.77400016784668,25.784000396728516,24.700000762939453,24.729000091552734,19.46300506591797,59520000
2018-01-26,24.941999435424805,25.094999313354492,24.52400016784668,25.07900047302246,19.73847770690918,49014000
2018-01-29,24.827999114990234,24.948999404907227,24.349000930786133,24.547000885009766,19.319765090942383,50401000
2018-01-30,24.125,24.503000259399414,23.701000213623047,24.097999572753906,18.96637535095215,46002000
2018-01-31,25.0,25.31399917602539,24.486000061035156,24.80299949645996,19.521249771118164,80482000
2018-02-01,24.172000885009766,24.59000015258789,23.809999465942383,23.878999710083008,18.79401397705078,66851000
2018-02-02,23.677000045776367,23.79599952697754,23.409000396728516,23.54800033569336,18.533496856689453,58352000
2018-02-05,23.468000411987305,24.399999618530273,22.760000228881836,22.809999465942383,17.952659606933594,70776000
2018-02-06,22.562000274658203,24.040000915527344,22.489999771118164,24.038000106811523,18.919153213500977,77744000
2018-02-07,23.875999450683594,24.309999465942383,23.700000762939453,23.738000869750977,18.683042526245117,40475000
2018-02-08,23.73900032043457,23.851999282836914,22.951000213623047,22.957000732421875,18.068347930908203,43200000
2018-02-09,23.27899932861328,23.711999893188477,22.625,23.549999237060547,18.53507423400879,43282000
2018-02-12,23.785999298095703,24.54800033569336,23.75,24.440000534057617,19.235553741455078,35063000
2018-02-13,24.10099983215332,24.60300064086914,24.006000518798828,24.586000442504883,19.350460052490234,23719000
2018-02-14,24.5,24.864999771118164,24.347999572753906,24.766000747680664,19.492130279541016,25491000
2018-02-15,24.92799949645996,25.18400001525879,24.44300079345703,25.183000564575195,19.820329666137695,25540000
2018-02-16,25.12700080871582,25.23699951171875,24.804000854492188,24.888999938964844,19.58893394470215,32639000
2018-02-20,24.875,25.573999404907227,24.75200080871582,24.961999893188477,19.646390914916992,41693000
2018-02-21,25.249000549316406,25.347000122070312,24.844999313354492,24.86199951171875,19.567686080932617,28156000
2018-02-22,24.91200065612793,25.309999465942383,24.82699966430664,24.934999465942383,19.625141143798828,19342000
2018-02-23,25.214000701904297,25.503000259399414,25.02899932861328,25.371000289916992,19.96828842163086,18280000
2018-02-26,25.195999145507812,25.444000244140625,25.100000381469727,25.295000076293945,19.908483505249023,28878000
2018-02-27,25.208999633789062,25.566999435424805,25.167999267578125,25.180999755859375,19.818748474121094,21176000
2018-02-28,25.408000946044922,25.448999404907227,24.597999572753906,24.645999908447266,19.397680282592773,28834000
2018-03-01,24.586000442504883,24.91200065612793,24.131000518798828,24.33099937438965,19.149755477905273,26044000
2018-03-02,24.042999267578125,25.118000030517578,24.023000717163086,25.086999893188477,19.744775772094727,27402000
2018-03-05,24.989999771118164,25.134000778198242,24.341999053955078,24.697999954223633,19.438608169555664,25900000
2018-03-06,24.930999755859375,25.1299991607666,24.73200035095215,25.09600067138672,19.75185775756836,30030000
2018-03-07,24.868999481201172,24.940000534057617,24.433000564575195,24.704999923706055,19.444116592407227,31549000
2018-03-08,24.826000213623047,24.829999923706055,24.591999053955078,24.69499969482422,19.436243057250977,33554000
2018-03-09,24.857999801635742,25.42799949645996,24.76300048828125,25.378000259399414,19.973804473876953,30782000
2018-03-12,26.065000534057617,26.43000030517578,25.961999893188477,26.284000396728516,20.686870574951172,53881000
2018-03-13,26.64299964904785,27.385000228881836,26.023000717163086,26.121999740600586,20.55937385559082,66855000
2018-03-14,26.200000762939453,26.233999252319336,25.514999389648438,26.05900001525879,20.509790420532227,39619000
2018-03-15,26.37299919128418,26.889999389648438,26.350000381469727,26.775999069213867,21.074100494384766,57990000
2018-03-16,26.299999237060547,26.360000610351562,25.44099998474121,25.48699951171875,20.05959701538086,113955000
2018-03-19,25.309999465942383,25.64900016784668,24.277000427246094,24.4950008392334,19.278841018676758,71267000
2018-03-20,24.510000228881836,24.80500030517578,24.128000259399414,24.236000061035156,19.074995040893555,61918000
2018-03-21,24.058000564575195,25.05900001525879,24.006000518798828,24.600000381469727,19.645183563232422,54912000
2018-03-22,24.202999114990234,24.672000885009766,24.149999618530273,24.35700035095215,19.451120376586914,43078000
2018-03-23,24.33799934387207,24.52199935913086,24.041000366210938,24.24799919128418,19.364078521728516,59070000
2018-03-26,24.767000198364258,24.882999420166016,24.051000595092773,24.773000717163086,19.783336639404297,48713000
2018-03-27,24.808000564575195,25.424999237060547,24.15999984741211,24.437000274658203,19.515016555786133,63917000
2018-03-28,24.408000946044922,24.69300079345703,23.559999465942383,23.667999267578125,18.900896072387695,41744000
2018-03-29,23.80900001525879,24.083999633789062,23.47599983215332,23.565000534057617,18.81864356994629,46874000
2018-04-02,23.395000457763672,23.61199951171875,22.54400062561035,22.76799964904785,18.182170867919922,53088000
2018-04-03,23.086000442504883,23.697999954223633,22.72100067138672,23.67799949645996,18.90888214111328,45569000
2018-04-04,23.0049991607666,23.79199981689453,22.950000762939453,23.698999404907227,18.925657272338867,37720000
2018-04-05,24.076000213623047,24.167999267578125,23.5,23.631000518798828,18.8713436126709,35798000
2018-04-06,23.37299919128418,23.65399932861328,22.775999069213867,22.886999130249023,18.277204513549805,30248000
2018-04-09,22.99799919128418,23.965999603271484,22.926000595092773,23.474000930786133,18.745975494384766,37494000
2018-04-10,23.95599937438965,24.1560001373291,23.766000747680664,23.975000381469727,19.146059036254883,33244000
2018-04-11,23.812000274658203,24.07200050354004,23.70800018310547,24.031999588012695,19.191585540771484,19922000
2018-04-12,24.14299964904785,24.263999938964844,23.709999084472656,23.94300079345703,19.120513916015625,41036000
2018-04-13,25.0,25.200000762939453,24.489999771118164,24.694000244140625,19.720247268676758,48312000
2018-04-16,24.909000396728516,24.98900032043457,24.56800079345703,24.937000274658203,19.9143009185791,25172000
2018-04-17,25.089000701904297,25.28499984741211,24.964000701904297,25.173999786376953,20.10357093811035,25084000
2018-04-18,25.100000381469727,25.16699981689453,24.746000289916992,24.958999633789062,19.931873321533203,20511000
2018-04-19,24.354000091552734,24.628000259399414,24.06599998474121,24.285999298095703,19.394426345825195,50141000
2018-04-20,24.121999740600586,24.15999984741211,23.500999450683594,23.711999893188477,18.936038970947266,41530000
2018-04-23,23.798999786376953,23.832000732421875,23.211999893188477,23.344999313354492,18.642953872680664,31337000
2018-04-24,23.573999404907227,23.61199951171875,22.66900062561035,22.839000701904297,18.238868713378906,44889000
2018-04-25,22.899999618530273,23.110000610351562,22.586000442504883,22.899999618530273,18.287586212158203,34023000
2018-04-26,23.100000381469727,23.187999725341797,22.829999923706055,23.04199981689453,18.40098762512207,32751000
2018-04-27,23.35700035095215,23.420000076293945,23.06999969482422,23.277999877929688,18.589447021484375,27211000
2018-04-30,23.257999420166016,23.41200065612793,22.832000732421875,22.941999435424805,18.321134567260742,39682000
2018-05-01,23.084999084472656,23.084999084472656,22.63599967956543,23.038000106811523,18.397785186767578,44947000
2018-05-02,23.329999923706055,23.3439998626709,22.68000030517578,22.874000549316406,18.26682472229004,52950000
2018-05-03,22.64900016784668,22.788000106811523,22.26799964904785,22.524999618530273,17.98811912536621,58011000
2018-05-04,22.364999771118164,23.208999633789062,22.197999954223633,23.052000045776367,18.40896987915039,51303000
2018-05-07,23.1299991607666,23.690000534057617,23.100000381469727,23.597000122070312,18.844196319580078,36953000
2018-05-08,23.573999404907227,23.895999908447266,23.48200035095215,23.885000228881836,19.074193954467773,40149000
2018-05-09,23.579999923706055,23.913000106811523,23.405000686645508,23.80500030517578,19.010303497314453,35031000
2018-05-10,23.972999572753906,24.37299919128418,23.861000061035156,24.35099983215332,19.446331024169922,25747000
2018-05-11,24.308000564575195,24.450000762939453,24.15999984741211,24.33799934387207,19.435951232910156,24052000
2018-05-14,24.628000259399414,24.841999053955078,24.3799991607666,24.47599983215332,19.546154022216797,27580000
2018-05-15,24.231000900268555,24.444000244140625,23.850000381469727,24.158000946044922,19.292203903198242,24984000
2018-05-16,24.214000701904297,24.22100067138672,23.89900016784668,24.051000595092773,19.206754684448242,29330000
2018-05-17,23.812000274658203,24.166000366210938,23.799999237060547,23.94499969482422,19.122102737426758,22825000
2018-05-18,23.986000061035156,24.062000274658203,23.58799934387207,23.599000930786133,18.845792770385742,25262000
2018-05-21,23.945999145507812,24.049999237060547,23.66699981689453,23.905000686645508,19.090160369873047,25720000
2018-05-22,24.02400016784668,24.136999130249023,23.757999420166016,23.849000930786133,19.045446395874023,19218000
2018-05-23,23.62299919128418,24.062999725341797,23.60300064086914,24.055999755859375,19.210750579833984,23454000
2018-05-24,24.086000442504883,24.43600082397461,24.0,24.35300064086914,19.447933197021484,22799000
2018-05-25,24.40399932861328,25.06800079345703,24.40399932861328,25.003000259399414,19.967008590698242,32214000
2018-05-29,24.86400032043457,25.111000061035156,24.847000122070312,24.9689998626709,19.939865112304688,28281000
2018-05-30,25.118000030517578,25.202999114990234,24.933000564575195,24.940000534057617,19.91670036315918,26844000
2018-05-31,24.926000595092773,25.52899932861328,24.899999618530273,25.207000732421875,20.12992286682129,34698000
2018-06-01,25.437000274658203,25.770000457763672,25.253999710083008,25.634000778198242,20.47091293334961,26360000
2018-06-04,25.799999237060547,25.93600082397461,25.62299919128418,25.836999893188477,20.633028030395508,25886000
2018-06-05,25.945999145507812,26.135000228881836,25.804000854492188,25.926000595092773,20.704099655151367,42374000
2018-06-06,26.073999404907227,26.378000259399414,25.97100067138672,26.351999282836914,21.04429817199707,37465000
2018-06-07,26.299999237060547,26.648000717163086,26.29199981689453,26.468000411987305,21.136938095092773,46077000
2018-06-08,25.673999786376953,25.993000030517578,25.374000549316406,25.797000885009766,20.601085662841797,73694000
2018-06-11,25.785999298095703,26.18000030517578,25.631999969482422,26.08300018310547,20.829483032226562,31859000
2018-06-12,26.033000946044922,26.17300033569336,25.84000015258789,26.14299964904785,20.877397537231445,27594000
2018-06-13,26.176000595092773,26.60700035095215,26.070999145507812,26.357999801635742,21.049091339111328,34868000
2018-06-14,26.5,26.906999588012695,26.40999984741211,26.84600067138672,21.43879508972168,37042000
2018-06-15,27.003999710083008,27.180999755859375,26.632999420166016,27.023000717163086,21.580154418945312,60969000
2018-06-18,26.899999618530273,26.899999618530273,26.42300033569336,26.450000762939453,21.122560501098633,30191000
2018-06-19,25.600000381469727,26.113000869750977,25.415000915527344,26.094999313354492,21.11851692199707,36221000
2018-06-20,26.149999618530273,26.402000427246094,26.073999404907227,26.121999740600586,21.14036750793457,24951000
2018-06-21,26.158000946044922,26.256999969482422,25.8439998626709,25.96500015258789,21.0133056640625,18186000
2018-06-22,26.118000030517578,26.149999618530273,25.895999908447266,25.97100067138672,21.018157958984375,52412000
2018-06-25,25.642000198364258,25.642000198364258,25.042999267578125,25.242000579833984,20.428190231323242,29705000
2018-06-26,25.299999237060547,25.461000442504883,25.05500030517578,25.15399932861328,20.35696792602539,24233000
2018-06-27,25.208999633789062,25.516000747680664,24.684999465942383,24.711000442504883,19.998456954956055,24720000
2018-06-28,24.628000259399414,24.73200035095215,24.226999282836914,24.489999771118164,19.819597244262695,33238000
2018-06-29,24.69499969482422,24.69499969482422,24.256999969482422,24.263999938964844,19.636695861816406,42794000
2018-07-02,24.009000778198242,24.222000122070312,23.742000579833984,24.204999923706055,19.588945388793945,33369000
2018-07-03,24.336000442504883,24.339000701904297,23.899999618530273,23.929000854492188,19.365583419799805,11591000
2018-07-05,24.179000854492188,24.56100082397461,24.06800079345703,24.540000915527344,19.860063552856445,25299000
2018-07-06,24.489999771118164,24.860000610351562,24.441999435424805,24.76799964904785,20.04457664489746,23112000
2018-07-09,24.899999618530273,24.92300033569336,24.55299949645996,24.743000030517578,20.02435302734375,17955000
2018-07-10,24.833999633789062,25.18000030517578,24.704999923706055,25.055999755859375,20.27765655517578,16413000
2018-07-11,24.4950008392334,24.753999710083008,24.26099967956543,24.3439998626709,19.701444625854492,35761000
2018-07-12,20.70800018310547,21.027999877929688,19.746000289916992,20.99799919128418,16.99354362487793,435083000
2018-07-13,21.25,21.399999618530273,20.190000534057617,20.246000289916992,16.384960174560547,161678000
2018-07-16,20.15999984741211,20.63800048828125,20.05299949645996,20.325000762939453,16.448890686035156,102277000
2018-07-17,20.22100067138672,20.909000396728516,20.201000213623047,20.83099937438965,16.858394622802734,110827000
2018-07-18,20.722000122070312,20.988000869750977,20.663000106811523,20.878000259399414,16.896427154541016,80834000
2018-07-19,20.82900047302246,21.148000717163086,20.804000854492188,21.03700065612793,17.02511215209961,63247000
2018-07-20,21.010000228881836,21.121000289916992,20.875999450683594,21.033000946044922,17.02187156677246,62893000
2018-07-23,21.041000366210938,21.86400032043457,21.040000915527344,21.672000885009766,17.539012908935547,82211000
2018-07-24,21.780000686645508,22.038999557495117,21.600000381469727,21.733999252319336,17.589187622070312,81158000
2018-07-25,21.770999908447266,22.864999771118164,21.770999908447266,22.597000122070312,18.28761100769043,92271000
2018-07-26,22.649999618530273,22.976999282836914,22.156999588012695,22.31800079345703,18.06181526184082,85069000
2018-07-27,22.400999069213867,22.929000854492188,22.006999969482422,22.104999542236328,17.88943099975586,79443000
2018-07-30,22.111000061035156,22.802000045776367,22.104999542236328,22.518999099731445,18.2244815826416,75275000
2018-07-31,22.667999267578125,22.884000778198242,22.15399932861328,22.177000045776367,17.947704315185547,63860000
2018-08-01,22.326000213623047,22.393999099731445,21.6200008392334,21.68000030517578,17.54548454284668,42669000
2018-08-02,21.427000045776367,21.826000213623047,21.325000762939453,21.635000228881836,17.509065628051758,40312000
2018-08-03,21.575000762939453,21.799999237060547,21.440000534057617,21.7810001373291,17.62722396850586,24832000
2018-08-06,21.663000106811523,21.83099937438965,21.586000442504883,21.69499969482422,17.557621002197266,22638000
2018-08-07,21.922000885009766,22.18400001525879,21.714000701904297,22.0310001373291,17.829544067382812,29798000
2018-08-08,22.054000854492188,22.12299919128418,21.895000457763672,21.945999145507812,17.760757446289062,15801000
2018-08-09,22.014999389648438,22.024999618530273,21.5939998626709,21.658000946044922,17.527681350708008,27563000
2018-08-10,21.2810001373291,21.447999954223633,21.04599952697754,21.222999572753906,17.175636291503906,37017000
2018-08-13,21.165000915527344,21.398000717163086,21.045000076293945,21.107999801635742,17.08256721496582,29842000
2018-08-14,21.158000946044922,21.158000946044922,20.68400001525879,20.729999542236328,16.776653289794922,36327000
2018-08-15,20.51300048828125,20.757999420166016,20.277000427246094,20.658000946044922,16.718387603759766,41132000
2018-08-16,20.777000427246094,20.88599967956543,20.66900062561035,20.868999481201172,16.88914680480957,29239000
2018-08-17,20.797000885009766,21.118999481201172,20.551000595092773,20.927000045776367,16.936086654663086,39093000
2018-08-20,20.947999954223633,21.0,20.586000442504883,20.672000885009766,16.729721069335938,54489000
2018-08-21,20.75200080871582,21.143999099731445,20.711000442504883,21.051000595092773,17.03643798828125,29952000
2018-08-22,21.045000076293945,21.17099952697754,20.743000030517578,20.753999710083008,16.796083450317383,26890000
2018-08-23,20.773000717163086,20.908000946044922,20.527999877929688,20.55900001525879,16.63826560974121,35578000
2018-08-24,20.635000228881836,20.927000045776367,20.468000411987305,20.899999618530273,16.914234161376953,20541000
2018-08-27,21.024999618530273,21.437000274658203,20.863000869750977,21.297000885009766,17.23552703857422,28213000
2018-08-28,21.46299934387207,21.59600067138672,21.256999969482422,21.44300079345703,17.353683471679688,24340000
2018-08-29,21.481000900268555,21.579999923706055,21.344999313354492,21.499000549316406,17.39900016784668,18125000
2018-08-30,21.496999740600586,21.694000244140625,21.461000442504883,21.665000915527344,17.53334617614746,26529000
2018-08-31,21.60300064086914,21.93199920654297,21.584999084472656,21.902999877929688,17.7259578704834,27623000
2018-09-04,21.858999252319336,22.02899932861328,21.71299934387207,21.94300079345703,17.758325576782227,36663000
2018-09-05,21.9950008392334,22.18000030517578,21.95800018310547,22.142000198364258,17.91937828063965,37194000
2018-09-06,22.149999618530273,22.281999588012695,21.392000198364258,21.597000122070312,17.478313446044922,62509000
2018-09-07,22.420000076293945,23.541000366210938,22.399999618530273,23.257999420166016,18.82254981994629,104703000
2018-09-10,23.465999603271484,24.094999313354492,23.204999923706055,24.06100082397461,19.472412109375,60880000
2018-09-11,23.770000457763672,23.969999313354492,23.040000915527344,23.2549991607666,18.820119857788086,60755000
2018-09-12,22.809999465942383,23.084999084472656,22.283000946044922,22.98900032043457,18.604848861694336,53077000
2018-09-13,23.368999481201172,23.922000885009766,23.11199951171875,23.54199981689453,19.052392959594727,43757000
2018-09-14,23.516000747680664,23.708999633789062,23.368999481201172,23.634000778198242,19.126848220825195,28095000
2018-09-17,24.0,24.030000686645508,23.430999755859375,23.482999801635742,19.004638671875,36739000
2018-09-18,23.5,24.139999389648438,23.48699951171875,23.972999572753906,19.546865463256836,50511000
2018-09-19,24.047000885009766,24.249000549316406,23.976999282836914,24.179000854492188,19.714832305908203,31160000
2018-09-20,24.298999786376953,24.604000091552734,24.172000885009766,24.493000030517578,19.970857620239258,39986000
2018-09-21,24.632999420166016,24.87700080871582,24.51799964904785,24.809999465942383,20.229326248168945,135321000
2018-09-24,24.80500030517578,25.010000228881836,24.731000900268555,24.94499969482422,20.339399337768555,45326000
2018-09-25,24.898000717163086,24.934999465942383,24.579999923706055,24.764999389648438,20.192636489868164,47037000
2018-09-26,24.56399917602539,24.80500030517578,24.479999542236328,24.542999267578125,20.011619567871094,33428000
2018-09-27,24.569000244140625,24.788000106811523,24.490999221801758,24.645000457763672,20.09478759765625,29572000
2018-09-28,24.554000854492188,24.69700050354004,24.385000228881836,24.67300033569336,20.117616653442383,26739000
2018-10-01,24.788000106811523,25.214000701904297,24.767000198364258,24.951000213623047,20.34429359436035,27709000
2018-10-02,24.913999557495117,25.17099952697754,24.79199981689453,24.809999465942383,20.229326248168945,24888000
2018-10-03,24.881000518798828,25.132999420166016,24.70400047302246,24.941999435424805,20.336952209472656,19607000
2018-10-04,24.666000366210938,24.972999572753906,24.6200008392334,24.816999435424805,20.235029220581055,25660000
2018-10-05,24.839000701904297,25.0049991607666,24.239999771118164,24.42300033569336,19.91377830505371,33860000
2018-10-08,24.33099937438965,24.54199981689453,24.038000106811523,24.136999130249023,19.680580139160156,33397000
2018-10-09,24.05900001525879,24.572999954223633,24.03700065612793,24.469999313354492,19.95209503173828,24675000
2018-10-10,24.292999267578125,24.506999969482422,23.163999557495117,23.183000564575195,18.90271759033203,56327000
2018-10-11,23.19700050354004,23.559999465942383,22.7189998626709,22.889999389648438,18.663816452026367,37424000
2018-10-12,23.47599983215332,23.566999435424805,22.910999298095703,23.295000076293945,18.994041442871094,32589000
2018-10-15,23.10300064086914,23.533000946044922,23.003999710083008,23.246999740600586,18.95490074157715,30099000
2018-10-16,23.600000381469727,23.875999450683594,23.417999267578125,23.832000732421875,19.4318904876709,30355000
2018-10-17,23.974000930786133,23.974000930786133,23.392000198364258,23.716999053955078,19.33812713623047,20262000
2018-10-18,23.542999267578125,23.68199920654297,22.652999877929688,22.802000045776367,18.59206199645996,37442000
2018-10-19,23.0,23.108999252319336,22.69300079345703,22.827999114990234,18.61326026916504,32231000
2018-10-22,23.055999755859375,23.243000030517578,22.804000854492188,22.86199951171875,18.6409854888916,25619000
2018-10-23,22.2810001373291,22.95400047302246,21.881999969482422,22.905000686645508,18.676050186157227,35990000
2018-10-24,22.639999389648438,22.641000747680664,21.784000396728516,21.871000289916992,17.832950592041016,37810000
2018-10-25,21.988000869750977,22.339000701904297,21.915000915527344,22.224000930786133,18.12078285217285,35193000
2018-10-26,21.55699920654297,21.733999252319336,20.920000076293945,21.315000534057617,17.37961196899414,53324000
2018-10-29,21.618999481201172,21.868999481201172,20.822999954223633,21.149999618530273,17.245071411132812,28636000
2018-10-30,21.378000259399414,22.1560001373291,21.100000381469727,22.10099983215332,18.020488739013672,29697000
2018-10-31,22.5,22.566999435424805,22.17099952697754,22.349000930786133,18.222700119018555,28146000
2018-11-01,22.516000747680664,23.42300033569336,22.371999740600586,22.988000869750977,18.74372673034668,36830000
2018-11-02,22.533000946044922,22.597000122070312,21.774999618530273,22.07699966430664,18.00092124938965,40241000
2018-11-05,21.902000427246094,22.110000610351562,21.371000289916992,22.009000778198242,17.945476531982422,27609000
2018-11-06,22.030000686645508,22.916000366210938,21.972000122070312,22.825000762939453,18.61081886291504,29464000
2018-11-07,23.198999404907227,23.52899932861328,22.92099952697754,23.440000534057617,19.112272262573242,29004000
2018-11-08,23.270999908447266,24.261999130249023,23.270999908447266,24.024999618530273,19.58926010131836,29796000
2018-11-09,23.5,23.902000427246094,23.253999710083008,23.89900016784668,19.486530303955078,33611000
2018-11-12,23.100000381469727,23.187000274658203,22.027999877929688,22.363000869750977,18.234111785888672,50306000
2018-11-13,22.548999786376953,22.98200035095215,22.23200035095215,22.482999801635742,18.331958770751953,26697000
2018-11-14,22.676000595092773,23.05299949645996,22.562000274658203,22.6200008392334,18.443666458129883,25411000
2018-11-15,22.621999740600586,23.930999755859375,22.586000442504883,23.634000778198242,19.270456314086914,36694000
2018-11-16,23.381999969482422,23.920000076293945,23.165000915527344,23.76099967956543,19.37399673461914,36005000
2018-11-19,23.652999877929688,24.107999801635742,22.854000091552734,22.913000106811523,18.682571411132812,35326000
2018-11-20,22.393999099731445,22.908000946044922,22.257999420166016,22.770999908447266,18.566787719726562,32123000
2018-11-21,23.02199935913086,23.33099937438965,22.750999450683594,23.0,18.753503799438477,19926000
2018-11-23,22.757999420166016,23.268999099731445,22.757999420166016,22.989999771118164,18.745357513427734,8066000
2018-11-26,23.422000885009766,23.815000534057617,23.155000686645508,23.5310001373291,19.18647003173828,28714000
2018-11-27,23.357999801635742,23.836999893188477,23.242000579833984,23.58300018310547,19.228866577148438,30406000
2018-11-28,23.649999618530273,23.799999237060547,23.16200065612793,23.52199935913086,19.179128646850586,31080000
2018-11-29,23.427000045776367,23.863000869750977,23.275999069213867,23.577999114990234,19.224790573120117,17920000
2018-11-30,23.540000915527344,23.827999114990234,23.339000701904297,23.740999221801758,19.357696533203125,40083000
2018-12-03,24.520000457763672,24.70400047302246,24.14699935913086,24.207000732421875,19.73766326904297,35241000
2018-12-04,24.048999786376953,24.113000869750977,23.158000946044922,23.20400047302246,18.91984748840332,36455000
2018-12-06,22.624000549316406,22.725000381469727,21.76099967956543,22.724000930786133,18.528467178344727,57859000
2018-12-07,23.405000686645508,23.827999114990234,22.450000762939453,22.856000900268555,18.636091232299805,78396000
2018-12-10,22.795000076293945,24.031999588012695,22.650999069213867,23.924999237060547,19.50772476196289,43344000
2018-12-11,24.34600067138672,25.034000396728516,24.341999053955078,24.68400001525879,20.126590728759766,57730000
2018-12-12,25.243999481201172,26.018999099731445,25.200000762939453,25.49799919128418,20.79029655456543,68703000
2018-12-13,25.84600067138672,26.149999618530273,25.45800018310547,25.829999923706055,21.06100082397461,54355000
2018-12-14,25.535999298095703,26.159000396728516,25.46299934387207,25.482999801635742,20.7780704498291,42727000
2018-12-17,25.39900016784668,26.131999969482422,25.308000564575195,25.413000106811523,20.72099494934082,56238000
2018-12-18,25.507999420166016,25.55900001525879,24.881000518798828,24.966999053955078,20.571861267089844,51849000
2018-12-19,24.899999618530273,25.593000411987305,24.25200080871582,24.388999938964844,20.095605850219727,59728000
2018-12-20,24.440000534057617,24.850000381469727,23.844999313354492,24.18899917602539,19.930810928344727,75365000
2018-12-21,24.18899917602539,25.173999786376953,24.18899917602539,24.490999221801758,20.179649353027344,102138000
2018-12-24,24.200000762939453,24.3700008392334,23.35099983215332,23.3799991607666,19.26422882080078,28494000
2018-12-26,23.777999877929688,24.850000381469727,23.350000381469727,24.81399917602539,20.445791244506836,36741000
2018-12-27,24.5,25.12299919128418,24.214000701904297,25.084999084472656,20.669082641601562,37507000
2018-12-28,25.299999237060547,25.805999755859375,25.115999221801758,25.358999252319336,20.89484977722168,28702000
2018-12-31,25.783000946044922,25.850000381469727,25.094999313354492,25.42799949645996,20.951696395874023,26590000
2019-01-02,24.885000228881836,25.469999313354492,24.64900016784668,25.35099983215332,20.888254165649414,30346000
2019-01-03,24.45599937438965,24.65399932861328,23.033000946044922,23.09600067138672,19.03022575378418,68580000
2019-01-04,23.429000854492188,23.645000457763672,23.16699981689453,23.322999954223633,19.21726417541504,54248000
2019-01-07,23.364999771118164,24.02400016784668,23.076000213623047,23.79800033569336,19.608646392822266,53433000
2019-01-08,24.01099967956543,24.190000534057617,23.336999893188477,23.60700035095215,19.45127296447754,36795000
2019-01-09,23.841999053955078,24.667999267578125,23.78499984741211,24.628000259399414,20.29253578186035,52971000
2019-01-10,24.55699920654297,25.05699920654297,24.43600082397461,24.95199966430664,20.559499740600586,29594000
2019-01-11,24.94300079345703,25.29199981689453,24.93199920654297,25.05699920654297,20.64601707458496,20158000
2019-01-14,24.81100082397461,25.158000946044922,24.59000015258789,25.086999893188477,20.670730590820312,25498000
2019-01-15,25.275999069213867,26.222000122070312,25.201000213623047,25.64900016784668,21.133798599243164,39247000
2019-01-16,25.719999313354492,25.735000610351562,25.13599967956543,25.170000076293945,20.73912239074707,24484000
2019-01-17,25.006000518798828,25.735000610351562,24.871999740600586,25.533000946044922,21.0382137298584,35154000
2019-01-18,25.913000106811523,26.194000244140625,25.700000762939453,26.082000732421875,21.49057388305664,34634000
2019-01-22,25.799999237060547,25.945999145507812,25.489999771118164,25.82900047302246,21.2821102142334,37156000
2019-01-23,25.95400047302246,26.090999603271484,25.364999771118164,25.75200080871582,21.218669891357422,31771000
2019-01-24,26.108999252319336,26.674999237060547,26.0,26.354999542236328,21.71551513671875,35999000
2019-01-25,26.517000198364258,26.83099937438965,26.090999603271484,26.79400062561035,22.077234268188477,30333000
2019-01-28,26.1560001373291,26.885000228881836,25.864999771118164,26.761999130249023,22.050867080688477,31320000
2019-01-29,26.735000610351562,26.760000228881836,26.382999420166016,26.631999969482422,21.943754196166992,27870000
2019-01-30,27.0,27.375,26.73699951171875,27.082000732421875,22.31454086303711,28727000
2019-01-31,27.055999755859375,27.100000381469727,26.635000228881836,26.825000762939453,22.1027774810791,21063000
2019-02-01,26.915000915527344,26.959999084472656,26.48900032043457,26.680999755859375,21.984127044677734,22878000
2019-02-04,26.75,27.214000701904297,26.4950008392334,27.211999893188477,22.42165184020996,20761000
2019-02-05,27.195999145507812,27.46299934387207,26.990999221801758,27.0,22.246971130371094,22619000
2019-02-06,27.32699966430664,28.0,27.274999618530273,27.621000289916992,22.758651733398438,27064000
2019-02-07,27.285999298095703,27.457000732421875,26.6299991607666,26.909000396728516,22.171995162963867,28646000
2019-02-08,26.732999801635742,27.429000854492188,26.70599937438965,27.4060001373291,22.581501007080078,23903000
2019-02-11,27.440000534057617,27.600000381469727,27.327999114990234,27.57200050354004,22.718276977539062,18012000
2019-02-12,27.864999771118164,28.038999557495117,27.70599937438965,27.93899917602539,23.020671844482422,19809000
2019-02-13,28.0,28.215999603271484,27.797000885009766,28.131999969482422,23.179698944091797,19190000
2019-02-14,28.059999465942383,28.284000396728516,27.895000457763672,28.149999618530273,23.19452667236328,16015000
2019-02-15,28.409000396728516,28.409000396728516,27.878999710083008,28.19300079345703,23.22995948791504,17352000
2019-02-19,28.114999771118164,28.283000946044922,28.014999389648438,28.166000366210938,23.20770835876465,15152000
2019-02-20,28.325000762939453,28.663000106811523,28.22800064086914,28.341999053955078,23.352731704711914,16150000
2019-02-21,28.323999404907227,28.334999084472656,27.89299964904785,28.0939998626709,23.148387908935547,13254000
2019-02-22,27.9950008392334,28.0,27.465999603271484,27.649999618530273,22.782548904418945,27225000
2019-02-25,28.077999114990234,28.08300018310547,27.847999572753906,27.860000610351562,22.955577850341797,19245000
2019-02-26,27.792999267578125,27.801000595092773,27.44499969482422,27.5,22.65894889831543,27211000
2019-02-27,27.32200050354004,27.510000228881836,26.95800018310547,27.14900016784668,22.369741439819336,29146000
2019-02-28,26.996999740600586,27.570999145507812,26.863000869750977,27.535999298095703,22.688615798950195,31460000
2019-03-01,27.773000717163086,27.81599998474121,27.113000869750977,27.274999618530273,22.473560333251953,19035000
2019-03-04,27.5,27.658000946044922,27.086000442504883,27.48900032043457,22.649887084960938,17382000
2019-03-05,27.549999237060547,28.04400062561035,27.452999114990234,27.701000213623047,22.824569702148438,21699000
2019-03-06,27.666000366210938,27.69300079345703,27.04800033569336,27.135000228881836,22.35820770263672,19973000
2019-03-07,27.01799964904785,27.033000946044922,26.408000946044922,26.551000595092773,21.87700843811035,25411000
2019-03-08,26.1560001373291,26.47599983215332,25.920000076293945,26.41900062561035,21.768251419067383,22167000
2019-03-11,26.48900032043457,27.05500030517578,26.405000686645508,26.9060001373291,22.16952133178711,27161000
2019-03-12,26.97599983215332,27.003000259399414,26.427000045776367,26.96299934387207,22.216482162475586,23324000
2019-03-13,27.051000595092773,27.308000564575195,26.902000427246094,27.121000289916992,22.34667205810547,32089000
2019-03-14,27.208999633789062,27.22599983215332,26.788999557495117,26.81999969482422,22.098655700683594,43094000
2019-03-15,28.645999908447266,29.954999923706055,28.350000381469727,29.02899932861328,23.91878890991211,144066000
2019-03-18,29.023000717163086,29.697999954223633,29.020999908447266,29.384000778198242,24.2112979888916,56746000
2019-03-19,29.416000366210938,30.097999572753906,29.410999298095703,29.930999755859375,24.662006378173828,51556000
2019-03-20,29.799999237060547,29.899999618530273,29.02899932861328,29.10300064086914,24.1939697265625,41263000
2019-03-21,29.187999725341797,29.937000274658203,29.100000381469727,29.68000030517578,24.67363739013672,27379000
2019-03-22,29.591999053955078,29.643999099731445,29.139999389648438,29.264999389648438,24.328641891479492,23307000
2019-03-25,29.219999313354492,29.417999267578125,28.899999618530273,29.215999603271484,24.28790283203125,23878000
2019-03-26,29.437000274658203,29.94700050354004,29.42300033569336,29.702999114990234,24.692760467529297,28009000
2019-03-27,29.756999969482422,29.868000030517578,29.246000289916992,29.597000122070312,24.604639053344727,21862000
2019-03-28,29.711000442504883,30.329999923706055,29.566999435424805,29.906999588012695,24.86235237121582,33030000
2019-03-29,30.121999740600586,30.267000198364258,29.827999114990234,30.070999145507812,24.998685836791992,24493000
2019-04-01,30.31100082397461,30.674999237060547,29.975000381469727,30.57900047302246,25.421001434326172,27040000
2019-04-02,30.615999221801758,30.735000610351562,30.26099967956543,30.30500030517578,25.193220138549805,22857000
2019-04-03,30.621999740600586,30.739999771118164,30.18199920654297,30.420000076293945,25.288818359375,22266000
2019-04-04,30.475000381469727,30.600000381469727,30.16699981689453,30.200000762939453,25.10593032836914,15228000
2019-04-05,30.399999618530273,30.444000244140625,30.18000030517578,30.42799949645996,25.295473098754883,18875000
2019-04-08,30.413999557495117,30.530000686645508,30.200000762939453,30.447999954223633,25.312095642089844,13899000
2019-04-09,30.257999420166016,30.410999298095703,30.02899932861328,30.344999313354492,25.226470947265625,11621000
2019-04-10,30.360000610351562,30.777000427246094,30.299999237060547,30.750999450683594,25.563987731933594,14992000
2019-04-11,30.815000534057617,31.018999099731445,30.62299919128418,30.94099998474121,25.72194480895996,16669000
2019-04-12,31.135000228881836,31.743999481201172,31.05699920654297,31.702999114990234,26.355405807495117,30087000
2019-04-15,31.702999114990234,31.75200080871582,31.316999435424805,31.639999389648438,26.30303382873535,16216000
2019-04-16,32.0,32.000999450683594,31.610000610351562,31.850000381469727,26.47761344909668,21116000
2019-04-17,32.02399826049805,32.09400177001953,31.784000396728516,32.053001403808594,26.6463680267334,18138000
2019-04-18,32.104000091552734,32.244998931884766,31.81599998474121,31.86199951171875,26.48758888244629,26548000
2019-04-22,31.73200035095215,31.788999557495117,31.420000076293945,31.5,26.186643600463867,13504000
2019-04-23,31.676000595092773,31.80900001525879,31.41900062561035,31.56399917602539,26.23985481262207,19777000
2019-04-24,31.45800018310547,31.701000213623047,31.319000244140625,31.433000564575195,26.130952835083008,23335000
2019-04-25,31.295000076293945,31.295000076293945,30.656999588012695,31.18199920654297,25.922286987304688,26732000
2019-04-26,30.915000915527344,31.094999313354492,30.51099967956543,31.041000366210938,25.805070877075195,16404000
2019-04-29,31.124000549316406,31.466999053955078,31.04400062561035,31.27199935913086,25.99710464477539,13404000
2019-04-30,31.332000732421875,31.841999053955078,31.253000259399414,31.84000015258789,26.46929359436035,18953000
2019-05-01,32.04999923706055,32.31999969482422,31.868999481201172,31.889999389648438,26.510860443115234,18158000
2019-05-02,31.99799919128418,32.21900177001953,31.42300033569336,31.582000732421875,26.25481605529785,20428000
2019-05-03,31.4950008392334,31.665000915527344,31.069000244140625,31.570999145507812,26.245668411254883,19214000
2019-05-06,30.679000854492188,31.19300079345703,30.53499984741211,31.156999588012695,25.901504516601562,14371000
2019-05-07,30.864999771118164,30.961999893188477,30.37299919128418,30.729000091552734,25.545700073242188,21734000
2019-05-08,30.530000686645508,30.766000747680664,30.31100082397461,30.339000701904297,25.221477508544922,15099000
2019-05-09,30.0,30.584999084472656,29.684999465942383,30.4060001373291,25.277183532714844,22282000
2019-05-10,30.322999954223633,30.540000915527344,29.666000366210938,30.395999908447266,25.268869400024414,21025000
2019-05-13,29.381999969482422,29.56800079345703,28.81999969482422,29.33799934387207,24.38932991027832,37864000
2019-05-14,29.569000244140625,30.459999084472656,29.54800033569336,30.200000762939453,25.10593032836914,34277000
2019-05-15,30.027000427246094,30.777000427246094,29.861000061035156,30.437000274658203,25.302949905395508,18166000
2019-05-16,29.975000381469727,30.309999465942383,29.469999313354492,29.729000091552734,24.714370727539062,34233000
2019-05-17,29.277999877929688,29.35700035095215,28.840999603271484,28.98900032043457,24.09919548034668,39094000
2019-05-20,27.799999237060547,27.9950008392334,26.86400032043457,27.259000778198242,22.661012649536133,65162000
2019-05-21,27.708999633789062,27.97800064086914,27.46500015258789,27.533000946044922,22.888797760009766,25060000
2019-05-22,27.04800033569336,27.506000518798828,26.89699935913086,26.922000885009766,22.380855560302734,31809000
2019-05-23,26.45800018310547,26.548999786376953,25.816999435424805,26.009000778198242,21.62186050415039,46607000
2019-05-24,26.270000457763672,26.573999404907227,25.573999404907227,25.5939998626709,21.2768611907959,27963000
2019-05-28,25.656999588012695,25.773000717163086,25.009000778198242,25.447999954223633,21.155487060546875,61965000
2019-05-29,25.27400016784668,25.636999130249023,25.158000946044922,25.41200065612793,21.125558853149414,28132000
2019-05-30,25.465999603271484,25.733999252319336,25.41200065612793,25.66200065612793,21.333391189575195,17310000
2019-05-31,25.304000854492188,25.573999404907227,25.100000381469727,25.163999557495117,20.919389724731445,22192000
2019-06-03,25.2549991607666,25.83300018310547,25.1200008392334,25.31800079345703,21.047414779663086,28911000
2019-06-04,25.695999145507812,26.600000381469727,25.576000213623047,26.56999969482422,22.08823013305664,36805000
2019-06-05,26.900999069213867,27.150999069213867,26.239999771118164,26.57200050354004,22.089895248413086,23651000
2019-06-06,26.70199966430664,27.5,26.527999877929688,27.27899932861328,22.677637100219727,32687000
2019-06-07,27.47800064086914,27.78700065612793,27.327999114990234,27.48699951171875,22.850557327270508,25963000
2019-06-10,27.67300033569336,28.476999282836914,27.672000885009766,28.020999908447266,23.294475555419922,23280000
2019-06-11,29.048999786376953,29.174999237060547,27.94099998474121,28.347999572753906,23.566320419311523,37105000
2019-06-12,28.16699981689453,28.31599998474121,27.740999221801758,27.972999572753906,23.254568099975586,27057000
2019-06-13,28.152000427246094,28.288999557495117,27.740999221801758,28.160999298095703,23.41086196899414,37735000
2019-06-14,25.81100082397461,26.80900001525879,25.746999740600586,26.593000411987305,22.107351303100586,100797000
2019-06-17,26.483999252319336,26.8700008392334,26.134000778198242,26.597000122070312,22.110675811767578,35785000
2019-06-18,26.815000534057617,28.302000045776367,26.645999908447266,27.80500030517578,23.114910125732422,54920000
2019-06-19,27.878000259399414,27.906999588012695,27.371000289916992,27.749000549316406,23.068361282348633,28920000
2019-06-20,28.250999450683594,28.545000076293945,27.715999603271484,27.905000686645508,23.19804573059082,57291000
2019-06-21,27.660999298095703,28.100000381469727,27.395999908447266,27.39900016784668,22.995777130126953,45399000
2019-06-24,27.552000045776367,27.94499969482422,27.5,27.920000076293945,23.43305015563965,20506000
2019-06-25,27.916000366210938,28.288000106811523,27.601999282836914,27.650999069213867,23.207271575927734,24436000
2019-06-26,27.857999801635742,28.402999877929688,27.809999465942383,28.143999099731445,23.621047973632812,24774000
2019-06-27,28.292999267578125,28.844999313354492,28.222999572753906,28.570999145507812,23.979427337646484,21813000
2019-06-28,28.785999298095703,28.93000030517578,28.48200035095215,28.785999298095703,24.159870147705078,49265000
2019-07-01,30.167999267578125,30.575000762939453,29.632999420166016,30.03499984741211,25.208145141601562,44832000
2019-07-02,29.88800048828125,30.066999435424805,29.389999389648438,29.533000946044922,24.786828994750977,19011000
2019-07-03,28.3700008392334,28.878000259399414,28.302000045776367,28.48900032043457,23.910608291625977,49411000
2019-07-05,28.364999771118164,28.54400062561035,28.19700050354004,28.266000747680664,23.72344970703125,24565000
2019-07-08,28.0,28.118999481201172,27.43899917602539,27.496000289916992,23.077190399169922,34291000
2019-07-09,27.344999313354492,27.597999572753906,27.240999221801758,27.55299949645996,23.125022888183594,26131000
2019-07-10,27.785999298095703,27.8799991607666,27.399999618530273,27.450000762939453,23.0385799407959,30134000
2019-07-11,27.52400016784668,27.7450008392334,27.295000076293945,27.606000900268555,23.169511795043945,20712000
2019-07-12,27.63800048828125,28.593000411987305,27.63800048828125,28.538999557495117,23.952566146850586,21971000
2019-07-15,29.110000610351562,29.448999404907227,28.726999282836914,28.833999633789062,24.200157165527344,30334000
2019-07-16,28.698999404907227,28.77899932861328,28.23900032043457,28.413000106811523,23.846820831298828,14617000
2019-07-17,28.555999755859375,28.729000091552734,28.319000244140625,28.507999420166016,23.926551818847656,15453000
2019-07-18,28.618000030517578,29.030000686645508,28.3799991607666,28.97800064086914,24.321020126342773,19357000
2019-07-19,29.183000564575195,29.31599998474121,28.952999114990234,29.0,24.339488983154297,22047000
2019-07-22,29.299999237060547,29.999000549316406,29.224000930786133,29.614999771118164,24.855649948120117,33905000
2019-07-23,29.950000762939453,30.236000061035156,29.92099952697754,30.077999114990234,25.244237899780273,19692000
2019-07-24,30.1200008392334,30.488000869750977,30.049999237060547,30.37700080871582,25.49518394470215,19006000
2019-07-25,30.21299934387207,30.21299934387207,29.940000534057617,30.038999557495117,25.211505889892578,15741000
2019-07-26,30.159000396728516,30.302000045776367,30.05299949645996,30.091999053955078,25.255985260009766,14996000
2019-07-29,30.12299919128418,30.2549991607666,29.695999145507812,30.173999786376953,25.324813842773438,12068000
2019-07-30,29.909000396728516,30.093000411987305,29.709999084472656,29.95599937438965,25.141845703125,11164000
2019-07-31,30.003000259399414,30.08300018310547,28.66699981689453,28.999000549316406,24.338645935058594,20819000
2019-08-01,28.913000106811523,29.781999588012695,28.23200035095215,28.534000396728516,23.9483699798584,21911000
2019-08-02,28.207000732421875,28.384000778198242,27.590999603271484,27.85300064086914,23.376813888549805,20080000
2019-08-05,27.19499969482422,27.224000930786133,26.408000946044922,26.766000747680664,22.464506149291992,27765000
2019-08-06,27.01300048828125,27.218000411987305,26.45599937438965,26.643999099731445,22.362110137939453,22199000
2019-08-07,26.402999877929688,27.27199935913086,26.299999237060547,27.0049991607666,22.66509246826172,22244000
2019-08-08,27.038000106811523,27.256000518798828,26.25,27.097999572753906,22.743146896362305,29163000
2019-08-09,26.95800018310547,28.05500030517578,26.95800018310547,27.572999954223633,23.141807556152344,30735000
2019-08-12,27.33799934387207,27.820999145507812,27.253999710083008,27.56399917602539,23.13425636291504,20040000
2019-08-13,27.530000686645508,28.549999237060547,27.202999114990234,28.3700008392334,23.810731887817383,22340000
2019-08-14,27.878999710083008,28.014999389648438,27.038000106811523,27.1560001373291,22.791828155517578,27108000
2019-08-15,27.200000762939453,27.277999877929688,26.485000610351562,26.86400032043457,22.546754837036133,20010000
2019-08-16,27.21500015258789,27.575000762939453,27.197999954223633,27.378000259399414,22.978151321411133,17458000
2019-08-19,27.950000762939453,28.006999969482422,27.56100082397461,27.878000259399414,23.397794723510742,17489000
2019-08-20,27.81599998474121,28.496000289916992,27.701000213623047,28.03700065612793,23.531246185302734,17920000
2019-08-21,28.464000701904297,28.826000213623047,28.405000686645508,28.75,24.12965965270996,19381000
2019-08-22,28.839000701904297,28.94099998474121,28.454999923706055,28.761999130249023,24.13973045349121,12294000
2019-08-23,28.39900016784668,28.54800033569336,27.104999542236328,27.21299934387207,22.83966636657715,25742000
2019-08-26,27.69499969482422,27.795000076293945,27.5,27.722000122070312,23.26686668395996,14249000
2019-08-27,27.915000915527344,28.02199935913086,27.490999221801758,27.55699920654297,23.128387451171875,14298000
2019-08-28,27.433000564575195,27.641000747680664,27.047000885009766,27.606000900268555,23.169511795043945,17202000
2019-08-29,28.14900016784668,28.548999786376953,28.104999542236328,28.336999893188477,23.783031463623047,16429000
2019-08-30,28.535999298095703,28.59000015258789,27.989999771118164,28.263999938964844,23.72176170349121,16720000
2019-09-03,28.0,28.084999084472656,27.093000411987305,27.405000686645508,23.000808715820312,22210000
2019-09-04,27.878999710083008,28.434999465942383,27.81999969482422,28.302000045776367,23.7536563873291,19865000
2019-09-05,28.836000442504883,29.368000030517578,28.836000442504883,29.101999282836914,24.42508888244629,20938000
2019-09-06,29.184999465942383,29.329999923706055,28.93000030517578,29.19099998474121,24.499786376953125,13748000
2019-09-09,29.5,29.719999313354492,29.040000915527344,29.26099967956543,24.55853843688965,21686000
2019-09-10,29.135000228881836,29.44499969482422,28.881999969482422,29.444000244140625,24.71213150024414,20850000
2019-09-11,29.631999969482422,29.878000259399414,29.454999923706055,29.801000595092773,25.011756896972656,19260000
2019-09-12,30.14299964904785,30.232999801635742,29.64699935913086,30.058000564575195,25.227460861206055,33109000
2019-09-13,29.764999389648438,29.798999786376953,28.388999938964844,29.031999588012695,24.36634063720703,62557000
2019-09-16,28.68000030517578,29.027000427246094,28.56999969482422,28.865999221801758,24.227014541625977,22176000
2019-09-17,28.802000045776367,28.93000030517578,28.375,28.882999420166016,24.24128532409668,21912000
2019-09-18,28.849000930786133,29.076000213623047,28.38800048828125,28.77400016784668,24.14980125427246,16510000
2019-09-19,28.850000381469727,29.19499969482422,28.722999572753906,29.06399917602539,24.39319610595703,19421000
2019-09-20,28.767000198364258,28.84000015258789,28.18199920654297,28.426000595092773,24.077259063720703,35524000
2019-09-23,28.36199951171875,28.715999603271484,28.20800018310547,28.54599952697754,24.178903579711914,14850000
2019-09-24,28.73200035095215,28.889999389648438,27.975000381469727,28.231000900268555,23.912094116210938,20292000
2019-09-25,27.174999237060547,27.72100067138672,27.0,27.57699966430664,23.35814666748047,55588000
2019-09-26,27.525999069213867,27.865999221801758,27.26799964904785,27.69099998474121,23.45470428466797,27477000
2019-09-27,27.663000106811523,28.128000259399414,27.29599952697754,27.413999557495117,23.22008514404297,28660000
2019-09-30,27.57900047302246,27.672000885009766,27.25,27.60700035095215,23.383554458618164,19826000
2019-10-01,27.82699966430664,27.96500015258789,27.33799934387207,27.485000610351562,23.28022003173828,19429000
2019-10-02,27.34600067138672,27.3799991607666,26.832000732421875,27.006999969482422,22.875347137451172,19543000
2019-10-03,27.0,27.450000762939453,26.722000122070312,27.44300079345703,23.244651794433594,17096000
2019-10-04,27.849000930786133,28.170000076293945,27.520000457763672,28.14299964904785,23.83755111694336,25884000
2019-10-07,28.000999450683594,28.101999282836914,27.56999969482422,27.607999801635742,23.3843994140625,18658000
2019-10-08,27.4060001373291,27.489999771118164,26.891000747680664,27.033000946044922,22.897367477416992,22757000
2019-10-09,27.368000030517578,27.490999221801758,27.20199966430664,27.315000534057617,23.1362247467041,16329000
2019-10-10,27.45599937438965,27.878000259399414,27.364999771118164,27.44499969482422,23.246339797973633,17340000
2019-10-11,27.948999404907227,28.408000946044922,27.909000396728516,28.090999603271484,23.79350471496582,23697000
2019-10-14,28.04199981689453,28.264999389648438,27.988000869750977,28.166000366210938,23.857030868530273,13312000
2019-10-15,28.263999938964844,29.062000274658203,28.219999313354492,29.031999588012695,24.590551376342773,21230000
2019-10-16,28.899999618530273,29.010000228881836,28.65399932861328,28.847999572753906,24.43470001220703,20046000
2019-10-17,29.013999938964844,29.17099952697754,28.832000732421875,28.94300079345703,24.515161514282227,13125000
2019-10-18,28.950000762939453,28.993999481201172,28.399999618530273,28.67300033569336,24.286479949951172,16981000
2019-10-21,28.8439998626709,29.190000534057617,28.70599937438965,28.957000732421875,24.527023315429688,13031000
2019-10-22,28.958999633789062,29.086000442504883,28.724000930786133,28.746000289916992,24.34830665588379,13046000
2019-10-23,28.29599952697754,28.354000091552734,27.875999450683594,28.031999588012695,23.7435359954834,20957000
2019-10-24,28.288999557495117,28.350000381469727,27.8700008392334,28.231000900268555,23.912094116210938,16896000
2019-10-25,28.326000213623047,29.136999130249023,28.32200050354004,28.98200035095215,24.548200607299805,20869000
2019-10-28,29.115999221801758,29.24799919128418,28.832000732421875,29.155000686645508,24.69473648071289,12999000
2019-10-29,29.22800064086914,29.3700008392334,28.80699920654297,28.81599998474121,24.4075927734375,13272000
2019-10-30,29.000999450683594,29.097000122070312,28.652000427246094,29.02400016784668,24.58378028869629,17281000
2019-10-31,28.979999542236328,29.408000946044922,28.780000686645508,29.28499984741211,24.804845809936523,27881000
2019-11-01,29.298999786376953,29.659000396728516,29.208999633789062,29.659000396728516,25.121627807617188,21234000
2019-11-04,29.95199966430664,30.54599952697754,29.90999984741211,30.5,25.833967208862305,34075000
2019-11-05,30.5,31.67799949645996,30.44700050354004,31.40399932861328,26.59967041015625,38711000
2019-11-06,31.20599937438965,31.42799949645996,30.871000289916992,31.31599998474121,26.525135040283203,18076000
2019-11-07,31.558000564575195,31.950000762939453,31.065000534057617,31.173999786376953,26.404857635498047,23981000
2019-11-08,30.98699951171875,31.360000610351562,30.51300048828125,31.340999603271484,26.546306610107422,17830000
2019-11-11,31.1200008392334,31.323999404907227,31.083999633789062,31.274999618530273,26.490407943725586,9154000
2019-11-12,31.399999618530273,31.639999389648438,31.326000213623047,31.55299949645996,26.725875854492188,16875000
2019-11-13,31.24799919128418,31.570999145507812,31.200000762939453,31.367000579833984,26.568330764770508,12625000
2019-11-14,31.075000762939453,31.18400001525879,30.611000061035156,30.89699935913086,26.17023277282715,17268000
2019-11-15,31.226999282836914,31.305999755859375,31.007999420166016,31.291000366210938,26.503955841064453,18120000
2019-11-18,31.18199920654297,31.340999603271484,30.80299949645996,31.10700035095215,26.348106384277344,15850000
2019-11-19,31.665000915527344,32.56700134277344,31.665000915527344,31.770000457763672,26.909683227539062,31743000
2019-11-20,31.59000015258789,31.683000564575195,30.899999618530273,31.16699981689453,26.398929595947266,19927000
2019-11-21,31.11400032043457,31.56999969482422,30.979999542236328,31.524999618530273,26.702157974243164,19317000
2019-11-22,31.663999557495117,31.947999954223633,31.371000289916992,31.492000579833984,26.674209594726562,13216000
2019-11-25,31.660999298095703,32.018001556396484,31.62700080871582,31.961999893188477,27.072309494018555,19636000
2019-11-26,31.899999618530273,32.018001556396484,31.604999542236328,31.62700080871582,26.788555145263672,30793000
2019-11-27,31.79400062561035,31.993999481201172,31.64699935913086,31.8439998626709,26.972352981567383,20182000
2019-11-29,31.684999465942383,31.77899932861328,31.5,31.621000289916992,26.78347396850586,9229000
2019-12-02,31.77199935913086,31.792999267578125,31.055999755859375,31.07200050354004,26.318464279174805,23158000
2019-12-03,30.582000732421875,30.899999618530273,30.312999725341797,30.652000427246094,25.962718963623047,18736000
2019-12-04,30.975000381469727,31.136999130249023,30.71299934387207,30.972000122070312,26.23375701904297,14439000
2019-12-05,31.05900001525879,31.246000289916992,30.9060001373291,31.118999481201172,26.358274459838867,15494000
2019-12-06,31.464000701904297,31.634000778198242,31.20599937438965,31.604999542236328,26.769920349121094,16937000
2019-12-09,31.600000381469727,31.71500015258789,31.393999099731445,31.437999725341797,26.62847328186035,24694000
2019-12-10,31.510000228881836,31.590999603271484,31.325000762939453,31.506000518798828,26.68606948852539,14563000
2019-12-11,31.51799964904785,32.1349983215332,31.51799964904785,31.972000122070312,27.080772399902344,20829000
2019-12-12,31.972999572753906,33.01599884033203,31.94300079345703,32.779998779296875,27.765161514282227,38935000
2019-12-13,31.805999755859375,31.976999282836914,31.062000274658203,31.54199981689453,26.71656036376953,70952000
2019-12-16,31.797000885009766,32.7599983215332,31.753000259399414,32.3129997253418,27.36960792541504,37921000
2019-12-17,32.374000549316406,32.494998931884766,32.17499923706055,32.380001068115234,27.426359176635742,20248000
2019-12-18,32.439998626708984,33.119998931884766,32.35499954223633,32.74399948120117,27.734670639038086,35155000
2019-12-19,32.92100143432617,32.92599868774414,32.37099838256836,32.40999984741211,27.451765060424805,31787000
2019-12-20,32.24700164794922,32.24700164794922,31.69099998474121,31.899999618530273,27.293487548828125,50540000
2019-12-23,32.05400085449219,32.233001708984375,31.76099967956543,31.952999114990234,27.338830947875977,20254000
2019-12-24,32.0,32.06800079345703,31.900999069213867,32.04999923706055,27.42182731628418,7024000
2019-12-26,32.12699890136719,32.17399978637695,31.68199920654297,31.79800033569336,27.20621681213379,15848000
2019-12-27,31.93000030517578,31.934999465942383,31.52199935913086,31.652999877929688,27.0821533203125,14487000
2019-12-30,31.652000427246094,31.732999801635742,31.274999618530273,31.34600067138672,26.819486618041992,13104000
2019-12-31,31.312000274658203,31.63599967956543,31.280000686645508,31.601999282836914,27.038515090942383,12487000
2020-01-02,31.93199920654297,32.25,31.73200035095215,32.23899841308594,27.583528518676758,20329000
2020-01-03,31.750999450683594,32.0,31.408000946044922,31.41900062561035,26.881940841674805,22870000
2020-01-06,31.084999084472656,31.392000198364258,30.96299934387207,31.371999740600586,26.841726303100586,20789000
2020-01-07,31.524999618530273,31.658000946044922,31.225000381469727,31.263999938964844,26.74932289123535,18565000
2020-01-08,31.29800033569336,31.349000930786133,30.840999603271484,30.874000549316406,26.4156436920166,31979000
2020-01-09,31.23200035095215,31.298999786376953,30.30500030517578,30.625999450683594,26.203453063964844,42397000
2020-01-10,30.545000076293945,30.55500030517578,29.8799991607666,29.922000885009766,25.601116180419922,40705000
2020-01-13,30.00200080871582,30.3799991607666,29.966999053955078,30.118000030517578,25.768815994262695,22054000
2020-01-14,30.200000762939453,30.915000915527344,30.159000396728516,30.81800079345703,26.36773109436035,28911000
2020-01-15,30.731000900268555,30.788000106811523,30.06999969482422,30.31399917602539,25.936506271362305,22733000
2020-01-16,30.5,30.785999298095703,30.42099952697754,30.704999923706055,26.271041870117188,21508000
2020-01-17,30.865999221801758,30.893999099731445,30.406999588012695,30.878999710083008,26.419921875,26896000
2020-01-21,30.780000686645508,30.951000213623047,30.632999420166016,30.80699920654297,26.35831642150879,21967000
2020-01-22,31.079999923706055,31.79199981689453,31.049999237060547,31.297000885009766,26.77756118774414,29264000
2020-01-23,31.51799964904785,31.979999542236328,31.082000732421875,31.96500015258789,27.349105834960938,30266000
2020-01-24,33.04999923706055,33.15800094604492,32.07699966430664,32.400001525878906,27.721282958984375,55782000
2020-01-27,31.641000747680664,31.988000869750977,30.86400032043457,30.902999877929688,26.440460205078125,38843000
2020-01-28,31.35300064086914,31.92300033569336,31.277000427246094,31.83099937438965,27.234445571899414,23166000
2020-01-29,32.082000732421875,32.542999267578125,31.714000701904297,31.750999450683594,27.165996551513672,23668000
2020-01-30,31.43199920654297,31.552000045776367,30.858999252319336,31.520000457763672,26.96835708618164,21128000
2020-01-31,31.416000366210938,31.45800018310547,30.36199951171875,30.516000747680664,26.109336853027344,22123000
2020-02-03,30.562999725341797,30.65999984741211,30.36400032043457,30.523000717163086,26.115327835083008,21288000
2020-02-04,31.179000854492188,31.457000732421875,30.96500015258789,31.15999984741211,26.660341262817383,22559000
2020-02-05,31.75,31.981000900268555,31.586000442504883,31.738000869750977,27.154878616333008,24825000
2020-02-06,31.884000778198242,31.988000869750977,31.42300033569336,31.9689998626709,27.352521896362305,22683000
2020-02-07,31.832000732421875,31.851999282836914,31.48699951171875,31.523000717163086,26.970922470092773,15883000
2020-02-10,31.23699951171875,31.459999084472656,31.030000686645508,31.420000076293945,26.882801055908203,19218000
2020-02-11,31.665000915527344,32.07899856567383,31.60099983215332,32.01599884033203,27.39272689819336,15527000
2020-02-12,32.20399856567383,32.50899887084961,32.16299819946289,32.470001220703125,27.781177520751953,15310000
2020-02-13,32.14799880981445,32.54600143432617,32.095001220703125,32.39699935913086,27.71871566772461,13857000
2020-02-14,32.48400115966797,32.56999969482422,31.709999084472656,31.777000427246094,27.188249588012695,19137000
2020-02-18,31.5,31.500999450683594,30.80500030517578,31.075000762939453,26.587617874145508,26693000
2020-02-19,31.299999237060547,31.683000564575195,31.170000076293945,31.569000244140625,27.01028060913086,20525000
2020-02-20,31.395999908447266,31.569000244140625,30.61199951171875,30.923999786376953,26.458423614501953,25521000
2020-02-21,30.850000381469727,30.94499969482422,30.229000091552734,30.450000762939453,26.052871704101562,24522000
2020-02-24,29.420000076293945,29.8799991607666,29.006000518798828,29.15999984741211,24.94915199279785,36849000
2020-02-25,29.410999298095703,29.572999954223633,28.10700035095215,28.26799964904785,24.18596076965332,31892000
2020-02-26,28.434999465942383,28.81999969482422,28.399999618530273,28.58799934387207,24.459754943847656,23074000
2020-02-27,28.030000686645508,28.5310001373291,27.354000091552734,27.395000457763672,23.439035415649414,34837000
2020-02-28,26.33300018310547,27.413000106811523,26.27400016784668,27.261999130249023,23.325237274169922,44586000
2020-03-02,27.676000595092773,28.540000915527344,27.114999771118164,28.496999740600586,24.381895065307617,31976000
2020-03-03,28.46500015258789,28.847999572753906,27.156999588012695,27.424999237060547,23.464691162109375,29930000
2020-03-04,27.753999710083008,28.57200050354004,27.476999282836914,28.545000076293945,24.422964096069336,23477000
2020-03-05,27.72599983215332,28.30900001525879,27.2450008392334,27.40399932861328,23.44672966003418,24374000
2020-03-06,26.697999954223633,27.093000411987305,26.25,26.94499969482422,23.05400848388672,30169000
2020-03-09,25.107999801635742,26.027000427246094,24.424999237060547,24.77199935913086,21.194799423217773,43934000
2020-03-10,25.659000396728516,26.368000030517578,24.34000015258789,26.290000915527344,22.49359703063965,55071000
2020-03-11,25.38800048828125,25.64900016784668,24.249000549316406,24.597000122070312,21.045072555541992,36030000
2020-03-12,22.698999404907227,24.275999069213867,21.631999969482422,21.878000259399414,18.71870994567871,64281000
2020-03-13,22.551000595092773,23.44700050354004,20.115999221801758,23.422000885009766,20.039752960205078,84714000
2020-03-16,20.81800079345703,21.8799991607666,18.023000717163086,18.757999420166016,16.049253463745117,76935000
2020-03-17,19.18199920654297,20.000999450683594,18.148000717163086,19.951000213623047,17.06998062133789,70662000
2020-03-18,18.56599998474121,18.74799919128418,15.567000389099121,16.78700065612793,14.36287784576416,98993000
2020-03-19,16.763999938964844,20.746999740600586,16.5,19.44499969482422,16.637046813964844,74438000
2020-03-20,20.200000762939453,20.868000030517578,18.791000366210938,19.222000122070312,16.725801467895508,74044000
2020-03-23,19.288000106811523,19.597000122070312,17.774999618530273,19.347000122070312,16.834564208984375,46921000
2020-03-24,20.56399917602539,21.871000289916992,20.128999710083008,21.275999069213867,18.513063430786133,62970000
2020-03-25,21.2189998626709,24.399999618530273,20.922000885009766,21.7549991607666,18.929861068725586,64442000
2020-03-26,22.60300064086914,24.479999542236328,22.60300064086914,24.316999435424805,21.159156799316406,60213000
2020-03-27,23.299999237060547,24.208999633789062,23.0,23.069000244140625,20.073225021362305,39448000
2020-03-30,23.219999313354492,24.13599967956543,22.8439998626709,24.01099967956543,20.89288902282715,52343000
2020-03-31,23.799999237060547,25.270999908447266,23.606000900268555,23.709999084472656,20.6309871673584,50191000
2020-04-01,22.798999786376953,23.44099998474121,21.968000411987305,22.363000869750977,19.458906173706055,41858000
2020-04-02,22.239999771118164,23.795000076293945,22.145000457763672,23.70599937438965,20.62750244140625,45049000
2020-04-03,23.663999557495117,24.2549991607666,23.05500030517578,23.426000595092773,20.38386344909668,28960000
2020-04-06,24.45800018310547,25.340999603271484,24.356000900268555,25.243999481201172,21.965774536132812,38868000
2020-04-07,26.18400001525879,26.549999237060547,25.253000259399414,25.32699966430664,22.037994384765625,45892000
2020-04-08,25.677000045776367,26.219999313354492,25.36400032043457,26.110000610351562,22.71931266784668,27565000
2020-04-09,26.57900047302246,26.75,25.131000518798828,25.43000030517578,22.127620697021484,34828000
2020-04-13,25.350000381469727,26.152000427246094,25.280000686645508,25.992000579833984,22.61663818359375,25729000
2020-04-14,26.61199951171875,26.83799934387207,26.23200035095215,26.76300048828125,23.28751564025879,23094000
2020-04-15,26.100000381469727,26.23200035095215,25.615999221801758,25.743999481201172,22.400842666625977,25926000
2020-04-16,26.176000595092773,26.176000595092773,25.410999298095703,25.82900047302246,22.474803924560547,26896000
2020-04-17,26.32200050354004,26.743000030517578,25.893999099731445,26.58799934387207,23.13524055480957,34089000
2020-04-20,26.0,26.525999069213867,25.791000366210938,25.827999114990234,22.47393035888672,23801000
2020-04-21,25.45599937438965,25.479000091552734,24.68000030517578,24.764999389648438,21.548980712890625,29138000
2020-04-22,25.476999282836914,26.222000122070312,25.073999404907227,25.996999740600586,22.620983123779297,35438000
2020-04-23,26.024999618530273,26.520000457763672,25.851999282836914,25.89299964904785,22.530492782592773,21659000
2020-04-24,25.981000900268555,26.506999969482422,25.88800048828125,26.481000900268555,23.04213523864746,23373000
2020-04-27,26.434999465942383,27.121999740600586,26.434999465942383,26.844999313354492,23.358863830566406,16588000
2020-04-28,27.423999786376953,27.641000747680664,26.41200065612793,26.472999572753906,23.03517723083496,18988000
2020-04-29,27.107999801635742,27.698999404907227,26.92300033569336,27.601999282836914,24.017562866210938,28871000
2020-04-30,27.35300064086914,27.405000686645508,26.8799991607666,27.16200065612793,23.63469696044922,23379000
2020-05-01,26.600000381469727,26.78499984741211,25.81999969482422,25.969999313354492,22.597496032714844,26836000
2020-05-04,25.92099952697754,26.243000030517578,25.531999588012695,26.22599983215332,22.820249557495117,17046000
2020-05-05,26.655000686645508,26.893999099731445,26.371000289916992,26.48699951171875,23.047353744506836,26462000
2020-05-06,26.83300018310547,27.04800033569336,26.36199951171875,26.417999267578125,22.987321853637695,22727000
2020-05-07,27.0,27.047000885009766,26.600000381469727,26.774999618530273,23.297962188720703,18238000
2020-05-08,27.219999313354492,27.55500030517578,27.003000259399414,27.503000259399414,23.931415557861328,16757000
2020-05-11,27.336999893188477,27.673999786376953,27.174999237060547,27.540000915527344,23.96361541748047,20851000
2020-05-12,27.658000946044922,27.77199935913086,26.82200050354004,26.844999313354492,23.358863830566406,18764000
2020-05-13,27.006999969482422,27.033000946044922,25.93600082397461,26.315000534057617,22.897695541381836,21927000
2020-05-14,26.09600067138672,26.69499969482422,25.475000381469727,26.65999984741211,23.197891235351562,19912000
2020-05-15,25.941999435424805,26.4060001373291,25.677000045776367,26.041000366210938,22.65927505493164,21650000
2020-05-18,26.86199951171875,27.67300033569336,26.799999237060547,27.35300064086914,23.8008975982666,26531000
2020-05-19,27.35300064086914,27.60300064086914,27.160999298095703,27.19499969482422,23.663415908813477,18702000
2020-05-20,27.69700050354004,28.131000518798828,27.607999801635742,27.868000030517578,24.2490177154541,18605000
2020-05-21,27.892000198364258,27.950000762939453,27.46500015258789,27.479999542236328,23.911405563354492,14847000
2020-05-22,27.374000549316406,27.725000381469727,27.051000595092773,27.665000915527344,24.072376251220703,17452000
2020-05-26,28.5,28.708999633789062,28.138999938964844,28.20199966430664,24.53964614868164,23573000
2020-05-27,28.302000045776367,28.780000686645508,28.0,28.759000778198242,25.024314880371094,22812000
2020-05-28,28.5,28.93000030517578,28.243000030517578,28.31399917602539,24.63709831237793,18543000
2020-05-29,28.290000915527344,29.200000762939453,28.19099998474121,29.12700080871582,25.344526290893555,27300000
2020-06-01,29.04199981689453,29.110000610351562,28.73699951171875,28.999000549316406,25.23314666748047,18444000
2020-06-02,29.10300064086914,29.832000732421875,29.009000778198242,29.805999755859375,25.935344696044922,31847000
2020-06-03,30.104999542236328,31.084999084472656,30.051000595092773,30.952999114990234,26.933393478393555,31926000
2020-06-04,30.575000762939453,31.299999237060547,30.209999084472656,30.888999938964844,26.877710342407227,34997000
2020-06-05,31.969999313354492,32.81100082397461,31.509000778198242,31.70800018310547,27.59034538269043,50958000
2020-06-08,31.75,31.884000778198242,31.336000442504883,31.75200080871582,27.628633499145508,23916000
2020-06-09,31.200000762939453,31.88800048828125,31.156999588012695,31.531999588012695,27.43720245361328,22335000
2020-06-10,31.665000915527344,31.92099952697754,31.469999313354492,31.503999710083008,27.412841796875,25914000
2020-06-11,30.761999130249023,30.854999542236328,29.34000015258789,29.375,25.56031608581543,45115000
2020-06-12,30.281999588012695,30.395000457763672,29.273000717163086,30.024999618530273,26.125904083251953,39439000
2020-06-15,29.5,30.674999237060547,29.240999221801758,30.409000396728516,26.460037231445312,29824000
2020-06-16,31.0,31.454999923706055,30.399999618530273,31.07200050354004,27.036943435668945,30387000
2020-06-17,31.341999053955078,31.67099952697754,31.179000854492188,31.3439998626709,27.27362060546875,20279000
2020-06-18,31.211999893188477,31.91200065612793,31.152000427246094,31.871000289916992,27.732179641723633,33625000
2020-06-19,31.76799964904785,31.809999465942383,30.277000427246094,30.277000427246094,26.616600036621094,58465000
2020-06-22,30.549999237060547,31.417999267578125,30.35300064086914,31.354000091552734,27.56338882446289,27195000
2020-06-23,31.506000518798828,31.743999481201172,31.128999710083008,31.1299991607666,27.366472244262695,22419000
2020-06-24,30.920000076293945,31.097000122070312,30.451000213623047,30.69700050354004,26.985822677612305,19096000
2020-06-25,30.606000900268555,30.947999954223633,30.299999237060547,30.885000228881836,27.151094436645508,15029000
2020-06-26,31.35700035095215,31.577999114990234,30.315000534057617,30.740999221801758,27.024503707885742,31425000
2020-06-29,30.80699920654297,31.041000366210938,30.44499969482422,30.97800064086914,27.232847213745117,14516000
2020-06-30,30.9950008392334,31.707000732421875,30.674999237060547,31.56100082397461,27.745363235473633,25125000
2020-07-01,31.51099967956543,31.684999465942383,31.194000244140625,31.273000717163086,27.4921875,15661000
2020-07-02,31.774999618530273,31.937999725341797,31.465999603271484,31.547000885009766,27.73305892944336,16638000
2020-07-06,32.0,32.0989990234375,31.733999252319336,31.878999710083008,28.02492332458496,17561000
2020-07-07,31.733999252319336,31.81599998474121,31.2549991607666,31.312000274658203,27.52646827697754,16150000
2020-07-08,31.61400032043457,31.983999252319336,31.41200065612793,31.957000732421875,28.093496322631836,18023000
2020-07-09,32.000999450683594,32.43299865722656,31.524999618530273,32.150001525878906,28.26316261291504,25225000
2020-07-10,32.191001892089844,32.29899978637695,31.54400062561035,31.944000244140625,28.082063674926758,13280000
2020-07-13,32.167999267578125,32.35300064086914,31.058000564575195,31.131000518798828,27.367351531982422,21549000
2020-07-14,30.89900016784668,31.621999740600586,30.518999099731445,31.507999420166016,27.698774337768555,18363000
2020-07-15,31.594999313354492,31.777000427246094,31.017000198364258,31.378000259399414,27.584489822387695,15253000
2020-07-16,31.06100082397461,31.38800048828125,30.93000030517578,31.134000778198242,27.369993209838867,12929000
2020-07-17,31.415000915527344,31.520999908447266,31.0,31.270999908447266,27.490432739257812,13354000
2020-07-20,31.184999465942383,31.764999389648438,31.025999069213867,31.71299934387207,27.878992080688477,14323000
2020-07-21,31.92300033569336,31.92300033569336,31.267000198364258,31.43400001525879,27.633724212646484,14312000
2020-07-22,31.500999450683594,31.56800079345703,31.03700065612793,31.3799991607666,27.58624839782715,14404000
2020-07-23,31.336999893188477,31.608999252319336,30.83799934387207,30.966999053955078,27.223176956176758,19417000
2020-07-24,30.659000396728516,31.090999603271484,30.417999267578125,30.57900047302246,26.8820858001709,15631000
2020-07-27,30.829999923706055,31.29599952697754,30.749000549316406,31.26799964904785,27.487789154052734,20646000
2020-07-28,31.118000030517578,31.211000442504883,30.615999221801758,30.735000610351562,27.019227981567383,13974000
2020-07-29,30.85300064086914,31.12299919128418,30.743999481201172,30.885000228881836,27.151094436645508,16562000
2020-07-30,30.600000381469727,31.292999267578125,30.600000381469727,31.209999084472656,27.436803817749023,21259000
2020-07-31,31.469999313354492,31.84000015258789,31.139999389648438,31.674999237060547,27.845582962036133,24719000
2020-08-03,31.799999237060547,32.3489990234375,31.72800064086914,32.12300109863281,28.239423751831055,20796000
2020-08-04,32.04999923706055,32.85900115966797,32.03900146484375,32.8390007019043,28.868865966796875,25258000
2020-08-05,32.82500076293945,33.15800094604492,32.58000183105469,32.95399856567383,28.96995735168457,22299000
2020-08-06,32.777000427246094,33.0880012512207,32.54100036621094,32.91600036621094,28.936553955078125,14193000
2020-08-07,32.8390007019043,32.972999572753906,32.14799880981445,32.59299850463867,28.652597427368164,14192000
2020-08-10,32.422000885009766,32.926998138427734,32.40599822998047,32.736000061035156,28.7783145904541,11989000
2020-08-11,32.75699996948242,33.332000732421875,32.2760009765625,32.40299987792969,28.48557472229004,19316000
2020-08-12,32.584999084472656,33.5880012512207,32.5359992980957,33.36399841308594,29.330387115478516,18471000
2020-08-13,33.22100067138672,33.340999603271484,32.78499984741211,32.94200134277344,28.959409713745117,15095000
2020-08-14,32.801998138427734,32.98500061035156,32.599998474121094,32.78200149536133,28.818758010864258,10140000
2020-08-17,32.95100021362305,33.17900085449219,32.900001525878906,33.03200149536133,29.038530349731445,10594000
2020-08-18,33.18600082397461,33.31800079345703,32.81399917602539,32.86399841308594,28.89082908630371,8857000
2020-08-19,32.946998596191406,33.308998107910156,32.82400131225586,32.92100143432617,28.940954208374023,11273000
2020-08-20,32.76900100708008,32.999000549316406,32.60599899291992,32.882999420166016,28.907541275024414,8910000
2020-08-21,32.83000183105469,33.04600143432617,32.5,33.00199890136719,29.01215171813965,11508000
2020-08-24,33.20100021362305,33.61899948120117,33.11399841308594,33.400001525878906,29.362037658691406,11996000
2020-08-25,33.5,33.70899963378906,33.29999923706055,33.61399841308594,29.55016326904297,11140000
2020-08-26,33.4739990234375,34.1510009765625,33.35100173950195,33.96699905395508,29.860490798950195,14844000
2020-08-27,34.04899978637695,34.130001068115234,33.61399841308594,33.91400146484375,29.81389808654785,12552000
2020-08-28,33.900001525878906,34.481998443603516,33.77000045776367,34.481998443603516,30.313222885131836,14589000
2020-08-31,34.35200119018555,35.05799865722656,34.35200119018555,34.71500015258789,30.51805877685547,22229000
2020-09-01,35.0,36.207000732421875,34.742000579833984,35.95399856567383,31.607261657714844,29205000
2020-09-02,36.58599853515625,37.895999908447266,36.356998443603516,37.500999450683594,32.96723937988281,37053000
2020-09-03,36.60100173950195,36.88999938964844,35.01599884033203,35.20899963378906,30.952341079711914,41795000
2020-09-04,36.09700012207031,37.25299835205078,35.349998474121094,36.29499816894531,31.907039642333984,58514000
2020-09-08,35.26599884033203,36.275001525878906,35.0,35.05400085449219,30.81608009338379,26685000
2020-09-09,35.61600112915039,36.185001373291016,35.11000061035156,36.00299835205078,31.65033721923828,26273000
2020-09-10,36.2130012512207,36.78300094604492,35.43899917602539,35.70800018310547,31.391002655029297,22851000
2020-09-11,36.04999923706055,36.426998138427734,35.46799850463867,35.970001220703125,31.6213321685791,17362000
2020-09-14,36.441001892089844,36.5890007019043,35.935001373291016,36.220001220703125,31.841108322143555,16447000
2020-09-15,36.630001068115234,37.11199951171875,36.53499984741211,36.691001892089844,32.25516891479492,16618000
2020-09-16,36.81800079345703,37.20000076293945,36.6349983215332,36.70399856567383,32.26659393310547,18498000
2020-09-17,35.5,37.012001037597656,35.5,36.59199905395508,32.168128967285156,22862000
2020-09-18,36.71200180053711,36.784000396728516,35.505001068115234,35.972999572753906,31.62396812438965,35295000
2020-09-21,35.000999450683594,35.19599914550781,34.347999572753906,35.17900085449219,31.20790672302246,24198000
2020-09-22,35.637001037597656,36.18000030517578,35.29499816894531,36.159000396728516,32.077293395996094,19500000
2020-09-23,36.018001556396484,36.12099838256836,35.005001068115234,35.159000396728516,31.190162658691406,15542000
2020-09-24,35.02000045776367,35.75699996948242,34.909000396728516,35.25199890136719,31.272661209106445,13611000
2020-09-25,35.20500183105469,35.77199935913086,34.827999114990234,35.68000030517578,31.65235710144043,18183000
2020-09-28,36.167999267578125,36.84299850463867,35.90299987792969,36.72999954223633,32.583831787109375,22192000
2020-09-29,36.749000549316406,37.08000183105469,36.39899826049805,36.42599868774414,32.31414794921875,13722000
2020-09-30,36.29499816894531,37.099998474121094,36.17100143432617,36.43199920654297,32.319461822509766,22403000
2020-10-01,36.89799880981445,37.07099914550781,36.481998443603516,36.86000061035156,32.69915008544922,16016000
2020-10-02,36.0,36.492000579833984,35.6150016784668,35.68299865722656,31.65502166748047,17100000
2020-10-05,36.08399963378906,36.685001373291016,35.9900016784668,36.61000061035156,32.47738265991211,18923000
2020-10-06,36.611000061035156,37.20000076293945,36.20199966430664,36.39799880981445,32.2893180847168,16672000
2020-10-07,36.834999084472656,36.986000061035156,36.60599899291992,36.67399978637695,32.53415298461914,12747000
2020-10-08,36.98899841308594,37.42900085449219,36.83100128173828,37.33300018310547,33.1187629699707,17045000
2020-10-09,37.59299850463867,38.0,37.400001525878906,37.66999816894531,33.417720794677734,17253000
2020-10-12,38.17900085449219,38.5099983215332,37.979000091552734,38.24300003051758,33.92604446411133,18839000
2020-10-13,38.441001892089844,38.779998779296875,37.861000061035156,38.14899826049805,33.842655181884766,16731000
2020-10-14,38.354000091552734,38.374000549316406,37.78499984741211,38.029998779296875,33.737083435058594,17298000
2020-10-15,37.505001068115234,38.04899978637695,37.50199890136719,37.99300003051758,33.704261779785156,14361000
2020-10-16,38.327999114990234,38.327999114990234,37.814998626708984,37.8650016784668,33.5906982421875,10295000
2020-10-19,38.124000549316406,38.361000061035156,37.51499938964844,37.57699966430664,33.3352165222168,14803000
2020-10-20,37.70100021362305,38.11399841308594,37.555999755859375,37.69900131225586,33.443458557128906,13297000
2020-10-21,37.57699966430664,37.68600082397461,37.03099822998047,37.20500183105469,33.005218505859375,11896000
2020-10-22,37.108001708984375,37.430999755859375,36.71099853515625,37.33700180053711,33.122310638427734,13547000
2020-10-23,37.32600021362305,37.39400100708008,37.07600021362305,37.27199935913086,33.06465530395508,8868000
2020-10-26,36.959999084472656,36.99599838256836,35.76100158691406,36.30400085449219,32.2059211730957,15509000
2020-10-27,36.518001556396484,36.518001556396484,35.922000885009766,35.959999084472656,31.900760650634766,9620000
2020-10-28,35.400001525878906,35.486000061035156,34.553001403808594,34.72100067138672,30.80161476135254,22331000
2020-10-29,34.72600173950195,35.944000244140625,34.5369987487793,35.500999450683594,31.493562698364258,15697000
2020-10-30,34.93899917602539,35.29899978637695,34.44200134277344,34.9630012512207,31.016294479370117,18530000
2020-11-02,35.50400161743164,35.53900146484375,34.834999084472656,35.125,31.160009384155273,11757000
2020-11-03,35.595001220703125,35.92399978637695,34.66600036621094,35.375999450683594,31.382673263549805,15457000
2020-11-04,36.04800033569336,36.89799880981445,35.7140007019043,36.4630012512207,32.34696960449219,21277000
2020-11-05,37.236000061035156,38.26499938964844,37.20100021362305,38.08700180053711,33.78764724731445,21783000
2020-11-06,38.005001068115234,38.367000579833984,37.71699905395508,38.0620002746582,33.76546859741211,13545000
2020-11-09,38.90999984741211,39.388999938964844,37.500999450683594,37.55400085449219,33.3148193359375,24088000
2020-11-10,37.03200149536133,37.31999969482422,36.0359992980957,36.3129997253418,32.213897705078125,26784000
2020-11-11,37.08599853515625,37.7140007019043,36.85499954223633,37.59199905395508,33.34851837158203,15133000
2020-11-12,37.722999572753906,37.86000061035156,36.827999114990234,37.02000045776367,32.84109115600586,12160000
2020-11-13,37.5,37.733001708984375,37.15800094604492,37.349998474121094,33.133846282958984,10997000
2020-11-16,37.48099899291992,38.137001037597656,37.400001525878906,38.08100128173828,33.78234100341797,12100000
2020-11-17,37.86600112915039,38.24399948120117,37.702999114990234,38.060001373291016,33.76369857788086,11950000
2020-11-18,37.98899841308594,38.49399948120117,37.96200180053711,38.0620002746582,33.76546859741211,13517000
2020-11-19,37.77199935913086,38.48400115966797,37.435001373291016,38.43299865722656,34.09458923339844,14555000
2020-11-20,38.430999755859375,38.8849983215332,38.27000045776367,38.33300018310547,34.00587844848633,16140000
2020-11-23,38.5369987487793,38.915000915527344,38.29999923706055,38.70000076293945,34.331459045410156,12212000
2020-11-24,38.86199951171875,39.28099822998047,38.61800003051758,39.222999572753906,34.795413970947266,13455000
2020-11-25,39.284000396728516,39.54999923706055,38.900001525878906,39.08300018310547,34.67122268676758,11787000
2020-11-27,39.314998626708984,39.91699981689453,39.29999923706055,39.494998931884766,35.03671646118164,6846000
2020-11-30,39.402000427246094,40.215999603271484,39.27399826049805,40.15800094604492,35.62487030029297,15454000
2020-12-01,40.34600067138672,40.667999267578125,40.012001037597656,40.457000732421875,35.89011764526367,18181000
2020-12-02,40.4739990234375,40.54100036621094,40.111000061035156,40.37300109863281,35.81560516357422,10031000
2020-12-03,40.45000076293945,40.66400146484375,39.810001373291016,39.97999954223633,35.46697235107422,16120000
2020-12-04,40.2400016784668,41.2400016784668,40.23899841308594,41.167999267578125,36.5208625793457,20083000
2020-12-07,41.64099884033203,42.284000396728516,41.33399963378906,42.0890007019043,37.33789825439453,19707000
2020-12-08,41.928001403808594,42.66999816894531,41.816001892089844,42.340999603271484,37.56145095825195,18121000
2020-12-09,41.946998596191406,42.61000061035156,41.367000579833984,41.62200164794922,36.92361068725586,20908000
2020-12-10,41.14400100708008,41.525001525878906,40.80099868774414,41.00400161743164,36.3753776550293,26244000
2020-12-11,40.400001525878906,40.70000076293945,39.827999114990234,40.582000732421875,36.00101089477539,26664000
2020-12-14,40.65299987792969,41.43000030517578,40.599998474121094,41.18000030517578,36.53150177001953,26116000
2020-12-15,41.52799987792969,41.93899917602539,41.29899978637695,41.805999755859375,37.08683776855469,21207000
2020-12-16,41.79999923706055,42.71500015258789,41.69599914550781,42.4900016784668,37.69363021850586,23160000
2020-12-17,42.650001525878906,43.000999450683594,42.45500183105469,42.61000061035156,37.800079345703125,17152000
2020-12-18,42.47999954223633,43.564998626708984,42.20000076293945,43.45600128173828,38.87906265258789,45243000
2020-12-21,42.814998626708984,43.20000076293945,42.369998931884766,42.88800048828125,38.37089538574219,19096000
2020-12-22,42.88800048828125,43.35499954223633,42.79999923706055,43.310001373291016,38.748443603515625,17929000
2020-12-23,43.5,43.599998474121094,42.507999420166016,42.54600143432617,38.06490707397461,10533000
2020-12-24,42.8489990234375,43.20000076293945,42.75699996948242,43.145999908447266,38.60171127319336,4123000
2020-12-28,43.433998107910156,43.72700119018555,43.1150016784668,43.1879997253418,38.6392936706543,10625000
2020-12-29,43.58300018310547,43.58300018310547,42.67900085449219,42.90399932861328,38.385196685791016,9593000
2020-12-30,43.16699981689453,43.79999923706055,43.0099983215332,43.483001708984375,38.903228759765625,10553000
2020-12-31,43.63100051879883,43.849998474121094,43.30500030517578,43.78499984741211,39.17341613769531,10211000
2021-01-04,43.93299865722656,44.2239990234375,42.124000549316406,42.52199935913086,38.04343795776367,24171000
2021-01-05,42.505001068115234,42.93899917602539,42.2400016784668,42.810001373291016,38.30110549926758,15069000
2021-01-06,42.33000183105469,43.45800018310547,42.05400085449219,42.54600143432617,38.06490707397461,17226000
2021-01-07,43.20600128173828,44.45899963378906,43.060001373291016,44.3390007019043,39.669071197509766,21267000
2021-01-08,44.70000076293945,44.999000549316406,43.8650016784668,44.56399917602539,39.870365142822266,15271000
2021-01-11,44.06100082397461,44.87799835205078,44.04199981689453,44.57600021362305,39.88109588623047,11660000
2021-01-12,44.777000427246094,45.47600173950195,44.560001373291016,44.93899917602539,40.20586395263672,13846000
2021-01-13,45.029998779296875,45.3489990234375,44.81100082397461,45.12099838256836,40.36869430541992,13118000
2021-01-14,45.35100173950195,45.849998474121094,45.132999420166016,45.207000732421875,40.44564437866211,19692000
2021-01-15,44.81800079345703,45.0,44.066001892089844,44.584999084472656,39.8891487121582,18165000
2021-01-19,44.827999114990234,45.94900131225586,44.827999114990234,45.926998138427734,41.089805603027344,18819000
2021-01-20,45.95199966430664,46.57899856567383,45.5,46.1879997253418,41.32331466674805,14710000
2021-01-21,46.21099853515625,46.946998596191406,46.040000915527344,46.68199920654297,41.76528549194336,15749000
2021-01-22,46.37200164794922,46.755001068115234,46.237998962402344,46.50199890136719,41.604244232177734,16248000
2021-01-25,46.95600128173828,47.0,45.608001708984375,46.479000091552734,41.58367156982422,14692000
2021-01-26,46.26499938964844,46.702999114990234,46.1879997253418,46.387001037597656,41.50136184692383,10742000
2021-01-27,45.55400085449219,45.69599914550781,44.1510009765625,44.470001220703125,39.7862663269043,21857000
2021-01-28,45.553001403808594,45.847999572753906,44.702999114990234,45.17399978637695,40.41612243652344,16946000
2021-01-29,44.9900016784668,45.810001373291016,44.76300048828125,45.04999923706055,40.30517578125,22069000
2021-02-01,45.584999084472656,46.93199920654297,45.35900115966797,46.67399978637695,41.758140563964844,17027000
2021-02-02,46.97600173950195,47.696998596191406,46.79999923706055,47.6879997253418,42.66533279418945,16141000
2021-02-03,47.69300079345703,47.85200119018555,46.45899963378906,46.51900100708008,41.61945724487305,17857000
2021-02-04,46.0,47.11600112915039,45.74800109863281,47.0629997253418,42.106170654296875,15243000
2021-02-05,47.43299865722656,47.69200134277344,46.5359992980957,46.60100173950195,41.69282531738281,12488000
2021-02-08,46.875,47.34199905395508,46.55799865722656,47.27000045776367,42.291358947753906,17610000
2021-02-09,47.20000076293945,47.51900100708008,46.86199951171875,47.4630012512207,42.46404266357422,12758000
2021-02-10,47.72100067138672,47.749000549316406,46.54899978637695,47.005001068115234,42.05427169799805,14587000
2021-02-11,47.36899948120117,47.935001373291016,46.91899871826172,47.8390007019043,42.8004264831543,17123000
2021-02-12,47.8380012512207,48.70199966430664,47.48899841308594,48.63199996948242,43.50990676879883,13551000
2021-02-16,49.0880012512207,49.47800064086914,48.70199966430664,48.91299819946289,43.76131057739258,15163000
2021-02-17,48.42300033569336,48.61199951171875,47.50600051879883,48.24800109863281,43.16634750366211,14084000
2021-02-18,48.02299880981445,48.54100036621094,47.51300048828125,48.32600021362305,43.23613357543945,16715000
2021-02-19,48.724998474121094,49.513999938964844,48.676998138427734,48.99599838256836,43.8355712890625,17992000
2021-02-22,48.400001525878906,48.6609992980957,47.53200149536133,47.63600158691406,42.61882400512695,16967000
2021-02-23,47.11399841308594,47.46200180053711,45.60599899291992,47.189998626708984,42.219783782958984,21303000
2021-02-24,46.768001556396484,48.14099884033203,46.26599884033203,48.0880012512207,43.02320861816406,15125000
2021-02-25,47.474998474121094,47.9379997253418,45.520999908447266,45.715999603271484,40.90102767944336,23148000
2021-02-26,46.75299835205078,47.57600021362305,46.07400131225586,46.98699951171875,42.03817367553711,22640000
2021-03-01,47.970001220703125,49.0,47.38600158691406,48.95800018310547,43.80156707763672,24677000
2021-03-02,49.0369987487793,49.08599853515625,47.959999084472656,48.05099868774414,42.99009323120117,18546000
2021-03-03,47.79999923706055,48.138999938964844,46.196998596191406,46.305999755859375,41.428897857666016,23991000
2021-03-04,46.16699981689453,46.70000076293945,44.143001556396484,44.35900115966797,39.68695831298828,34575000
2021-03-05,45.42499923706055,45.599998474121094,43.29999923706055,45.013999938964844,40.272972106933594,42414000
2021-03-08,44.68299865722656,44.79600143432617,41.92599868774414,42.125,37.6882438659668,45243000
2021-03-09,43.569000244140625,44.689998626708984,43.060001373291016,44.36000061035156,39.68785095214844,37884000
2021-03-10,44.73500061035156,45.40299987792969,43.5099983215332,43.75899887084961,39.15015411376953,19914000
2021-03-11,44.902000427246094,45.744998931884766,44.20899963378906,45.36899948120117,40.59058380126953,26170000
2021-03-12,44.5359992980957,45.3489990234375,44.45199966430664,45.117000579833984,40.36511993408203,18906000
2021-03-15,45.518001556396484,47.12300109863281,45.319000244140625,47.07699966430664,42.11869430541992,31241000
2021-03-16,47.12699890136719,48.400001525878906,46.74100112915039,47.81800079345703,42.78164291381836,31190000
2021-03-17,47.029998779296875,48.72700119018555,47.000999450683594,48.35900115966797,43.265663146972656,23754000
2021-03-18,47.45600128173828,48.334999084472656,46.375,46.415000915527344,41.526405334472656,28728000
2021-03-19,45.70500183105469,47.667999267578125,45.40999984741211,47.44599914550781,42.780635833740234,108602000
2021-03-22,47.29100036621094,48.12799835205078,47.16699981689453,47.52799987792969,42.85457229614258,31805000
2021-03-23,47.37799835205078,47.5369987487793,46.26499938964844,46.40599822998047,41.84288787841797,24712000
2021-03-24,46.94499969482422,46.999000549316406,45.6870002746582,45.72700119018555,41.23066711425781,20882000
2021-03-25,45.49599838256836,46.402000427246094,44.930999755859375,46.16999816894531,41.630104064941406,17537000
2021-03-26,45.66400146484375,48.29999923706055,45.66400146484375,48.20399856567383,43.4640998840332,28925000
2021-03-29,48.040000915527344,48.11600112915039,46.82699966430664,47.262001037597656,42.61472702026367,28410000
2021-03-30,46.38800048828125,46.400001525878906,45.1619987487793,45.61600112915039,41.130584716796875,27935000
2021-03-31,45.900001525878906,46.707000732421875,45.2400016784668,46.36600112915039,41.80683517456055,28684000
2021-04-01,47.207000732421875,47.65800094604492,46.91999816894531,47.595001220703125,42.91498947143555,23528000
2021-04-05,48.029998779296875,48.9640007019043,47.68199920654297,48.847999572753906,44.04478073120117,22966000
2021-04-06,48.3120002746582,48.821998596191406,47.77399826049805,48.387001037597656,43.62911605834961,18063000
2021-04-07,48.000999450683594,48.39099884033203,47.79999923706055,48.24599838256836,43.5019645690918,12074000
2021-04-08,48.79800033569336,48.79800033569336,48.012001037597656,48.54800033569336,43.77427291870117,18121000
2021-04-09,48.0,48.53099822998047,47.65399932861328,48.50899887084961,43.739112854003906,16614000
2021-04-12,48.19300079345703,48.54199981689453,47.86000061035156,48.367000579833984,43.61106872558594,23247000
2021-04-13,48.5,48.821998596191406,48.02899932861328,48.49599838256836,43.727394104003906,15281000
2021-04-14,48.24700164794922,48.91899871826172,47.51900100708008,47.72999954223633,43.03670883178711,18220000
2021-04-15,48.16400146484375,48.23099899291992,47.678001403808594,48.0,43.280155181884766,18370000
2021-04-16,48.04800033569336,48.178001403808594,47.678001403808594,47.87900161743164,43.171058654785156,16263000
2021-04-19,47.65299987792969,47.68000030517578,46.005001068115234,46.20000076293945,41.65715408325195,26319000
2021-04-20,46.000999450683594,46.202999114990234,45.45399856567383,45.72600173950195,41.229759216308594,19128000
2021-04-21,45.52199935913086,46.034000396728516,45.2599983215332,45.979000091552734,41.4578857421875,25947000
2021-04-22,45.5099983215332,46.11399841308594,44.900001525878906,45.51100158691406,41.03590393066406,27057000
2021-04-23,45.8489990234375,46.78499984741211,45.75,46.612998962402344,42.029544830322266,22890000
2021-04-26,46.70199966430664,47.382999420166016,46.356998443603516,47.185001373291016,42.54530715942383,18271000
2021-04-27,47.369998931884766,47.42599868774414,46.50600051879883,46.6349983215332,42.04937744140625,13267000
2021-04-28,46.5369987487793,46.59700012207031,45.60499954223633,45.91999816894531,41.404685974121094,15940000
2021-04-29,46.96900177001953,46.96900177001953,45.90299987792969,46.62900161743164,42.04397201538086,14650000
2021-04-30,45.97100067138672,46.073001861572266,45.38399887084961,45.619998931884766,41.13417434692383,19367000
2021-05-03,45.974998474121094,45.98400115966797,44.827999114990234,45.013999938964844,40.587772369384766,15098000
2021-05-04,44.72200012207031,44.77000045776367,43.73099899291992,44.45399856567383,40.08283615112305,23497000
2021-05-05,45.04100036621094,45.14400100708008,44.23699951171875,44.382999420166016,40.0188102722168,16388000
2021-05-06,44.380001068115234,44.909000396728516,43.98400115966797,44.858001708984375,40.44711685180664,13495000
2021-05-07,45.45899963378906,45.8380012512207,44.91999816894531,45.257999420166016,40.80778503417969,11712000
2021-05-10,44.8380012512207,44.85300064086914,43.57699966430664,43.61000061035156,39.321834564208984,25239000
2021-05-11,42.5,44.17599868774414,42.30500030517578,44.00699996948242,39.67980194091797,17887000
2021-05-12,42.92900085449219,43.08599853515625,41.91400146484375,42.237998962402344,38.08474349975586,29940000
2021-05-13,42.98899841308594,43.481998443603516,42.56399917602539,43.060001373291016,38.8259162902832,21841000
2021-05-14,43.638999938964844,44.512001037597656,43.20500183105469,44.1619987487793,39.81954574584961,16964000
2021-05-17,44.2140007019043,44.2140007019043,43.284000396728516,43.99399948120117,39.66806411743164,15725000
2021-05-18,44.391998291015625,44.444000244140625,43.327999114990234,43.374000549316406,39.10905075073242,17824000
2021-05-19,42.599998474121094,44.25,42.56999969482422,44.172000885009766,39.82856750488281,21369000
2021-05-20,44.57500076293945,45.93000030517578,44.53300094604492,45.5,41.02598190307617,21886000
2021-05-21,45.79899978637695,45.79899978637695,44.933998107910156,45.124000549316406,40.68696212768555,13216000
2021-05-24,45.69200134277344,46.24399948120117,45.63600158691406,45.91899871826172,41.40378189086914,14420000
2021-05-25,46.189998626708984,46.29600143432617,45.650001525878906,45.95399856567383,41.435340881347656,9600000
2021-05-26,46.07699966430664,46.209999084472656,45.553001403808594,46.04899978637695,41.5210075378418,9873000
2021-05-27,46.0,46.84400177001953,45.96500015258789,46.768001556396484,42.1693000793457,19098000
2021-05-28,47.0,47.46200180053711,46.768001556396484,47.233001708984375,42.58857345581055,19946000
2021-06-01,47.54399871826172,47.79999923706055,46.720001220703125,46.83100128173828,42.22611618041992,16277000
2021-06-02,47.18299865722656,47.77000045776367,46.946998596191406,47.37300109863281,42.714813232421875,13286000
2021-06-03,46.880001068115234,46.97600173950195,46.32600021362305,46.47999954223633,41.90961837768555,20389000
2021-06-04,47.04999923706055,47.84000015258789,46.95199966430664,47.5,42.82932662963867,23865000
2021-06-07,47.29999923706055,47.448001861572266,46.24700164794922,46.37799835205078,41.817657470703125,24142000
2021-06-08,46.80500030517578,47.23899841308594,46.35100173950195,46.35300064086914,41.79511260986328,16615000
2021-06-09,46.71900177001953,46.71900177001953,46.172000885009766,46.393001556396484,41.8311767578125,12126000
2021-06-10,46.54999923706055,46.95399856567383,46.020999908447266,46.867000579833984,42.258567810058594,15413000
2021-06-11,46.84400177001953,47.2130012512207,46.71500015258789,47.06999969482422,42.44160461425781,14508000
2021-06-14,47.04899978637695,47.59000015258789,46.60599899291992,47.58300018310547,42.9041633605957,14675000
2021-06-15,47.65599822998047,47.65700149536133,46.85499954223633,47.07400131225586,42.445213317871094,11131000
2021-06-16,47.027000427246094,47.11199951171875,46.14799880981445,46.57500076293945,41.99528121948242,20437000
2021-06-17,46.487998962402344,47.52399826049805,46.39400100708008,47.117000579833984,42.48398208618164,20881000
2021-06-18,46.72700119018555,46.97600173950195,46.05099868774414,46.349998474121094,41.79241180419922,28537000
2021-06-21,46.117000579833984,46.53799819946289,45.84400177001953,46.46099853515625,42.22040939331055,18591000
2021-06-22,46.65800094604492,46.858001708984375,46.13199996948242,46.44499969482422,42.205875396728516,13722000
2021-06-23,46.38600158691406,46.78799819946289,46.30400085449219,46.66600036621094,42.406707763671875,17674000
2021-06-24,46.98899841308594,47.3650016784668,46.86000061035156,47.00600051879883,42.715675354003906,12502000
2021-06-25,47.1349983215332,47.244998931884766,46.0,46.220001220703125,42.001407623291016,19100000
2021-06-28,46.599998474121094,47.62900161743164,46.55099868774414,47.279998779296875,42.96465301513672,13987000
2021-06-29,47.23699951171875,47.73099899291992,47.07400131225586,47.71500015258789,43.35995101928711,14184000
2021-06-30,47.8129997253418,47.85900115966797,47.25299835205078,47.683998107910156,43.33179473876953,15381000
2021-07-01,47.784000396728516,47.784000396728516,46.893001556396484,46.9640007019043,42.6775016784668,11153000
2021-07-02,47.676998138427734,47.858001708984375,45.57099914550781,46.81700134277344,42.54392623901367,37054000
2021-07-06,47.040000915527344,47.67499923706055,46.83000183105469,47.327999114990234,43.008277893066406,13870000
2021-07-07,47.5,47.5359992980957,46.637001037597656,46.95399856567383,42.668418884277344,12581000
2021-07-08,46.44200134277344,47.108001708984375,46.15599822998047,47.04999923706055,42.755653381347656,16011000
2021-07-09,46.957000732421875,48.0880012512207,46.803001403808594,48.018001556396484,43.63530349731445,16782000
2021-07-12,48.13199996948242,49.402000427246094,47.32600021362305,48.57500076293945,44.14146423339844,33142000
2021-07-13,48.53300094604492,48.75299835205078,48.20000076293945,48.4010009765625,43.983341217041016,11806000
2021-07-14,48.91999816894531,49.20000076293945,48.07500076293945,48.159000396728516,43.76343536376953,14020000
2021-07-15,48.327999114990234,48.44499969482422,47.3120002746582,47.73400115966797,43.37723159790039,12624000
2021-07-16,47.90599822998047,48.02799987792969,46.72600173950195,46.80699920654297,42.53483200073242,13980000
2021-07-19,46.347999572753906,46.59700012207031,45.75899887084961,46.56700134277344,42.31673812866211,14938000
2021-07-20,46.78900146484375,47.224998474121094,46.32699966430664,46.85900115966797,42.58208465576172,20727000
2021-07-21,46.9630012512207,47.928001403808594,46.849998474121094,47.902000427246094,43.52988815307617,13660000
2021-07-22,47.65999984741211,47.89899826049805,47.45100021362305,47.632999420166016,43.28544616699219,12583000
2021-07-23,48.00299835205078,48.358001708984375,47.68299865722656,48.314998626708984,43.90519332885742,13489000
2021-07-26,48.215999603271484,48.36199951171875,47.96799850463867,48.2239990234375,43.82249450683594,11160000
2021-07-27,48.07600021362305,48.180999755859375,46.779998779296875,47.5359992980957,43.197303771972656,14715000
2021-07-28,47.66999816894531,47.90800094604492,47.43199920654297,47.76499938964844,43.405391693115234,8359000
2021-07-29,47.84700012207031,48.58300018310547,47.74399948120117,48.4109992980957,43.992435455322266,9162000
2021-07-30,48.19599914550781,48.63399887084961,47.957000732421875,48.540000915527344,44.10966110229492,11548000
2021-08-02,48.904998779296875,49.459999084472656,48.35100173950195,48.46799850463867,44.044227600097656,15619000
2021-08-03,48.54899978637695,48.7760009765625,47.99599838256836,48.67900085449219,44.2359619140625,11135000
2021-08-04,48.85300064086914,48.99800109863281,48.4010009765625,48.779998779296875,44.3277587890625,12123000
2021-08-05,49.042999267578125,49.042999267578125,48.48899841308594,48.766998291015625,44.31594467163086,8372000
2021-08-06,48.50699996948242,48.8120002746582,48.40299987792969,48.542999267578125,44.11238479614258,9964000
2021-08-09,48.64899826049805,48.68299865722656,48.099998474121094,48.46799850463867,44.044227600097656,5952000
2021-08-10,48.59000015258789,48.64500045776367,47.78300094604492,48.22600173950195,43.82432556152344,9319000
2021-08-11,48.48099899291992,48.59700012207031,47.979000091552734,48.35499954223633,43.94154739379883,9816000
2021-08-12,48.22800064086914,48.5,47.67300033569336,48.42599868774414,44.006065368652344,8702000
2021-08-13,48.26100158691406,48.89699935913086,48.21099853515625,48.61600112915039,44.17872619628906,8582000
2021-08-16,48.483001708984375,48.89099884033203,48.439998626708984,48.81399917602539,44.3586540222168,9188000
2021-08-17,48.558998107910156,48.62200164794922,47.45199966430664,47.86899948120117,43.49990463256836,16499000
2021-08-18,47.665000915527344,47.70800018310547,46.834999084472656,46.89699935913086,42.61661148071289,15616000
2021-08-19,46.6349983215332,47.58300018310547,46.26599884033203,47.35300064086914,43.031005859375,14044000
2021-08-20,47.28200149536133,47.62300109863281,47.04399871826172,47.516998291015625,43.18002700805664,10007000
2021-08-23,47.632999420166016,48.61899948120117,47.56999969482422,48.244998931884766,43.84157943725586,15707000
2021-08-24,48.2400016784668,48.30400085449219,48.01599884033203,48.143001556396484,43.748897552490234,9429000
2021-08-25,48.15700149536133,48.62699890136719,48.15700149536133,48.340999603271484,43.9288215637207,10017000
2021-08-26,48.29999923706055,48.81100082397461,48.060001373291016,48.57400131225586,44.14055633544922,10836000
2021-08-27,48.80099868774414,49.64400100708008,48.66400146484375,49.59400177001953,45.06745529174805,16459000
2021-08-30,50.0,50.78499984741211,49.82500076293945,49.888999938964844,45.335533142089844,19614000
2021-08-31,50.12900161743164,50.12900161743164,49.27000045776367,49.72100067138672,45.18286895751953,17378000
2021-09-01,49.62699890136719,49.92399978637695,49.28900146484375,49.316001892089844,44.81483840942383,12586000
2021-09-02,49.57899856567383,49.597999572753906,49.01599884033203,49.189998626708984,44.7003288269043,16991000
2021-09-03,49.590999603271484,50.599998474121094,49.50400161743164,49.768001556396484,45.225582122802734,25191000
2021-09-07,49.7599983215332,49.7599983215332,49.099998474121094,49.659000396728516,45.126522064208984,12398000
2021-09-08,49.96200180053711,49.98899841308594,48.81100082397461,49.4379997253418,44.925697326660156,13987000
2021-09-09,49.28499984741211,49.869998931884766,49.28499984741211,49.3489990234375,44.844818115234375,13174000
2021-09-10,49.70500183105469,50.5989990234375,49.6510009765625,49.814998626708984,45.268287658691406,16110000
2021-09-13,50.20000076293945,50.24700164794922,49.32600021362305,49.895999908447266,45.341896057128906,14927000
2021-09-14,50.20000076293945,50.54199981689453,49.83599853515625,50.1870002746582,45.6063346862793,14134000
2021-09-15,50.21200180053711,51.06999969482422,49.94200134277344,50.9739990234375,46.32149124145508,23346000
2021-09-16,50.52000045776367,50.915000915527344,50.020999908447266,50.73500061035156,46.10431671142578,17569000
2021-09-17,50.39699935913086,50.762001037597656,50.099998474121094,50.599998474121094,45.98163986206055,34470000
2021-09-20,49.900001525878906,50.29999923706055,48.84400177001953,49.481998443603516,44.96568298339844,30105000
2021-09-21,49.3489990234375,49.375,48.70000076293945,49.0989990234375,44.94463348388672,16935000
2021-09-22,49.42499923706055,50.29999923706055,49.22200012207031,50.058998107910156,45.823394775390625,20610000
2021-09-23,50.250999450683594,50.729000091552734,50.058998107910156,50.43000030517578,46.16300582885742,18370000
2021-09-24,50.22700119018555,50.54999923706055,50.08300018310547,50.492000579833984,46.219764709472656,10605000
2021-09-27,49.97800064086914,50.582000732421875,49.737998962402344,50.48500061035156,46.213356018066406,9831000
2021-09-28,49.70000076293945,50.14500045776367,49.05400085449219,49.10200119018555,44.94738006591797,20124000
2021-09-29,49.362998962402344,49.426998138427734,48.76499938964844,48.948001861572266,44.806400299072266,15783000
2021-09-30,49.45199966430664,49.45199966430664,48.448001861572266,48.49300003051758,44.3899040222168,15735000
2021-10-01,48.78499984741211,48.86600112915039,47.75,48.73500061035156,44.61142349243164,16052000
2021-10-04,48.49300003051758,48.65599822998047,47.27799987792969,47.595001220703125,43.56789016723633,20093000
2021-10-05,47.59400177001953,48.979000091552734,47.53300094604492,48.54199981689453,44.434749603271484,16557000
2021-10-06,48.3129997253418,48.935001373291016,47.970001220703125,48.87799835205078,44.742332458496094,12042000
2021-10-07,49.26300048828125,49.9900016784668,49.26300048828125,49.391998291015625,45.21282958984375,13261000
2021-10-08,49.68199920654297,49.79999923706055,49.12799835205078,49.28499984741211,45.114891052246094,10279000
2021-10-11,49.124000549316406,49.95899963378906,49.084999084472656,49.23400115966797,45.068214416503906,11186000
2021-10-12,49.58399963378906,49.66999816894531,48.20199966430664,48.52799987792969,44.42194747924805,20991000
2021-10-13,48.117000579833984,48.53799819946289,47.95500183105469,48.500999450683594,44.39723587036133,16424000
2021-10-14,49.18600082397461,49.915000915527344,49.082000732421875,49.7599983215332,45.54969787597656,19233000
2021-10-15,50.439998626708984,50.58599853515625,50.108001708984375,50.32500076293945,46.066898345947266,25103000
2021-10-18,50.03900146484375,50.39799880981445,49.86600112915039,50.33599853515625,46.076961517333984,16042000
2021-10-19,50.43199920654297,51.08700180053711,50.176998138427734,51.03900146484375,46.720481872558594,16383000
2021-10-20,51.099998474121094,51.34299850463867,50.84400177001953,50.93899917602539,46.628944396972656,13458000
2021-10-21,50.94200134277344,51.479000091552734,50.86000061035156,51.415000915527344,47.06466293334961,11787000
2021-10-22,51.4739990234375,52.13800048828125,51.301998138427734,51.54100036621094,47.18001174926758,15367000
2021-10-25,51.749000549316406,52.45000076293945,51.518001556396484,52.207000732421875,47.789649963378906,12416000
2021-10-26,52.52299880981445,53.499000549316406,52.400001525878906,53.387001037597656,48.869815826416016,24043000
2021-10-27,53.18199920654297,53.606998443603516,52.18600082397461,52.31100082397461,47.884849548339844,23500000
2021-10-28,52.41400146484375,52.994998931884766,52.34299850463867,52.957000732421875,48.4761962890625,11872000
2021-10-29,52.349998474121094,53.21500015258789,52.349998474121094,53.16699981689453,48.668426513671875,15564000
2021-11-01,53.034000396728516,53.257999420166016,52.49300003051758,52.80500030517578,48.33705139160156,16896000
2021-11-02,52.744998931884766,54.082000732421875,52.667999267578125,53.707000732421875,49.16273880004883,16262000
2021-11-03,53.904998779296875,54.37900161743164,53.37699890136719,54.23699951171875,49.64788818359375,14038000
2021-11-04,54.380001068115234,54.90700149536133,54.09199905395508,54.86199951171875,50.220008850097656,15956000
2021-11-05,55.0,55.96699905395508,54.98099899291992,55.891998291015625,51.1628532409668,18674000
2021-11-08,56.196998596191406,56.388999938964844,55.810001373291016,55.89500045776367,51.16559982299805,17231000
2021-11-09,55.91899871826172,56.189998626708984,55.513999938964844,55.779998779296875,51.060340881347656,15838000
2021-11-10,55.43000030517578,56.09000015258789,54.80500030517578,54.87699890136719,50.23374557495117,18450000
2021-11-11,55.26900100708008,55.71200180053711,54.88100051879883,55.540000915527344,50.84064483642578,14157000
2021-11-12,55.840999603271484,56.58399963378906,55.45899963378906,56.321998596191406,51.55647277832031,13592000
2021-11-15,56.76900100708008,56.76900100708008,55.983001708984375,56.57699966430664,51.78989028930664,13972000
2021-11-16,56.409000396728516,56.952999114990234,56.27399826049805,56.87699890136719,52.064517974853516,13194000
2021-11-17,56.81399917602539,57.13600158691406,56.40999984741211,56.9640007019043,52.14415740966797,12532000
2021-11-18,57.11000061035156,57.67300033569336,56.9640007019043,57.48099899291992,52.617408752441406,12712000
2021-11-19,57.62799835205078,57.72100067138672,56.59299850463867,56.87200164794922,52.05992889404297,19612000
2021-11-22,57.167999267578125,57.20399856567383,55.24800109863281,55.327999114990234,50.646583557128906,25898000
2021-11-23,55.242000579833984,55.58599853515625,54.85300064086914,55.512001037597656,50.81501007080078,17109000
2021-11-24,55.323001861572266,55.90800094604492,54.73899841308594,55.87300109863281,51.145469665527344,12084000
2021-11-26,55.176998138427734,55.72999954223633,54.332000732421875,54.659000396728516,50.03418731689453,14219000
2021-11-29,55.619998931884766,56.755001068115234,55.36800003051758,56.433998107910156,51.659000396728516,18703000
2021-11-30,56.32699966430664,56.499000549316406,55.20000076293945,55.36800003051758,50.683204650878906,22574000
2021-12-01,56.347999572753906,56.847999572753906,55.33300018310547,55.47600173950195,50.78205871582031,21980000
2021-12-02,54.606998443603516,55.9109992980957,54.400001525878906,55.244998931884766,50.57060623168945,22619000
2021-12-03,56.49399948120117,56.900001525878906,55.040000915527344,55.8120002746582,51.08962631225586,20305000
2021-12-06,56.46500015258789,56.83700180053711,55.595001220703125,56.49800109863281,51.71758270263672,22482000
2021-12-07,57.20000076293945,59.30699920654297,57.20000076293945,59.040000915527344,54.04450607299805,29562000
2021-12-08,59.09400177001953,59.09400177001953,58.24300003051758,58.85599899291992,53.87606430053711,17998000
2021-12-09,58.244998931884766,59.02399826049805,58.244998931884766,58.34199905395508,53.40555191040039,29080000
2021-12-10,62.39799880981445,64.4749984741211,61.85900115966797,63.167999267578125,57.82321548461914,57087000
2021-12-13,63.400001525878906,63.44200134277344,62.12300109863281,62.16600036621094,56.906005859375,26898000
2021-12-14,61.784000396728516,61.86199951171875,60.56399917602539,61.49100112915039,56.288124084472656,35956000
2021-12-15,61.55699920654297,64.08599853515625,61.034000396728516,63.986000061035156,58.5720100402832,29092000
2021-12-16,63.736000061035156,64.06600189208984,61.150001525878906,62.06800079345703,56.816287994384766,42748000
2021-12-17,61.75299835205078,63.999000549316406,61.5099983215332,63.49599838256836,58.12346267700195,50661000
2021-12-20,62.630001068115234,64.60900115966797,62.50899887084961,64.50299835205078,59.04526138305664,32770000
2021-12-21,64.80999755859375,64.9469985961914,63.33000183105469,64.6240005493164,59.53445053100586,36534000
2021-12-22,64.33200073242188,65.71600341796875,63.92599868774414,65.5199966430664,60.359859466552734,28383000
2021-12-23,65.61299896240234,67.072998046875,65.61299896240234,66.4800033569336,61.244266510009766,23596000
2021-12-27,66.4800033569336,67.62999725341797,66.44599914550781,67.4280014038086,62.117618560791016,19442000
2021-12-28,67.75499725341797,67.7760009765625,66.7030029296875,66.9000015258789,61.63119125366211,17247000
2021-12-29,66.9800033569336,67.69999694824219,66.91200256347656,67.26100158691406,61.96376419067383,14797000
2021-12-30,67.30999755859375,67.56999969482422,66.38400268554688,66.50800323486328,61.27006912231445,11473000
2021-12-31,66.6969985961914,67.13099670410156,66.3270034790039,66.54100036621094,61.30046844482422,12046000
2022-01-03,66.63200378417969,67.16999816894531,66.12200164794922,66.33200073242188,61.10791778564453,22591000
2022-01-04,66.28800201416016,67.21900177001953,65.7229995727539,67.09200286865234,61.80807876586914,21103000
2022-01-05,67.12100219726562,67.12100219726562,64.20099639892578,64.30000305175781,59.235965728759766,34961000
2022-01-06,64.01599884033203,64.86499786376953,63.44300079345703,63.702999114990234,58.68598175048828,28581000
2022-01-07,63.584999084472656,63.99100112915039,61.84600067138672,61.915000915527344,57.038795471191406,27832000
2022-01-10,60.88600158691406,62.20399856567383,60.356998443603516,62.11600112915039,57.22396469116211,29793000
2022-01-11,61.55400085449219,62.79999923706055,61.457000732421875,62.20500183105469,57.30595779418945,19037000
2022-01-12,62.750999450683594,63.0989990234375,61.9739990234375,62.20000076293945,57.301353454589844,18806000
2022-01-13,62.74700164794922,62.78799819946289,59.415000915527344,59.71900177001953,55.015743255615234,30048000
2022-01-14,59.577999114990234,60.03799819946289,59.20000076293945,59.637001037597656,54.94020080566406,25661000
2022-01-18,58.832000732421875,59.104000091552734,57.5989990234375,57.77899932861328,53.22853088378906,35825000
2022-01-19,58.15800094604492,58.472999572753906,56.33300018310547,56.39699935913086,51.95537185668945,22692000
2022-01-20,56.79999923706055,57.013999938964844,54.676998138427734,54.77199935913086,50.45834732055664,25225000
2022-01-21,54.66400146484375,55.540000915527344,53.13399887084961,53.323001861572266,49.12346649169922,38010000
2022-01-24,53.0890007019043,54.35100173950195,51.34000015258789,54.15800094604492,49.8927116394043,54256000
2022-01-25,52.79999923706055,54.540000915527344,52.422000885009766,53.41400146484375,49.207298278808594,38158000
2022-01-26,55.20000076293945,57.41699981689453,55.00699996948242,55.71200180053711,51.32432556152344,49715000
2022-01-27,56.97200012207031,57.0260009765625,54.10300064086914,54.23099899291992,49.959957122802734,34183000
2022-01-28,54.33599853515625,56.04999923706055,53.23899841308594,56.0099983215332,51.59885025024414,30254000
2022-01-31,55.939998626708984,58.637001037597656,55.599998474121094,58.5880012512207,53.97381591796875,40288000
2022-02-01,58.58700180053711,59.38999938964844,57.582000732421875,59.27199935913086,54.603946685791016,25719000
2022-02-02,59.900001525878906,60.47999954223633,59.362998962402344,60.34299850463867,55.59059524536133,24443000
2022-02-03,59.56700134277344,59.902000427246094,58.012001037597656,58.084999084472656,53.51042938232422,30602000
2022-02-04,57.63800048828125,59.65299987792969,57.61399841308594,59.01599884033203,54.36810302734375,20548000
2022-02-07,59.01599884033203,60.15800094604492,58.41600036621094,58.76300048828125,54.135040283203125,18671000
2022-02-08,58.8380012512207,60.185001373291016,58.69900131225586,60.02199935913086,55.29488754272461,14570000
2022-02-09,60.73500061035156,61.172000885009766,60.15599822998047,61.13399887084961,56.319305419921875,22004000
2022-02-10,59.529998779296875,61.4640007019043,58.856998443603516,59.13600158691406,54.478660583496094,24920000
2022-02-11,59.13600158691406,59.97600173950195,56.90800094604492,57.34199905395508,52.825950622558594,27281000
2022-02-14,57.5,58.28099822998047,57.00699996948242,57.858001708984375,53.30131149291992,19291000
2022-02-15,58.90299987792969,60.604000091552734,58.82500076293945,60.277000427246094,55.5297966003418,34284000
2022-02-16,59.40599822998047,60.08100128173828,58.72200012207031,59.72100067138672,55.01759338378906,22931000
2022-02-17,58.970001220703125,59.15800094604492,57.888999938964844,57.900001525878906,53.34000778198242,21424000
2022-02-18,58.09400177001953,58.77399826049805,57.327999114990234,57.999000549316406,53.43120193481445,19708000
2022-02-22,57.999000549316406,59.020999908447266,56.98099899291992,57.74599838256836,53.1981315612793,20204000
2022-02-23,58.02299880981445,58.50699996948242,56.4739990234375,56.51900100708008,52.067771911621094,22416000
2022-02-24,55.15800094604492,58.569000244140625,54.902000427246094,58.0,53.432125091552734,35316000
2022-02-25,57.983001708984375,58.9379997253418,57.400001525878906,58.80099868774414,54.1700439453125,22380000
2022-02-28,58.099998474121094,59.22999954223633,57.63800048828125,58.74399948120117,54.117523193359375,25005000
2022-03-01,58.479000091552734,58.762001037597656,56.529998779296875,57.012001037597656,52.52193832397461,24898000
2022-03-02,57.45199966430664,59.053001403808594,57.358001708984375,58.577999114990234,53.96461486816406,21771000
2022-03-03,59.36800003051758,59.369998931884766,57.43299865722656,57.86000061035156,53.30315399169922,26454000
2022-03-04,59.27899932861328,60.590999603271484,58.4010009765625,59.5989990234375,54.90519332885742,44757000
2022-03-07,59.70800018310547,59.87799835205078,57.0,57.06999969482422,52.57536315917969,26494000
2022-03-08,57.21699905395508,59.60499954223633,56.361000061035156,57.595001220703125,53.05902099609375,26993000
2022-03-09,58.87900161743164,60.16400146484375,58.70000076293945,59.70199966430664,55.00008773803711,22560000
2022-03-10,58.555999755859375,59.00199890136719,57.637001037597656,58.77299880981445,54.14424133300781,19323000
2022-03-11,59.20000076293945,59.44300079345703,57.71200180053711,57.78499984741211,53.23405838012695,19813000
2022-03-14,57.69599914550781,57.99800109863281,56.474998474121094,56.779998779296875,52.30821228027344,25234000
2022-03-15,57.72700119018555,59.67599868774414,57.50400161743164,59.2760009765625,54.60763168334961,28260000
2022-03-16,59.665000915527344,60.770999908447266,58.40599822998047,60.71200180053711,55.930545806884766,29454000
2022-03-17,60.47200012207031,60.70000076293945,59.76300048828125,60.266998291015625,55.52058410644531,18174000
2022-03-18,60.39699935913086,61.32099914550781,59.5989990234375,61.04100036621094,56.233619689941406,41538000
2022-03-21,60.560001373291016,60.560001373291016,58.88600158691406,60.12900161743164,55.768028259277344,25789000
2022-03-22,60.172000885009766,61.349998474121094,59.93299865722656,61.13399887084961,56.70014572143555,19262000
2022-03-23,60.79999923706055,61.137001037597656,59.91600036621094,59.9379997253418,55.59088897705078,13839000
2022-03-24,60.66299819946289,62.72200012207031,60.20000076293945,62.643001556396484,58.09971237182617,26016000
2022-03-25,62.70800018310547,63.04100036621094,62.00699996948242,62.887001037597656,58.32600784301758,14538000
2022-03-28,62.5880012512207,63.33000183105469,61.577999114990234,63.28799819946289,58.697914123535156,14427000
2022-03-29,64.0,64.53099822998047,63.0,64.14700317382812,59.494632720947266,23001000
2022-03-30,63.887001037597656,64.42900085449219,62.733001708984375,63.10900115966797,58.53190612792969,18626000
2022-03-31,63.04800033569336,63.900001525878906,62.80500030517578,62.96799850463867,58.40113067626953,21731000
2022-04-01,63.16899871826172,63.457000732421875,61.86899948120117,62.698001861572266,58.15071487426758,16267000
2022-04-04,62.641998291015625,63.672000885009766,62.45199966430664,63.48500061035156,58.880638122558594,16484000
2022-04-05,62.95500183105469,63.22600173950195,61.29999923706055,61.4119987487793,56.957984924316406,19778000
2022-04-06,60.20800018310547,61.159000396728516,59.37699890136719,60.20000076293945,55.833885192871094,23742000
2022-04-07,59.983001708984375,60.763999938964844,59.32400131225586,60.30500030517578,55.931270599365234,16583000
2022-04-08,59.737998962402344,59.85900115966797,58.59700012207031,58.70000076293945,54.44267654418945,20464000
2022-04-11,58.257999420166016,58.928001403808594,57.94300079345703,58.06100082397461,53.85002517700195,23512000
2022-04-12,58.9109992980957,59.85900115966797,58.21699905395508,58.50699996948242,54.26367950439453,17350000
2022-04-13,58.849998474121094,59.67100143432617,58.60499954223633,59.25400161743164,54.95649719238281,20266000
2022-04-14,59.499000549316406,59.70600128173828,57.2859992980957,57.3849983215332,53.22304916381836,27385000
2022-04-18,57.28499984741211,59.12200164794922,57.28499984741211,58.650001525878906,54.39630889892578,21375000
2022-04-19,57.93600082397461,59.869998931884766,57.93600082397461,59.762001037597656,55.42765426635742,16581000
2022-04-20,60.41999816894531,61.34299850463867,59.51300048828125,59.77199935913086,55.43692398071289,13920000
2022-04-21,60.55400085449219,61.58700180053711,59.066001892089844,59.27299880981445,54.97412109375,20352000
2022-04-22,59.01100158691406,59.874000549316406,58.625999450683594,58.69499969482422,54.438045501708984,21064000
2022-04-25,58.14899826049805,58.875999450683594,57.11199951171875,58.78799819946289,54.52428436279297,26959000
2022-04-26,58.380001068115234,58.54600143432617,55.97100067138672,56.00699996948242,51.94498825073242,35809000
2022-04-27,55.57899856567383,57.007999420166016,55.5,55.95399856567383,51.895843505859375,19313000
2022-04-28,56.59400177001953,58.50199890136719,55.797000885009766,57.89400100708008,53.69514083862305,22334000
2022-04-29,57.262001037597656,57.827999114990234,55.34000015258789,55.43899917602539,51.418190002441406,26108000
2022-05-02,55.7140007019043,57.763999938964844,55.63800048828125,57.6349983215332,53.45491027832031,26725000
2022-05-03,57.60100173950195,58.67499923706055,57.176998138427734,58.117000579833984,53.9019660949707,17064000
2022-05-04,58.17900085449219,60.40700149536133,57.39799880981445,60.36600112915039,55.987850189208984,23896000
2022-05-05,59.42300033569336,59.7869987487793,57.42900085449219,57.999000549316406,53.79252243041992,32806000
2022-05-06,57.49399948120117,58.99800109863281,56.94300079345703,58.0099983215332,53.80271530151367,20745000
2022-05-09,57.28799819946289,57.79999923706055,56.027000427246094,56.29199981689453,52.20933151245117,30074000
2022-05-10,58.04899978637695,59.1150016784668,57.18000030517578,58.138999938964844,53.92236328125,29271000
2022-05-11,57.45800018310547,58.46900177001953,56.58599853515625,56.71099853515625,52.597938537597656,26660000
2022-05-12,56.34000015258789,57.361000061035156,55.82600021362305,57.15700149536133,53.0115852355957,25518000
2022-05-13,57.70500183105469,59.159000396728516,57.349998474121094,58.82400131225586,54.55768585205078,19449000
2022-05-16,58.4379997253418,58.91400146484375,57.76499938964844,58.266998291015625,54.041080474853516,14189000
2022-05-17,59.54499816894531,60.900001525878906,59.361000061035156,60.814998626708984,56.4042854309082,24676000
2022-05-18,60.0,60.071998596191406,56.61800003051758,57.05699920654297,52.91883087158203,35024000
2022-05-19,55.79999923706055,56.07500076293945,53.895999908447266,54.62099838256836,50.65951156616211,34884000
2022-05-20,55.38999938964844,55.499000549316406,51.24399948120117,54.319000244140625,50.379417419433594,40281000
2022-05-23,52.400001525878906,53.55699920654297,51.42599868774414,52.63600158691406,48.8184700012207,58586000
2022-05-24,52.66600036621094,52.887001037597656,51.61899948120117,52.41999816894531,48.618141174316406,25060000
2022-05-25,52.38999938964844,53.744998931884766,52.38999938964844,53.16299819946289,49.3072509765625,17842000
2022-05-26,53.15399932861328,55.457000732421875,52.77199935913086,55.066001892089844,51.072235107421875,39743000
2022-05-27,56.20899963378906,58.54600143432617,56.000999450683594,58.327999114990234,54.097660064697266,37301000
2022-05-31,58.45000076293945,58.702999114990234,57.599998474121094,58.01300048828125,53.805503845214844,30009000
2022-06-01,58.757999420166016,59.09400177001953,56.84299850463867,57.36199951171875,53.20171356201172,18345000
2022-06-02,57.775001525878906,57.777000427246094,56.8129997253418,57.67399978637695,53.491085052490234,29488000
2022-06-03,56.887001037597656,56.959999084472656,56.097999572753906,56.332000732421875,52.24641418457031,20562000
2022-06-06,57.152000427246094,57.27199935913086,55.75400161743164,56.12300109863281,52.052581787109375,14557000
2022-06-07,56.05400085449219,57.45399856567383,55.75299835205078,57.29899978637695,53.143287658691406,15895000
2022-06-08,57.18199920654297,57.62699890136719,56.2140007019043,56.5359992980957,52.43562698364258,24004000
2022-06-09,56.11600112915039,57.36399841308594,55.59299850463867,55.62200164794922,51.587913513183594,18787000
2022-06-10,55.00899887084961,55.104000091552734,53.97200012207031,54.12699890136719,50.20134353637695,24018000
2022-06-13,52.678001403808594,53.29999923706055,51.60200119018555,51.762001037597656,48.007869720458984,31619000
2022-06-14,52.49700164794922,52.49700164794922,51.45899963378906,52.016998291015625,48.2443733215332,24380000
2022-06-15,52.915000915527344,53.382999420166016,51.551998138427734,52.67100143432617,48.850948333740234,19141000
2022-06-16,51.19499969482422,51.44300079345703,49.22800064086914,49.71799850463867,46.11210632324219,37244000
2022-06-17,49.5,50.0359992980957,48.7869987487793,49.8650016784668,46.24845504760742,43504000
2022-06-21,50.40800094604492,51.090999603271484,50.28900146484375,50.37699890136719,47.11067581176758,21901000
2022-06-22,49.63100051879883,50.37699890136719,49.41999816894531,49.61000061035156,46.393402099609375,24721000
2022-06-23,50.17499923706055,50.17499923706055,49.10100173950195,49.65800094604492,46.43828582763672,16707000
2022-06-24,50.5,51.18000030517578,50.14500045776367,50.909000396728516,47.60817337036133,21201000
2022-06-27,51.380001068115234,51.40399932861328,50.28200149536133,50.57099914550781,47.29208755493164,13207000
2022-06-28,51.26100158691406,51.415000915527344,49.81100082397461,49.845001220703125,46.61316680908203,15667000
2022-06-29,49.54800033569336,49.59299850463867,48.66699981689453,49.04100036621094,45.86129379272461,14444000
2022-06-30,48.803001403808594,49.374000549316406,48.07099914550781,48.58100128173828,45.43111801147461,18890000
2022-07-01,47.941001892089844,48.426998138427734,46.94300079345703,47.784000396728516,44.685794830322266,21315000
2022-07-05,47.20000076293945,47.69300079345703,46.39099884033203,47.630001068115234,44.541778564453125,20711000
2022-07-06,48.053001403808594,48.70500183105469,47.54999923706055,48.26100158691406,45.13186264038086,22975000
2022-07-07,48.81100082397461,50.138999938964844,48.81100082397461,49.854000091552734,46.62158203125,21319000
2022-07-08,49.29899978637695,49.9630012512207,49.0,49.86899948120117,46.635616302490234,12713000
2022-07-11,48.94900131225586,49.1619987487793,48.097999572753906,48.2859992980957,45.15524673461914,21449000
2022-07-12,48.78200149536133,49.2599983215332,48.00699996948242,48.137001037597656,45.015907287597656,21159000
2022-07-13,47.49800109863281,48.56399917602539,47.229000091552734,48.17300033569336,45.04957580566406,17665000
2022-07-14,48.244998931884766,48.667999267578125,47.34299850463867,48.4640007019043,45.321712493896484,19957000
2022-07-15,49.08300018310547,49.4739990234375,48.612998962402344,49.44599914550781,46.24003601074219,18714000
2022-07-18,50.01599884033203,50.24100112915039,48.819000244140625,49.10599899291992,45.922080993652344,18042000
2022-07-19,49.68000030517578,51.1349983215332,49.5890007019043,50.900001525878906,47.59976577758789,27257000
2022-07-20,50.95399856567383,51.76100158691406,50.446998596191406,51.176998138427734,47.858795166015625,27412000
2022-07-21,51.255001068115234,51.78099822998047,50.60200119018555,51.768001556396484,48.4114875793457,13912000
2022-07-22,51.88100051879883,51.979000091552734,50.667999267578125,51.25199890136719,47.928932189941406,17867000
2022-07-25,51.04600143432617,51.332000732421875,50.65299987792969,51.31100082397461,47.98411178588867,15061000
2022-07-26,51.4630012512207,51.680999755859375,50.891998291015625,51.10900115966797,47.79521179199219,17958000
2022-07-27,51.81999969482422,53.01900100708008,51.69300079345703,52.77899932861328,49.35693359375,25699000
2022-07-28,52.85900115966797,53.652000427246094,52.05799865722656,53.361000061035156,49.90119552612305,14867000
2022-07-29,53.198001861572266,53.78300094604492,53.027000427246094,53.54800033569336,50.07607650756836,18482000
2022-08-01,53.143001556396484,53.979000091552734,53.04399871826172,53.637001037597656,50.1593017578125,11485000
2022-08-02,53.321998596191406,53.91999816894531,52.722999572753906,53.12099838256836,49.676753997802734,13072000
2022-08-03,53.52899932861328,54.79999923706055,53.4119987487793,54.67399978637695,51.129066467285156,19228000
2022-08-04,54.840999603271484,55.314998626708984,54.500999450683594,55.279998779296875,51.695777893066406,16293000
2022-08-05,54.4900016784668,55.20000076293945,54.327999114990234,55.14400100708008,51.5685920715332,14357000
2022-08-08,54.935001373291016,55.29899978637695,53.874000549316406,54.553001403808594,51.01591110229492,13722000
2022-08-09,53.909000396728516,53.935001373291016,52.775001525878906,53.279998779296875,49.82545471191406,20072000
2022-08-10,54.60599899291992,55.10200119018555,53.92399978637695,55.04100036621094,51.472267150878906,19519000
2022-08-11,55.39500045776367,55.777000427246094,54.42499923706055,54.542999267578125,51.006553649902344,14268000
2022-08-12,54.78099822998047,55.840999603271484,54.564998626708984,55.823001861572266,52.203575134277344,18399000
2022-08-15,55.42300033569336,55.979000091552734,55.04999923706055,55.895999908447266,52.2718391418457,14329000
2022-08-16,55.75199890136719,55.79399871826172,54.60100173950195,55.165000915527344,51.58823013305664,14782000
2022-08-17,54.4370002746582,54.47100067138672,53.104000091552734,53.85900115966797,50.36690139770508,19022000
2022-08-18,54.340999603271484,56.055999755859375,54.16299819946289,55.845001220703125,52.22414016723633,23459000
2022-08-19,55.08599853515625,55.55799865722656,54.7869987487793,54.84299850463867,51.287105560302734,16923000
2022-08-22,54.25699996948242,54.308998107910156,52.70500183105469,52.875,49.44670486450195,18555000
2022-08-23,53.3849983215332,53.762001037597656,52.89099884033203,52.97800064086914,49.54302978515625,9003000
2022-08-24,52.95600128173828,53.130001068115234,52.34400177001953,53.08399963378906,49.64215087890625,11883000
2022-08-25,53.345001220703125,55.04800033569336,53.22600173950195,55.01300048828125,51.44607925415039,17345000
2022-08-26,54.88399887084961,55.0989990234375,52.0,52.08599853515625,48.70886993408203,25682000
2022-08-29,52.0,52.27399826049805,51.20000076293945,51.417999267578125,48.08417892456055,16580000
2022-08-30,51.683998107910156,51.79100036621094,50.138999938964844,50.638999938964844,47.35568618774414,18282000
2022-08-31,51.01599884033203,51.01599884033203,49.65399932861328,49.9109992980957,46.674896240234375,32445000
2022-09-01,49.14699935913086,49.32899856567383,48.08399963378906,49.20100021362305,46.01092529296875,31930000
2022-09-02,51.79999923706055,51.98099899291992,49.83000183105469,50.02199935913086,46.77867889404297,40426000
2022-09-06,49.85300064086914,50.400001525878906,49.0369987487793,49.81999969482422,46.58978271484375,24738000
2022-09-07,50.29100036621094,50.94300079345703,49.90800094604492,50.51300048828125,47.237857818603516,20440000
2022-09-08,50.2599983215332,51.27399826049805,49.869998931884766,51.19300079345703,47.87376403808594,22535000
2022-09-09,51.54399871826172,52.59700012207031,51.54399871826172,52.2400016784668,48.85288619995117,23019000
2022-09-12,52.67499923706055,53.125999450683594,52.45600128173828,52.90599822998047,49.47569274902344,18157000
2022-09-13,51.38399887084961,51.82699966430664,50.167999267578125,50.3650016784668,47.099449157714844,35136000
2022-09-14,50.7130012512207,51.29999923706055,50.277000427246094,51.07500076293945,47.7634162902832,20605000
2022-09-15,50.893001556396484,51.15599822998047,49.72800064086914,50.013999938964844,46.771209716796875,36574000
2022-09-16,49.77199935913086,50.36899948120117,48.986000061035156,50.25,46.99189758300781,59012000
2022-09-19,49.44200134277344,50.3390007019043,49.44200134277344,50.183998107910156,46.9301872253418,17948000
2022-09-20,49.599998474121094,49.882999420166016,48.97200012207031,49.305999755859375,46.1091194152832,17132000
2022-09-21,49.0989990234375,49.987998962402344,48.176998138427734,48.2140007019043,45.46598434448242,20669000
2022-09-22,48.24300003051758,48.32099914550781,47.29999923706055,47.76100158691406,45.0388069152832,23540000
2022-09-23,47.494998931884766,47.79899978637695,46.20000076293945,46.86800003051758,44.19669723510742,29649000
2022-09-26,46.89799880981445,47.33000183105469,46.13100051879883,46.22600173950195,43.59129333496094,19361000
2022-09-27,46.95500183105469,46.98899841308594,45.6510009765625,46.474998474121094,43.826107025146484,17850000
2022-09-28,46.13399887084961,46.875,45.6349983215332,46.59600067138672,43.94020080566406,27605000
2022-09-29,46.09000015258789,46.137001037597656,44.487998962402344,45.01300048828125,42.44743347167969,39997000
2022-09-30,44.90599822998047,45.78200149536133,44.36399841308594,44.4010009765625,41.87031173706055,27202000
2022-10-03,44.92399978637695,46.095001220703125,44.696998596191406,45.678001403808594,43.074527740478516,21479000
2022-10-04,46.849998474121094,48.01599884033203,46.58599853515625,47.986000061035156,45.250980377197266,27277000
2022-10-05,47.255001068115234,48.808998107910156,47.145999908447266,48.47999954223633,45.71682357788086,18493000
2022-10-06,48.37900161743164,48.970001220703125,47.87200164794922,47.95000076293945,45.21702575683594,17250000
2022-10-07,47.237998962402344,47.33399963378906,45.902000427246094,46.04800033569336,43.423439025878906,28425000
2022-10-10,46.0,46.0099983215332,43.183998107910156,43.77000045776367,41.27528381347656,33454000
2022-10-11,43.52000045776367,43.869998931884766,42.55799865722656,43.07600021362305,40.62083053588867,28046000
2022-10-12,43.224998474121094,43.571998596191406,42.80099868774414,43.05699920654297,40.6029167175293,15046000
2022-10-13,41.742000579833984,44.37699890136719,41.50699996948242,43.797000885009766,41.30073547363281,27980000
2022-10-14,44.327999114990234,44.395999908447266,42.64099884033203,42.709999084472656,40.27568817138672,22816000
2022-10-17,43.95500183105469,44.124000549316406,43.3390007019043,43.5369987487793,41.05556106567383,24120000
2022-10-18,44.82099914550781,44.85499954223633,43.01599884033203,43.483001708984375,41.004634857177734,20341000
2022-10-19,43.323001861572266,43.83000183105469,43.0880012512207,43.529998779296875,41.04895782470703,12702000
2022-10-20,43.51300048828125,44.21900177001953,42.81399917602539,43.029998779296875,40.57744598388672,23402000
2022-10-21,43.20899963378906,45.066001892089844,42.91699981689453,44.972999572753906,42.40971374511719,26980000
2022-10-24,45.27299880981445,45.87900161743164,45.111000061035156,45.652000427246094,43.05000686645508,25287000
2022-10-25,45.79899978637695,46.42599868774414,45.68299865722656,46.00699996948242,43.38478088378906,18246000
2022-10-26,45.79899978637695,47.17599868774414,45.534000396728516,46.11800003051758,43.48944091796875,29291000
2022-10-27,46.60499954223633,47.07699966430664,45.49100112915039,45.540000915527344,42.944400787353516,18512000
2022-10-28,45.69599914550781,47.433998107910156,45.564998626708984,47.290000915527344,44.59465408325195,23094000
2022-10-31,46.685001373291016,47.28099822998047,46.500999450683594,47.012001037597656,44.332489013671875,19259000
2022-11-01,47.58000183105469,47.68299865722656,46.31700134277344,46.790000915527344,44.12315368652344,16324000
2022-11-02,47.02799987792969,48.04499816894531,45.571998596191406,45.60300064086914,43.003807067871094,21070000
2022-11-03,45.09400177001953,45.2859992980957,44.13600158691406,44.4119987487793,41.88069152832031,23887000
2022-11-04,45.68600082397461,46.888999938964844,45.327999114990234,46.529998779296875,43.877960205078125,28891000
2022-11-07,46.676998138427734,47.77399826049805,46.15700149536133,47.52199935913086,44.813419342041016,17687000
2022-11-08,48.125,48.880001068115234,47.349998474121094,48.21099853515625,45.46316146850586,20743000
2022-11-09,47.849998474121094,47.900001525878906,46.90299987792969,46.946998596191406,44.27119827270508,23695000
2022-11-10,49.099998474121094,50.71699905395508,48.71900177001953,50.65700149536133,47.76974868774414,33970000
2022-11-11,50.47999954223633,51.900001525878906,50.20000076293945,51.808998107910156,48.85608673095703,26728000
2022-11-14,51.53900146484375,52.50199890136719,51.29999923706055,51.321998596191406,48.39684295654297,21608000
2022-11-15,52.99599838256836,53.25699996948242,51.590999603271484,52.44200134277344,49.45301055908203,23315000
2022-11-16,51.672000885009766,51.854000091552734,51.02799987792969,51.17300033569336,48.2563362121582,25405000
2022-11-17,50.5,51.27399826049805,50.31399917602539,51.21099853515625,48.29216384887695,20375000
2022-11-18,51.6870002746582,51.77299880981445,51.099998474121094,51.51599884033203,48.57978057861328,14536000
2022-11-21,51.29399871826172,52.084999084472656,51.111000061035156,51.74399948120117,48.79478454589844,18622000
2022-11-22,52.297000885009766,53.02799987792969,51.9010009765625,53.005001068115234,49.98391342163086,18920000
2022-11-23,53.03499984741211,54.14799880981445,52.880001068115234,53.36399841308594,50.32245635986328,13964000
2022-11-25,53.069000244140625,53.45800018310547,52.948001861572266,52.99100112915039,49.97072219848633,7455000
2022-11-28,52.52399826049805,52.875999450683594,51.624000549316406,52.22100067138672,49.244606018066406,23505000
2022-11-29,52.29999923706055,52.584999084472656,51.483001708984375,52.138999938964844,49.167274475097656,12694000
2022-11-30,52.4109992980957,55.16600036621094,51.78300094604492,55.10300064086914,51.96234893798828,47349000
2022-12-01,55.10300064086914,55.242000579833984,54.19599914550781,55.07500076293945,51.935943603515625,23006000
2022-12-02,53.70500183105469,54.27000045776367,53.608001708984375,54.08000183105469,50.997642517089844,19320000
2022-12-05,53.777000427246094,53.948001861572266,52.54899978637695,53.06399917602539,50.03955078125,18548000
2022-12-06,53.064998626708984,53.356998443603516,52.17499923706055,52.582000732421875,49.58503341674805,19655000
2022-12-07,51.959999084472656,52.5,51.60499954223633,51.849998474121094,48.89474868774414,16524000
2022-12-08,52.08100128173828,53.242000579833984,52.03799819946289,53.108001708984375,50.0810546875,27514000
2022-12-09,55.09400177001953,55.263999938964844,54.099998474121094,54.47200012207031,51.36730194091797,37028000
2022-12-12,54.474998474121094,55.6870002746582,54.2239990234375,55.66299819946289,52.490421295166016,23416000
2022-12-13,57.582000732421875,58.183998107910156,56.50299835205078,57.104000091552734,53.84928894042969,40414000
2022-12-14,56.85499954223633,58.564998626708984,56.77299880981445,57.444000244140625,54.1699104309082,35218000
2022-12-15,56.37799835205078,56.64899826049805,55.77000045776367,55.79999923706055,52.61960983276367,36876000
2022-12-16,55.744998931884766,55.97999954223633,55.08700180053711,55.590999603271484,52.42253112792969,49549000
2022-12-19,55.402000427246094,55.64799880981445,54.571998596191406,54.9630012512207,52.262786865234375,25092000
2022-12-20,54.516998291015625,54.900001525878906,54.09199905395508,54.402000427246094,51.729339599609375,29831000
2022-12-21,54.766998291015625,56.191001892089844,54.69499969482422,56.12300109863281,53.36579895019531,25619000
2022-12-22,55.334999084472656,55.49399948120117,54.720001220703125,55.308998107910156,52.591773986816406,27553000
2022-12-23,55.0,55.36199951171875,54.744998931884766,55.24300003051758,52.52903366088867,13761000
2022-12-27,55.154998779296875,55.81100082397461,54.694000244140625,55.354000091552734,52.63457489013672,16677000
2022-12-28,55.16400146484375,55.777000427246094,54.244998931884766,54.48899841308594,51.812068939208984,15410000
2022-12-29,55.185001373291016,56.2599983215332,55.04999923706055,55.78099822998047,53.04058837890625,18176000
2022-12-30,55.18199920654297,55.96500015258789,54.80099868774414,55.91299819946289,53.16610336303711,14376000
2023-01-03,56.5,56.75699996948242,55.07899856567383,55.347999572753906,52.628868103027344,20173000
2023-01-04,56.29899978637695,56.816001892089844,55.60300064086914,56.02399826049805,53.27164840698242,17074000
2023-01-05,55.57099914550781,55.98400115966797,55.11199951171875,55.50199890136719,52.775299072265625,16277000
2023-01-06,56.3120002746582,59.099998474121094,56.22999954223633,58.84299850463867,55.9521598815918,35261000
2023-01-09,59.22999954223633,60.16699981689453,56.055999755859375,57.68899917602539,54.85485076904297,37739000
2023-01-10,57.20000076293945,57.51300048828125,54.999000549316406,57.49300003051758,54.66848373413086,44635000
2023-01-11,57.29999923706055,57.83399963378906,56.6870002746582,57.81399917602539,54.973716735839844,22502000
2023-01-12,57.558998107910156,58.51100158691406,57.375999450683594,58.194000244140625,55.33504867553711,19514000
2023-01-13,57.71500015258789,58.19300079345703,57.66699981689453,57.900001525878906,55.05548858642578,19647000
2023-01-17,57.4900016784668,58.5359992980957,57.45399856567383,57.92399978637695,55.07830810546875,15835000
2023-01-18,58.32099914550781,58.75600051879883,57.37200164794922,57.42900085449219,54.607627868652344,15703000
2023-01-19,56.9119987487793,57.00600051879883,56.03099822998047,56.321998596191406,53.55500793457031,22692000
2023-01-20,56.303001403808594,57.13600158691406,55.9109992980957,57.077999114990234,54.27387237548828,22950000
2023-01-23,57.20000076293945,58.479000091552734,56.97800064086914,58.16299819946289,55.30556869506836,23429000
2023-01-24,57.84400177001953,58.66899871826172,57.5629997253418,58.50299835205078,55.62886047363281,13825000
2023-01-25,57.766998291015625,58.696998596191406,57.604000091552734,58.56800079345703,55.690677642822266,13766000
2023-01-26,59.04100036621094,60.055999755859375,58.625999450683594,59.858001708984375,56.91730499267578,24525000
2023-01-27,59.332000732421875,59.92499923706055,59.01900100708008,59.0989990234375,56.19558334350586,19344000
2023-01-30,58.29999923706055,58.96099853515625,57.97600173950195,58.14500045776367,55.2884521484375,16984000
2023-01-31,58.207000732421875,58.722999572753906,58.07400131225586,58.500999450683594,55.6269645690918,23719000
2023-02-01,58.356998443603516,60.83000183105469,58.27000045776367,60.275001525878906,57.313812255859375,26553000
2023-02-02,60.76300048828125,61.31399917602539,59.974998474121094,60.57699966430664,57.600975036621094,24188000
2023-02-03,59.79999923706055,60.80400085449219,59.625,59.762001037597656,56.826011657714844,19093000
2023-02-06,59.33399963378906,60.321998596191406,59.22600173950195,60.130001068115234,57.17593765258789,18709000
2023-02-07,60.066001892089844,61.70100021362305,59.97200012207031,61.44499969482422,58.426334381103516,24025000
2023-02-08,60.667999267578125,61.018001556396484,60.0620002746582,60.17100143432617,57.21492004394531,15290000
2023-02-09,61.2599983215332,61.49300003051758,59.54800033569336,59.941001892089844,56.9962272644043,18837000
2023-02-10,59.63100051879883,59.84600067138672,58.9630012512207,59.32500076293945,56.41048812866211,21035000
2023-02-13,59.5,60.14799880981445,59.34700012207031,60.11199951171875,57.1588134765625,19847000
2023-02-14,59.41699981689453,60.55799865722656,59.332000732421875,60.23099899291992,57.271968841552734,17571000
2023-02-15,59.88600158691406,60.827999114990234,59.66999816894531,60.76900100708008,57.783538818359375,12683000
2023-02-16,60.07500076293945,60.89400100708008,59.95500183105469,60.05400085449219,57.10367202758789,17449000
2023-02-17,60.0,60.084999084472656,59.244998931884766,59.558998107910156,56.63298034667969,14215000
2023-02-21,59.0,59.308998107910156,57.98400115966797,58.15399932861328,55.29701614379883,22737000
2023-02-22,58.224998474121094,58.308998107910156,57.209999084472656,57.617000579833984,54.78639602661133,23475000
2023-02-23,58.57500076293945,58.59400177001953,57.36800003051758,58.380001068115234,55.51190948486328,18939000
2023-02-24,57.75299835205078,58.02399826049805,57.361000061035156,57.775001525878906,54.9366340637207,15353000
2023-02-27,58.58700180053711,58.97999954223633,58.42599868774414,58.54499816894531,55.66880416870117,18321000
2023-02-28,58.555999755859375,59.858001708984375,58.21799850463867,59.42900085449219,56.50938034057617,27822000
2023-03-01,59.400001525878906,59.82099914550781,59.029998779296875,59.356998443603516,56.44091033935547,15484000
2023-03-02,58.93899917602539,60.09400177001953,58.612998962402344,59.8650016784668,56.9239501953125,27525000
2023-03-03,61.77000045776367,63.573001861572266,61.57500076293945,63.2760009765625,60.167381286621094,46088000
2023-03-06,63.5,64.40499877929688,63.17300033569336,63.29199981689453,60.18259811401367,24983000
2023-03-07,63.48699951171875,63.577999114990234,62.35100173950195,62.51499938964844,59.443763732910156,19334000
2023-03-08,62.77799987792969,63.27299880981445,62.367000579833984,63.22600173950195,60.11983871459961,20912000
2023-03-09,63.007999420166016,64.24400329589844,62.1879997253418,62.25199890136719,59.19368362426758,21775000
2023-03-10,62.819000244140625,63.01599884033203,61.28200149536133,61.483001708984375,58.462467193603516,26098000
2023-03-13,60.70899963378906,62.43899917602539,60.6879997253418,61.64699935913086,58.618408203125,22364000
2023-03-14,62.3390007019043,63.33700180053711,61.849998474121094,63.24599838256836,60.13884735107422,25893000
2023-03-15,62.766998291015625,63.00699996948242,61.619998931884766,62.604000091552734,59.52839279174805,22963000
2023-03-16,62.185001373291016,63.707000732421875,61.78099822998047,63.650001525878906,60.52300262451172,31716000
2023-03-17,63.650001525878906,63.957000732421875,62.70800018310547,63.09700012207031,59.997169494628906,79303000
2023-03-20,63.27399826049805,64.4739990234375,63.15999984741211,64.37100219726562,61.20858383178711,25857000
2023-03-21,64.30899810791016,64.65899658203125,63.43299865722656,63.67499923706055,60.98255920410156,25000000
2023-03-22,63.689998626708984,64.8499984741211,63.06700134277344,63.09199905395508,60.42420959472656,25799000
2023-03-23,63.88999938964844,64.81800079345703,63.15299987792969,63.92300033569336,61.22007369995117,27162000
2023-03-24,63.803001403808594,63.93000030517578,62.85499954223633,63.617000579833984,60.9270133972168,17228000
2023-03-27,63.900001525878906,63.90999984741211,62.5989990234375,62.683998107910156,60.03346633911133,14707000
2023-03-28,62.52299880981445,62.65399932861328,61.88600158691406,62.470001220703125,59.82852554321289,12439000
2023-03-29,63.27799987792969,63.4010009765625,62.4640007019043,62.54999923706055,59.90513229370117,26395000
2023-03-30,63.27299880981445,63.60499954223633,62.93000030517578,63.375,60.69524383544922,21523000
2023-03-31,63.05400085449219,64.22200012207031,62.590999603271484,64.15399932861328,61.441307067871094,22097000
2023-04-03,63.900001525878906,64.38999938964844,63.64400100708008,64.24700164794922,61.5303840637207,15682000
2023-04-04,64.31500244140625,64.42400360107422,63.20000076293945,63.441001892089844,60.75845718383789,13429000
2023-04-05,63.11399841308594,63.16999816894531,62.56999969482422,62.9010009765625,60.24128341674805,16908000
2023-04-06,62.41600036621094,62.84000015258789,61.89699935913086,62.263999938964844,59.631221771240234,14493000
2023-04-10,61.80500030517578,62.7869987487793,61.64500045776367,62.73899841308594,60.08613204956055,15400000
2023-04-11,63.077999114990234,63.0880012512207,62.082000732421875,62.15700149536133,59.52874755859375,16518000
2023-04-12,62.73400115966797,62.75199890136719,61.625999450683594,61.66999816894531,59.06233215332031,14112000
2023-04-13,61.90700149536133,62.650001525878906,61.71099853515625,62.42399978637695,59.78445816040039,17265000
2023-04-14,62.04800033569336,62.803001403808594,61.520999908447266,61.95399856567383,59.33433532714844,17465000
2023-04-17,61.861000061035156,62.83399963378906,61.78099822998047,62.736000061035156,60.08327102661133,13201000
2023-04-18,63.1619987487793,63.54999923706055,62.7130012512207,63.231998443603516,60.558292388916016,16806000
2023-04-19,62.67900085449219,63.67900085449219,62.55500030517578,63.45000076293945,60.767086029052734,19060000
2023-04-20,62.7859992980957,64.27300262451172,62.7140007019043,63.301998138427734,60.62533950805664,20239000
2023-04-21,63.060001373291016,63.380001068115234,62.19900131225586,63.290000915527344,60.613834381103516,14807000
2023-04-24,63.36399841308594,63.8849983215332,63.17900085449219,63.45399856567383,60.770904541015625,12338000
2023-04-25,63.39899826049805,63.5989990234375,62.17399978637695,62.20199966430664,59.57184982299805,23670000
2023-04-26,61.99700164794922,62.3129997253418,61.35100173950195,61.61899948120117,59.01350402832031,17179000
2023-04-27,61.61899948120117,62.00899887084961,60.323001861572266,61.840999603271484,59.22610855102539,18250000
2023-04-28,61.90700149536133,62.678001403808594,61.45600128173828,62.650001525878906,60.00090408325195,16183000
2023-05-01,62.650001525878906,63.89899826049805,62.619998931884766,63.79499816894531,61.09748458862305,17030000
2023-05-02,62.57600021362305,62.650001525878906,60.50199890136719,61.23400115966797,58.64478302001953,28357000
2023-05-03,61.689998626708984,62.19499969482422,61.2400016784668,61.31999969482422,58.727134704589844,19816000
2023-05-04,61.0,61.395999908447266,60.12900161743164,61.01599884033203,58.43598937988281,17684000
2023-05-05,61.595001220703125,63.14699935913086,61.33700180053711,63.012001037597656,60.34759521484375,24876000
2023-05-08,62.97800064086914,63.073001861572266,62.05799865722656,62.90599822998047,60.246070861816406,13934000
2023-05-09,62.27299880981445,62.40700149536133,61.58599853515625,61.85100173950195,59.235687255859375,16990000
2023-05-10,62.20600128173828,62.79999923706055,61.82699966430664,62.62699890136719,59.9788703918457,19174000
2023-05-11,62.65800094604492,62.847999572753906,61.79899978637695,62.766998291015625,60.112953186035156,14430000
2023-05-12,62.8380012512207,63.27000045776367,62.42100143432617,63.1150016784668,60.44623947143555,11942000
2023-05-15,63.1870002746582,64.00199890136719,62.84700012207031,63.97999954223633,61.274662017822266,14614000
2023-05-16,64.0459976196289,64.69100189208984,63.87300109863281,64.14399719238281,61.43172836303711,14967000
2023-05-17,64.73500061035156,66.08999633789062,64.45800018310547,65.74700164794922,62.96694564819336,24133000
2023-05-18,65.5999984741211,67.93599700927734,65.5999984741211,67.79000091552734,64.92356872558594,26389000
2023-05-19,68.0,68.49500274658203,67.84100341796875,68.2249984741211,65.34017181396484,22968000
2023-05-22,68.13999938964844,68.46800231933594,67.41200256347656,67.83699798583984,64.96857452392578,17796000
2023-05-23,69.06400299072266,69.89900207519531,68.2020034790039,68.6500015258789,65.74720001220703,36088000
2023-05-24,68.14399719238281,68.43099975585938,67.60600280761719,67.9530029296875,65.07967376708984,23021000
2023-05-25,69.94100189208984,73.23899841308594,69.0770034790039,72.87999725341797,69.79833221435547,49263000
2023-05-26,74.74299621582031,81.49800109863281,74.7020034790039,81.27300262451172,77.8364486694336,82500000
2023-05-30,83.51200103759766,92.1780014038086,79.88099670410156,80.33399963378906,76.93714904785156,116912000
2023-05-31,79.48999786376953,82.16699981689453,79.01300048828125,80.7959976196289,77.3796157836914,89998000
2023-06-01,80.06199645996094,80.5790023803711,78.51599884033203,78.99500274658203,75.65476989746094,80792000
2023-06-02,79.06400299072266,82.37699890136719,78.72000122070312,81.19999694824219,77.76652526855469,62815000
2023-06-05,80.91999816894531,80.91999816894531,79.447998046875,80.2300033569336,76.8375473022461,26222000
2023-06-06,80.19999694824219,80.19999694824219,77.63800048828125,79.0,75.65956115722656,37823000
2023-06-07,78.98200225830078,80.54499816894531,78.7509994506836,79.26300048828125,75.91143035888672,28957000
2023-06-08,79.49099731445312,80.5009994506836,78.87799835205078,80.41999816894531,77.01950073242188,21909000
2023-06-09,80.58000183105469,81.7750015258789,80.38800048828125,80.46199798583984,77.05973815917969,19241000
2023-06-12,81.11199951171875,85.80000305175781,81.11199951171875,85.53600311279297,81.91919708251953,51065000
2023-06-13,86.11299896240234,86.32599639892578,84.0999984741211,85.11199951171875,81.51312255859375,38990000
2023-06-14,85.58999633789062,88.85399627685547,84.72200012207031,88.61799621582031,84.8708724975586,43524000
2023-06-15,88.44100189208984,88.7969970703125,87.10199737548828,88.34300231933594,84.60750579833984,33814000
2023-06-16,88.9280014038086,88.99500274658203,86.54499816894531,86.81099700927734,83.14027404785156,68299000
2023-06-20,86.26599884033203,87.70700073242188,86.10099792480469,86.8030014038086,83.13262176513672,27535000
2023-06-21,86.0,86.5999984741211,84.45999908447266,84.76599884033203,81.61425018310547,23229000
2023-06-22,84.50900268554688,84.89099884033203,83.53099822998047,84.24299621582031,81.11070251464844,23464000
2023-06-23,83.4010009765625,83.60199737548828,81.88500213623047,82.21499633789062,79.15809631347656,37413000
2023-06-26,82.5,83.69999694824219,82.02200317382812,82.16300201416016,79.1080322265625,21372000
2023-06-27,82.86799621582031,85.0,82.0999984741211,84.83999633789062,81.68548583984375,24923000
2023-06-28,83.87300109863281,85.85299682617188,83.70600128173828,84.79399871826172,81.64120483398438,19445000
2023-06-29,85.44499969482422,86.28399658203125,84.64099884033203,86.25700378417969,83.04981231689453,23386000
2023-06-30,86.85199737548828,87.45700073242188,86.43299865722656,86.74299621582031,83.5177230834961,23145000
2023-07-03,86.86199951171875,87.6729965209961,86.49199676513672,87.64399719238281,84.3852310180664,9038000
2023-07-05,86.73999786376953,87.69000244140625,86.17500305175781,86.18599700927734,82.9814453125,14440000
2023-07-06,84.5,85.38999938964844,84.43299865722656,84.80000305175781,81.64698028564453,23939000
2023-07-07,85.04299926757812,85.79900360107422,84.46600341796875,84.67500305175781,81.52664947509766,19409000
2023-07-10,84.8280029296875,87.91699981689453,84.8280029296875,87.77300262451172,84.50943756103516,30622000
2023-07-11,88.11100006103516,88.30000305175781,86.46299743652344,88.20500183105469,84.9253921508789,25498000
2023-07-12,88.9000015258789,89.75900268554688,88.19999694824219,88.99500274658203,85.68601989746094,28197000
2023-07-13,89.89399719238281,89.89399719238281,87.8270034790039,89.03600311279297,85.72547912597656,25912000
2023-07-14,88.61599731445312,90.33499908447266,88.61599731445312,88.85800170898438,85.55410766601562,18510000
2023-07-17,89.10099792480469,91.32099914550781,88.97799682617188,91.03500366210938,87.65015411376953,26819000
2023-07-18,90.5979995727539,90.98999786376953,89.82599639892578,90.34300231933594,86.98387145996094,24513000
2023-07-19,89.72699737548828,90.59700012207031,88.56300354003906,90.13700103759766,86.7855453491211,24118000
2023-07-20,89.25399780273438,90.69999694824219,88.5999984741211,88.83399963378906,85.53099822998047,28268000
2023-07-21,90.4489974975586,91.11499786376953,89.38300323486328,89.67500305175781,86.34071350097656,74287000
2023-07-24,90.08000183105469,90.54399871826172,89.4229965209961,90.15899658203125,86.80672454833984,19992000
2023-07-25,90.06199645996094,92.31800079345703,90.06199645996094,91.79900360107422,88.38574981689453,20042000
2023-07-26,90.9000015258789,91.06199645996094,88.76499938964844,89.30899810791016,85.98833465576172,19877000
2023-07-27,90.8499984741211,90.98500061035156,88.5999984741211,89.35299682617188,86.03070068359375,21922000
2023-07-28,89.93199920654297,90.35600280761719,89.3949966430664,89.97899627685547,86.63341522216797,18791000
2023-07-31,89.75,90.0999984741211,89.0999984741211,89.86499786376953,86.5236587524414,14952000
2023-08-01,89.89800262451172,92.06199645996094,89.7699966430664,92.0,88.57927703857422,19683000
2023-08-02,91.2300033569336,91.30000305175781,89.02899932861328,89.2300033569336,85.91227722167969,26877000
2023-08-03,88.66200256347656,89.53299713134766,88.10800170898438,88.49800109863281,85.20748901367188,18281000
2023-08-04,88.49800109863281,89.36199951171875,87.33699798583984,88.16500091552734,84.88688659667969,21156000
2023-08-07,88.76799774169922,89.73699951171875,88.5270004272461,89.70600128173828,86.37056732177734,11146000
2023-08-08,89.00900268554688,89.05999755859375,87.33999633789062,88.31600189208984,85.0322494506836,14081000
2023-08-09,88.27200317382812,88.35299682617188,84.87200164794922,85.072998046875,81.90982818603516,24672000
2023-08-10,85.31199645996094,86.1500015258789,83.70700073242188,84.29000091552734,81.15593719482422,20186000
2023-08-11,83.4010009765625,83.63999938964844,82.3479995727539,82.97599792480469,79.89080810546875,20331000
2023-08-14,83.11299896240234,85.41799926757812,82.73799896240234,85.41000366210938,82.23431396484375,17688000
2023-08-15,84.9209976196289,85.46199798583984,83.64600372314453,84.25199890136719,81.11936950683594,14035000
2023-08-16,84.77899932861328,85.44999694824219,83.19599914550781,83.29900360107422,80.2018051147461,16003000
2023-08-17,83.6510009765625,83.94200134277344,82.70099639892578,82.70999908447266,79.63469696044922,19228000
2023-08-18,82.0,82.81700134277344,81.19999694824219,82.58399963378906,79.51336669921875,17759000
2023-08-21,83.40599822998047,86.73400115966797,83.177001953125,86.51399993896484,83.29727935791016,30012000
2023-08-22,87.34100341796875,87.4749984741211,85.08799743652344,85.5790023803711,82.39702606201172,17079000
2023-08-23,85.0770034790039,87.81900024414062,85.0,87.65799713134766,84.39873504638672,19692000
2023-08-24,90.23500061035156,90.98600006103516,85.24600219726562,85.44599914550781,82.26895904541016,30934000
2023-08-25,85.7020034790039,86.94400024414062,83.76699829101562,85.18199920654297,82.0147933959961,24181000
2023-08-28,85.63899993896484,86.41300201416016,84.71099853515625,86.10800170898438,82.90635681152344,14306000
2023-08-29,85.83999633789062,89.28399658203125,85.64199829101562,88.99299621582031,85.68408966064453,27822000
2023-08-30,89.23899841308594,89.87100219726562,87.91100311279297,89.22799682617188,85.91031646728516,23234000
2023-08-31,89.8010025024414,92.36699676513672,89.37699890136719,92.28900146484375,88.85752868652344,55203000
2023-09-01,90.18699645996094,90.18699645996094,86.46600341796875,87.25199890136719,84.00780487060547,65017000
2023-09-05,86.95099639892578,88.30000305175781,86.69999694824219,87.21700286865234,83.97411346435547,24808000
2023-09-06,87.25,87.73699951171875,86.67400360107422,87.22699737548828,83.98374938964844,20142000
2023-09-07,85.94999694824219,86.16899871826172,84.052001953125,85.7030029296875,82.51639556884766,27789000
2023-09-08,85.5,86.08300018310547,85.01200103759766,85.75499725341797,82.56647491455078,16810000
2023-09-11,86.87699890136719,86.9000015258789,84.56500244140625,85.91400146484375,82.71956634521484,15710000
2023-09-12,85.02400207519531,85.8270034790039,84.16600036621094,84.4520034790039,81.31193542480469,16680000
2023-09-13,84.71900177001953,85.91100311279297,84.42400360107422,85.29299926757812,82.12164306640625,17413000
2023-09-14,85.90299987792969,87.66699981689453,85.5,87.16400146484375,83.92310333251953,19648000
2023-09-15,86.81600189208984,86.81600189208984,84.29000091552734,85.16799926757812,82.00131225585938,50190000
2023-09-18,84.25800323486328,85.63300323486328,84.0,85.0,81.83955383300781,16541000
2023-09-19,84.5989990234375,85.10299682617188,83.8499984741211,84.91999816894531,81.76251220703125,13126000
2023-09-20,84.9990005493164,84.9990005493164,83.03500366210938,83.05699920654297,80.40434265136719,13681000
2023-09-21,79.51100158691406,82.25,79.50900268554688,80.83599853515625,78.25426483154297,53654000
2023-09-22,81.1240005493164,83.05799865722656,81.03800201416016,82.90799713134766,80.26007843017578,27764000
2023-09-25,82.80000305175781,83.85600280761719,82.3010025024414,83.38899993896484,80.7257308959961,15648000
2023-09-26,82.91699981689453,83.0270004272461,81.12100219726562,81.61900329589844,79.01226043701172,17641000
2023-09-27,81.9260025024414,82.36799621582031,80.43800354003906,81.68099975585938,79.07228088378906,15352000
2023-09-28,82.01699829101562,83.88600158691406,81.46800231933594,83.19999694824219,80.54276275634766,16180000
2023-09-29,83.6449966430664,84.40399932861328,82.29100036621094,83.05799865722656,80.40528869628906,16481000
2023-10-02,82.90599822998047,83.85600280761719,82.3499984741211,83.49500274658203,80.82835388183594,14676000
2023-10-03,82.69999694824219,83.57499694824219,80.89099884033203,81.48300170898438,78.88060760498047,18761000
2023-10-04,82.03299713134766,83.05799865722656,81.62999725341797,82.38099670410156,79.74992370605469,16417000
2023-10-05,82.01100158691406,82.86299896240234,81.5479965209961,82.38600158691406,79.75476837158203,11474000
2023-10-06,81.94000244140625,84.83899688720703,81.1719970703125,84.5260009765625,81.826416015625,21103000
2023-10-09,84.0459976196289,85.66100311279297,83.78299713134766,85.58799743652344,82.8544921875,15760000
2023-10-10,85.71499633789062,87.25499725341797,85.5719985961914,85.84100341796875,83.09942626953125,14718000
2023-10-11,85.97100067138672,87.53399658203125,85.65499877929688,87.45600128173828,84.662841796875,14334000
2023-10-12,87.64299774169922,91.79299926757812,87.64299774169922,90.55999755859375,87.6677017211914,43871000
2023-10-13,90.9000015258789,92.59100341796875,88.20899963378906,88.31800079345703,85.49729919433594,28312000
2023-10-16,89.09700012207031,91.5790023803711,89.09700012207031,90.25700378417969,87.3743896484375,21150000
2023-10-17,88.51499938964844,89.2979965209961,86.5999984741211,88.44000244140625,85.61541748046875,33008000
2023-10-18,87.99500274658203,89.56300354003906,87.5199966430664,88.7030029296875,85.87002563476562,20404000
2023-10-19,88.7020034790039,88.9489974975586,86.56700134277344,86.78299713134766,84.01132202148438,26620000
2023-10-20,87.48999786376953,87.48999786376953,85.18399810791016,85.36299896240234,82.63667297363281,26953000
2023-10-23,85.7959976196289,87.36000061035156,84.28199768066406,86.22200012207031,83.46826171875,16456000
2023-10-24,86.4000015258789,88.30000305175781,86.31199645996094,88.11100006103516,85.29691314697266,14972000
2023-10-25,87.70700073242188,87.87300109863281,84.60800170898438,84.96299743652344,82.24945068359375,21432000
2023-10-26,84.79100036621094,85.44200134277344,81.83399963378906,82.67500305175781,80.0345230102539,27917000
2023-10-27,83.0,84.02100372314453,82.85399627685547,83.83599853515625,81.15845489501953,18236000
2023-10-30,84.11000061035156,84.94300079345703,82.71499633789062,84.125,81.4382095336914,20889000
2023-10-31,84.38899993896484,84.55000305175781,83.26000213623047,84.13700103759766,81.44984436035156,14747000
2023-11-01,84.19999694824219,85.38300323486328,83.55699920654297,85.29399871826172,82.56988525390625,18684000
2023-11-02,86.19999694824219,88.05000305175781,86.0,87.12999725341797,84.34723663330078,18759000
2023-11-03,87.75,88.75,87.10600280761719,88.26799774169922,85.44891357421875,18041000
2023-11-06,88.15599822998047,88.58899688720703,87.12100219726562,88.08300018310547,85.26982116699219,12870000
2023-11-07,88.23200225830078,90.177001953125,87.61599731445312,89.78199768066406,86.91454315185547,19365000
2023-11-08,90.0,91.29100036621094,89.9000015258789,91.11299896240234,88.20304107666016,15280000
2023-11-09,91.25,92.9800033569336,90.85600280761719,91.13800048828125,88.22724151611328,24486000
2023-11-10,92.17400360107422,95.8949966430664,91.82099914550781,95.75199890136719,92.69388580322266,36272000
2023-11-13,95.00499725341797,95.23999786376953,94.0479965209961,94.69300079345703,91.668701171875,16893000
2023-11-14,96.23400115966797,97.677001953125,95.5250015258789,97.2959976196289,94.18856811523438,23886000
2023-11-15,97.95099639892578,98.17500305175781,96.69100189208984,97.54000091552734,94.42478942871094,16099000
2023-11-16,96.4000015258789,96.87000274658203,95.052001953125,95.95500183105469,92.89039611816406,26198000
2023-11-17,95.82099914550781,98.38899993896484,95.0999984741211,97.77300262451172,94.65034484863281,19789000
2023-11-20,97.30000305175781,99.98699951171875,97.30000305175781,99.57099914550781,96.3908920288086,18674000
2023-11-21,97.5,99.0999984741211,97.16300201416016,98.12000274658203,94.98625946044922,43344000
2023-11-22,98.36900329589844,98.79900360107422,97.0999984741211,97.19999694824219,94.09563446044922,33743000
2023-11-24,97.49600219726562,97.98600006103516,96.67500305175781,97.88700103759766,94.76068878173828,23158000
2023-11-27,97.61499786376953,98.10099792480469,94.93299865722656,95.02400207519531,91.98912811279297,96962000
2023-11-28,93.99400329589844,95.08599853515625,93.41600036621094,94.63500213623047,91.612548828125,39025000
2023-11-29,94.83399963378906,95.94300079345703,93.93699645996094,94.08300018310547,91.07817840576172,34843000
2023-11-30,94.0999984741211,94.24199676513672,91.83699798583984,92.572998046875,89.61640930175781,49571000
2023-12-01,92.24600219726562,93.38999938964844,90.80000305175781,93.0,90.02977752685547,29612000
2023-12-04,92.06400299072266,93.09700012207031,91.64399719238281,92.39700317382812,89.446044921875,25009000
2023-12-05,91.16000366210938,91.72699737548828,90.58499908447266,91.31199645996094,88.39567565917969,37066000
2023-12-06,92.03600311279297,92.09700012207031,90.30999755859375,90.36399841308594,87.47795867919922,24813000
2023-12-07,90.55400085449219,92.41200256347656,90.36399841308594,92.22599792480469,89.2804946899414,43517000
2023-12-08,92.78399658203125,95.072998046875,91.0530014038086,94.43000030517578,91.41410827636719,69668000
2023-12-11,95.70099639892578,103.95099639892578,95.60900115966797,102.92400360107422,99.63682556152344,101184000
2023-12-12,102.79900360107422,107.93900299072266,102.45800018310547,107.22799682617188,103.8033447265625,90242000
2023-12-13,106.80000305175781,109.97799682617188,106.25399780273438,108.96900177001953,105.48876190185547,71654000
2023-12-14,109.21800231933594,112.14600372314453,109.02799987792969,110.64900207519531,107.11509704589844,66964000
2023-12-15,109.52200317382812,114.98799896240234,109.46199798583984,112.9739990234375,109.36585998535156,118544000
2023-12-18,112.08000183105469,115.18199920654297,111.86399841308594,114.69999694824219,111.03671264648438,54741000
2023-12-19,114.19999694824219,115.0459976196289,113.2509994506836,113.95800018310547,110.82568359375,36020000
2023-12-20,113.2699966430664,114.13600158691406,110.9260025024414,111.03800201416016,107.98594665527344,34523000
2023-12-21,113.26499938964844,113.54199981689453,111.5,112.72899627685547,109.63046264648438,24106000
2023-12-22,112.7979965209961,113.19999694824219,111.35299682617188,112.197998046875,109.11406707763672,19089000
2023-12-26,112.42400360107422,113.55000305175781,112.302001953125,113.18900299072266,110.07783508300781,16793000
2023-12-27,113.5999984741211,113.95700073242188,112.2959976196289,112.61699676513672,109.52153778076172,20055000
2023-12-28,113.16899871826172,113.2239990234375,111.90499877929688,112.24099731445312,109.15586853027344,21247000
2023-12-29,112.14600372314453,112.43800354003906,111.46700286865234,111.625,108.55680847167969,20558000
2024-01-02,109.21199798583984,110.19999694824219,107.70899963378906,108.53800201416016,105.55465698242188,28831000
2024-01-03,107.0199966430664,107.5,105.53099822998047,105.85800170898438,102.94833374023438,34735000
2024-01-04,105.7959976196289,106.94999694824219,104.73699951171875,104.9010009765625,102.01763916015625,25658000
2024-01-05,105.16000366210938,105.5459976196289,104.1510009765625,104.9280014038086,102.04388427734375,22475000
2024-01-08,105.6500015258789,107.80000305175781,105.19999694824219,107.48500061035156,104.53060913085938,33110000
2024-01-09,106.56199645996094,108.8550033569336,106.47100067138672,108.2490005493164,105.27361297607422,23225000
2024-01-10,108.03500366210938,108.2959976196289,106.26000213623047,108.05699920654297,105.0868911743164,17643000
2024-01-11,108.43199920654297,110.12999725341797,107.45099639892578,109.99800109863281,106.97454071044922,25757000
2024-01-12,111.20999908447266,111.56900024414062,110.0009994506836,110.76799774169922,107.72337341308594,26882000
2024-01-16,111.23400115966797,112.6240005493164,109.86299896240234,111.49600219726562,108.43135833740234,26145000
2024-01-17,110.62899780273438,111.31099700927734,109.02100372314453,110.36699676513672,107.33338928222656,18314000
2024-01-18,112.48999786376953,114.65499877929688,112.18800354003906,114.39099884033203,111.24678802490234,32228000
2024-01-19,115.73100280761719,121.69999694824219,115.5999984741211,121.12000274658203,117.79084014892578,53077000
2024-01-22,121.625,123.13300323486328,120.8219985961914,122.05000305175781,118.69525909423828,31222000
2024-01-23,122.0999984741211,122.697998046875,120.35199737548828,122.63099670410156,119.26028442382812,16952000
2024-01-24,124.2300033569336,128.4550018310547,123.10099792480469,125.38700103759766,121.94053649902344,34805000
2024-01-25,128.10000610351562,128.10000610351562,122.87999725341797,123.0,119.619140625,36356000
2024-01-26,121.97000122070312,122.12100219726562,120.02300262451172,120.48799896240234,117.17618560791016,25818000
2024-01-29,121.49099731445312,122.36699676513672,120.4990005493164,121.7770004272461,118.42975616455078,21526000
2024-01-30,121.677001953125,122.80000305175781,120.42900085449219,120.81600189208984,117.49518585205078,20683000
2024-01-31,118.94499969482422,119.72200012207031,117.43099975585938,118.0,114.75658416748047,27400000
2024-02-01,118.73500061035156,120.30899810791016,117.91100311279297,120.0009994506836,116.70259094238281,19411000
2024-02-02,120.875,123.46900177001953,120.51499938964844,122.43399810791016,119.06871032714844,26689000
2024-02-05,122.69599914550781,124.7750015258789,122.21499633789062,124.30999755859375,120.89313507080078,22045000
2024-02-06,126.35700225830078,127.21099853515625,121.19400024414062,122.26499938964844,118.90434265136719,25354000
2024-02-07,123.4000015258789,125.95099639892578,122.66999816894531,125.70600128173828,122.25077056884766,25768000
2024-02-08,126.69999694824219,129.5970001220703,126.5009994506836,127.47599792480469,123.97212219238281,29326000
2024-02-09,125.2030029296875,128.5749969482422,124.89900207519531,128.343994140625,124.81624603271484,26293000
2024-02-12,129.00100708007812,129.0070037841797,125.9000015258789,126.5,123.02294921875,24778000
2024-02-13,123.51200103759766,125.58699798583984,122.70899963378906,125.16500091552734,121.72465515136719,31907000
2024-02-14,126.92400360107422,127.30000305175781,124.13200378417969,126.22200012207031,122.75260925292969,27306000
2024-02-15,127.99500274658203,128.0,124.48500061035156,126.50700378417969,123.0297622680664,21873000
2024-02-16,125.90399932861328,127.56800079345703,124.23899841308594,124.5479965209961,121.12459564208984,21268000
2024-02-20,123.58599853515625,123.77200317382812,121.25599670410156,122.65499877929688,119.28363037109375,26329000
2024-02-21,121.80000305175781,122.80500030517578,120.26399993896484,122.74500274658203,119.37117004394531,20579000
2024-02-22,128.17100524902344,131.09800720214844,127.64700317382812,130.49000549316406,126.9032974243164,40819000
2024-02-23,130.83700561523438,131.96200561523438,128.8820037841797,129.63699340820312,126.07373046875,23115000
2024-02-26,131.0,131.87899780273438,130.14599609375,130.91299438476562,127.31465148925781,16282000
2024-02-27,130.91299438476562,131.19400024414062,129.2220001220703,129.6230010986328,126.06010437011719,12126000
2024-02-28,129.3000030517578,129.8520050048828,128.2969970703125,128.94200134277344,125.3978271484375,10967000
2024-02-29,130.33099365234375,130.83999633789062,128.72799682617188,130.0489959716797,126.47440338134766,27536000
2024-03-01,132.59300231933594,140.7760009765625,132.0,139.91700744628906,136.07115173339844,44488000
2024-03-04,140.31500244140625,143.81700134277344,138.5189971923828,140.2259979248047,136.37167358398438,34854000
2024-03-05,139.5,139.5,133.23699951171875,134.27499389648438,130.58421325683594,36040000
2024-03-06,139.1580047607422,139.48300170898438,134.70599365234375,135.0,131.28933715820312,43196000
2024-03-07,138.19900512695312,141.43099975585938,137.28900146484375,140.7010040283203,136.8336181640625,62832000
2024-03-08,139.4250030517578,141.3000030517578,130.1580047607422,130.8719940185547,127.27477264404297,74025000
2024-03-11,127.79299926757812,129.90199279785156,125.25599670410156,129.31199645996094,125.75764465332031,31105000
2024-03-12,130.6999969482422,130.7790069580078,125.9280014038086,129.18800354003906,125.63706970214844,42789000
2024-03-13,128.28799438476562,128.28799438476562,125.23600006103516,125.78700256347656,122.32954406738281,37838000
2024-03-14,126.25399780273438,127.31300354003906,124.77100372314453,126.22699737548828,122.75745391845703,38029000
2024-03-15,125.34600067138672,126.73699951171875,123.00700378417969,123.55000305175781,120.15404510498047,88823000
2024-03-18,125.39800262451172,126.28800201416016,123.16999816894531,123.7239990234375,120.32324981689453,25737000
2024-03-19,121.69499969482422,124.0270004272461,120.4020004272461,123.8010025024414,120.39813995361328,24491000
2024-03-20,123.9020004272461,128.7989959716797,122.65899658203125,127.5999984741211,124.62120056152344,40946000
2024-03-21,132.83200073242188,140.36099243164062,131.60000610351562,134.8000030517578,131.65313720703125,72468000
2024-03-22,135.0,137.6219940185547,134.61500549316406,135.3470001220703,132.18731689453125,38624000
2024-03-25,134.5030059814453,135.843994140625,133.7469940185547,135.1580047607422,132.00274658203125,21237000
2024-03-26,136.468994140625,137.99400329589844,133.05099487304688,133.1490020751953,130.04066467285156,23522000
2024-03-27,135.0,135.0,129.6020050048828,131.8730010986328,128.79441833496094,25583000
2024-03-28,131.7899932861328,133.00900268554688,131.1529998779297,132.54100036621094,129.44683837890625,19856000
2024-04-01,132.5679931640625,136.29800415039062,132.54100036621094,135.0260009765625,131.87384033203125,17252000
2024-04-02,131.57899475097656,134.23699951171875,130.34100341796875,133.87600708007812,130.75067138671875,24694000
2024-04-03,132.8000030517578,137.6820068359375,132.52699279785156,136.3209991455078,133.13861083984375,28650000
2024-04-04,138.53199768066406,140.3979949951172,131.5,131.75,128.67430114746094,27014000
2024-04-05,132.60000610351562,136.1230010986328,131.4199981689453,133.9429931640625,130.8160858154297,19438000
2024-04-08,133.36500549316406,134.25,131.5749969482422,133.61000061035156,130.49087524414062,17139000
2024-04-09,135.73699951171875,135.947998046875,130.86399841308594,133.4080047607422,130.29364013671875,17986000
2024-04-10,132.3000030517578,133.5749969482422,131.54800415039062,132.23699951171875,129.1499481201172,17467000
2024-04-11,133.26800537109375,139.18699645996094,132.36500549316406,138.24600219726562,135.0186767578125,31713000
2024-04-12,135.2010040283203,136.6510009765625,133.66200256347656,134.40699768066406,131.26925659179688,27823000
2024-04-15,137.0,137.0,130.60000610351562,131.06900024414062,128.00921630859375,24370000
2024-04-16,131.53799438476562,133.6320037841797,131.10000610351562,132.906005859375,129.80331420898438,18923000
2024-04-17,134.31100463867188,134.6999969482422,128.14199829101562,128.26300048828125,125.26870727539062,24718000
2024-04-18,128.8000030517578,129.26499938964844,125.5459976196289,125.89900207519531,122.95990753173828,24888000
2024-04-19,125.89900207519531,126.0,119.75599670410156,120.47100067138672,117.65861511230469,44797000
2024-04-22,122.44999694824219,123.31999969482422,120.05400085449219,122.44599914550781,119.5875015258789,25162000
2024-04-23,122.81700134277344,125.79000091552734,122.802001953125,124.91899871826172,122.00277709960938,22025000
2024-04-24,126.38999938964844,128.56199645996094,124.49600219726562,125.68199920654297,122.74797058105469,20108000
2024-04-25,127.24500274658203,130.80299377441406,125.69999694824219,129.44200134277344,126.4201889038086,30410000
2024-04-26,131.0,135.58299255371094,130.31300354003906,134.40699768066406,131.26925659179688,24100000
2024-04-29,134.4080047607422,135.29800415039062,132.57000732421875,133.86199951171875,130.73699951171875,13372000
2024-04-30,132.88800048828125,134.8350067138672,129.90499877929688,130.02699279785156,126.99150848388672,22113000
2024-05-01,127.83300018310547,129.23699951171875,124.13500213623047,124.28600311279297,121.38455200195312,30958000
2024-05-02,125.62799835205078,126.44499969482422,122.33100128173828,123.85700225830078,120.965576171875,29480000
2024-05-03,125.9000015258789,128.38800048828125,124.71399688720703,127.81099700927734,124.82726287841797,24898000
2024-05-06,128.6219940185547,131.07699584960938,127.50700378417969,131.031005859375,127.97209930419922,16287000
2024-05-07,131.6439971923828,131.8990020751953,129.67599487304688,130.31100463867188,127.26890563964844,12413000
2024-05-08,129.35000610351562,133.79100036621094,128.8489990234375,132.53700256347656,129.44293212890625,13918000
2024-05-09,131.7830047607422,132.16099548339844,130.1999969482422,130.56700134277344,127.51895141601562,12170000
2024-05-10,131.531005859375,134.39999389648438,131.531005859375,133.27999877929688,130.16859436035156,16300000
2024-05-13,134.8000030517578,135.83900451660156,133.01100158691406,133.75100708007812,130.6286163330078,18507000
2024-05-14,133.23399353027344,138.19900512695312,132.5800018310547,138.0030059814453,134.78135681152344,19420000
2024-05-15,138.0,143.89500427246094,136.9980010986328,143.61700439453125,140.26426696777344,32757000
2024-05-16,142.60000610351562,144.5399932861328,140.50599670410156,141.21299743652344,137.91639709472656,28395000
2024-05-17,141.24200439453125,141.9530029296875,138.17799377441406,139.5290069580078,136.271728515625,18174000
2024-05-20,139.60000610351562,141.69400024414062,139.3159942626953,141.4029998779297,138.10195922851562,27170000
2024-05-21,139.8679962158203,140.93899536132812,139.3459930419922,139.9199981689453,136.65359497070312,15333000
2024-05-22,139.6009979248047,140.5,138.4219970703125,139.2239990234375,135.9738311767578,21002000
2024-05-23,142.84300231933594,142.89999389648438,137.8000030517578,139.32899475097656,136.0763702392578,31039000
2024-05-24,139.97900390625,141.35800170898438,139.20199584960938,140.78399658203125,137.4973907470703,16730000
2024-05-28,141.0,141.71800231933594,139.25399780273438,141.2449951171875,137.94766235351562,22919000
2024-05-29,139.91000366210938,139.91000366210938,138.3000030517578,139.06700134277344,135.82049560546875,26861000
2024-05-30,137.89999389648438,138.2779998779297,135.56399536132812,136.4080047607422,133.2235870361328,21717000
2024-05-31,136.13600158691406,136.2550048828125,130.7259979248047,132.85499572753906,129.7534942626953,73091000
2024-06-03,135.27000427246094,135.3000030517578,130.2530059814453,132.19000244140625,129.10403442382812,26278000
2024-06-04,132.0399932861328,133.19900512695312,130.7010040283203,133.08200073242188,129.97523498535156,23048000
2024-06-05,134.60000610351562,141.43499755859375,134.0540008544922,141.3090057373047,138.01016235351562,32947000
2024-06-06,142.18699645996094,142.2689971923828,138.82400512695312,140.1269989013672,136.8557586669922,20172000
2024-06-07,140.7779998779297,142.5,139.70199584960938,140.66400146484375,137.38021850585938,17859000
2024-06-10,140.97999572753906,144.90499877929688,140.91299438476562,144.0469970703125,140.6842498779297,31042000
2024-06-11,143.82000732421875,146.50100708007812,141.6230010986328,146.10299682617188,142.6922607421875,34844000
2024-06-12,150.0,150.5800018310547,147.63999938964844,149.55099487304688,146.0597381591797,56697000
2024-06-13,171.0,173.5850067138672,165.2519989013672,167.8990020751953,163.9794158935547,89061000
2024-06-14,168.68600463867188,174.7239990234375,168.2100067138672,173.50399780273438,169.4535675048828,69705000
2024-06-17,180.0,184.3000030517578,177.85800170898438,182.88699340820312,178.6175079345703,87528000
2024-06-18,183.95899963378906,185.16200256347656,178.50100708007812,180.2519989013672,176.0440216064453,86797000
2024-06-20,180.3459930419922,180.47500610351562,172.2220001220703,173.45599365234375,169.40670776367188,68157000
2024-06-21,169.5659942626953,171.39999389648438,165.14199829101562,165.86300659179688,161.990966796875,99289000
2024-06-24,164.2050018310547,166.10000610351562,159.0659942626953,159.2209930419922,155.9977569580078,58575000
2024-06-25,160.01300048828125,160.60400390625,156.39999389648438,158.07899475097656,154.87887573242188,53329000
2024-06-26,159.76199340820312,161.8179931640625,157.35899353027344,159.1999969482422,155.9772186279297,46479000
2024-06-27,159.1999969482422,160.56199645996094,157.10000610351562,158.66600036621094,155.4540252685547,31649000
2024-06-28,159.58799743652344,163.92300415039062,158.60000610351562,160.55299377441406,157.3028106689453,69377000
2024-07-01,160.82000732421875,164.875,159.35000610351562,164.0800018310547,160.7584228515625,47623000
2024-07-02,164.0800018310547,165.9199981689453,162.1999969482422,165.7480010986328,162.39263916015625,32539000
2024-07-03,167.0,172.9219970703125,166.4459991455078,172.9219970703125,169.42140197753906,39954000
2024-07-05,175.55599975585938,176.5469970703125,169.60000610351562,170.33099365234375,166.88287353515625,45240000
2024-07-08,170.5,175.69000244140625,170.5,174.58599853515625,171.0517120361328,36398000
2024-07-09,175.656005859375,177.09800720214844,170.55599975585938,173.33099365234375,169.8221435546875,37802000
2024-07-10,174.60000610351562,176.6490020751953,172.63600158691406,174.468994140625,170.9370880126953,41074000
2024-07-11,176.46600341796875,176.48699951171875,166.85000610351562,170.59500122070312,167.14154052734375,51026000
2024-07-12,171.10299682617188,172.59100341796875,169.13099670410156,170.06700134277344,166.62420654296875,30453000
2024-07-15,170.0,173.50999450683594,169.25999450683594,171.4199981689453,167.9498291015625,22999200
2024-07-16,172.39999389648438,172.80999755859375,166.39999389648438,169.3800048828125,165.9511260986328,22244900
2024-07-17,162.30999755859375,162.83999633789062,155.61000061035156,155.97999572753906,152.82237243652344,43343400
2024-07-18,158.88999938964844,161.50999450683594,153.89999389648438,160.52000427246094,157.27049255371094,37973500
2024-07-19,161.83999633789062,163.9499969482422,157.1199951171875,157.35000610351562,154.16465759277344,26309500
2024-07-22,160.22999572753906,162.99000549316406,157.89999389648438,161.05999755859375,157.79953002929688,28813300
2024-07-23,160.39999389648438,165.3300018310547,159.89999389648438,163.77000427246094,160.45468139648438,21570200
2024-07-24,160.35000610351562,161.41000366210938,151.10000610351562,151.33999633789062,148.27630615234375,37162600
2024-07-25,151.25999450683594,153.5500030517578,145.52000427246094,149.25999450683594,146.23841857910156,30872100
2024-07-26,153.5,153.5800018310547,149.9199981689453,151.6300048828125,148.5604705810547,20839900
2024-07-29,152.02000427246094,155.0,149.14999389648438,150.22000122070312,147.17898559570312,16625800
2024-07-30,153.27999877929688,153.47000122070312,143.35000610351562,143.52000427246094,140.61463928222656,31102300
2024-07-31,151.47000122070312,161.3300018310547,151.0,160.67999267578125,157.42723083496094,45827500
2024-08-01,157.5,158.91000366210938,146.1699981689453,147.02000427246094,144.04376220703125,40320000
2024-08-02,141.92999267578125,145.35000610351562,139.60000610351562,143.82000732421875,140.90855407714844,33745800
2024-08-05,129.61000061035156,145.4199981689453,128.5,142.0800018310547,139.20376586914062,41309300
2024-08-06,141.72999572753906,148.91000366210938,140.25,143.9199981689453,141.00650024414062,24751300
2024-08-07,148.25,150.10000610351562,135.8300018310547,136.27000427246094,133.5113983154297,29749800
2024-08-08,141.1999969482422,146.27000427246094,138.39999389648438,145.74000549316406,142.7896728515625,27583200
2024-08-09,144.1999969482422,149.5500030517578,144.11000061035156,148.25999450683594,145.25865173339844,18438700
2024-08-12,148.0800018310547,151.1300048828125,146.3699951171875,148.6199951171875,145.61138916015625,17778500
2024-08-13,151.5500030517578,156.3800048828125,149.80999755859375,156.16000366210938,152.99874877929688,22053600
2024-08-14,158.02000427246094,160.25,154.72000122070312,157.69000244140625,154.49774169921875,20184200
2024-08-15,161.1999969482422,166.6699981689453,160.33999633789062,166.1300048828125,162.76690673828125,27945000
2024-08-16,164.47000122070312,166.08999633789062,162.67999267578125,165.72000122070312,162.36520385742188,19296900
2024-08-19,164.86000061035156,167.8300018310547,160.4199981689453,167.7100067138672,164.31494140625,20441700
2024-08-20,167.0500030517578,168.3699951171875,164.14999389648438,165.9499969482422,162.59056091308594,19417500
2024-08-21,165.1199951171875,166.47000122070312,162.8800048828125,165.77999877929688,162.4239959716797,16097700
2024-08-22,170.83999633789062,172.4199981689453,161.49000549316406,162.33999633789062,159.0536346435547,30044500
2024-08-23,165.02999877929688,168.27999877929688,163.4600067138672,166.36000061035156,162.9922637939453,18848000
2024-08-26,164.9600067138672,165.6999969482422,158.66000366210938,159.6199951171875,156.38868713378906,18521200
2024-08-27,157.60000610351562,162.02999877929688,155.8300018310547,161.38999938964844,158.1228790283203,16683100
2024-08-28,160.0800018310547,162.27999877929688,156.25,158.17999267578125,154.97784423828125,18063600
2024-08-29,158.49000549316406,163.1999969482422,155.41000366210938,156.92999267578125,153.75314331054688,23519300
2024-08-30,161.1199951171875,163.24000549316406,158.7100067138672,162.82000732421875,159.52392578125,25158500
2024-09-03,160.3800048828125,160.74000549316406,151.3800048828125,152.7899932861328,149.6969451904297,37179100
2024-09-04,150.3000030517578,157.7899932861328,149.14999389648438,154.1199951171875,151.00001525878906,20324100
2024-09-05,150.57000732421875,156.36000061035156,150.11000061035156,152.82000732421875,149.72633361816406,31548500
2024-09-06,143.25,143.5,136.60000610351562,137.0,134.22662353515625,76634600
2024-09-09,139.11000061035156,141.58999633789062,134.89999389648438,140.82000732421875,137.9692840576172,39516700
2024-09-10,141.22000122070312,149.86000061035156,141.0399932861328,148.2100067138672,145.2096710205078,36067500
2024-09-11,148.38999938964844,158.8699951171875,145.0399932861328,158.27000427246094,155.0660400390625,39700800
2024-09-12,158.10000610351562,166.32000732421875,156.8300018310547,164.55999755859375,161.22869873046875,43530700
2024-09-13,166.74000549316406,168.0800018310547,164.0399932861328,167.69000244140625,164.2953338623047,29850000
2024-09-16,165.19000244140625,165.5,160.41000366210938,164.02000427246094,160.6996307373047,26126900
2024-09-17,165.49000549316406,166.02000427246094,160.6999969482422,162.47000122070312,159.1809844970703,19844300
2024-09-18,163.77000427246094,167.47000122070312,161.36000061035156,161.6699981689453,158.397216796875,26557600
2024-09-19,167.67999267578125,170.0,165.66000366210938,167.4199981689453,164.57029724121094,32453100
2024-09-20,167.17999267578125,172.02000427246094,166.47000122070312,171.10000610351562,168.1876678466797,91758500
2024-09-23,172.0,173.32000732421875,168.35000610351562,172.94000244140625,169.99635314941406,29431100
2024-09-24,172.80999755859375,175.99000549316406,171.67999267578125,174.83999633789062,171.86399841308594,34223400
2024-09-25,174.64999389648438,177.13999938964844,173.75999450683594,175.52000427246094,172.53244018554688,16613800
2024-09-26,178.5,180.25,175.0,178.08999633789062,175.05870056152344,24340000
2024-09-27,178.1699981689453,178.47000122070312,171.75999450683594,172.69000244140625,169.7506103515625,20580900
2024-09-30,171.8699951171875,172.9199981689453,169.6300048828125,172.5,169.5638427734375,16902000
2024-10-01,172.16000366210938,172.25,165.8000030517578,167.47000122070312,164.61944580078125,23770400
2024-10-02,167.5500030517578,172.83999633789062,167.02000427246094,170.66000366210938,167.75514221191406,14317800
2024-10-03,169.6199951171875,174.94000244140625,169.19000244140625,171.88999938964844,168.9642333984375,13072300
2024-10-04,176.3000030517578,176.89999389648438,172.60000610351562,176.63999938964844,173.6333770751953,17921400
2024-10-07,174.82000732421875,178.30999755859375,173.86000061035156,175.0800018310547,172.09991455078125,15588300
2024-10-08,175.4199981689453,181.60000610351562,174.88999938964844,180.72999572753906,177.6537322998047,20774200
2024-10-09,179.24000549316406,186.4199981689453,176.4199981689453,185.9499969482422,182.78489685058594,25504100
2024-10-10,183.55999755859375,186.30999755859375,182.52999877929688,185.69000244140625,182.52931213378906,16318000
2024-10-11,181.13999938964844,182.58999633789062,177.39999389648438,181.47999572753906,178.3909912109375,23070000
2024-10-14,183.3000030517578,184.9499969482422,180.1300048828125,182.30999755859375,179.20684814453125,17195800
2024-10-15,180.7899932861328,181.6999969482422,173.3699951171875,175.97999572753906,172.98460388183594,27657500
2024-10-16,178.50999450683594,179.25,175.3300018310547,176.82000732421875,173.810302734375,15285100
2024-10-17,181.3699951171875,185.50999450683594,180.69000244140625,181.52999877929688,178.44012451171875,25232400
2024-10-18,182.32000732421875,182.7100067138672,178.67999267578125,179.88999938964844,176.8280487060547,17835200
2024-10-21,179.3800048828125,181.72000122070312,178.25,179.99000549316406,176.9263458251953,13695100
2024-10-22,178.66000366210938,180.69000244140625,177.41000366210938,179.3800048828125,176.3267364501953,12062600
2024-10-23,177.58999633789062,178.97999572753906,172.57000732421875,173.50999450683594,170.55662536621094,19513700
2024-10-24,174.25999450683594,174.3000030517578,169.5,171.35000610351562,168.43344116210938,20485200
2024-10-25,174.19000244140625,176.8000030517578,172.72000122070312,173.0,170.05532836914062,19977700
2024-10-28,173.0,173.97000122070312,171.35000610351562,172.02000427246094,169.0919952392578,13195800
2024-10-29,172.44000244140625,180.22999572753906,171.2100067138672,179.24000549316406,176.18911743164062,23702300
2024-10-30,177.47000122070312,179.19000244140625,175.6199951171875,176.63999938964844,173.6333770751953,17911500
2024-10-31,174.4499969482422,174.4499969482422,167.3800048828125,169.77000427246094,166.88031005859375,26086600
2024-11-01,168.25999450683594,171.3300018310547,167.5,168.9199981689453,166.0447540283203,17847000
2024-11-04,169.27999877929688,172.4499969482422,168.4199981689453,168.5500030517578,165.68106079101562,13621300
2024-11-05,170.0500030517578,174.39999389648438,170.0500030517578,173.89999389648438,170.94000244140625,13441800
2024-11-06,179.6300048828125,180.2100067138672,175.9600067138672,179.5500030517578,176.49383544921875,24300800
2024-11-07,181.99000549316406,184.8699951171875,181.7899932861328,183.80999755859375,180.68130493164062,18970600
2024-11-08,182.99000549316406,185.0500030517578,181.8300018310547,183.63999938964844,180.51422119140625,13503200
2024-11-11,183.39999389648438,183.6300048828125,176.82000732421875,178.91000366210938,175.86473083496094,17036700
2024-11-12,178.89999389648438,179.55999755859375,173.1999969482422,176.22000122070312,173.22052001953125,15862000
2024-11-13,174.7100067138672,175.58999633789062,172.60000610351562,173.5800018310547,170.6254425048828,17472500
2024-11-14,174.77000427246094,175.57000732421875,169.8699951171875,170.3800048828125,167.4799041748047,20638900
2024-11-15,168.47000122070312,169.13999938964844,163.42999267578125,164.83999633789062,162.03419494628906,20836200
2024-11-18,165.66000366210938,166.35000610351562,162.22000122070312,165.6699981689453,162.85009765625,17856900
2024-11-19,166.66000366210938,166.8000030517578,164.30999755859375,165.35000610351562,162.5355224609375,18003400
2024-11-20,165.5399932861328,165.5399932861328,160.86000061035156,163.25,160.47128295898438,17196700
2024-11-21,166.25,166.33999633789062,160.60000610351562,163.94000244140625,161.14952087402344,24835300
2024-11-22,164.3000030517578,164.91000366210938,162.39999389648438,164.22999572753906,161.4346160888672,17332500
2024-11-25,165.39999389648438,167.22999572753906,162.88999938964844,164.82000732421875,162.0145721435547,26850600
2024-11-26,164.60000610351562,166.3699951171875,162.69000244140625,164.74000549316406,161.93592834472656,16308800
2024-11-27,163.1999969482422,163.1999969482422,157.5399932861328,159.6699981689453,156.9522247314453,19722700
2024-11-29,159.57000732421875,162.69000244140625,159.0800018310547,162.0800018310547,159.3211669921875,11024000
2024-12-02,162.9499969482422,168.3800048828125,162.75,166.50999450683594,163.67578125,21472400
2024-12-03,164.47999572753906,168.27000427246094,164.02999877929688,168.14999389648438,165.2878875732422,17024400
2024-12-04,173.44000244140625,175.38999938964844,168.55999755859375,170.55999755859375,167.65684509277344,32748200
2024-12-05,170.75,172.39999389648438,169.1999969482422,170.47000122070312,167.56837463378906,18490000
2024-12-06,170.10000610351562,180.67999267578125,169.3300018310547,179.52999877929688,176.47418212890625,27830800
2024-12-09,178.9499969482422,180.7899932861328,176.02000427246094,178.94000244140625,175.8942413330078,20886300
2024-12-10,177.80999755859375,178.5,169.72999572753906,171.80999755859375,168.8855743408203,27762600
2024-12-11,180.00999450683594,184.8699951171875,176.42999267578125,183.1999969482422,180.08168029785156,41295200
2024-12-12,180.92999267578125,182.0,175.99000549316406,180.66000366210938,177.58493041992188,46967200
2024-12-13,213.89999389648438,228.6999969482422,211.11000061035156,224.8000030517578,220.97361755371094,121336600
2024-12-16,231.7899932861328,251.8800048828125,230.80999755859375,250.0,245.74468994140625,111623200
2024-12-17,240.64999389648438,242.47000122070312,233.8000030517578,240.22999572753906,236.1409912109375,70382100
2024-12-18,239.41000366210938,239.85000610351562,219.22000122070312,223.6199951171875,219.813720703125,53960100
2024-12-19,227.91000366210938,228.0500030517578,217.5800018310547,218.32000732421875,214.6039276123047,40845200
2024-12-20,220.36000061035156,230.2899932861328,218.91000366210938,220.7899932861328,217.0318603515625,131910400
2024-12-23,226.69000244140625,233.39999389648438,225.1300048828125,232.35000610351562,229.007080078125,40643800
2024-12-24,240.1199951171875,240.22999572753906,234.8000030517578,239.67999267578125,236.23158264160156,22827200
2024-12-26,240.0,247.27999877929688,237.60000610351562,245.36000061035156,241.82989501953125,28459000
2024-12-27,245.63999938964844,245.77999877929688,236.35000610351562,241.75,238.27182006835938,29282200
2024-12-30,234.6999969482422,238.77000427246094,231.6199951171875,235.5800018310547,232.19058227539062,27316800
2024-12-31,235.8800048828125,237.4600067138672,231.30999755859375,231.83999633789062,228.50439453125,17927700
2025-01-02,236.16000366210938,239.5,230.24000549316406,231.97999572753906,228.64239501953125,31525800
2025-01-03,233.58999633789062,236.49000549316406,229.0,232.5500030517578,229.20419311523438,24973200
2025-01-06,236.5,241.75,233.3000030517578,236.41000366210938,233.0086669921875,34028400
2025-01-07,239.5,239.5,227.60000610351562,228.63999938964844,225.35043334960938,25928600
2025-01-08,229.6999969482422,232.47000122070312,226.05999755859375,229.30999755859375,226.0107879638672,18756500
2025-01-10,227.3000030517578,227.8300018310547,221.25,224.30999755859375,221.08273315429688,23864000
2025-01-13,219.99000549316406,229.25999450683594,219.50999450683594,225.2899932861328,222.0486297607422,23772100
2025-01-14,226.57000732421875,230.25999450683594,223.10000610351562,224.6999969482422,221.4671173095703,18143100
2025-01-15,228.5500030517578,230.33999633789062,225.5800018310547,228.0,224.7196807861328,21745600
2025-01-16,235.22000122070312,238.60000610351562,229.2100067138672,229.41000366210938,226.10935974121094,23471900
2025-01-17,237.0800018310547,238.10000610351562,232.66000366210938,237.44000244140625,234.02381896972656,31196600
2025-01-21,241.5,242.75,237.39999389648438,240.30999755859375,236.85255432128906,30903200
2025-01-22,246.75,246.99000549316406,240.69000244140625,240.91000366210938,237.44390869140625,29610500
2025-01-23,238.41000366210938,240.39999389648438,236.1199951171875,240.27999877929688,236.82296752929688,17653900
2025-01-24,244.6999969482422,249.58999633789062,241.91000366210938,244.6999969482422,241.1793670654297,25387800
2025-01-27,213.39999389648438,218.42999267578125,196.22999572753906,202.1300048828125,199.2218475341797,90569400
2025-01-28,208.00999450683594,209.9499969482422,198.88999938964844,207.36000061035156,204.37661743164062,50316000
2025-01-29,208.83999633789062,211.4499969482422,202.77000427246094,206.35000610351562,203.38116455078125,32533700
2025-01-30,218.57000732421875,221.9600067138672,213.6999969482422,215.66000366210938,212.5572052001953,42449500
2025-01-31,219.66000366210938,226.8000030517578,216.3000030517578,221.27000427246094,218.08651733398438,41104700
2025-02-03,215.4600067138672,220.94000244140625,213.50999450683594,217.72999572753906,214.59738159179688,24507300
2025-02-04,219.35000610351562,223.02999877929688,215.3000030517578,222.42999267578125,219.22976684570312,23768500
2025-02-05,233.94000244140625,237.92999267578125,227.5,232.0,228.66209411621094,29196000
2025-02-06,234.5,234.8000030517578,228.55999755859375,231.36000061035156,228.0313262939453,21169500
2025-02-07,235.0,235.64999389648438,224.11000061035156,224.8699951171875,221.63467407226562,22117500
2025-02-10,227.42999267578125,235.82000732421875,227.1199951171875,235.0399932861328,231.6583709716797,23901600
2025-02-11,232.47999572753906,237.88999938964844,229.97000122070312,235.0399932861328,231.6583709716797,18476200
2025-02-12,230.36000061035156,236.47999572753906,230.0,236.35000610351562,232.94952392578125,16397300
2025-02-13,236.05999755859375,236.9499969482422,230.72999572753906,235.8000030517578,232.40744018554688,20962000
2025-02-14,234.52999877929688,235.74000549316406,228.89999389648438,233.0399932861328,229.6871337890625,16988800
2025-02-18,230.10000610351562,232.1999969482422,224.3000030517578,228.52999877929688,225.2420196533203,26080500
2025-02-19,227.85000610351562,229.07000732421875,224.39999389648438,228.72999572753906,225.43914794921875,16375500
2025-02-20,228.64999389648438,228.97999572753906,222.75,226.74000549316406,223.47776794433594,16104000
2025-02-21,225.64999389648438,227.75,215.6300048828125,218.66000366210938,215.51402282714844,24883600
2025-02-24,218.60000610351562,219.47999572753906,207.5399932861328,207.92999267578125,204.9384002685547,33050400
2025-02-25,207.0,208.63999938964844,200.9199981689453,202.5399932861328,199.6259307861328,33100800
2025-02-26,206.91000366210938,213.5399932861328,206.0,212.94000244140625,209.87632751464844,21368300
2025-02-27,217.27999877929688,219.25,197.39999389648438,197.8000030517578,194.9541473388672,27572900
2025-02-28,195.75999450683594,201.19000244140625,193.14999389648438,199.42999267578125,196.56068420410156,39747200
2025-03-03,204.0,204.05999755859375,184.52999877929688,187.3699951171875,184.67420959472656,37435600
2025-03-04,189.22000122070312,193.9499969482422,180.47999572753906,187.47999572753906,184.78262329101562,37910500
2025-03-05,191.86000061035156,194.0800018310547,187.10000610351562,191.5800018310547,188.8236541748047,25644500
2025-03-06,181.0399932861328,186.8300018310547,177.61000061035156,179.4499969482422,176.86814880371094,56864100
2025-03-07,187.72999572753906,195.47999572753906,181.55999755859375,194.9600067138672,192.15499877929688,74528900
2025-03-10,189.60000610351562,191.97999572753906,180.42999267578125,184.4499969482422,181.7962188720703,44217100
2025-03-11,188.0500030517578,195.6199951171875,185.35000610351562,190.08999633789062,187.35507202148438,42153200
2025-03-12,196.22000122070312,199.97999572753906,192.4499969482422,194.22999572753906,191.43553161621094,30409700
2025-03-13,193.14999389648438,196.32000732421875,189.47000122070312,191.36000061035156,188.60678100585938,27236100
2025-03-14,196.1999969482422,197.5,193.1999969482422,195.5399932861328,192.72665405273438,25900900
2025-03-17,188.0500030517578,196.72000122070312,187.5,194.5,191.70162963867188,26830600
2025-03-18,190.44000244140625,192.88999938964844,186.89999389648438,188.6699981689453,185.95550537109375,24951000
2025-03-19,189.33999633789062,198.27000427246094,186.89999389648438,195.57000732421875,192.75624084472656,37962700
2025-03-20,191.52000427246094,193.83999633789062,188.94000244140625,190.5399932861328,188.3668670654297,31430000
2025-03-21,188.2100067138672,192.07000732421875,187.3699951171875,191.66000366210938,189.4740753173828,43086500
2025-03-24,194.3000030517578,196.69000244140625,190.6699981689453,191.25,189.0687713623047,33180300
2025-03-25,190.88999938964844,191.60000610351562,187.67999267578125,188.25999450683594,186.11288452148438,23417300
2025-03-26,186.66000366210938,188.05999755859375,177.5800018310547,179.27000427246094,177.2254180908203,30578500
2025-03-27,177.66000366210938,178.3800048828125,170.4600067138672,171.99000549316406,170.0284423828125,32151700
2025-03-28,171.92999267578125,173.3000030517578,166.47000122070312,169.1199951171875,167.19117736816406,30391500
2025-03-31,164.49000549316406,167.94000244140625,160.6199951171875,167.42999267578125,165.52044677734375,35656400
2025-04-01,166.3699951171875,168.7100067138672,163.4199981689453,168.52000427246094,166.59800720214844,20472400
2025-04-02,166.0800018310547,173.42999267578125,165.5,172.08999633789062,170.12728881835938,19523700
2025-04-03,160.5399932861328,163.42999267578125,153.6999969482422,154.00999450683594,152.2534942626953,44354900
2025-04-04,148.1699981689453,152.8000030517578,139.1699981689453,146.2899932861328,144.6215362548828,72302200
2025-04-07,144.49000549316406,160.42999267578125,138.10000610351562,154.13999938964844,152.3820343017578,68503500
2025-04-08,167.6199951171875,169.77999877929688,153.08999633789062,156.02999877929688,154.25047302246094,58888200
2025-04-09,160.5,187.3300018310547,157.50999450683594,185.14999389648438,183.038330078125,72708300
2025-04-10,175.3000030517578,176.9499969482422,166.39999389648438,172.3000030517578,170.33489990234375,51212200
2025-04-11,173.6199951171875,182.66000366210938,173.30999755859375,181.94000244140625,179.86495971679688,33964100
2025-04-14,185.0800018310547,186.0,175.82000732421875,178.36000061035156,176.3258056640625,25748300
2025-04-15,179.72999572753906,182.25999450683594,178.0800018310547,178.9499969482422,176.9090576171875,17242400
2025-04-16,170.42999267578125,176.0800018310547,166.9199981689453,174.61000061035156,172.61856079101562,34638600
2025-04-17,176.25,176.25,169.9199981689453,170.99000549316406,169.03985595703125,22501800
2025-04-21,166.99000549316406,168.0,161.61000061035156,166.2100067138672,164.3143768310547,23469800
2025-04-22,167.42999267578125,170.52000427246094,165.22000122070312,169.5800018310547,167.64590454101562,18504900
2025-04-23,177.77999877929688,180.4499969482422,175.82000732421875,176.91000366210938,174.892333984375,24380500
2025-04-24,179.69000244140625,188.57000732421875,178.3000030517578,188.14999389648438,186.00411987304688,27576900
2025-04-25,186.9199981689453,193.3699951171875,186.88999938964844,192.30999755859375,190.11666870117188,21242300
2025-04-28,190.52999877929688,193.10000610351562,187.67999267578125,192.47000122070312,190.27488708496094,16385800
2025-04-29,191.72000122070312,193.25,190.10000610351562,191.1699981689453,188.98968505859375,14630000
2025-04-30,185.89999389648438,193.1999969482422,184.02000427246094,192.47000122070312,190.27488708496094,22768900
2025-05-01,198.13999938964844,201.39999389648438,196.24000549316406,197.3300018310547,195.07943725585938,24939700
2025-05-02,203.89999389648438,205.67999267578125,201.0800018310547,203.63999938964844,201.31748962402344,17766800
2025-05-05,200.25,203.22999572753906,200.0,200.72000122070312,198.43075561523438,14025400
2025-05-06,196.44000244140625,201.91000366210938,195.94000244140625,200.08999633789062,197.80795288085938,16348800
2025-05-07,199.2899932861328,206.22999572753906,198.42999267578125,204.80999755859375,202.47413635253906,20253700
2025-05-08,208.0,211.16000366210938,203.69000244140625,207.77000427246094,205.40036010742188,18460900
2025-05-09,209.3300018310547,209.9600067138672,206.52000427246094,208.1999969482422,205.82546997070312,13289200
2025-05-12,219.49000549316406,221.8000030517578,215.8800048828125,221.5800018310547,219.05284118652344,25437700
2025-05-13,222.0,235.27999877929688,222.0,232.4199981689453,229.7692413330078,28790500
2025-05-14,230.22999572753906,233.5,228.35000610351562,232.1199951171875,229.47265625,19751400
2025-05-15,230.16000366210938,234.4600067138672,228.07000732421875,232.63999938964844,229.98672485351562,18803700
2025-05-16,232.32000732421875,232.63999938964844,226.38999938964844,228.61000061035156,226.00267028808594,23094600
2025-05-19,221.85000610351562,231.25,221.60000610351562,230.6300048828125,227.99966430664062,15355500
2025-05-20,226.49000549316406,231.77000427246094,226.33999633789062,231.67999267578125,229.03765869140625,11787200
2025-05-21,228.38999938964844,236.5,227.8300018310547,229.72999572753906,227.1099090576172,17642900
2025-05-22,228.33999633789062,233.69000244140625,227.42999267578125,230.52999877929688,227.9008026123047,14340200
2025-05-23,226.94000244140625,230.64999389648438,226.17999267578125,228.72000122070312,226.11143493652344,15385600
2025-05-27,232.8699951171875,236.47999572753906,231.1300048828125,235.64999389648438,232.96238708496094,17941700
2025-05-28,237.14999389648438,240.99000549316406,234.42999267578125,239.42999267578125,236.6992645263672,20443000
2025-05-29,245.91000366210938,246.07000732421875,237.39999389648438,241.97000122070312,239.2103271484375,20743700
2025-05-30,241.22000122070312,243.1699981689453,234.89999389648438,242.07000732421875,239.30917358398438,27088600
2025-06-02,243.25,250.0,243.19000244140625,248.7100067138672,245.87344360351562,19197000
2025-06-03,250.0800018310547,257.8800048828125,249.39999389648438,256.8500061035156,253.92062377929688,30380200
2025-06-04,258.05999755859375,265.42999267578125,257.5899963378906,261.0799865722656,258.1023254394531,31536000
2025-06-05,262.95001220703125,264.8900146484375,259.05999755859375,259.92999267578125,256.9654235839844,41970900
2025-06-06,251.13999938964844,255.32000732421875,246.1300048828125,246.92999267578125,244.11373901367188,41146700
2025-06-09,245.0500030517578,248.1699981689453,241.11000061035156,244.27999877929688,241.49398803710938,25334100
2025-06-10,244.22000122070312,246.27999877929688,241.39999389648438,244.6300048828125,241.83998107910156,25491300
2025-06-11,246.36000061035156,254.77000427246094,243.8000030517578,252.91000366210938,250.02554321289062,24599000
2025-06-12,250.19000244140625,257.8900146484375,249.5,256.07000732421875,253.14950561523438,20410900
2025-06-13,250.66000366210938,254.0,248.35000610351562,248.6999969482422,245.86354064941406,19028400
2025-06-16,250.35000610351562,255.19000244140625,249.57000732421875,252.10000610351562,249.22479248046875,20363000
2025-06-17,250.9499969482422,253.9600067138672,247.9199981689453,249.3699951171875,246.52590942382812,22014300
2025-06-18,250.88999938964844,255.63999938964844,249.41000366210938,251.25999450683594,248.3943328857422,30435500
2025-06-20,253.2100067138672,253.52000427246094,244.1699981689453,249.99000549316406,247.7205352783203,42134900
2025-06-23,249.11000061035156,254.2100067138672,246.4600067138672,253.77000427246094,251.4662322998047,19747000
2025-06-24,258.7699890136719,265.8699951171875,258.7699890136719,263.7699890136719,261.3753967285156,32764900
2025-06-25,266.0,269.8699951171875,263.42999267578125,264.6499938964844,262.2474670410156,18894200
2025-06-26,265.0799865722656,271.6700134277344,264.1300048828125,270.1700134277344,267.7173767089844,23569600
2025-06-27,270.29998779296875,271.8500061035156,266.8800048828125,269.3500061035156,266.9047546386719,27477600
2025-06-30,274.7300109863281,277.7099914550781,272.1300048828125,275.6499938964844,273.1475830078125,24708400
2025-07-01,274.3999938964844,274.5,262.6600036621094,264.739990234375,262.33660888671875,28847600
2025-07-02,263.989990234375,272.0,262.7300109863281,269.8999938964844,267.4498291015625,17582100
2025-07-03,270.7300109863281,275.79998779296875,270.1199951171875,275.17999267578125,272.6817932128906,10592700
2025-07-07,275.1300048828125,277.55999755859375,272.6600036621094,274.17999267578125,271.6909484863281,16760600
2025-07-08,276.3500061035156,276.3500061035156,271.1499938964844,271.79998779296875,269.33251953125,14869400
2025-07-09,272.9599914550781,279.45001220703125,272.7200012207031,277.8999938964844,275.3771667480469,20133000
2025-07-10,279.7900085449219,281.17999267578125,272.70001220703125,275.3999938964844,272.89984130859375,17891600
2025-07-11,274.1400146484375,276.4700012207031,271.8900146484375,274.3800048828125,271.88909912109375,14274700
2025-07-14,274.1300048828125,278.3599853515625,269.5799865722656,275.6000061035156,273.0980529785156,11934200
2025-07-15,279.80999755859375,283.3599853515625,277.8500061035156,280.94000244140625,278.3895568847656,17918400
2025-07-16,280.1099853515625,281.510009765625,275.6700134277344,280.80999755859375,278.2607116699219,15031000
2025-07-17,281.1400146484375,288.2799987792969,279.9100036621094,286.45001220703125,283.84954833984375,17231100
2025-07-18,287.1099853515625,287.5299987792969,281.0,283.3399963378906,280.7677917480469,15012400
2025-07-21,283.9599914550781,290.5400085449219,283.6300048828125,288.2099914550781,285.5935974121094,17726800
2025-07-22,287.6499938964844,288.0,276.42999267578125,278.5899963378906,276.0608825683594,16564800
2025-07-23,276.7799987792969,284.0,273.0,283.69000244140625,281.1145935058594,20556200
2025-07-24,289.7900085449219,291.20001220703125,283.5,288.7099914550781,286.0890197753906,16413800
2025-07-25,288.07000732421875,292.5899963378906,287.2699890136719,290.17999267578125,287.545654296875,12476200
2025-07-28,292.4599914550781,295.45001220703125,290.5899963378906,294.29998779296875,291.6282958984375,13683400
2025-07-29,297.5,302.19000244140625,294.8699951171875,297.4200134277344,294.7199401855469,19210800
2025-07-30,297.1499938964844,303.260009765625,295.79998779296875,302.6199951171875,299.87274169921875,16738900
2025-07-31,302.79998779296875,306.95001220703125,290.2300109863281,293.70001220703125,291.03375244140625,25488500
2025-08-01,286.5400085449219,292.6400146484375,281.6099853515625,288.6400146484375,286.0196838378906,21428100
2025-08-04,292.20001220703125,298.4800109863281,291.3999938964844,297.7200012207031,295.0172424316406,17164600
2025-08-05,297.80999755859375,301.20001220703125,291.45001220703125,292.92999267578125,290.2707214355469,18477500
2025-08-06,292.8999938964844,302.80999755859375,291.8999938964844,301.6700134277344,298.931396484375,17392100
2025-08-07,306.1700134277344,310.3399963378906,299.8800048828125,303.760009765625,301.00244140625,16319400
2025-08-08,304.04998779296875,307.8699951171875,302.54998779296875,304.9700012207031,302.201416015625,12458700
2025-08-11,305.04998779296875,308.30999755859375,301.2900085449219,303.8999938964844,301.1410827636719,12396400
2025-08-12,306.6300048828125,313.44000244140625,304.6700134277344,312.8299865722656,309.9900817871094,17609600
2025-08-13,316.75,317.3500061035156,304.75,309.0899963378906,306.28399658203125,17371200
2025-08-14,307.010009765625,314.1700134277344,307.0,311.2300109863281,308.40460205078125,15717600
2025-08-15,311.0299987792969,311.5,299.760009765625,306.3399963378906,303.5589904785156,22806900
2025-08-18,302.70001220703125,306.1700134277344,299.0,305.760009765625,302.9842529296875,14724700
2025-08-19,302.4200134277344,302.8999938964844,292.3900146484375,294.9100036621094,292.2327575683594,20149600
2025-08-20,295.4599914550781,295.489990234375,281.8699951171875,291.1700134277344,288.5267333984375,23600500
2025-08-21,290.05999755859375,292.3900146484375,286.1700134277344,289.6000061035156,286.970947265625,14946300
2025-08-22,291.75,300.0899963378906,289.010009765625,294.0,291.33099365234375,16301300
2025-08-25,292.80999755859375,298.3999938964844,291.7099914550781,294.2300109863281,291.5589294433594,15124700
2025-08-26,294.3500061035156,300.25,293.989990234375,298.010009765625,295.3045959472656,25689100
2025-08-27,297.5299987792969,301.17999267578125,293.7799987792969,300.25,297.5242614746094,13830300
2025-08-28,302.92999267578125,311.0,302.3299865722656,308.6499938964844,305.8479919433594,18907100
2025-08-29,307.010009765625,307.010009765625,293.6600036621094,297.3900146484375,294.69024658203125,21610700
2025-09-02,289.3399963378906,298.7099914550781,287.1700134277344,298.239990234375,295.5325012207031,19693000
2025-09-03,302.2900085449219,304.45001220703125,296.3999938964844,302.3900146484375,299.64483642578125,18529400
2025-09-04,305.05999755859375,308.7799987792969,302.25,306.1000061035156,303.3211364746094,31220800
2025-09-05,355.7799987792969,356.3399963378906,331.4200134277344,334.8900146484375,331.849853515625,78401600
2025-09-08,342.75,354.1700134277344,341.25,345.6499938964844,342.5121154785156,43535600
2025-09-09,349.54998779296875,350.9800109863281,335.8299865722656,336.6700134277344,333.6136474609375,26972300
2025-09-10,351.5199890136719,372.9700012207031,350.54998779296875,369.57000732421875,366.2149963378906,51086800
2025-09-11,371.17999267578125,374.2300109863281,358.760009765625,359.6300048828125,356.3652038574219,29430900
2025-09-12,362.9100036621094,364.3900146484375,357.1600036621094,359.8699951171875,356.6029968261719,31949800
2025-09-15,359.8699951171875,365.5,356.3399963378906,364.0899963378906,360.78472900390625,21792200
2025-09-16,365.42999267578125,365.69000244140625,356.989990234375,360.0,356.7318115234375,21306500
2025-09-17,358.8500061035156,359.92999267578125,341.5,346.1700134277344,343.02740478515625,45197100
2025-09-18,350.0,350.70001220703125,343.7900085449219,345.3500061035156,342.21484375,24663900
2025-09-19,344.6499938964844,346.2699890136719,336.42999267578125,344.94000244140625,341.80853271484375,41240100
2025-09-22,342.42999267578125,346.6700134277344,337.94000244140625,338.7900085449219,336.28961181640625,28660000
2025-09-23,340.239990234375,345.2200012207031,337.0199890136719,338.94000244140625,336.4385070800781,21944100
2025-09-24,339.760009765625,340.0799865722656,333.80999755859375,339.30999755859375,336.8057556152344,19677300
2025-09-25,332.989990234375,338.05999755859375,327.29998779296875,336.1000061035156,333.6194763183594,21678200
2025-09-26,337.42999267578125,339.0799865722656,330.5799865722656,334.5299987792969,332.06103515625,15464700
2025-09-29,336.0,341.04998779296875,327.54998779296875,327.8999938964844,325.4799499511719,21336000
2025-09-30,330.1199951171875,331.04998779296875,324.6099853515625,329.9100036621094,327.47515869140625,20109500
2025-10-01,328.1499938964844,337.95001220703125,324.5,333.3900146484375,330.92950439453125,21122700
2025-10-02,347.6099853515625,347.6099853515625,335.25,338.17999267578125,335.68408203125,19917600
2025-10-03,341.5,344.3999938964844,335.739990234375,338.3699951171875,335.8726806640625,14749100
2025-10-06,335.9200134277344,344.1300048828125,334.55999755859375,335.489990234375,333.013916015625,18465700
2025-10-07,337.0299987792969,338.1099853515625,326.5799865722656,336.4100036621094,333.9271240234375,18086700
2025-10-08,333.82000732421875,346.5400085449219,332.6199951171875,345.5,342.9500732421875,21478300
2025-10-09,345.75,347.30999755859375,340.3999938964844,345.0199890136719,342.4736022949219,17643700
2025-10-10,345.3900146484375,350.6000061035156,324.04998779296875,324.6300048828125,322.2341003417969,28941000
2025-10-13,352.7699890136719,359.3800048828125,343.5199890136719,356.70001220703125,354.06744384765625,45984300
2025-10-14,350.1300048828125,350.6700134277344,339.6499938964844,344.1300048828125,341.5901794433594,22078000
2025-10-15,354.4700012207031,359.3999938964844,347.5,351.3299865722656,348.73699951171875,23918500
2025-10-16,356.79998779296875,363.239990234375,349.489990234375,354.1499938964844,351.5362548828125,20317200
2025-10-17,349.6099853515625,350.9700012207031,340.7799987792969,349.3299865722656,346.75177001953125,20937900
2025-10-20,353.79998779296875,356.5899963378906,347.8399963378906,349.239990234375,346.6624755859375,15640200
2025-10-21,350.0,351.1000061035156,341.30999755859375,342.6600036621094,340.13104248046875,16092600
2025-10-22,347.29998779296875,348.010009765625,335.510009765625,340.29998779296875,337.7884521484375,19268800
2025-10-23,340.3999938964844,346.57000732421875,340.3999938964844,344.2900085449219,341.7489929199219,12859200
2025-10-24,352.510009765625,358.29998779296875,350.8800048828125,354.1300048828125,351.5163879394531,16143700
2025-10-27,361.5400085449219,362.75,355.0799865722656,362.04998779296875,359.3778991699219,20065800
2025-10-28,362.6199951171875,374.05999755859375,362.5299987792969,372.9700012207031,370.2173156738281,21056000
2025-10-29,373.19000244140625,386.4800109863281,373.19000244140625,385.9800109863281,383.13128662109375,24975200
2025-10-30,386.3999938964844,386.3999938964844,370.05999755859375,376.4700012207031,373.6914978027344,24295300
2025-10-31,378.2699890136719,378.82000732421875,365.1000061035156,369.6300048828125,366.9020080566406,21598400
2025-11-03,372.0,374.8500061035156,361.9800109863281,362.54998779296875,359.87420654296875,17198900
2025-11-04,358.5199890136719,368.95001220703125,351.0,351.94000244140625,349.342529296875,24047500
2025-11-05,350.8900146484375,364.8699951171875,350.0899963378906,358.9800109863281,356.33056640625,17087600
2025-11-06,360.1099853515625,363.5,352.7099914550781,355.5899963378906,352.9656066894531,19896900
2025-11-07,354.19000244140625,354.5,337.2699890136719,349.42999267578125,346.8510437011719,21903200
2025-11-10,357.8999938964844,360.0,354.6099853515625,358.3900146484375,355.7449645996094,16409000
2025-11-11,358.9700012207031,361.8900146484375,349.6700134277344,351.9599914550781,349.3623962402344,16446800
2025-11-12,358.0400085449219,358.8699951171875,351.67999267578125,355.2200012207031,352.59832763671875,12190500
2025-11-13,351.5799865722656,353.54998779296875,334.1600036621094,339.9800109863281,337.4707946777344,22616600
2025-11-14,331.4700012207031,344.739990234375,329.05999755859375,342.4599914550781,339.9324951171875,18500800
2025-11-17,339.82000732421875,352.20001220703125,337.5199890136719,342.6499938964844,340.1210632324219,14799600
2025-11-18,343.20001220703125,347.9700012207031,335.510009765625,340.5,337.9869689941406,21726800
2025-11-19,340.7099914550781,359.69000244140625,337.79998779296875,354.4200134277344,351.80426025390625,21851900
2025-11-20,366.0,376.0799865722656,345.17999267578125,346.82000732421875,344.2602844238281,28867000
2025-11-21,345.1600036621094,348.6000061035156,331.79998779296875,340.20001220703125,337.6891784667969,30280300
2025-11-24,347.7300109863281,382.0,347.6600036621094,377.9599914550781,375.17047119140625,47262400
2025-11-25,384.92999267578125,388.1300048828125,371.75,385.0299987792969,382.18829345703125,33507600
2025-11-26,385.54998779296875,399.8699951171875,383.260009765625,397.57000732421875,394.6357727050781,28693000
2025-11-28,399.3500061035156,403.0,397.1600036621094,402.9599914550781,399.9859619140625,13365500
2025-12-01,394.8500061035156,395.4200134277344,385.1000061035156,386.0799865722656,383.23052978515625,23252000
2025-12-02,388.30999755859375,393.5,379.7900085449219,381.57000732421875,378.75384521484375,22207000
2025-12-03,380.0,382.29998779296875,370.6499938964844,380.6099853515625,377.8009338378906,21336400
2025-12-04,380.67999267578125,383.8900146484375,376.5299987792969,381.0299987792969,378.21783447265625,15845900
2025-12-05,386.1700134277344,393.5299987792969,385.1499938964844,390.239990234375,387.35986328125,24779900
2025-12-08,402.4800109863281,407.2900085449219,397.3999938964844,401.1000061035156,398.13970947265625,30410600
2025-12-09,398.75,406.92999267578125,395.510009765625,406.2900085449219,403.2914123535156,24546000
2025-12-10,402.20001220703125,414.6099853515625,399.55999755859375,412.9700012207031,409.922119140625,31531000
2025-12-11,404.8299865722656,409.29998779296875,394.19000244140625,406.3699951171875,403.3708190917969,45681600
2025-12-12,379.9599914550781,382.0,355.1499938964844,359.92999267578125,357.2735290527344,95588500
2025-12-15,361.8900146484375,362.0,337.510009765625,339.80999755859375,337.3020324707031,65894900
2025-12-16,336.0199890136719,347.5,335.05999755859375,341.29998779296875,338.78106689453125,58061100
2025-12-17,346.6099853515625,346.6099853515625,321.4200134277344,326.0199890136719,323.61383056640625,73300900
2025-12-18,336.0,336.0299987792969,323.6300048828125,329.8800048828125,327.4453125,54501900
2025-12-19,333.3399963378906,343.45001220703125,332.5799865722656,340.3599853515625,337.84796142578125,159095200
2025-12-22,346.0299987792969,346.239990234375,337.2200012207031,341.45001220703125,339.5784912109375,28739600
2025-12-23,340.80999755859375,350.1099853515625,338.5400085449219,349.32000732421875,347.40533447265625,28232600
2025-12-24,350.69000244140625,352.8599853515625,347.1400146484375,350.2200012207031,348.3003845214844,11424400
2025-12-26,351.05999755859375,353.25,347.75,352.1300048828125,350.1999206542969,15028100
2025-12-29,348.7200012207031,350.3299865722656,344.69000244140625,349.3900146484375,347.4749755859375,21946900
2025-12-30,349.9700012207031,352.67999267578125,349.29998779296875,349.8500061035156,347.9324035644531,16633600
2025-12-31,349.7300109863281,349.8800048828125,345.4200134277344,346.1000061035156,344.2029724121094,15346100
2026-01-02,352.7799987792969,360.6600036621094,345.55999755859375,347.6199951171875,345.7146301269531,25398600
2026-01-05,354.739990234375,355.0299987792969,336.5,343.4200134277344,341.5376892089844,31136000
2026-01-06,343.6000061035156,349.04998779296875,338.0,343.7699890136719,341.8857421875,27135500
2026-01-07,341.70001220703125,349.70001220703125,335.8800048828125,343.5,341.6172180175781,20249300
2026-01-08,342.7799987792969,343.67999267578125,330.5,332.4800109863281,330.65765380859375,24385200
2026-01-09,337.9200134277344,347.3900146484375,333.5,344.9700012207031,343.0791320800781,22482500
2026-01-12,340.95001220703125,353.8999938964844,340.95001220703125,352.2099914550781,350.27947998046875,20949600
2026-01-13,352.8800048828125,359.489990234375,350.9100036621094,354.6099853515625,352.6662902832031,18308000
2026-01-14,348.9700012207031,350.69000244140625,334.4200134277344,339.8900146484375,338.0270080566406,30094700
2026-01-15,349.1199951171875,349.67999267578125,341.6700134277344,343.0199890136719,341.13983154296875,22218800
2026-01-16,346.2699890136719,354.510009765625,344.04998779296875,351.7099914550781,349.7822265625,31291200
2026-01-20,344.1000061035156,345.3999938964844,331.79998779296875,332.6000061035156,330.7769775390625,32293900
2026-01-21,335.510009765625,335.79998779296875,324.20001220703125,328.79998779296875,326.99774169921875,32006600
2026-01-22,335.3500061035156,336.989990234375,324.8900146484375,325.489990234375,323.7059020996094,24275400
2026-01-23,319.29998779296875,321.989990234375,314.1099853515625,320.04998779296875,318.2957763671875,30259500
2026-01-26,319.79998779296875,328.67999267578125,317.6000061035156,324.8500061035156,323.0694274902344,25006400
2026-01-27,329.760009765625,334.760009765625,327.0199890136719,332.7900085449219,330.9659423828125,25537600
2026-01-28,338.8500061035156,339.989990234375,326.70001220703125,333.239990234375,331.4134521484375,23001700
2026-01-29,332.55999755859375,335.95001220703125,320.2799987792969,330.7300109863281,328.917236328125,20447500
2026-01-30,332.44000244140625,338.20001220703125,328.3299865722656,331.29998779296875,329.4841003417969,28313000
2026-02-02,326.1099853515625,336.05999755859375,325.75,331.1099853515625,329.29510498046875,17278200
2026-02-03,336.739990234375,338.8999938964844,308.6499938964844,320.3299865722656,318.5741882324219,36914800
2026-02-04,319.510009765625,319.510009765625,295.29998779296875,308.04998779296875,306.3615417480469,43330300
2026-02-05,314.3399963378906,326.5299987792969,306.70001220703125,310.510009765625,308.8080749511719,42775800
2026-02-06,320.1000061035156,335.0,316.29998779296875,332.9200134277344,331.0952453613281,33003400
2026-02-09,330.7699890136719,352.3399963378906,330.6499938964844,343.94000244140625,342.0548400878906,30091000
2026-02-10,347.4700012207031,348.010009765625,339.8399963378906,340.44000244140625,338.5740051269531,19542700
2026-02-11,346.79998779296875,347.20001220703125,333.739990234375,342.760009765625,340.88128662109375,17004700
2026-02-12,343.8299865722656,346.2900085449219,329.55999755859375,331.1700134277344,329.3548278808594,22007300
2026-02-13,329.8500061035156,334.32000732421875,324.69000244140625,325.1700134277344,323.3876953125,18397200
2026-02-17,319.67999267578125,335.75,316.30999755859375,332.5400085449219,330.7173156738281,23469700
2026-02-18,329.5199890136719,337.8800048828125,327.2300109863281,333.510009765625,331.6820068359375,13565300
2026-02-19,333.010009765625,338.44000244140625,329.67999267578125,333.989990234375,332.1593322753906,15180900
2026-02-20,332.3599853515625,340.1099853515625,329.5799865722656,332.6499938964844,330.8266906738281,17658900
2026-02-23,332.25,338.5,325.32000732421875,330.3399963378906,328.52935791015625,16472400
2026-02-24,322.5400085449219,328.30999755859375,314.45001220703125,325.489990234375,323.7059020996094,23614400
2026-02-25,330.739990234375,335.9100036621094,329.2799987792969,332.30999755859375,330.4885559082031,20182300
2026-02-26,326.5,326.5799865722656,307.92999267578125,321.70001220703125,319.93670654296875,33025300
2026-02-27,310.70001220703125,320.0,310.0,319.54998779296875,317.7984924316406,28004200
2026-03-02,309.3599853515625,320.0400085449219,307.20001220703125,318.82000732421875,317.072509765625,20567200
2026-03-03,313.0,315.8800048828125,307.3999938964844,313.8399963378906,312.11981201171875,20826200
2026-03-04,315.67999267578125,322.6400146484375,311.739990234375,317.5299987792969,315.78955078125,34895800
2026-03-05,330.17999267578125,336.1199951171875,323.0299987792969,332.7699890136719,330.946044921875,57076600
2026-03-06,328.2799987792969,343.510009765625,327.3999938964844,330.4800109863281,328.6686096191406,39152200
2026-03-09,327.25,348.489990234375,323.6099853515625,345.75,343.8548889160156,40605800
2026-03-10,348.7300109863281,353.1400146484375,340.79998779296875,342.5799865722656,340.7022399902344,29531700
2026-03-11,342.5899963378906,345.80999755859375,338.2200012207031,341.57000732421875,339.6977844238281,20104100
2026-03-12,337.739990234375,339.8299865722656,332.20001220703125,335.9700012207031,334.1285095214844,21982700
2026-03-13,337.67999267578125,338.32000732421875,321.42999267578125,322.1600036621094,320.3941955566406,34725000
2026-03-16,326.0199890136719,329.20001220703125,320.05999755859375,324.9200134277344,323.13909912109375,31363100
2026-03-17,325.760009765625,327.44000244140625,317.25,321.30999755859375,319.5488586425781,38026500
2026-03-18,320.42999267578125,325.44000244140625,315.54998779296875,315.92999267578125,314.19830322265625,25460600
2026-03-19,312.4700012207031,323.2699890136719,308.510009765625,319.8399963378906,318.0869140625,23524800
2026-03-20,320.1199951171875,321.510009765625,309.9200134277344,310.510009765625,308.8080749511719,43325900
2026-03-23,318.0,326.4800109863281,314.92999267578125,322.510009765625,321.41510009765625,27369200
2026-03-24,320.0,324.3999938964844,314.8399963378906,318.2900085449219,317.20941162109375,19799000
2026-03-25,322.5899963378906,324.29998779296875,316.7200012207031,318.80999755859375,317.7276611328125,19900000
2026-03-26,314.0199890136719,316.9200134277344,309.1700134277344,309.4200134277344,308.36956787109375,20343700
2026-03-27,307.05999755859375,307.5,298.8699951171875,300.67999267578125,299.6591796875,23593900
2026-03-30,300.8699951171875,304.7699890136719,289.9599914550781,293.4100036621094,292.41387939453125,28054500
2026-03-31,299.3900146484375,310.30999755859375,296.3399963378906,309.510009765625,308.459228515625,29289500
2026-04-01,313.3699951171875,315.7900085449219,310.4800109863281,313.489990234375,312.4256896972656,19171000
2026-04-02,304.489990234375,314.69000244140625,301.75,314.54998779296875,313.4820861816406,14021100
2026-04-06,315.05999755859375,316.3999938964844,310.2799987792969,314.42999267578125,313.3625183105469,12111300
2026-04-07,326.7300109863281,334.1499938964844,321.79998779296875,333.9700012207031,332.8362121582031,33310900
2026-04-08,351.75,354.1400146484375,342.5299987792969,350.6300048828125,349.43963623046875,31573100
2026-04-09,352.29998779296875,358.70001220703125,351.5,354.9100036621094,353.705078125,20514900
2026-04-10,360.94000244140625,376.54998779296875,360.82000732421875,371.54998779296875,370.28857421875,29958100
2026-04-13,369.6600036621094,380.8599853515625,369.4800109863281,379.75,378.4607849121094,24115800
2026-04-14,377.8999938964844,382.2799987792969,376.32000732421875,380.7799987792969,379.4872741699219,24423000
2026-04-15,389.8800048828125,397.0799865722656,385.57000732421875,396.7200012207031,395.3731384277344,29559300
2026-04-16,395.0,399.67999267578125,392.3500061035156,398.4700012207031,397.1172180175781,18872900
2026-04-17,400.8999938964844,406.7300109863281,399.80999755859375,406.5400085449219,405.1598205566406,20581700
2026-04-20,405.70001220703125,406.4200134277344,395.8999938964844,399.6300048828125,398.2732849121094,16922000
2026-04-21,399.4100036621094,403.6000061035156,394.57000732421875,402.1700134277344,400.8046875,16275500
2026-04-22,406.9800109863281,423.20001220703125,404.8599853515625,422.6499938964844,421.2151184082031,23702500
2026-04-23,422.3900146484375,429.30999755859375,417.79998779296875,419.94000244140625,418.5143127441406,19501600
2026-04-24,424.9800109863281,425.0,408.8599853515625,422.760009765625,421.32476806640625,22491100
2026-04-27,420.4800109863281,422.75,414.6300048828125,418.20001220703125,416.7802429199219,17451600
2026-04-28,400.30999755859375,405.80999755859375,394.6499938964844,399.8299865722656,398.47259521484375,25519200
2026-04-29,403.5,405.6400146484375,396.7799987792969,405.45001220703125,404.0735168457031,15962500
2026-04-30,415.5199890136719,418.3800048828125,404.2300109863281,417.42999267578125,416.0128479003906,21821600
2026-05-01,415.0899963378906,423.1700134277344,413.2799987792969,421.2799987792969,419.8497619628906,11882600
2026-05-04,418.2200012207031,423.8299865722656,409.5299987792969,416.5,415.08599853515625,15140400
2026-05-05,421.6600036621094,433.3900146484375,419.3500061035156,427.3599853515625,425.90911865234375,21175200
2026-05-06,435.55999755859375,437.67999267578125,417.7799987792969,425.44000244140625,423.99566650390625,20707000
2026-05-07,421.82000732421875,426.489990234375,406.29998779296875,412.55999755859375,411.1593933105469,22791700
2026-05-08,419.79998779296875,435.0,414.0,430.0,428.5401611328125,22561400
2026-05-11,427.6199951171875,433.6499938964844,425.04998779296875,428.42999267578125,426.9754943847656,16825500
2026-05-12,423.42999267578125,429.3399963378906,408.4100036621094,419.29998779296875,417.87646484375,19004300
2026-05-13,415.80999755859375,418.6300048828125,404.79998779296875,416.7900085449219,415.3750305175781,16981200
2026-05-14,416.7300109863281,442.3599853515625,415.5899963378906,439.7900085449219,438.29693603515625,19733800
2026-05-15,432.80999755859375,432.80999755859375,419.79998779296875,425.19000244140625,423.7464904785156,18957100
2026-05-18,421.4100036621094,422.010009765625,414.3699951171875,420.7099914550781,419.2817077636719,17863300
2026-05-19,409.82000732421875,417.95001220703125,405.8599853515625,411.07000732421875,409.6744384765625,20652100
2026-05-20,412.80999755859375,424.1700134277344,411.4200134277344,417.760009765625,416.34173583984375,16312600
2026-05-21,413.54998779296875,422.25,410.5,414.57000732421875,413.1625671386719,16865300
2026-05-22,417.489990234375,419.989990234375,410.2099914550781,414.1400146484375,412.7340393066406,14086400
2026-05-26,418.5,435.30999755859375,417.0,422.010009765625,420.5773010253906,22562900
2026-05-27,425.07000732421875,432.79998779296875,416.489990234375,421.8599853515625,420.42779541015625,17601000
2026-05-28,421.1400146484375,429.67999267578125,414.010009765625,426.5799865722656,425.13177490234375,17855600
2026-05-29,432.95001220703125,448.8999938964844,431.4700012207031,446.7699890136719,445.25323486328125,41798400
2026-06-01,450.0899963378906,466.04998779296875,442.2200012207031,459.9700012207031,458.4084167480469,30586000
2026-06-02,488.7900085449219,488.82000732421875,470.4599914550781,481.57000732421875,479.9350891113281,38306700
2026-06-03,494.7799987792969,495.0,472.6400146484375,479.2300109863281,477.6030578613281,50126400
2026-06-04,408.989990234375,426.4800109863281,403.010009765625,418.9100036621094,417.4878234863281,80979400
2026-06-05,407.6099853515625,410.5,385.5899963378906,385.7300109863281,384.42047119140625,51146100
2026-06-08,402.6199951171875,402.8399963378906,391.3500061035156,396.6000061035156,395.2535705566406,37099000
2026-06-09,401.6099853515625,407.8699951171875,370.3299865722656,392.1600036621094,390.8286437988281,37026900
2026-06-10,381.5,385.80999755859375,371.1700134277344,372.1000061035156,370.8367614746094,38193500
2026-06-11,372.82000732421875,389.5,370.54998779296875,385.57000732421875,384.2610168457031,35187600
2026-06-12,383.7200012207031,384.9800109863281,377.0,382.07000732421875,380.7729187011719,27600900
2026-06-15,395.510009765625,396.20001220703125,388.6000061035156,393.94000244140625,392.60260009765625,32394200
2026-06-16,390.2099914550781,391.7900085449219,376.4599914550781,376.7099914550781,375.43109130859375,31573700
2026-06-17,388.7099914550781,400.6499938964844,382.6499938964844,392.8999938964844,391.5661315917969,40005500
2026-06-18,409.5799865722656,412.70001220703125,405.3800048828125,411.3500061035156,409.9534912109375,45076100
2026-06-22,413.6600036621094,414.6400146484375,391.9100036621094,392.1300048828125,391.4172668457031,26403700
2026-06-23,377.8699951171875,391.0199890136719,376.6600036621094,380.1499938964844,379.4590148925781,33122200
2026-06-24,386.6199951171875,388.739990234375,376.9599914550781,382.07000732421875,381.37554931640625,29938700
2026-06-25,386.5799865722656,388.79998779296875,372.70001220703125,378.9100036621094,378.2212829589844,23353700
2026-06-26,370.45001220703125,373.69000244140625,363.8299865722656,365.0199890136719,364.35650634765625,34839300
2026-06-29,373.6199951171875,376.2099914550781,360.4599914550781,372.45001220703125,371.7730407714844,24285200
2026-06-30,374.7900085449219,379.6199951171875,370.6400146484375,377.75,377.0633850097656,28517400
2026-07-01,371.8699951171875,373.75,368.0299987792969,369.3399963378906,368.6686706542969,23712600
2026-07-02,365.7300109863281,374.0,356.42999267578125,360.45001220703125,359.7948303222656,26749500
2026-07-06,373.6099853515625,383.1600036621094,371.17999267578125,373.8999938964844,373.2203674316406,24544000
2026-07-07,366.55999755859375,372.9599914550781,362.010009765625,370.7799987792969,370.1060485839844,24116700
2026-07-08,377.5199890136719,395.0899963378906,376.8900146484375,388.69000244140625,387.9834899902344,31624100
2026-07-09,402.19000244140625,407.5199890136719,387.92999267578125,401.1099853515625,400.38092041015625,28074000
2026-07-10,398.5,402.44000244140625,395.70001220703125,399.9700012207031,399.2430114746094,14595900
2026-07-13,393.4800109863281,395.75,383.4200134277344,384.04998779296875,383.3519287109375,21294500
2026-07-14,395.7200012207031,397.3299865722656,384.6400146484375,389.1099853515625,388.4027099609375,20118700
2026-07-15,396.0899963378906,399.0,386.739990234375,394.2799987792969,393.5633239746094,16324100
2026-07-16,384.5400085449219,386.739990234375,371.8999938964844,374.45001220703125,373.7694091796875,23407200
2026-07-17,366.04998779296875,377.3500061035156,357.79998779296875,370.8299865722656,370.15594482421875,23272200
2026-07-20,378.760009765625,383.5899963378906,375.9599914550781,378.1600036621094,377.47265625,14420500
2026-07-21,390.2099914550781,390.5799865722656,379.2200012207031,386.5,385.7974853515625,17291100
2026-07-22,380.20001220703125,398.5899963378906,380.0,396.80999755859375,396.0887451171875,16966200
2026-07-23,392.19000244140625,397.6099853515625,386.82000732421875,392.4700012207031,391.7566223144531,16348700
2026-07-24,387.67999267578125,389.2699890136719,378.75,381.9200134277344,381.225830078125,15149400
2026-07-27,389.82000732421875,389.8999938964844,373.5,383.2200012207031,382.5234375,18502100
2026-07-28,374.3599853515625,385.79998779296875,371.5199890136719,380.9100036621094,380.2176513671875,20328400
2026-07-29,380.6400146484375,386.1199951171875,369.510009765625,370.32000732421875,369.64691162109375,21374400
2026-07-30,380.3500061035156,388.67999267578125,377.5400085449219,387.8399963378906,387.1350402832031,23639800
2026-07-31,394.8299865722656,399.9200134277344,379.7099914550781,389.2799987792969,388.5724182128906,20391000
2026-08-03,384.4100036621094,392.6099853515625,374.6099853515625,392.2300109863281,391.51708984375,17315100
2026-08-04,402.9700012207031,422.07000732421875,400.67999267578125,418.1600036621094,417.3999328613281,29564200
2026-08-05,421.70001220703125,427.0,416.8900146484375,418.2799987792969,417.51971435546875,16880400
2026-08-06,420.54998779296875,428.0299987792969,410.760009765625,420.57000732421875,419.8055725097656,13907500
2026-08-07,428.3999938964844,430.8399963378906,421.6099853515625,427.760009765625,426.98248291015625,14698300
2026-08-10,426.989990234375,432.7300109863281,420.1600036621094,422.3999938964844,421.6322326660156,13854100
2026-08-11,426.07000732421875,426.760009765625,413.2300109863281,416.0799865722656,415.3236999511719,12882700
2026-08-12,426.260009765625,426.5,414.6099853515625,416.04998779296875,415.29376220703125,15859200
2026-08-13,415.80999755859375,424.9200134277344,411.4100036621094,417.82000732421875,417.060546875,13180500
2026-08-14,411.9599914550781,412.5,388.5,392.989990234375,392.2756652832031,29513600
2026-08-17,397.260009765625,399.3599853515625,391.30999755859375,392.42999267578125,391.7167053222656,20042600
2026-08-18,384.32000732421875,385.7799987792969,377.010009765625,380.0,379.3092956542969,22878200
2026-08-19,372.3999938964844,373.9100036621094,357.6099853515625,362.4800109863281,361.8211364746094,35091400
2026-08-20,364.3900146484375,367.1199951171875,362.25,364.0299987792969,363.3683166503906,19729800
2026-08-21,370.69000244140625,375.1300048828125,365.04998779296875,368.45001220703125,367.7803039550781,19037100
2026-08-24,364.9700012207031,366.1700134277344,358.7099914550781,358.760009765625,358.10791015625,18717200
2026-08-25,361.1000061035156,362.989990234375,355.30999755859375,356.739990234375,356.091552734375,18014900
2026-08-26,357.1199951171875,359.4700012207031,350.05999755859375,355.5899963378906,354.94366455078125,19196300
2026-08-27,361.7900085449219,371.7200012207031,360.6099853515625,371.5400085449219,370.86468505859375,21330000
2026-08-28,373.6000061035156,376.5899963378906,365.3500061035156,368.7900085449219,368.11968994140625,16596100
2026-08-31,369.5199890136719,372.75,366.29998779296875,370.3399963378906,369.6668395996094,21948000
2026-09-01,364.25,371.3999938964844,362.0,369.67999267578125,369.008056640625,19288900
2026-09-02,369.67999267578125,371.0899963378906,364.6499938964844,367.239990234375,366.5724792480469,38874600
2026-09-03,351.739990234375,359.3999938964844,342.3299865722656,357.1600036621094,356.51080322265625,60242600
2026-09-04,359.70001220703125,360.1600036621094,353.70001220703125,357.8999938964844,357.24945068359375,32863300
2026-09-08,363.67999267578125,372.70001220703125,362.739990234375,368.55999755859375,367.89007568359375,30464900
2026-09-09,366.2300109863281,368.010009765625,359.25,364.3800048828125,363.7176818847656,25918200
2026-09-10,360.0299987792969,365.2699890136719,357.75,360.8299865722656,360.17413330078125,23994300
2026-09-11,364.8500061035156,366.7799987792969,361.6400146484375,361.989990234375,361.33203125,21166900
2026-09-14,349.6300048828125,350.25,343.9100036621094,344.7200012207031,344.0934143066406,32662800
2026-09-15,346.0400085449219,347.260009765625,337.8999938964844,339.2699890136719,338.6533203125,24783900
2026-09-16,342.3699951171875,344.1499938964844,335.80999755859375,339.510009765625,338.8929138183594,23152500
2026-09-17,346.6199951171875,350.94000244140625,345.30999755859375,347.29998779296875,346.6687316894531,24389600
2026-09-18,352.0799865722656,363.2799987792969,351.3299865722656,357.6099853515625,356.9599914550781,44032800
2026-09-21,358.6600036621094,363.9700012207031,353.5,362.6600036621094,362.6600036621094,26498600
2026-09-22,363.2300109863281,366.54998779296875,359.2900085449219,364.5400085449219,364.5400085449219,20570800
2026-09-23,362.20001220703125,362.8999938964844,354.010009765625,354.989990234375,354.989990234375,23387700
2026-09-24,349.2099914550781,351.44000244140625,346.8900146484375,350.3599853515625,350.3599853515625,20930400
2026-09-25,352.6199951171875,354.42999267578125,349.42999267578125,352.80999755859375,352.80999755859375,16255500
2026-09-28,352.8699951171875,355.8599853515625,347.32000732421875,349.57000732421875,349.57000732421875,21413300
