date,open,high,low,close,adj_close,volume
2016-01-04,33.880001068115234,34.0099983215332,33.459999084472656,33.9900016784668,26.86278533935547,27882200
2016-01-05,33.959999084472656,34.0,33.529998779296875,33.83000183105469,26.736337661743164,16709500
2016-01-06,33.25,33.52000045776367,32.79999923706055,33.08000183105469,26.143592834472656,25491300
2016-01-07,32.279998779296875,33.0099983215332,31.84000015258789,31.84000015258789,25.163604736328125,37680500
2016-01-08,32.09000015258789,32.220001220703125,31.43000030517578,31.510000228881836,24.90280532836914,29953800
2016-01-11,31.809999465942383,32.220001220703125,31.68000030517578,32.060001373291016,25.337474822998047,27732400
2016-01-12,32.7599983215332,32.88999938964844,32.27000045776367,32.68000030517578,25.82746696472168,28587700
2016-01-13,32.7599983215332,32.93000030517578,31.829999923706055,31.90999984741211,25.21892547607422,34445700
2016-01-14,31.969999313354492,32.869998931884766,31.799999237060547,32.7400016784668,25.874887466430664,48728200
2016-01-15,29.729999542236328,30.5,29.450000762939453,29.760000228881836,23.51975440979004,76373900
2016-01-19,29.979999542236328,30.059999465942383,29.479999542236328,29.799999237060547,23.551361083984375,28878100
2016-01-20,29.350000381469727,29.8700008392334,29.209999084472656,29.59000015258789,23.385398864746094,39598200
2016-01-21,29.649999618530273,30.030000686645508,29.239999771118164,29.65999984741211,23.440715789794922,30157400
2016-01-22,30.1200008392334,30.239999771118164,29.510000228881836,29.93000030517578,23.65410804748535,25326500
2016-01-25,29.989999771118164,30.219999313354492,29.56999969482422,29.600000381469727,23.393306732177734,26441000
2016-01-26,29.610000610351562,30.049999237060547,29.610000610351562,29.940000534057617,23.662010192871094,24754900
2016-01-27,29.8799991607666,30.219999313354492,29.639999389648438,29.809999465942383,23.55926513671875,26384100
2016-01-28,30.020000457763672,30.18000030517578,29.75,29.969999313354492,23.68570899963379,22028100
2016-01-29,30.209999084472656,31.030000686645508,30.100000381469727,31.020000457763672,24.515544891357422,38311400
2016-02-01,30.719999313354492,31.1200008392334,30.639999389648438,30.81999969482422,24.357486724853516,19015100
2016-02-02,30.450000762939453,30.489999771118164,29.6299991607666,29.799999237060547,23.551361083984375,24994300
2016-02-03,29.719999313354492,29.719999313354492,28.520000457763672,29.34000015258789,23.39190673828125,44660100
2016-02-04,29.139999389648438,29.8799991607666,29.110000610351562,29.770000457763672,23.73472785949707,29257800
2016-02-05,29.579999923706055,29.760000228881836,28.90999984741211,29.040000915527344,23.152727127075195,27957500
2016-02-08,28.739999771118164,28.979999542236328,28.299999237060547,28.81999969482422,22.977331161499023,28725900
2016-02-09,28.489999771118164,29.149999618530273,28.40999984741211,28.809999465942383,22.969362258911133,22902600
2016-02-10,28.8799991607666,29.0,28.190000534057617,28.229999542236328,22.50694465637207,27267800
2016-02-11,27.829999923706055,28.40999984741211,27.68000030517578,28.219999313354492,22.49896812438965,28450200
2016-02-12,28.56999969482422,28.700000762939453,28.139999389648438,28.639999389648438,22.833820343017578,19699000
2016-02-16,28.75,28.950000762939453,28.360000610351562,28.780000686645508,22.9454345703125,30705200
2016-02-17,28.860000610351562,29.6200008392334,28.729999542236328,29.469999313354492,23.49555778503418,27691700
2016-02-18,29.530000686645508,29.760000228881836,29.3799991607666,29.420000076293945,23.455690383911133,20623300
2016-02-19,29.200000762939453,29.329999923706055,28.709999084472656,28.709999084472656,22.889623641967773,42056700
2016-02-22,29.110000610351562,29.540000915527344,29.0,29.350000381469727,23.39988136291504,23893100
2016-02-23,29.299999237060547,29.350000381469727,28.600000381469727,28.799999237060547,22.961383819580078,26638200
2016-02-24,28.520000457763672,29.299999237060547,28.3799991607666,29.190000534057617,23.272315979003906,21593600
2016-02-25,29.31999969482422,29.6200008392334,28.950000762939453,29.6200008392334,23.615144729614258,17571400
2016-02-26,29.8799991607666,30.079999923706055,29.700000762939453,29.799999237060547,23.758649826049805,19902200
2016-02-29,29.719999313354492,30.139999389648438,29.579999923706055,29.59000015258789,23.59122657775879,22903100
2016-03-01,29.93000030517578,30.530000686645508,29.75,30.3700008392334,24.213092803955078,25502600
2016-03-02,30.299999237060547,30.8700008392334,30.1200008392334,30.540000915527344,24.348630905151367,23779800
2016-03-03,31.1299991607666,31.350000381469727,30.540000915527344,30.579999923706055,24.380525588989258,25625200
2016-03-04,30.5,30.860000610351562,30.049999237060547,30.6299991607666,24.42038917541504,20356800
2016-03-07,30.59000015258789,31.1200008392334,30.5,30.940000534057617,24.66754150390625,18858200
2016-03-08,30.829999923706055,30.8799991607666,30.3799991607666,30.559999465942383,24.364582061767578,19104900
2016-03-09,30.829999923706055,31.040000915527344,30.670000076293945,30.8700008392334,24.611738204956055,14707800
2016-03-10,31.139999389648438,31.399999618530273,30.3799991607666,31.25,24.914695739746094,29584800
2016-03-11,31.670000076293945,31.790000915527344,31.530000686645508,31.760000228881836,25.321306228637695,22811200
2016-03-14,31.65999984741211,31.690000534057617,31.299999237060547,31.43000030517578,25.058204650878906,17438600
2016-03-15,31.34000015258789,31.649999618530273,31.059999465942383,31.649999618530273,25.233606338500977,16927700
2016-03-16,31.489999771118164,31.799999237060547,31.170000076293945,31.690000534057617,25.2654972076416,26298400
2016-03-17,31.760000228881836,32.16999816894531,31.700000762939453,31.979999542236328,25.496702194213867,22865300
2016-03-18,32.15999984741211,32.689998626708984,32.060001373291016,32.68000030517578,26.054790496826172,49934200
2016-03-21,32.22999954223633,32.41999816894531,31.950000762939453,32.34000015258789,25.783723831176758,21760900
2016-03-22,32.15999984741211,32.459999084472656,31.950000762939453,32.31999969482422,25.767776489257812,22200400
2016-03-23,32.470001220703125,32.470001220703125,31.979999542236328,32.0,25.51264762878418,18765300
2016-03-24,31.8700008392334,31.950000762939453,31.700000762939453,31.8799991607666,25.41697120666504,14211900
2016-03-28,31.8700008392334,32.0,31.6200008392334,31.899999618530273,25.432918548583984,11433000
2016-03-29,31.93000030517578,32.439998626708984,31.729999542236328,32.380001068115234,25.81561279296875,15313200
2016-03-30,32.45000076293945,32.75,32.290000915527344,32.709999084472656,26.078706741333008,16598000
2016-03-31,32.529998779296875,32.65999984741211,32.31999969482422,32.349998474121094,25.79169273376465,17880000
2016-04-01,32.27000045776367,32.470001220703125,32.099998474121094,32.45000076293945,25.871417999267578,18049700
2016-04-04,32.20000076293945,32.380001068115234,31.739999771118164,32.0,25.51264762878418,21581600
2016-04-05,31.889999389648438,32.119998931884766,31.719999313354492,31.899999618530273,25.432918548583984,20080000
2016-04-06,31.969999313354492,32.22999954223633,31.770000457763672,32.08000183105469,25.57642364501953,15740600
2016-04-07,31.889999389648438,31.899999618530273,31.350000381469727,31.549999237060547,25.15387535095215,23738200
2016-04-08,31.760000228881836,32.02000045776367,31.479999542236328,31.6299991607666,25.217655181884766,17031900
2016-04-11,31.899999618530273,32.34000015258789,31.65999984741211,31.670000076293945,25.249547958374023,19707700
2016-04-12,31.8799991607666,31.940000534057617,31.3799991607666,31.860000610351562,25.401031494140625,16774200
2016-04-13,31.969999313354492,32.18000030517578,31.950000762939453,32.130001068115234,25.616291046142578,19968100
2016-04-14,31.780000686645508,31.889999389648438,31.549999237060547,31.799999237060547,25.353191375732422,21620900
2016-04-15,31.790000915527344,31.889999389648438,31.3799991607666,31.459999084472656,25.082122802734375,28782800
2016-04-18,31.43000030517578,31.719999313354492,31.3799991607666,31.649999618530273,25.233606338500977,21566600
2016-04-19,31.700000762939453,31.809999465942383,31.399999618530273,31.600000381469727,25.1937313079834,33619300
2016-04-20,31.31999969482422,32.2599983215332,31.25,32.0,25.51264762878418,57629800
2016-04-21,31.940000534057617,32.060001373291016,31.809999465942383,31.969999313354492,25.48872947692871,28431400
2016-04-22,31.739999771118164,31.860000610351562,31.219999313354492,31.639999389648438,25.225631713867188,29625600
2016-04-25,31.360000610351562,31.5,31.200000762939453,31.389999389648438,25.026315689086914,19315700
2016-04-26,31.389999389648438,31.700000762939453,31.170000076293945,31.399999618530273,25.03428077697754,20976400
2016-04-27,31.25,31.799999237060547,31.190000534057617,31.75,25.313329696655273,20006200
2016-04-28,31.450000762939453,31.709999084472656,31.030000686645508,31.110000610351562,24.803083419799805,25146400
2016-04-29,30.860000610351562,30.8700008392334,30.100000381469727,30.280000686645508,24.14134979248047,36443700
2016-05-02,30.450000762939453,30.690000534057617,30.360000610351562,30.610000610351562,24.40444564819336,21086600
2016-05-03,30.40999984741211,30.559999465942383,30.09000015258789,30.360000610351562,24.205127716064453,27111100
2016-05-04,30.170000076293945,30.209999084472656,29.700000762939453,29.850000381469727,24.004087448120117,23278800
2016-05-05,29.8700008392334,30.020000457763672,29.75,29.899999618530273,24.044286727905273,23393300
2016-05-06,29.610000610351562,30.110000610351562,29.520000457763672,30.040000915527344,24.156871795654297,19632200
2016-05-09,30.079999923706055,30.170000076293945,29.760000228881836,29.799999237060547,23.963871002197266,16888300
2016-05-10,30.0,30.18000030517578,29.81999969482422,30.139999389648438,24.237289428710938,17013800
2016-05-11,30.15999984741211,30.25,29.969999313354492,30.059999465942383,24.172962188720703,15754200
2016-05-12,30.110000610351562,30.239999771118164,29.56999969482422,29.760000228881836,23.93170928955078,20826700
2016-05-13,29.860000610351562,30.200000762939453,29.84000015258789,29.90999984741211,24.052331924438477,19999600
2016-05-16,29.899999618530273,30.559999465942383,29.8799991607666,30.389999389648438,24.438331604003906,21826100
2016-05-17,30.56999969482422,30.56999969482422,29.860000610351562,29.979999542236328,24.10862159729004,25709900
2016-05-18,30.030000686645508,30.25,29.780000686645508,29.989999771118164,24.11666488647461,22469900
2016-05-19,29.770000457763672,29.93000030517578,29.5,29.6299991607666,23.82716941833496,21740900
2016-05-20,29.729999542236328,30.3799991607666,29.700000762939453,30.149999618530273,24.245336532592773,22777300
2016-05-23,30.229999542236328,30.479999542236328,30.1299991607666,30.229999542236328,24.30966567993164,20881900
2016-05-24,30.5,31.1200008392334,30.450000762939453,31.059999465942383,24.977113723754883,23699200
2016-05-25,31.200000762939453,31.56999969482422,31.149999618530273,31.389999389648438,25.24248504638672,18359600
2016-05-26,31.489999771118164,31.6299991607666,31.399999618530273,31.489999771118164,25.322900772094727,12692300
2016-05-27,31.600000381469727,31.649999618530273,31.450000762939453,31.56999969482422,25.387229919433594,13341300
2016-05-31,31.510000228881836,31.649999618530273,31.309999465942383,31.59000015258789,25.4033145904541,23040200
2016-06-01,31.6200008392334,31.719999313354492,31.469999313354492,31.65999984741211,25.459609985351562,17753500
2016-06-02,31.559999465942383,31.760000228881836,31.450000762939453,31.760000228881836,25.540029525756836,14140100
2016-06-03,31.739999771118164,31.739999771118164,31.399999618530273,31.6200008392334,25.42744255065918,15777500
2016-06-06,31.639999389648438,31.81999969482422,31.579999923706055,31.68000030517578,25.475690841674805,15139600
2016-06-07,31.75,32.02000045776367,31.700000762939453,31.8799991607666,25.63652229309082,19339100
2016-06-08,31.799999237060547,32.0,31.790000915527344,31.889999389648438,25.644559860229492,12732100
2016-06-09,31.68000030517578,32.0,31.68000030517578,31.940000534057617,25.684772491455078,11276800
2016-06-10,31.700000762939453,32.2400016784668,31.649999618530273,32.040000915527344,25.765186309814453,35749100
2016-06-13,32.04999923706055,32.5,32.040000915527344,32.16999816894531,25.869728088378906,23004800
2016-06-14,32.0099983215332,32.2400016784668,31.790000915527344,32.13999938964844,25.845605850219727,18754300
2016-06-15,32.25,32.2599983215332,31.59000015258789,31.610000610351562,25.41939926147461,23783300
2016-06-16,31.440000534057617,31.770000457763672,31.219999313354492,31.690000534057617,25.483736038208008,18547900
2016-06-17,31.729999542236328,31.809999465942383,31.469999313354492,31.760000228881836,25.540029525756836,27047900
2016-06-20,32.06999969482422,32.439998626708984,32.0099983215332,32.16999816894531,25.869728088378906,21961600
2016-06-21,32.2599983215332,32.380001068115234,32.09000015258789,32.31999969482422,25.990352630615234,15476500
2016-06-22,32.29999923706055,32.630001068115234,32.25,32.290000915527344,25.96622657775879,18304800
2016-06-23,32.58000183105469,33.0,32.5,32.9900016784668,26.529142379760742,22048800
2016-06-24,31.799999237060547,32.31999969482422,31.399999618530273,31.549999237060547,25.37114906311035,38094300
2016-06-27,31.40999984741211,31.40999984741211,30.440000534057617,30.719999313354492,24.703702926635742,34965100
2016-06-28,30.969999313354492,31.200000762939453,30.809999465942383,31.190000534057617,25.081653594970703,23693900
2016-06-29,31.350000381469727,31.979999542236328,31.309999465942383,31.93000030517578,25.676727294921875,22771100
2016-06-30,32.0,32.880001068115234,31.969999313354492,32.79999923706055,26.3763484954834,34528900
2016-07-01,32.63999938964844,32.88999938964844,32.470001220703125,32.75,26.336143493652344,17084600
2016-07-05,32.5,32.72999954223633,32.459999084472656,32.68000030517578,26.279850006103516,20107200
2016-07-06,32.79999923706055,33.0,32.380001068115234,32.970001220703125,26.51305389404297,21070200
2016-07-07,32.959999084472656,33.54999923706055,32.959999084472656,33.20000076293945,26.698007583618164,26119400
2016-07-08,33.650001525878906,34.0,33.5,34.0,27.341337203979492,23341900
2016-07-11,34.040000915527344,34.5,34.040000915527344,34.380001068115234,27.646915435791016,23820700
2016-07-12,34.5099983215332,34.970001220703125,34.47999954223633,34.939998626708984,28.097240447998047,28064100
2016-07-13,35.040000915527344,35.25,34.880001068115234,35.0099983215332,28.153533935546875,29120900
2016-07-14,35.130001068115234,35.29999923706055,34.959999084472656,35.20000076293945,28.306320190429688,25296400
2016-07-15,35.2599983215332,35.290000915527344,34.900001525878906,35.06999969482422,28.201791763305664,23661900
2016-07-18,35.18000030517578,35.20000076293945,34.95000076293945,35.04999923706055,28.185699462890625,19347200
2016-07-19,34.88999938964844,35.15999984741211,34.849998474121094,35.150001525878906,28.266111373901367,20395400
2016-07-20,35.29999923706055,35.93000030517578,35.060001373291016,35.689998626708984,28.70035743713379,42994200
2016-07-21,34.33000183105469,34.4900016784668,33.86000061035156,34.27000045776367,27.558456420898438,63708600
2016-07-22,34.380001068115234,34.70000076293945,34.2599983215332,34.65999984741211,27.872079849243164,33033700
2016-07-25,34.619998931884766,34.7599983215332,34.56999969482422,34.689998626708984,27.896207809448242,20277700
2016-07-26,34.75,35.22999954223633,34.70000076293945,35.09000015258789,28.217859268188477,29644400
2016-07-27,35.0,35.279998779296875,34.630001068115234,34.83000183105469,28.0087890625,23601800
2016-07-28,34.83000183105469,34.83000183105469,34.52000045776367,34.77000045776367,27.960535049438477,21667400
2016-07-29,34.77000045776367,34.91999816894531,34.599998474121094,34.86000061035156,28.03291130065918,18171200
2016-08-01,34.81999969482422,34.90999984741211,34.560001373291016,34.849998474121094,28.024866104125977,18824400
2016-08-02,34.810001373291016,34.869998931884766,34.33000183105469,34.560001373291016,27.791667938232422,20057300
2016-08-03,34.099998474121094,34.279998779296875,33.9900016784668,34.25,27.751148223876953,18388800
2016-08-04,34.290000915527344,34.619998931884766,34.220001220703125,34.58000183105469,28.01853370666504,16362600
2016-08-05,34.79999923706055,35.130001068115234,34.70000076293945,34.97999954223633,28.342632293701172,20046200
2016-08-08,34.900001525878906,35.16999816894531,34.86000061035156,35.040000915527344,28.391246795654297,19497300
2016-08-09,35.040000915527344,35.15999984741211,34.84000015258789,34.91999816894531,28.294017791748047,12578900
2016-08-10,35.0,35.0,34.5,34.529998779296875,27.9780216217041,19579000
2016-08-11,34.65999984741211,34.7400016784668,34.4900016784668,34.68000030517578,28.09956169128418,16364100
2016-08-12,34.52000045776367,34.7599983215332,34.439998626708984,34.56999969482422,28.010425567626953,15708300
2016-08-15,34.70000076293945,35.15999984741211,34.630001068115234,34.90999984741211,28.285917282104492,18931100
2016-08-16,34.77000045776367,35.209999084472656,34.77000045776367,35.209999084472656,28.528987884521484,16320900
2016-08-17,35.16999816894531,35.209999084472656,34.77000045776367,35.02000045776367,28.37504768371582,18221600
2016-08-18,34.959999084472656,35.09000015258789,34.75,34.970001220703125,28.334537506103516,16085200
2016-08-19,34.84000015258789,35.27000045776367,34.7400016784668,35.2400016784668,28.553300857543945,16417600
2016-08-22,35.20000076293945,35.45000076293945,35.119998931884766,35.36000061035156,28.650529861450195,14941400
2016-08-23,35.5,35.689998626708984,35.29999923706055,35.400001525878906,28.682945251464844,18316000
2016-08-24,35.31999969482422,35.40999984741211,35.02000045776367,35.150001525878906,28.480377197265625,16343500
2016-08-25,35.04999923706055,35.220001220703125,34.900001525878906,35.09000015258789,28.431760787963867,12428000
2016-08-26,35.11000061035156,35.58000183105469,35.04999923706055,35.2599983215332,28.56949806213379,14469900
2016-08-29,35.47999954223633,35.66999816894531,35.150001525878906,35.54999923706055,28.804473876953125,15264300
2016-08-30,35.59000015258789,35.7400016784668,35.52000045776367,35.70000076293945,28.9260196685791,15183200
2016-08-31,35.619998931884766,35.900001525878906,35.58000183105469,35.88999938964844,29.079971313476562,20562700
2016-09-01,35.9900016784668,36.040000915527344,35.58000183105469,36.02000045776367,29.185300827026367,18925800
2016-09-02,36.209999084472656,36.33000183105469,35.95000076293945,36.08000183105469,29.233911514282227,16726700
2016-09-06,36.380001068115234,36.599998474121094,36.16999816894531,36.56999969482422,29.630935668945312,22337800
2016-09-07,36.650001525878906,36.650001525878906,36.380001068115234,36.459999084472656,29.54181671142578,18495600
2016-09-08,36.349998474121094,36.59000015258789,36.119998931884766,36.439998626708984,29.525598526000977,20356500
2016-09-09,36.099998474121094,36.38999938964844,35.439998626708984,35.439998626708984,28.71535301208496,29457900
2016-09-12,35.189998626708984,36.119998931884766,35.060001373291016,36.08000183105469,29.233911514282227,22796600
2016-09-13,35.75,35.880001068115234,35.31999969482422,35.61000061035156,28.853092193603516,23591300
2016-09-14,35.5099983215332,35.81999969482422,35.400001525878906,35.619998931884766,28.861194610595703,14074500
2016-09-15,35.7400016784668,36.650001525878906,35.540000915527344,36.560001373291016,29.622833251953125,23736000
2016-09-16,37.720001220703125,38.04999923706055,37.25,37.66999816894531,30.5222110748291,74577900
2016-09-19,37.689998626708984,38.02000045776367,37.09000015258789,37.15999984741211,30.10898780822754,30531700
2016-09-20,37.41999816894531,37.43000030517578,36.939998626708984,37.13999938964844,30.092784881591797,24796900
2016-09-21,37.209999084472656,37.459999084472656,36.86000061035156,37.45000076293945,30.343963623046875,21233700
2016-09-22,37.599998474121094,37.83000183105469,37.439998626708984,37.54999923706055,30.424989700317383,17013400
2016-09-23,37.45000076293945,37.650001525878906,37.119998931884766,37.189998626708984,30.133291244506836,18062500
2016-09-26,36.91999816894531,36.939998626708984,36.599998474121094,36.650001525878906,29.695755004882812,25518800
2016-09-27,36.900001525878906,37.220001220703125,36.630001068115234,37.18000030517578,30.125192642211914,22391600
2016-09-28,37.310001373291016,37.5,37.150001525878906,37.439998626708984,30.33585548400879,19020800
2016-09-29,37.4900016784668,37.529998779296875,37.0,37.31999969482422,30.238622665405273,17675000
2016-09-30,37.470001220703125,37.91999816894531,37.439998626708984,37.75,30.5870304107666,24279300
2016-10-03,37.689998626708984,37.95000076293945,37.529998779296875,37.65999984741211,30.514108657836914,14113600
2016-10-04,37.77000045776367,37.939998626708984,37.33000183105469,37.540000915527344,30.41688346862793,14393100
2016-10-05,37.75,38.310001373291016,37.63999938964844,37.9900016784668,30.781492233276367,22420800
2016-10-06,37.84000015258789,38.15999984741211,37.58000183105469,38.06999969482422,30.84632110595703,15171400
2016-10-07,38.08000183105469,38.220001220703125,37.779998779296875,38.099998474121094,30.870620727539062,16942500
2016-10-10,38.25,38.36000061035156,37.900001525878906,38.02000045776367,30.805805206298828,14954300
2016-10-11,37.90999984741211,38.0,36.81999969482422,37.27000045776367,30.198116302490234,27650500
2016-10-12,37.20000076293945,37.25,36.810001373291016,37.130001068115234,30.08468246459961,14053900
2016-10-13,36.849998474121094,37.130001068115234,36.459999084472656,36.970001220703125,29.955036163330078,16936000
2016-10-14,37.189998626708984,37.70000076293945,37.15999984741211,37.45000076293945,30.343963623046875,19123900
2016-10-17,37.54999923706055,37.720001220703125,37.2400016784668,37.290000915527344,30.21431541442871,15788100
2016-10-18,37.970001220703125,38.04999923706055,37.529998779296875,37.75,30.5870304107666,42907800
2016-10-19,36.06999969482422,36.09000015258789,35.22999954223633,35.5099983215332,28.772066116333008,75229000
2016-10-20,35.40999984741211,35.66999816894531,35.099998474121094,35.43000030517578,28.707250595092773,25669500
2016-10-21,35.209999084472656,35.400001525878906,34.810001373291016,35.150001525878906,28.480377197265625,20813200
2016-10-24,35.43000030517578,35.4900016784668,35.11000061035156,35.2599983215332,28.56949806213379,21524700
2016-10-25,35.13999938964844,35.25,35.0099983215332,35.099998474121094,28.439863204956055,17860300
2016-10-26,35.040000915527344,35.209999084472656,34.7400016784668,34.91999816894531,28.294017791748047,19977600
2016-10-27,35.099998474121094,35.22999954223633,34.75,34.810001373291016,28.20489501953125,14634700
2016-10-28,34.869998931884766,35.16999816894531,34.709999084472656,34.7400016784668,28.14818000793457,22296400
2016-10-31,34.91999816894531,35.08000183105469,34.84000015258789,34.869998931884766,28.25350570678711,19188600
2016-11-01,34.900001525878906,35.15999984741211,34.27000045776367,34.52000045776367,27.969924926757812,25368200
2016-11-02,34.599998474121094,34.900001525878906,34.470001220703125,34.599998474121094,28.034740447998047,21416400
2016-11-03,34.45000076293945,34.52000045776367,33.869998931884766,33.93000030517578,27.70001983642578,19400000
2016-11-04,33.529998779296875,33.93000030517578,33.41999816894531,33.61000061035156,27.43877410888672,21914700
2016-11-07,34.2400016784668,34.75,34.150001525878906,34.689998626708984,28.32047462463379,19296600
2016-11-08,34.599998474121094,34.95000076293945,34.4900016784668,34.7400016784668,28.361299514770508,14833100
2016-11-09,34.130001068115234,34.849998474121094,33.66999816894531,34.75,28.369457244873047,25999400
2016-11-10,34.95000076293945,34.95000076293945,34.029998779296875,34.5,28.165363311767578,28249900
2016-11-11,34.56999969482422,34.869998931884766,34.34000015258789,34.61000061035156,28.25516700744629,22665000
2016-11-14,34.560001373291016,34.72999954223633,34.20000076293945,34.47999954223633,28.14903450012207,22558900
2016-11-15,34.63999938964844,35.290000915527344,34.61000061035156,34.90999984741211,28.500080108642578,20676100
2016-11-16,34.900001525878906,34.91999816894531,34.540000915527344,34.84000015258789,28.442934036254883,18565500
2016-11-17,34.810001373291016,35.02000045776367,34.630001068115234,35.02000045776367,28.58988380432129,15748500
2016-11-18,34.900001525878906,35.0,34.63999938964844,34.95000076293945,28.532730102539062,16806900
2016-11-21,35.099998474121094,35.20000076293945,34.84000015258789,34.97999954223633,28.557226181030273,14259500
2016-11-22,35.18000030517578,35.5,35.11000061035156,35.47999954223633,28.96542739868164,22327400
2016-11-23,35.47999954223633,35.52000045776367,35.099998474121094,35.20000076293945,28.73682403564453,15843100
2016-11-25,35.11000061035156,35.45000076293945,35.11000061035156,35.439998626708984,28.932767868041992,6372800
2016-11-28,35.43000030517578,35.65999984741211,35.209999084472656,35.5099983215332,28.989910125732422,13549000
2016-11-29,35.63999938964844,35.63999938964844,35.27000045776367,35.310001373291016,28.826637268066406,19581000
2016-11-30,35.20000076293945,35.29999923706055,34.70000076293945,34.70000076293945,28.328638076782227,27016100
2016-12-01,34.86000061035156,34.93000030517578,33.560001373291016,33.7599983215332,27.561227798461914,29618700
2016-12-02,33.720001220703125,34.2599983215332,33.599998474121094,34.15999984741211,27.88779640197754,21492500
2016-12-05,34.310001373291016,34.41999816894531,33.970001220703125,34.38999938964844,28.0755615234375,14462000
2016-12-06,34.38999938964844,34.75,34.29999923706055,34.720001220703125,28.344966888427734,15297700
2016-12-07,34.66999816894531,35.56999969482422,34.45000076293945,35.5,28.981754302978516,21710300
2016-12-08,35.47999954223633,36.029998779296875,35.220001220703125,35.70000076293945,29.14502716064453,19966500
2016-12-09,35.75,35.900001525878906,35.59000015258789,35.7599983215332,29.19400978088379,16326900
2016-12-12,35.779998779296875,36.09000015258789,35.66999816894531,35.970001220703125,29.365446090698242,21985800
2016-12-13,36.0099983215332,36.88999938964844,35.93000030517578,36.79999923706055,30.043048858642578,35773600
2016-12-14,36.70000076293945,36.88999938964844,36.459999084472656,36.54999923706055,29.83895492553711,30819400
2016-12-15,36.7400016784668,37.15999984741211,36.529998779296875,36.790000915527344,30.034883499145508,23721500
2016-12-16,36.720001220703125,36.869998931884766,36.09000015258789,36.310001373291016,29.643024444580078,38212800
2016-12-19,36.34000015258789,36.95000076293945,36.27000045776367,36.88999938964844,30.116525650024414,18744300
2016-12-20,36.95000076293945,37.2400016784668,36.88999938964844,37.209999084472656,30.37778091430664,18551800
2016-12-21,37.25,37.349998474121094,36.90999984741211,36.97999954223633,30.18999671936035,14323600
2016-12-22,37.22999954223633,37.2400016784668,36.810001373291016,36.93000030517578,30.14917755126953,10793900
2016-12-23,36.93000030517578,36.97999954223633,36.77000045776367,36.970001220703125,30.181833267211914,6287300
2016-12-27,36.90999984741211,37.33000183105469,36.90999984741211,37.06999969482422,30.26348114013672,9033700
2016-12-28,37.099998474121094,37.20000076293945,36.58000183105469,36.630001068115234,29.90427017211914,12868600
2016-12-29,36.5099983215332,36.720001220703125,36.43000030517578,36.65999984741211,29.92875862121582,8447300
2016-12-30,36.790000915527344,36.79999923706055,36.20000076293945,36.27000045776367,29.61035919189453,17468000
2017-01-03,36.61000061035156,36.93000030517578,36.27000045776367,36.599998474121094,29.879772186279297,20196500
2017-01-04,36.709999084472656,36.77000045776367,36.34000015258789,36.40999984741211,29.72465705871582,15915700
2017-01-05,36.45000076293945,36.720001220703125,36.310001373291016,36.349998474121094,29.675682067871094,13986000
2017-01-06,36.59000015258789,36.68000030517578,36.189998626708984,36.47999954223633,29.78181266784668,15114000
2017-01-09,36.47999954223633,36.88999938964844,36.47999954223633,36.61000061035156,29.8879451751709,19461400
2017-01-10,36.54999923706055,36.93000030517578,36.529998779296875,36.540000915527344,29.830787658691406,15918800
2017-01-11,36.5099983215332,37.0,36.5099983215332,36.95000076293945,30.165504455566406,22398400
2017-01-12,36.83000183105469,36.83000183105469,36.31999969482422,36.709999084472656,29.969573974609375,20391900
2017-01-13,36.709999084472656,36.86000061035156,36.619998931884766,36.790000915527344,30.034883499145508,15072200
2017-01-17,36.66999816894531,36.83000183105469,36.59000015258789,36.79999923706055,30.043048858642578,20195200
2017-01-18,36.88999938964844,37.0099983215332,36.61000061035156,36.7599983215332,30.010393142700195,15382500
2017-01-19,36.5099983215332,36.90999984741211,36.5099983215332,36.56999969482422,29.855283737182617,13654500
2017-01-20,36.7599983215332,37.029998779296875,36.58000183105469,36.939998626708984,30.1573429107666,23950900
2017-01-23,37.06999969482422,37.209999084472656,36.54999923706055,36.77000045776367,30.018564224243164,27752600
2017-01-24,36.84000015258789,37.7400016784668,36.810001373291016,37.619998931884766,30.71249008178711,35140900
2017-01-25,37.869998931884766,38.0,37.52000045776367,37.79999923706055,30.85944938659668,32276400
2017-01-26,37.81999969482422,37.91999816894531,37.41999816894531,37.560001373291016,30.663497924804688,34144800
2017-01-27,38.0,38.45000076293945,37.810001373291016,37.97999954223633,31.00638771057129,44368600
2017-01-30,37.7400016784668,37.84000015258789,37.33000183105469,37.41999816894531,30.549219131469727,23954700
2017-01-31,37.220001220703125,37.369998931884766,36.63999938964844,36.81999969482422,30.05937957763672,27059100
2017-02-01,36.81999969482422,36.95000076293945,36.02000045776367,36.52000045776367,29.814472198486328,28380600
2017-02-02,36.2599983215332,36.70000076293945,36.20000076293945,36.68000030517578,29.945085525512695,31916900
2017-02-03,36.689998626708984,36.81999969482422,36.45000076293945,36.52000045776367,30.027313232421875,21038100
2017-02-06,36.5099983215332,36.5099983215332,36.150001525878906,36.27000045776367,29.82174301147461,21427000
2017-02-07,36.45000076293945,36.52000045776367,36.2400016784668,36.349998474121094,29.88753318786621,18581900
2017-02-08,36.34000015258789,36.650001525878906,36.13999938964844,36.380001068115234,29.91219711303711,20807400
2017-02-09,36.5,36.5,35.400001525878906,35.459999084472656,29.155757904052734,47802700
2017-02-10,35.2599983215332,35.43000030517578,34.84000015258789,35.34000015258789,29.057090759277344,44106500
2017-02-13,35.56999969482422,35.849998474121094,35.34000015258789,35.79999923706055,29.435314178466797,28180600
2017-02-14,35.84000015258789,35.959999084472656,35.529998779296875,35.93000030517578,29.54220962524414,25734800
2017-02-15,35.97999954223633,36.060001373291016,35.66999816894531,36.04999923706055,29.640872955322266,18452200
2017-02-16,36.18000030517578,36.560001373291016,36.099998474121094,36.40999984741211,29.936861038208008,21317500
2017-02-17,36.31999969482422,36.47999954223633,36.099998474121094,36.47999954223633,29.994421005249023,18909900
2017-02-21,36.529998779296875,36.650001525878906,36.33000183105469,36.52000045776367,30.027313232421875,20556000
2017-02-22,36.34000015258789,36.400001525878906,35.790000915527344,36.06999969482422,29.657306671142578,29904400
2017-02-23,36.2400016784668,36.29999923706055,35.900001525878906,36.18000030517578,29.74774932861328,22775000
2017-02-24,36.13999938964844,36.529998779296875,35.95000076293945,36.529998779296875,30.035526275634766,18617600
2017-02-27,36.41999816894531,36.68000030517578,36.27000045776367,36.5099983215332,30.019086837768555,14065200
2017-02-28,36.41999816894531,36.459999084472656,36.0,36.20000076293945,29.76419448852539,24977000
2017-03-01,35.849998474121094,36.099998474121094,35.439998626708984,35.93000030517578,29.54220962524414,34085900
2017-03-02,35.93000030517578,36.02000045776367,35.650001525878906,35.90999984741211,29.525754928588867,23602100
2017-03-03,35.939998626708984,36.09000015258789,35.66999816894531,35.900001525878906,29.517532348632812,17538100
2017-03-06,35.790000915527344,35.79999923706055,35.41999816894531,35.56999969482422,29.246196746826172,24416700
2017-03-07,35.540000915527344,35.79999923706055,35.38999938964844,35.79999923706055,29.435314178466797,23434900
2017-03-08,35.66999816894531,35.900001525878906,35.529998779296875,35.619998931884766,29.287311553955078,20920100
2017-03-09,35.599998474121094,35.939998626708984,35.5,35.81999969482422,29.45176124572754,23616800
2017-03-10,36.119998931884766,36.29999923706055,35.779998779296875,35.90999984741211,29.525754928588867,25402300
2017-03-13,35.849998474121094,36.040000915527344,34.939998626708984,35.15999984741211,28.909086227416992,53582900
2017-03-14,35.060001373291016,35.22999954223633,34.65999984741211,35.18000030517578,28.925537109375,28586900
2017-03-15,34.939998626708984,35.16999816894531,34.68000030517578,35.099998474121094,28.859756469726562,27996100
2017-03-16,35.16999816894531,35.36000061035156,35.06999969482422,35.13999938964844,28.89265251159668,19616100
2017-03-17,35.310001373291016,35.33000183105469,35.099998474121094,35.27000045776367,28.999534606933594,30778900
2017-03-20,35.369998931884766,35.630001068115234,35.2599983215332,35.43000030517578,29.1310977935791,17322300
2017-03-21,35.59000015258789,35.599998474121094,35.0,35.040000915527344,28.810420989990234,22814500
2017-03-22,35.220001220703125,35.459999084472656,35.0,35.369998931884766,29.081762313842773,19144500
2017-03-23,35.4900016784668,35.4900016784668,35.02000045776367,35.27000045776367,28.999534606933594,20640400
2017-03-24,35.650001525878906,35.72999954223633,35.119998931884766,35.15999984741211,28.909086227416992,22188000
2017-03-27,35.06999969482422,35.5,34.939998626708984,35.38999938964844,29.09819984436035,16992200
2017-03-28,35.34000015258789,35.709999084472656,35.209999084472656,35.599998474121094,29.27086639404297,18398100
2017-03-29,35.52000045776367,35.70000076293945,35.439998626708984,35.56999969482422,29.246196746826172,17202600
2017-03-30,35.58000183105469,35.88999938964844,35.52000045776367,35.75,29.394195556640625,16433000
2017-03-31,35.75,36.25,35.7400016784668,36.06999969482422,29.657306671142578,21438400
2017-04-03,36.189998626708984,36.7400016784668,36.119998931884766,36.15999984741211,29.731307983398438,32013600
2017-04-04,36.119998931884766,36.380001068115234,35.9900016784668,36.279998779296875,29.829975128173828,18918000
2017-04-05,36.43000030517578,36.7599983215332,36.16999816894531,36.220001220703125,29.7806396484375,22455500
2017-04-06,36.130001068115234,36.279998779296875,36.029998779296875,36.029998779296875,29.624420166015625,20198200
2017-04-07,36.06999969482422,36.31999969482422,35.9900016784668,36.029998779296875,29.624420166015625,15689500
2017-04-10,36.02000045776367,36.09000015258789,35.61000061035156,35.79999923706055,29.435314178466797,19973700
2017-04-11,35.77000045776367,35.790000915527344,35.209999084472656,35.7400016784668,29.38597297668457,22711800
2017-04-12,35.869998931884766,36.0099983215332,35.5,35.630001068115234,29.295536041259766,19289800
2017-04-13,35.54999923706055,35.7599983215332,35.25,35.25,28.98308753967285,15764000
2017-04-17,35.439998626708984,35.59000015258789,35.33000183105469,35.47999954223633,29.17220687866211,12560700
2017-04-18,35.43000030517578,35.810001373291016,35.29999923706055,35.77000045776367,29.410646438598633,12321100
2017-04-19,35.970001220703125,36.220001220703125,35.88999938964844,35.90999984741211,29.525754928588867,16594600
2017-04-20,36.18000030517578,36.27000045776367,35.86000061035156,36.18000030517578,29.74774932861328,22968300
2017-04-21,36.20000076293945,36.41999816894531,35.849998474121094,36.31999969482422,29.862863540649414,20390500
2017-04-24,36.66999816894531,36.849998474121094,36.459999084472656,36.75,30.216419219970703,26305800
2017-04-25,36.77000045776367,37.0,36.65999984741211,36.869998931884766,30.315073013305664,22066800
2017-04-26,36.779998779296875,37.22999954223633,36.779998779296875,36.93000030517578,30.364412307739258,27241000
2017-04-27,36.869998931884766,37.5,36.779998779296875,37.43000030517578,30.77552604675293,39890000
2017-04-28,36.099998474121094,36.4900016784668,35.880001068115234,36.150001525878906,29.72309112548828,56769300
2017-05-01,36.11000061035156,36.400001525878906,35.939998626708984,36.310001373291016,29.854642868041992,24825600
2017-05-02,36.369998931884766,37.029998779296875,36.349998474121094,36.970001220703125,30.39729881286621,35813000
2017-05-03,36.720001220703125,37.16999816894531,36.619998931884766,36.97999954223633,30.6317195892334,22040300
2017-05-04,36.9900016784668,37.11000061035156,36.63999938964844,36.849998474121094,30.52403450012207,16437100
2017-05-05,36.86000061035156,36.93000030517578,36.5,36.81999969482422,30.49919891357422,18119200
2017-05-08,36.72999954223633,36.849998474121094,36.47999954223633,36.540000915527344,30.26725196838379,17660200
2017-05-09,36.47999954223633,36.75,36.279998779296875,36.369998931884766,30.126436233520508,17819100
2017-05-10,36.27000045776367,36.380001068115234,35.93000030517578,36.0099983215332,29.82823371887207,25133800
2017-05-11,35.90999984741211,36.0,35.45000076293945,35.689998626708984,29.56317138671875,21508900
2017-05-12,35.720001220703125,35.7400016784668,35.400001525878906,35.529998779296875,29.43063735961914,19730800
2017-05-15,35.529998779296875,35.720001220703125,35.41999816894531,35.630001068115234,29.513477325439453,22120100
2017-05-16,35.75,35.88999938964844,35.41999816894531,35.81999969482422,29.670866012573242,22291800
2017-05-17,35.66999816894531,35.9900016784668,35.02000045776367,35.040000915527344,29.024757385253906,26670200
2017-05-18,35.189998626708984,35.470001220703125,35.08000183105469,35.220001220703125,29.173856735229492,17171900
2017-05-19,35.150001525878906,35.54999923706055,35.130001068115234,35.400001525878906,29.322961807250977,18340100
2017-05-22,35.47999954223633,36.11000061035156,35.380001068115234,35.77000045776367,29.62944221496582,14638100
2017-05-23,35.869998931884766,35.9900016784668,35.560001373291016,35.86000061035156,29.70398712158203,16903700
2017-05-24,35.97999954223633,36.18000030517578,35.88999938964844,36.119998931884766,29.919353485107422,20640600
2017-05-25,36.119998931884766,36.38999938964844,36.060001373291016,36.2599983215332,30.035322189331055,13148500
2017-05-26,36.2599983215332,36.33000183105469,36.130001068115234,36.2599983215332,30.035322189331055,11145500
2017-05-30,36.27000045776367,36.439998626708984,36.09000015258789,36.18000030517578,29.96905517578125,13026900
2017-05-31,36.310001373291016,36.380001068115234,35.869998931884766,36.11000061035156,29.911075592041016,17741900
2017-06-01,36.119998931884766,36.130001068115234,35.79999923706055,36.119998931884766,29.919353485107422,17510900
2017-06-02,36.27000045776367,36.33000183105469,36.0,36.31999969482422,30.08502197265625,19127400
2017-06-05,36.29999923706055,36.5,36.20000076293945,36.34000015258789,30.101581573486328,11685700
2017-06-06,36.15999984741211,36.45000076293945,35.97999954223633,36.130001068115234,29.927640914916992,18420900
2017-06-07,36.130001068115234,36.56999969482422,36.099998474121094,36.2599983215332,30.035322189331055,17192000
2017-06-08,36.34000015258789,36.529998779296875,36.15999984741211,36.47999954223633,30.217554092407227,17154200
2017-06-09,36.5,36.560001373291016,35.310001373291016,35.709999084472656,29.57973861694336,33322100
2017-06-12,35.59000015258789,36.0099983215332,35.40999984741211,35.72999954223633,29.59630584716797,28488300
2017-06-13,35.68000030517578,35.95000076293945,35.529998779296875,35.880001068115234,29.720556259155273,20588200
2017-06-14,35.9900016784668,36.04999923706055,35.220001220703125,35.529998779296875,29.43063735961914,19149000
2017-06-15,35.209999084472656,35.47999954223633,35.13999938964844,35.310001373291016,29.248409271240234,20410000
2017-06-16,35.279998779296875,35.33000183105469,35.0099983215332,35.209999084472656,29.165565490722656,30762800
2017-06-19,35.61000061035156,35.61000061035156,35.31999969482422,35.5099983215332,29.414073944091797,21583800
2017-06-20,35.45000076293945,35.45000076293945,34.84000015258789,34.86000061035156,28.875659942626953,21536500
2017-06-21,34.33000183105469,34.599998474121094,34.09000015258789,34.58000183105469,28.643728256225586,27138500
2017-06-22,34.560001373291016,34.630001068115234,34.290000915527344,34.36000061035156,28.46148681640625,24602900
2017-06-23,34.209999084472656,34.54999923706055,34.099998474121094,34.189998626708984,28.320674896240234,29260900
2017-06-26,34.2599983215332,34.5099983215332,34.029998779296875,34.06999969482422,28.22127342224121,18854800
2017-06-27,34.0,34.150001525878906,33.650001525878906,33.650001525878906,27.873374938964844,27078900
2017-06-28,33.77000045776367,34.2400016784668,33.7400016784668,34.20000076293945,28.32895851135254,25940100
2017-06-29,33.91999816894531,34.099998474121094,33.34000015258789,33.540000915527344,27.782262802124023,25215700
2017-06-30,33.869998931884766,33.93000030517578,33.529998779296875,33.7400016784668,27.947925567626953,24432000
2017-07-03,33.5099983215332,34.029998779296875,33.43000030517578,33.459999084472656,27.71599006652832,12676900
2017-07-05,33.52000045776367,34.43000030517578,33.4900016784668,34.34000015258789,28.444923400878906,30010800
2017-07-06,34.119998931884766,34.290000915527344,33.560001373291016,33.630001068115234,27.856809616088867,20733200
2017-07-07,33.70000076293945,34.119998931884766,33.70000076293945,33.880001068115234,28.063892364501953,18304500
2017-07-10,33.25,33.7400016784668,33.22999954223633,33.650001525878906,27.873374938964844,29918400
2017-07-11,33.63999938964844,33.93000030517578,33.43000030517578,33.91999816894531,28.09701919555664,25737500
2017-07-12,34.279998779296875,34.38999938964844,33.939998626708984,34.25,28.370372772216797,23768300
2017-07-13,34.33000183105469,34.400001525878906,34.119998931884766,34.2400016784668,28.36208724975586,15046200
2017-07-14,34.47999954223633,34.709999084472656,34.27000045776367,34.68000030517578,28.72655487060547,16316400
2017-07-17,34.7400016784668,34.7400016784668,34.36000061035156,34.470001220703125,28.552608489990234,21044400
2017-07-18,34.43000030517578,34.58000183105469,34.25,34.529998779296875,28.602304458618164,14362800
2017-07-19,34.68000030517578,34.68000030517578,34.459999084472656,34.560001373291016,28.627153396606445,17036200
2017-07-20,34.540000915527344,34.84000015258789,34.47999954223633,34.75,28.784543991088867,17506200
2017-07-21,34.540000915527344,34.81999969482422,34.400001525878906,34.72999954223633,28.76797103881836,22245000
2017-07-24,34.72999954223633,34.79999923706055,34.380001068115234,34.5,28.577457427978516,16146300
2017-07-25,34.54999923706055,34.7400016784668,34.400001525878906,34.66999816894531,28.718273162841797,18096700
2017-07-26,34.70000076293945,34.970001220703125,34.59000015258789,34.75,28.784543991088867,15499300
2017-07-27,34.779998779296875,35.25,34.66999816894531,34.970001220703125,28.96677589416504,43062800
2017-07-28,35.130001068115234,35.86000061035156,35.0,35.310001373291016,29.248409271240234,36291500
2017-07-31,35.470001220703125,35.7400016784668,35.31999969482422,35.470001220703125,29.380937576293945,27057000
2017-08-01,35.65999984741211,36.43000030517578,35.56999969482422,36.349998474121094,30.10987091064453,38710200
2017-08-02,36.33000183105469,36.66999816894531,36.060001373291016,36.63999938964844,30.350086212158203,35004300
2017-08-03,36.54999923706055,36.59000015258789,36.150001525878906,36.4900016784668,30.452741622924805,26611300
2017-08-04,36.45000076293945,36.560001373291016,36.099998474121094,36.29999923706055,30.294170379638672,20520300
2017-08-07,36.38999938964844,36.54999923706055,36.220001220703125,36.43000030517578,30.402673721313477,18169300
2017-08-08,36.369998931884766,36.70000076293945,36.29999923706055,36.40999984741211,30.385974884033203,22819900
2017-08-09,36.279998779296875,36.65999984741211,36.02000045776367,36.59000015258789,30.53618812561035,22796800
2017-08-10,36.400001525878906,36.560001373291016,36.11000061035156,36.13999938964844,30.160648345947266,22693300
2017-08-11,36.2599983215332,36.400001525878906,35.790000915527344,35.869998931884766,29.935312271118164,19275100
2017-08-14,36.119998931884766,36.470001220703125,36.08000183105469,36.34000015258789,30.327556610107422,18469400
2017-08-15,36.29999923706055,36.31999969482422,35.81999969482422,36.0,30.04380989074707,21706600
2017-08-16,35.97999954223633,36.06999969482422,35.560001373291016,35.810001373291016,29.885250091552734,22014000
2017-08-17,35.599998474121094,35.68000030517578,35.16999816894531,35.16999816894531,29.351139068603516,19525000
2017-08-18,35.290000915527344,35.310001373291016,34.9900016784668,35.0099983215332,29.217607498168945,16231400
2017-08-21,35.09000015258789,35.279998779296875,34.70000076293945,34.91999816894531,29.142494201660156,26493300
2017-08-22,35.02000045776367,35.189998626708984,34.619998931884766,34.650001525878906,28.917165756225586,26097800
2017-08-23,34.540000915527344,34.810001373291016,34.380001068115234,34.65999984741211,28.92551040649414,19648100
2017-08-24,34.70000076293945,34.88999938964844,34.54999923706055,34.709999084472656,28.96723747253418,14301900
2017-08-25,34.81999969482422,34.93000030517578,34.58000183105469,34.66999816894531,28.93385887145996,14726800
2017-08-28,34.779998779296875,34.79999923706055,34.59000015258789,34.650001525878906,28.917165756225586,20712900
2017-08-29,34.5099983215332,34.75,34.459999084472656,34.72999954223633,28.98392677307129,15843700
2017-08-30,34.75,34.959999084472656,34.630001068115234,34.88999938964844,29.117462158203125,18565000
2017-08-31,34.939998626708984,35.18000030517578,34.869998931884766,35.06999969482422,29.26767921447754,16366800
2017-09-01,35.2400016784668,35.38999938964844,35.06999969482422,35.09000015258789,29.28437042236328,12822000
2017-09-05,35.02000045776367,35.33000183105469,34.93000030517578,35.02000045776367,29.22595977783203,18772000
2017-09-06,35.220001220703125,35.939998626708984,35.11000061035156,35.7599983215332,29.843521118164062,28076400
2017-09-07,35.880001068115234,35.95000076293945,35.33000183105469,35.540000915527344,29.65991973876953,16297100
2017-09-08,35.41999816894531,35.540000915527344,35.08000183105469,35.189998626708984,29.367826461791992,14125000
2017-09-11,35.4900016784668,36.0,35.13999938964844,35.77000045776367,29.85186004638672,20037600
2017-09-12,35.880001068115234,36.34000015258789,35.7400016784668,36.09000015258789,30.11893081665039,19489900
2017-09-13,36.0,36.400001525878906,35.970001220703125,36.33000183105469,30.31922149658203,15509800
2017-09-14,36.189998626708984,36.70000076293945,36.15999984741211,36.47999954223633,30.44439697265625,18093900
2017-09-15,36.54999923706055,37.08000183105469,36.220001220703125,37.0,30.87836265563965,33596100
2017-09-18,37.0,37.33000183105469,36.79999923706055,37.0,30.87836265563965,19393800
2017-09-19,37.20000076293945,37.29999923706055,37.02000045776367,37.22999954223633,31.070302963256836,23850500
2017-09-20,37.22999954223633,37.290000915527344,36.65999984741211,37.06999969482422,30.936784744262695,23957500
2017-09-21,36.9900016784668,37.27000045776367,36.849998474121094,37.20000076293945,31.045263290405273,22954200
2017-09-22,36.95000076293945,37.220001220703125,36.95000076293945,37.18000030517578,31.028581619262695,21631800
2017-09-25,37.04999923706055,37.22999954223633,36.849998474121094,37.15999984741211,31.011877059936523,23180800
2017-09-26,37.209999084472656,37.63999938964844,37.0,37.470001220703125,31.270599365234375,29790400
2017-09-27,37.619998931884766,37.689998626708984,37.099998474121094,37.540000915527344,31.329017639160156,25981400
2017-09-28,37.31999969482422,37.880001068115234,37.290000915527344,37.83000183105469,31.571025848388672,21171400
2017-09-29,37.84000015258789,38.150001525878906,37.70000076293945,38.08000183105469,31.779674530029297,23217300
2017-10-02,38.119998931884766,39.09000015258789,38.08000183105469,39.040000915527344,32.580841064453125,37394500
2017-10-03,38.95000076293945,39.70000076293945,38.95000076293945,39.380001068115234,32.864593505859375,34002200
2017-10-04,39.38999938964844,39.400001525878906,38.86000061035156,39.34000015258789,32.831207275390625,28368800
2017-10-05,39.5,39.650001525878906,39.209999084472656,39.529998779296875,32.989768981933594,17710300
2017-10-06,39.599998474121094,39.88999938964844,39.41999816894531,39.630001068115234,33.0732307434082,18887500
2017-10-09,39.68000030517578,39.880001068115234,39.52000045776367,39.86000061035156,33.265174865722656,18494100
2017-10-10,39.93000030517578,39.95000076293945,39.380001068115234,39.650001525878906,33.08991241455078,29890000
2017-10-11,39.47999954223633,39.66999816894531,39.060001373291016,39.29999923706055,32.79782485961914,30754700
2017-10-12,39.349998474121094,39.38999938964844,38.97999954223633,39.189998626708984,32.706031799316406,18286900
2017-10-13,39.439998626708984,39.810001373291016,39.279998779296875,39.66999816894531,33.10661315917969,16829400
2017-10-16,39.709999084472656,39.790000915527344,39.439998626708984,39.7599983215332,33.18171310424805,12489100
2017-10-17,39.560001373291016,39.869998931884766,39.369998931884766,39.790000915527344,33.20675277709961,15532800
2017-10-18,39.79999923706055,40.290000915527344,39.599998474121094,40.25,33.59065628051758,21424600
2017-10-19,39.880001068115234,40.33000183105469,39.83000183105469,40.09000015258789,33.457115173339844,19222700
2017-10-20,40.33000183105469,40.45000076293945,40.099998474121094,40.43000030517578,33.740875244140625,18335700
2017-10-23,40.54999923706055,41.040000915527344,40.400001525878906,40.83000183105469,34.07469940185547,28647000
2017-10-24,41.0,41.04999923706055,40.720001220703125,40.95000076293945,34.17483139038086,19652400
2017-10-25,40.88999938964844,41.060001373291016,40.4900016784668,40.779998779296875,34.032958984375,24031700
2017-10-26,40.90999984741211,41.58000183105469,40.709999084472656,41.349998474121094,34.5086555480957,38247400
2017-10-27,43.29999923706055,45.0,43.099998474121094,44.400001525878906,37.05403137207031,90028300
2017-10-30,44.47999954223633,45.189998626708984,43.880001068115234,44.369998931884766,37.02899169921875,48161500
2017-10-31,45.20000076293945,45.79999923706055,44.650001525878906,45.4900016784668,37.96369171142578,47000900
2017-11-01,45.970001220703125,46.709999084472656,45.59000015258789,46.709999084472656,38.98184585571289,47813700
2017-11-02,46.61000061035156,47.22999954223633,46.209999084472656,47.099998474121094,39.30731964111328,44602300
2017-11-03,47.20000076293945,47.29999923706055,45.599998474121094,46.34000015258789,38.67306137084961,39298100
2017-11-06,46.599998474121094,46.7400016784668,46.09000015258789,46.70000076293945,39.204463958740234,34035000
2017-11-07,46.70000076293945,47.09000015258789,46.38999938964844,46.779998779296875,39.271629333496094,24461400
2017-11-08,46.619998931884766,46.70000076293945,46.279998779296875,46.70000076293945,39.204463958740234,21565800
2017-11-09,46.04999923706055,46.38999938964844,45.650001525878906,46.29999923706055,38.868656158447266,25570400
2017-11-10,46.040000915527344,46.09000015258789,45.380001068115234,45.58000183105469,38.264225006103516,24095400
2017-11-13,45.2599983215332,45.939998626708984,45.25,45.75,38.40693283081055,18999000
2017-11-14,45.70000076293945,45.91999816894531,45.31999969482422,45.86000061035156,38.49928665161133,22201200
2017-11-15,45.38999938964844,45.810001373291016,45.16999816894531,45.459999084472656,38.163482666015625,17157200
2017-11-16,45.630001068115234,46.06999969482422,45.459999084472656,45.650001525878906,38.32298278808594,26439400
2017-11-17,45.5,45.619998931884766,44.619998931884766,44.630001068115234,37.46670150756836,63798000
2017-11-20,44.72999954223633,45.119998931884766,44.5,44.619998931884766,37.45830154418945,22420000
2017-11-21,44.720001220703125,45.220001220703125,44.709999084472656,44.939998626708984,37.72694396972656,21871000
2017-11-22,44.939998626708984,44.95000076293945,44.540000915527344,44.650001525878906,37.483497619628906,19538300
2017-11-24,44.54999923706055,44.779998779296875,44.43000030517578,44.75,37.567447662353516,6465800
2017-11-27,44.41999816894531,44.61000061035156,44.27000045776367,44.4900016784668,37.34917449951172,18202100
2017-11-28,44.650001525878906,44.84000015258789,44.31999969482422,44.72999954223633,37.55065155029297,20194100
2017-11-29,44.849998474121094,45.09000015258789,43.77000045776367,43.95000076293945,36.89584732055664,27036900
2017-11-30,44.36000061035156,45.20000076293945,44.33000183105469,44.84000015258789,37.64300537109375,34145300
2017-12-01,44.72999954223633,44.84000015258789,43.529998779296875,44.68000030517578,37.50867462158203,26656300
2017-12-04,45.02000045776367,45.29999923706055,44.33000183105469,44.4900016784668,37.34917449951172,28000800
2017-12-05,44.599998474121094,44.900001525878906,43.22999954223633,43.439998626708984,36.46770477294922,30626900
2017-12-06,43.13999938964844,43.720001220703125,42.66999816894531,43.45000076293945,36.47610092163086,27710800
2017-12-07,43.459999084472656,43.599998474121094,42.779998779296875,43.08000183105469,36.16548538208008,32708400
2017-12-08,43.349998474121094,43.58000183105469,43.11000061035156,43.349998474121094,36.39215087890625,23154700
2017-12-11,43.279998779296875,43.779998779296875,43.25,43.65999984741211,36.65239334106445,20425900
2017-12-12,43.470001220703125,43.619998931884766,43.08000183105469,43.33000183105469,36.375370025634766,16557400
2017-12-13,43.650001525878906,43.65999984741211,43.2400016784668,43.34000015258789,36.38375473022461,21399500
2017-12-14,43.43000030517578,43.56999969482422,43.02000045776367,43.2599983215332,36.316593170166016,19644900
2017-12-15,43.400001525878906,44.84000015258789,43.06999969482422,44.560001373291016,37.40793228149414,47477000
2017-12-18,45.150001525878906,46.349998474121094,45.040000915527344,46.2599983215332,38.8350715637207,50369300
2017-12-19,46.29999923706055,47.2599983215332,45.88999938964844,47.040000915527344,39.48989486694336,41421100
2017-12-20,47.470001220703125,47.63999938964844,46.65999984741211,47.560001373291016,39.926422119140625,40935000
2017-12-21,47.540000915527344,47.59000015258789,46.560001373291016,46.7599983215332,39.25482940673828,42963500
2017-12-22,46.33000183105469,47.02000045776367,46.02000045776367,46.70000076293945,39.204463958740234,33913500
2017-12-26,46.279998779296875,46.470001220703125,45.95000076293945,46.08000183105469,38.68396759033203,15533300
2017-12-27,46.11000061035156,46.36000061035156,46.0,46.11000061035156,38.70915985107422,13359700
2017-12-28,46.36000061035156,46.36000061035156,45.95000076293945,46.220001220703125,38.80150604248047,9504400
2017-12-29,46.209999084472656,46.4900016784668,46.09000015258789,46.15999984741211,38.751129150390625,17394500
2018-01-02,46.380001068115234,46.900001525878906,46.209999084472656,46.849998474121094,39.33039093017578,23370800
2018-01-03,45.470001220703125,46.209999084472656,43.650001525878906,45.2599983215332,37.99558639526367,116479000
2018-01-04,43.52000045776367,44.650001525878906,42.689998626708984,44.43000030517578,37.298805236816406,89209100
2018-01-05,44.43000030517578,45.150001525878906,43.900001525878906,44.7400016784668,37.55904769897461,41824000
2018-01-08,44.27000045776367,44.84000015258789,43.959999084472656,44.7400016784668,37.55904769897461,33733800
2018-01-09,44.70000076293945,44.84000015258789,43.4900016784668,43.619998931884766,36.61882019042969,44282300
2018-01-10,43.33000183105469,43.599998474121094,42.439998626708984,42.5,35.6785774230957,45735000
2018-01-11,42.79999923706055,43.58000183105469,42.45000076293945,43.40999984741211,36.44252395629883,35371500
2018-01-12,43.45000076293945,43.599998474121094,43.0099983215332,43.2400016784668,36.2998046875,29973600
2018-01-16,43.54999923706055,43.790000915527344,42.88999938964844,43.13999938964844,36.21584701538086,38367200
2018-01-17,43.54999923706055,44.45000076293945,43.5099983215332,44.38999938964844,37.26522445678711,32368600
2018-01-18,44.400001525878906,44.7400016784668,44.16999816894531,44.47999954223633,37.34077453613281,26826500
2018-01-19,44.619998931884766,44.88999938964844,44.25,44.81999969482422,37.6262092590332,25780200
2018-01-22,44.79999923706055,45.790000915527344,44.790000915527344,45.75,38.40693283081055,27706800
2018-01-23,45.810001373291016,46.09000015258789,45.630001068115234,46.060001373291016,38.66718292236328,22135100
2018-01-24,45.900001525878906,46.130001068115234,44.959999084472656,45.5099983215332,38.205467224121094,32464200
2018-01-25,45.880001068115234,46.369998931884766,45.16999816894531,45.29999923706055,38.02915954589844,36758700
2018-01-26,48.380001068115234,50.150001525878906,48.119998931884766,50.08000183105469,42.041961669921875,86916100
2018-01-29,49.599998474121094,50.849998474121094,49.369998931884766,49.97999954223633,41.958011627197266,46304000
2018-01-30,49.47999954223633,50.060001373291016,48.7400016784668,48.790000915527344,40.95901107788086,32814600
2018-01-31,49.22999954223633,49.25,47.560001373291016,48.13999938964844,40.413330078125,41619900
2018-02-01,47.70000076293945,48.470001220703125,47.45000076293945,47.650001525878906,40.001991271972656,28840400
2018-02-02,47.31999969482422,47.790000915527344,46.099998474121094,46.150001525878906,38.742740631103516,28663000
2018-02-05,46.349998474121094,47.2599983215332,44.5,44.52000045776367,37.37436294555664,47869000
2018-02-06,44.02000045776367,44.93000030517578,43.029998779296875,44.90999984741211,37.957542419433594,58145400
2018-02-07,44.58000183105469,46.29999923706055,44.34000015258789,45.20000076293945,38.20265197753906,37508400
2018-02-08,45.279998779296875,45.41999816894531,42.7400016784668,42.75,36.13194274902344,43151300
2018-02-09,43.5,44.279998779296875,42.040000915527344,43.95000076293945,37.14616394042969,49301100
2018-02-12,44.150001525878906,45.15999984741211,44.09000015258789,44.83000183105469,37.889930725097656,28379500
2018-02-13,44.59000015258789,44.779998779296875,44.2599983215332,44.459999084472656,37.57720184326172,19517600
2018-02-14,44.06999969482422,45.5099983215332,44.040000915527344,45.380001068115234,38.35478591918945,19922000
2018-02-15,45.880001068115234,45.9900016784668,44.95000076293945,45.91999816894531,38.81117248535156,23536800
2018-02-16,45.81999969482422,46.59000015258789,45.5099983215332,45.560001373291016,38.506919860839844,21475200
2018-02-20,45.459999084472656,46.709999084472656,45.38999938964844,46.31999969482422,39.149261474609375,25512000
2018-02-21,46.66999816894531,47.060001373291016,45.91999816894531,45.939998626708984,38.82809066772461,27527500
2018-02-22,46.13999938964844,46.560001373291016,45.619998931884766,45.79999923706055,38.70976638793945,16946400
2018-02-23,46.34000015258789,47.790000915527344,46.310001373291016,47.72999954223633,40.34098434448242,26040900
2018-02-26,48.20000076293945,49.130001068115234,48.099998474121094,49.11000061035156,41.507347106933594,26992300
2018-02-27,49.369998931884766,50.900001525878906,49.310001373291016,49.90999984741211,42.183494567871094,43624100
2018-02-28,50.18000030517578,50.34000015258789,49.279998779296875,49.290000915527344,41.659481048583984,35541200
2018-03-01,49.5,49.720001220703125,47.470001220703125,47.84000015258789,40.43395233154297,36326600
2018-03-02,47.20000076293945,49.04999923706055,46.959999084472656,48.97999954223633,41.3974723815918,33310600
2018-03-05,48.56999969482422,49.79999923706055,48.040000915527344,49.75,42.04827117919922,30826500
2018-03-06,50.15999984741211,51.33000183105469,50.150001525878906,50.709999084472656,42.859649658203125,39132300
2018-03-07,50.18000030517578,51.4900016784668,50.099998474121094,51.31999969482422,43.375221252441406,31801900
2018-03-08,51.790000915527344,52.08000183105469,50.470001220703125,50.7400016784668,42.885013580322266,29481200
2018-03-09,51.27000045776367,52.29999923706055,51.0,52.189998626708984,44.11052703857422,32727900
2018-03-12,51.86000061035156,51.95000076293945,50.5,51.52000045776367,43.54425811767578,32044400
2018-03-13,52.52000045776367,53.779998779296875,51.38999938964844,51.779998779296875,43.764007568359375,45573900
2018-03-14,52.060001373291016,52.18000030517578,51.310001373291016,51.86000061035156,43.83161926269531,24993500
2018-03-15,52.22999954223633,52.29999923706055,50.880001068115234,50.880001068115234,43.00333023071289,25631200
2018-03-16,51.16999816894531,51.70000076293945,50.9900016784668,51.16999816894531,43.24843978881836,42559800
2018-03-19,50.7400016784668,51.22999954223633,49.93000030517578,50.83000183105469,42.961082458496094,31115200
2018-03-20,50.880001068115234,51.810001373291016,50.849998474121094,51.54999923706055,43.56961441040039,22215000
2018-03-21,51.54999923706055,52.16999816894531,51.16999816894531,51.560001373291016,43.57806396484375,23239500
2018-03-22,50.7400016784668,51.959999084472656,50.599998474121094,50.83000183105469,42.961082458496094,30916000
2018-03-23,50.59000015258789,50.9900016784668,49.36000061035156,49.36000061035156,41.71864700317383,37683900
2018-03-26,50.7400016784668,52.4900016784668,50.31999969482422,52.47999954223633,44.35564041137695,39306200
2018-03-27,53.0099983215332,53.25,50.779998779296875,51.189998626708984,43.26533889770508,38777000
2018-03-28,50.5,50.70000076293945,49.0099983215332,49.599998474121094,41.921485900878906,37970900
2018-03-29,49.97999954223633,52.08000183105469,49.869998931884766,52.08000183105469,44.01757049560547,45265800
2018-04-02,51.689998626708984,52.040000915527344,47.290000915527344,48.91999816894531,41.34675979614258,67187800
2018-04-03,49.0,49.959999084472656,48.40999984741211,49.75,42.04827117919922,39432400
2018-04-04,48.099998474121094,50.15999984741211,48.0099983215332,49.9900016784668,42.2511100769043,30370000
2018-04-05,50.0099983215332,50.720001220703125,49.970001220703125,50.380001068115234,42.58074188232422,25115400
2018-04-06,49.790000915527344,50.400001525878906,48.5,48.790000915527344,41.23688888549805,28215200
2018-04-09,49.15999984741211,51.11000061035156,49.15999984741211,49.54999923706055,41.87923812866211,31437000
2018-04-10,51.119998931884766,51.4900016784668,50.34000015258789,51.27000045776367,43.33296203613281,25906400
2018-04-11,50.9900016784668,51.72999954223633,50.81999969482422,51.099998474121094,43.189273834228516,17568400
2018-04-12,51.4900016784668,53.27000045776367,51.45000076293945,52.720001220703125,44.55849075317383,29781400
2018-04-13,53.060001373291016,53.209999084472656,51.599998474121094,51.86000061035156,43.83161926269531,20884900
2018-04-16,52.290000915527344,52.529998779296875,51.790000915527344,52.400001525878906,44.28803253173828,18855500
2018-04-17,52.90999984741211,53.70000076293945,52.88999938964844,53.540000915527344,45.25154495239258,21228700
2018-04-18,53.52000045776367,54.36000061035156,53.34000015258789,53.61000061035156,45.31070327758789,22164700
2018-04-19,52.95000076293945,52.959999084472656,51.61000061035156,52.220001220703125,44.135902404785156,25422400
2018-04-20,52.16999816894531,52.279998779296875,50.880001068115234,51.529998779296875,43.552711486816406,26910100
2018-04-23,51.689998626708984,51.88999938964844,50.849998474121094,51.099998474121094,43.189273834228516,21706700
2018-04-24,51.869998931884766,53.63999938964844,51.13999938964844,51.45000076293945,43.48509216308594,42494700
2018-04-25,51.86000061035156,52.099998474121094,50.599998474121094,51.380001068115234,43.42593765258789,25752800
2018-04-26,52.2599983215332,53.27000045776367,52.06999969482422,53.04999923706055,44.83740997314453,39575000
2018-04-27,55.439998626708984,55.790000915527344,52.22999954223633,52.72999954223633,44.56692886352539,69888100
2018-04-30,52.560001373291016,53.369998931884766,51.209999084472656,51.619998931884766,43.62876892089844,36417400
2018-05-01,51.63999938964844,53.41999816894531,51.439998626708984,53.33000183105469,45.07405471801758,27600800
2018-05-02,53.09000015258789,53.20000076293945,52.150001525878906,52.310001373291016,44.21196365356445,25778300
2018-05-03,51.88999938964844,52.560001373291016,51.209999084472656,52.279998779296875,44.186607360839844,28561000
2018-05-04,51.619998931884766,52.84000015258789,51.0,52.779998779296875,44.86665725708008,25642500
2018-05-07,52.86000061035156,53.58000183105469,52.83000183105469,53.33000183105469,45.334197998046875,20285700
2018-05-08,53.290000915527344,53.630001068115234,52.79999923706055,53.630001068115234,45.58921813964844,21026800
2018-05-09,53.7599983215332,54.369998931884766,53.189998626708984,54.34000015258789,46.19276809692383,19827500
2018-05-10,54.54999923706055,55.0,54.099998474121094,54.97999954223633,46.7368049621582,18715900
2018-05-11,54.619998931884766,55.189998626708984,54.43000030517578,54.66999816894531,46.473289489746094,15405000
2018-05-14,54.77000045776367,55.2400016784668,54.7400016784668,54.900001525878906,46.668800354003906,21878200
2018-05-15,54.58000183105469,54.75,53.560001373291016,53.91999816894531,45.835750579833984,21712600
2018-05-16,54.16999816894531,54.70000076293945,53.959999084472656,54.63999938964844,46.447784423828125,16260500
2018-05-17,54.54999923706055,55.439998626708984,54.41999816894531,54.810001373291016,46.59230422973633,16872600
2018-05-18,54.529998779296875,54.540000915527344,53.470001220703125,53.5,45.47870635986328,23679900
2018-05-21,54.36000061035156,55.220001220703125,53.86000061035156,54.31999969482422,46.1757698059082,25367400
2018-05-22,54.72999954223633,55.04999923706055,54.04999923706055,54.45000076293945,46.2862663269043,19009600
2018-05-23,54.0,55.22999954223633,53.84000015258789,55.209999084472656,46.93232345581055,20555400
2018-05-24,55.18000030517578,55.29999923706055,54.130001068115234,54.75,46.54128646850586,19667100
2018-05-25,54.79999923706055,55.5,54.540000915527344,55.439998626708984,47.127845764160156,18550000
2018-05-29,55.119998931884766,55.810001373291016,54.810001373291016,55.31999969482422,47.02582550048828,24253500
2018-05-30,55.88999938964844,56.20000076293945,55.619998931884766,55.68000030517578,47.33185958862305,24711500
2018-05-31,55.66999816894531,55.86000061035156,55.060001373291016,55.20000076293945,46.923831939697266,30962100
2018-06-01,55.84000015258789,57.099998474121094,55.79999923706055,57.08000183105469,48.521949768066406,31183200
2018-06-04,57.0099983215332,57.599998474121094,56.779998779296875,56.83000183105469,48.3094367980957,22538100
2018-06-05,56.900001525878906,57.119998931884766,56.220001220703125,56.529998779296875,48.054412841796875,21687000
2018-06-06,56.529998779296875,57.060001373291016,56.08000183105469,57.029998779296875,48.47944641113281,22955400
2018-06-07,56.91999816894531,57.0,55.619998931884766,55.880001068115234,47.50186538696289,27596100
2018-06-08,55.560001373291016,55.70000076293945,54.65999984741211,55.04999923706055,46.79631042480469,30822900
2018-06-11,54.79999923706055,55.09000015258789,54.2599983215332,54.52000045776367,46.34577178955078,25752400
2018-06-12,54.869998931884766,55.029998779296875,54.220001220703125,54.81999969482422,46.600799560546875,23294900
2018-06-13,54.97999954223633,55.70000076293945,54.90999984741211,55.029998779296875,46.77931213378906,22631400
2018-06-14,55.45000076293945,55.86000061035156,55.18000030517578,55.540000915527344,47.21284866333008,23419800
2018-06-15,55.16999816894531,55.380001068115234,54.58000183105469,55.11000061035156,46.84731674194336,39194700
2018-06-18,54.29999923706055,54.29999923706055,52.34000015258789,53.220001220703125,45.240692138671875,40764400
2018-06-19,52.13999938964844,52.95000076293945,51.880001068115234,52.93000030517578,44.99416732788086,31780900
2018-06-20,53.189998626708984,53.75,52.689998626708984,53.459999084472656,45.444698333740234,21403000
2018-06-21,54.380001068115234,54.529998779296875,51.939998626708984,52.189998626708984,44.365108489990234,44435600
2018-06-22,52.619998931884766,53.09000015258789,52.29999923706055,52.5,44.628631591796875,34682100
2018-06-25,51.16999816894531,51.75,49.90999984741211,50.709999084472656,43.10700988769531,45356500
2018-06-26,49.95000076293945,50.40999984741211,49.36000061035156,49.66999816894531,42.22294235229492,37543000
2018-06-27,49.34000015258789,50.060001373291016,48.75,48.7599983215332,41.44937515258789,33338800
2018-06-28,48.58000183105469,49.4900016784668,48.5,49.25,41.865909576416016,29055700
2018-06-29,49.529998779296875,50.11000061035156,49.5,49.709999084472656,42.25694274902344,28906500
2018-07-02,49.040000915527344,50.27000045776367,48.83000183105469,50.20000076293945,42.673484802246094,23755500
2018-07-03,50.58000183105469,50.86000061035156,49.43000030517578,49.470001220703125,42.05293655395508,16327900
2018-07-05,49.97999954223633,50.959999084472656,49.75,50.75,43.141014099121094,26163500
2018-07-06,50.77000045776367,51.5,50.400001525878906,51.369998931884766,43.668060302734375,19968000
2018-07-09,51.63999938964844,51.88999938964844,51.0,51.86000061035156,44.084590911865234,21361600
2018-07-10,52.099998474121094,52.2599983215332,51.84000015258789,52.15999984741211,44.339622497558594,17362900
2018-07-11,51.689998626708984,51.869998931884766,51.189998626708984,51.20000076293945,43.523555755615234,18665600
2018-07-12,52.04999923706055,52.47999954223633,51.72999954223633,52.349998474121094,44.501129150390625,20292700
2018-07-13,52.400001525878906,52.41999816894531,51.7599983215332,52.220001220703125,44.390628814697266,13749300
2018-07-16,52.150001525878906,52.31999969482422,51.869998931884766,52.0099983215332,44.21210479736328,15951500
2018-07-17,51.04999923706055,51.880001068115234,51.0099983215332,51.75,43.991085052490234,15754500
2018-07-18,51.869998931884766,51.970001220703125,51.470001220703125,51.720001220703125,43.965579986572266,14649000
2018-07-19,51.599998474121094,52.0099983215332,51.04999923706055,51.97999954223633,44.186607360839844,15954600
2018-07-20,51.83000183105469,52.06999969482422,51.33000183105469,51.90999984741211,44.12710189819336,17380500
2018-07-23,51.77000045776367,52.5,51.33000183105469,52.310001373291016,44.46712875366211,15945500
2018-07-24,52.7599983215332,53.29999923706055,52.08000183105469,52.18000030517578,44.35660934448242,17788700
2018-07-25,52.209999084472656,52.45000076293945,51.09000015258789,52.43000030517578,44.56913375854492,19854800
2018-07-26,52.45000076293945,53.18000030517578,51.869998931884766,52.15999984741211,44.339622497558594,28282500
2018-07-27,48.7599983215332,49.20000076293945,47.47999954223633,47.68000030517578,40.531314849853516,67816700
2018-07-30,47.630001068115234,47.9900016784668,46.43000030517578,47.689998626708984,40.53980255126953,35696600
2018-07-31,48.2400016784668,48.68000030517578,47.689998626708984,48.099998474121094,40.88833999633789,36581200
2018-08-01,48.060001373291016,48.90999984741211,48.0,48.810001373291016,41.491878509521484,28060700
2018-08-02,48.5,49.52000045776367,48.20000076293945,49.47999954223633,42.06141662597656,26452500
2018-08-03,49.5,49.779998779296875,49.16999816894531,49.630001068115234,42.188941955566406,22008200
2018-08-06,48.77000045776367,49.310001373291016,48.31999969482422,49.29999923706055,42.16328430175781,26669000
2018-08-07,49.43000030517578,49.83000183105469,49.40999984741211,49.70000076293945,42.505374908447266,28322700
2018-08-08,49.599998474121094,50.130001068115234,49.439998626708984,49.959999084472656,42.72772979736328,21990600
2018-08-09,49.86000061035156,50.599998474121094,49.720001220703125,50.13999938964844,42.881683349609375,23795600
2018-08-10,48.5099983215332,49.16999816894531,48.29999923706055,48.849998474121094,41.778419494628906,28712400
2018-08-13,48.91999816894531,49.2400016784668,48.380001068115234,48.45000076293945,41.43632888793945,17070600
2018-08-14,48.66999816894531,48.7599983215332,47.650001525878906,48.119998931884766,41.15409469604492,23061600
2018-08-15,47.779998779296875,48.0,46.900001525878906,47.459999084472656,40.58964157104492,26739900
2018-08-16,47.75,47.95000076293945,47.04999923706055,47.16999816894531,40.34161376953125,24358000
2018-08-17,47.0,47.38999938964844,46.33000183105469,47.099998474121094,40.28176498413086,26382000
2018-08-20,47.04999923706055,47.119998931884766,46.189998626708984,46.5,39.76861572265625,24334000
2018-08-21,46.65999984741211,47.849998474121094,46.63999938964844,47.619998931884766,40.726470947265625,19254300
2018-08-22,47.25,47.349998474121094,46.91999816894531,47.04999923706055,40.238983154296875,23182500
2018-08-23,46.86000061035156,47.16999816894531,46.709999084472656,46.97999954223633,40.17912673950195,31343200
2018-08-24,47.290000915527344,47.88999938964844,47.08000183105469,47.65999984741211,40.76069641113281,18214700
2018-08-27,48.0,48.38999938964844,47.630001068115234,48.349998474121094,41.35080337524414,17170300
2018-08-28,48.54999923706055,48.790000915527344,48.310001373291016,48.56999969482422,41.53895950317383,13472400
2018-08-29,48.70000076293945,48.86000061035156,48.400001525878906,48.75,41.692901611328125,13479100
2018-08-30,48.52000045776367,48.83000183105469,48.09000015258789,48.2400016784668,41.2567253112793,16418800
2018-08-31,47.959999084472656,48.560001373291016,47.91999816894531,48.43000030517578,41.41921615600586,16484000
2018-09-04,48.380001068115234,48.43000030517578,47.560001373291016,47.959999084472656,41.01726531982422,15682900
2018-09-05,47.75,48.119998931884766,47.470001220703125,47.720001220703125,40.81199645996094,20857200
2018-09-06,47.7599983215332,47.959999084472656,47.209999084472656,47.2599983215332,40.41859436035156,19318100
2018-09-07,46.90999984741211,47.47999954223633,46.36000061035156,46.45000076293945,39.725852966308594,25958300
2018-09-10,46.560001373291016,46.7599983215332,46.22999954223633,46.29999923706055,39.597557067871094,21522400
2018-09-11,46.0,46.029998779296875,44.88999938964844,44.93000030517578,38.42588806152344,32455300
2018-09-12,44.560001373291016,44.97999954223633,44.060001373291016,44.93000030517578,38.42588806152344,29778700
2018-09-13,45.68000030517578,45.849998474121094,45.11000061035156,45.56999969482422,38.973243713378906,18657100
2018-09-14,45.779998779296875,45.970001220703125,45.349998474121094,45.540000915527344,38.94758605957031,22998700
2018-09-17,45.290000915527344,45.900001525878906,45.189998626708984,45.41999816894531,38.844947814941406,17603200
2018-09-18,45.58000183105469,46.529998779296875,45.40999984741211,46.099998474121094,39.426517486572266,20528100
2018-09-19,46.09000015258789,46.439998626708984,45.88999938964844,46.150001525878906,39.469276428222656,15918900
2018-09-20,46.779998779296875,47.36000061035156,46.52000045776367,47.20000076293945,40.36727523803711,21999300
2018-09-21,47.119998931884766,47.41999816894531,46.369998931884766,46.65999984741211,39.90544891357422,52650600
2018-09-24,46.310001373291016,47.0,46.150001525878906,46.90999984741211,40.11925506591797,17847000
2018-09-25,46.220001220703125,46.38999938964844,45.79999923706055,45.90999984741211,39.26401901245117,23389900
2018-09-26,46.040000915527344,46.29999923706055,45.58000183105469,45.70000076293945,39.08442306518555,23957700
2018-09-27,45.90999984741211,46.16999816894531,45.72999954223633,45.880001068115234,39.238365173339844,15415500
2018-09-28,45.619998931884766,47.75,45.459999084472656,47.290000915527344,40.444244384765625,46223500
2018-10-01,46.790000915527344,47.220001220703125,46.20000076293945,46.45000076293945,39.725852966308594,23796200
2018-10-02,47.5099983215332,48.880001068115234,47.31999969482422,48.099998474121094,41.13699722290039,42121100
2018-10-03,48.619998931884766,49.720001220703125,48.560001373291016,48.7599983215332,41.70145034790039,39211900
2018-10-04,48.84000015258789,48.86000061035156,47.619998931884766,48.130001068115234,41.16265106201172,30108300
2018-10-05,48.22999954223633,48.34000015258789,46.65999984741211,47.029998779296875,40.221885681152344,28901400
2018-10-08,46.959999084472656,47.349998474121094,46.52000045776367,47.029998779296875,40.221885681152344,19376800
2018-10-09,47.18000030517578,47.619998931884766,46.540000915527344,46.54999923706055,39.811378479003906,23285700
2018-10-10,46.060001373291016,46.119998931884766,44.79999923706055,44.79999923706055,38.31470489501953,43109500
2018-10-11,45.150001525878906,45.61000061035156,43.72999954223633,44.22999954223633,37.82722091674805,43648800
2018-10-12,45.27000045776367,45.34000015258789,44.22999954223633,44.880001068115234,38.383140563964844,32087400
2018-10-15,44.630001068115234,45.13999938964844,44.439998626708984,44.529998779296875,38.083797454833984,21633000
2018-10-16,44.900001525878906,46.0099983215332,44.83000183105469,45.939998626708984,39.289676666259766,21472000
2018-10-17,46.0,46.33000183105469,45.540000915527344,45.88999938964844,39.246925354003906,23124400
2018-10-18,45.650001525878906,45.75,44.83000183105469,44.970001220703125,38.4600944519043,26638800
2018-10-19,45.02000045776367,45.18000030517578,43.86000061035156,44.0,37.63051223754883,28368500
2018-10-22,44.5,45.34000015258789,44.099998474121094,45.0099983215332,38.494300842285156,34508800
2018-10-23,44.18000030517578,45.09000015258789,43.90999984741211,44.5,38.05813980102539,38590300
2018-10-24,44.15999984741211,44.36000061035156,42.36000061035156,42.41999816894531,36.27923583984375,33631800
2018-10-25,43.540000915527344,44.939998626708984,43.279998779296875,44.310001373291016,37.8956413269043,48255300
2018-10-26,45.59000015258789,46.439998626708984,44.70000076293945,45.689998626708984,39.075870513916016,67280400
2018-10-29,46.5,46.75,44.439998626708984,45.400001525878906,38.82785415649414,35732200
2018-10-30,45.529998779296875,47.880001068115234,45.459999084472656,47.7599983215332,40.84621047973633,43975200
2018-10-31,48.290000915527344,48.560001373291016,46.83000183105469,46.880001068115234,40.093605041503906,33369100
2018-11-01,46.95000076293945,48.470001220703125,46.86000061035156,48.220001220703125,41.23963165283203,28335300
2018-11-02,48.130001068115234,48.25,46.75,47.11000061035156,40.29030990600586,30759800
2018-11-05,47.34000015258789,48.25,46.91999816894531,47.970001220703125,41.02581024169922,23751200
2018-11-06,47.79999923706055,47.91999816894531,47.029998779296875,47.25,40.66434860229492,23839600
2018-11-07,47.630001068115234,48.75,47.59000015258789,48.720001220703125,41.92946243286133,29913200
2018-11-08,48.4900016784668,49.290000915527344,48.459999084472656,48.9900016784668,42.16183853149414,26581700
2018-11-09,48.790000915527344,49.029998779296875,47.869998931884766,48.11000061035156,41.40448760986328,21761400
2018-11-12,47.709999084472656,47.79999923706055,46.599998474121094,46.650001525878906,40.14796829223633,24412800
2018-11-13,46.9900016784668,48.25,46.9900016784668,47.38999938964844,40.78483200073242,29315900
2018-11-14,47.849998474121094,47.970001220703125,46.88999938964844,47.09000015258789,40.52665710449219,25632700
2018-11-15,47.0099983215332,48.2400016784668,46.720001220703125,48.11000061035156,41.40448760986328,29581000
2018-11-16,47.77000045776367,49.04999923706055,47.689998626708984,48.83000183105469,42.02413558959961,31670600
2018-11-19,48.61000061035156,49.150001525878906,47.779998779296875,48.0,41.30982208251953,26859000
2018-11-20,47.400001525878906,48.119998931884766,47.09000015258789,47.38999938964844,40.78483200073242,29200800
2018-11-21,47.849998474121094,47.880001068115234,47.02000045776367,47.029998779296875,40.47500991821289,19011400
2018-11-23,46.689998626708984,47.06999969482422,46.52000045776367,46.540000915527344,40.053314208984375,8906900
2018-11-26,47.27000045776367,47.459999084472656,46.70000076293945,47.45000076293945,40.83647537231445,20723000
2018-11-27,46.939998626708984,48.220001220703125,46.59000015258789,48.06999969482422,41.37006378173828,27621000
2018-11-28,47.939998626708984,48.880001068115234,47.650001525878906,48.86000061035156,42.04995346069336,28003200
2018-11-29,48.4900016784668,48.560001373291016,47.630001068115234,47.70000076293945,41.0516357421875,23592500
2018-11-30,47.95000076293945,49.31999969482422,47.560001373291016,49.310001373291016,42.437232971191406,43313700
2018-12-03,50.0,50.5,49.529998779296875,50.130001068115234,43.14293670654297,30870400
2018-12-04,49.52000045776367,49.599998474121094,47.68000030517578,47.75,41.09465789794922,35397700
2018-12-06,46.79999923706055,48.38999938964844,46.52000045776367,48.369998931884766,41.62824630737305,31661700
2018-12-07,47.939998626708984,48.060001373291016,46.22999954223633,46.2400016784668,39.79512405395508,34016400
2018-12-10,46.279998779296875,47.459999084472656,46.0099983215332,47.209999084472656,40.62992477416992,23289000
2018-12-11,47.900001525878906,48.59000015258789,47.130001068115234,47.380001068115234,40.77622985839844,23851000
2018-12-12,48.58000183105469,48.63999938964844,47.40999984741211,47.83000183105469,41.163516998291016,31305000
2018-12-13,48.2599983215332,48.58000183105469,47.86000061035156,48.290000915527344,41.55939483642578,19526000
2018-12-14,47.88999938964844,48.7599983215332,47.849998474121094,47.86000061035156,41.189334869384766,26372100
2018-12-17,47.86000061035156,48.40999984741211,46.65999984741211,47.08000183105469,40.51805877685547,26598700
2018-12-18,47.470001220703125,48.45000076293945,47.36000061035156,47.7400016784668,41.0860595703125,29014300
2018-12-19,47.4900016784668,47.72999954223633,45.380001068115234,45.56999969482422,39.218509674072266,39717600
2018-12-20,45.40999984741211,46.310001373291016,45.0099983215332,45.540000915527344,39.192691802978516,37750900
2018-12-21,45.75,46.650001525878906,44.79999923706055,44.84000015258789,38.59025192260742,52768300
2018-12-24,44.630001068115234,45.16999816894531,43.540000915527344,43.59000015258789,37.514488220214844,19241600
2018-12-26,44.0,46.20000076293945,43.5099983215332,46.189998626708984,39.7520866394043,28677600
2018-12-27,45.619998931884766,46.380001068115234,44.66999816894531,46.36000061035156,39.898399353027344,29970700
2018-12-28,46.5099983215332,47.7400016784668,46.29999923706055,46.75,40.234039306640625,24758700
2018-12-31,47.09000015258789,47.47999954223633,46.54999923706055,46.93000030517578,40.388954162597656,20490400
2019-01-02,45.959999084472656,47.470001220703125,45.77000045776367,47.08000183105469,40.51805877685547,18774600
2019-01-03,46.150001525878906,46.279998779296875,44.38999938964844,44.4900016784668,38.28903579711914,32267300
2019-01-04,45.84000015258789,47.56999969482422,45.540000915527344,47.220001220703125,40.63853454589844,35447300
2019-01-07,47.099998474121094,48.0,46.75,47.439998626708984,40.82787322998047,22736800
2019-01-08,47.79999923706055,48.029998779296875,46.779998779296875,47.7400016784668,41.0860595703125,22749200
2019-01-09,47.959999084472656,48.56999969482422,47.779998779296875,48.0099983215332,41.318416595458984,22554500
2019-01-10,47.75,48.650001525878906,47.40999984741211,48.560001373291016,41.79175567626953,27202600
2019-01-11,48.099998474121094,49.290000915527344,48.04999923706055,48.93000030517578,42.11019515991211,21751300
2019-01-14,48.459999084472656,48.83000183105469,48.29999923706055,48.349998474121094,41.61103820800781,19193900
2019-01-15,48.709999084472656,49.130001068115234,48.439998626708984,48.599998474121094,41.826194763183594,22480800
2019-01-16,48.599998474121094,48.88999938964844,48.08000183105469,48.130001068115234,41.42169952392578,19057700
2019-01-17,48.0,48.84000015258789,47.90999984741211,48.470001220703125,41.714317321777344,17448700
2019-01-18,49.11000061035156,49.380001068115234,48.689998626708984,49.189998626708984,42.33395767211914,29874600
2019-01-22,48.959999084472656,48.97999954223633,47.869998931884766,48.27000045776367,41.542179107666016,25940700
2019-01-23,48.40999984741211,48.79999923706055,47.52000045776367,47.939998626708984,41.2581787109375,18960700
2019-01-24,48.70000076293945,50.040000915527344,48.599998474121094,49.7599983215332,42.82451629638672,50578300
2019-01-25,46.849998474121094,47.43000030517578,45.75,47.040000915527344,40.48362731933594,86455700
2019-01-28,46.130001068115234,46.72999954223633,46.04999923706055,46.709999084472656,40.19961166381836,35928700
2019-01-29,46.779998779296875,46.970001220703125,46.33000183105469,46.540000915527344,40.053314208984375,20988300
2019-01-30,46.68000030517578,47.68000030517578,46.45000076293945,47.540000915527344,40.9139289855957,26931700
2019-01-31,46.70000076293945,47.18000030517578,46.099998474121094,47.119998931884766,40.5524787902832,43051300
2019-02-01,47.060001373291016,49.04999923706055,47.0099983215332,48.72999954223633,41.93806838989258,37442900
2019-02-04,48.619998931884766,49.2400016784668,48.2400016784668,49.220001220703125,42.359771728515625,20905000
2019-02-05,49.18000030517578,50.720001220703125,49.18000030517578,50.0099983215332,43.03965759277344,31641600
2019-02-06,49.95000076293945,50.63999938964844,49.81999969482422,49.900001525878906,43.21721267700195,21647800
2019-02-07,49.5,49.849998474121094,48.68000030517578,49.22999954223633,42.636940002441406,27825900
2019-02-08,48.77000045776367,49.02000045776367,48.0099983215332,48.84000015258789,42.29916763305664,18851200
2019-02-11,49.02000045776367,49.31999969482422,48.58000183105469,48.77000045776367,42.238548278808594,18004100
2019-02-12,49.36000061035156,50.13999938964844,49.27000045776367,50.0099983215332,43.31247329711914,18050100
2019-02-13,50.130001068115234,50.810001373291016,50.0,50.470001220703125,43.710880279541016,17712800
2019-02-14,50.40999984741211,51.040000915527344,50.349998474121094,50.810001373291016,44.005348205566406,17545400
2019-02-15,51.25,51.66999816894531,51.09000015258789,51.65999984741211,44.74150848388672,22520400
2019-02-19,51.349998474121094,51.709999084472656,51.34000015258789,51.400001525878906,44.51633071899414,15611800
2019-02-20,51.630001068115234,51.72999954223633,51.060001373291016,51.38999938964844,44.50766372680664,21607700
2019-02-21,51.31999969482422,51.84000015258789,51.209999084472656,51.40999984741211,44.52499008178711,16162100
2019-02-22,52.70000076293945,52.97999954223633,52.060001373291016,52.4900016784668,45.46034622192383,31934100
2019-02-25,53.060001373291016,53.61000061035156,52.86000061035156,53.099998474121094,45.98865509033203,20711800
2019-02-26,53.0099983215332,53.369998931884766,52.90999984741211,53.22999954223633,46.10125732421875,16082200
2019-02-27,52.7599983215332,53.380001068115234,52.5099983215332,53.2400016784668,46.10990905761719,17590300
2019-02-28,52.91999816894531,53.18000030517578,52.810001373291016,52.959999084472656,45.86740493774414,18388800
2019-03-01,53.439998626708984,53.68000030517578,52.88999938964844,53.29999923706055,46.16187286376953,18359300
2019-03-04,53.75,54.099998474121094,53.209999084472656,53.939998626708984,46.71615219116211,21706100
2019-03-05,53.849998474121094,53.9900016784668,53.11000061035156,53.68000030517578,46.49098205566406,21057700
2019-03-06,53.630001068115234,53.650001525878906,52.939998626708984,52.95000076293945,45.85874557495117,14740500
2019-03-07,52.77000045776367,52.9900016784668,52.36000061035156,52.599998474121094,45.55562210083008,17803000
2019-03-08,51.970001220703125,52.560001373291016,51.70000076293945,52.47999954223633,45.451690673828125,16793900
2019-03-11,52.880001068115234,53.650001525878906,52.56999969482422,53.349998474121094,46.20518112182617,18963000
2019-03-12,53.34000015258789,53.959999084472656,53.18000030517578,53.56999969482422,46.39571762084961,20782100
2019-03-13,54.0,54.56999969482422,53.650001525878906,54.369998931884766,47.08856201171875,25522300
2019-03-14,54.29999923706055,54.45000076293945,53.33000183105469,53.439998626708984,46.28311538696289,26647100
2019-03-15,53.68000030517578,54.689998626708984,53.68000030517578,54.33000183105469,47.05393600463867,46512500
2019-03-18,54.41999816894531,54.5099983215332,53.869998931884766,54.099998474121094,46.85472869873047,16274000
2019-03-19,54.470001220703125,54.650001525878906,54.0,54.16999816894531,46.91536331176758,18274800
2019-03-20,54.060001373291016,54.400001525878906,53.61000061035156,53.81999969482422,46.61222839355469,24325300
2019-03-21,53.91999816894531,54.9900016784668,53.84000015258789,54.63999938964844,47.32242202758789,19127200
2019-03-22,54.400001525878906,54.619998931884766,53.209999084472656,53.2599983215332,46.127220153808594,21438400
2019-03-25,52.970001220703125,53.54999923706055,52.380001068115234,52.779998779296875,45.711509704589844,16971400
2019-03-26,53.31999969482422,53.77000045776367,53.040000915527344,53.439998626708984,46.28311538696289,17724300
2019-03-27,53.59000015258789,53.86000061035156,52.939998626708984,53.15999984741211,46.040611267089844,19656000
2019-03-28,53.25,53.439998626708984,52.77000045776367,53.11000061035156,45.997318267822266,13607900
2019-03-29,53.79999923706055,54.040000915527344,53.47999954223633,53.70000076293945,46.50830078125,18736100
2019-04-01,54.34000015258789,54.56999969482422,54.099998474121094,54.5099983215332,47.2098274230957,17830400
2019-04-02,54.529998779296875,54.79999923706055,54.22999954223633,54.36000061035156,47.079898834228516,13704500
2019-04-03,55.029998779296875,55.9900016784668,54.88999938964844,55.47999954223633,48.04991912841797,24552800
2019-04-04,55.27000045776367,56.13999938964844,55.27000045776367,55.91999816894531,48.43098449707031,16520500
2019-04-05,55.75,55.95000076293945,54.869998931884766,55.599998474121094,48.15384292602539,19268400
2019-04-08,55.279998779296875,55.7400016784668,55.20000076293945,55.68000030517578,48.2231330871582,11758800
2019-04-09,55.349998474121094,55.43000030517578,54.900001525878906,55.31999969482422,47.91135025024414,13339700
2019-04-10,55.31999969482422,55.86000061035156,55.31999969482422,55.75,48.283756256103516,13084000
2019-04-11,55.7599983215332,56.06999969482422,55.630001068115234,55.79999923706055,48.32706069946289,10845800
2019-04-12,56.209999084472656,56.4900016784668,55.84000015258789,56.41999816894531,48.86402893066406,12910200
2019-04-15,56.459999084472656,56.560001373291016,55.91999816894531,56.279998779296875,48.74278259277344,11676900
2019-04-16,56.65999984741211,57.470001220703125,56.06999969482422,56.709999084472656,49.11520004272461,30301900
2019-04-17,58.439998626708984,59.59000015258789,58.119998931884766,58.560001373291016,50.71742630004883,38788400
2019-04-18,58.709999084472656,58.880001068115234,58.119998931884766,58.4900016784668,50.65680694580078,20464200
2019-04-22,58.150001525878906,58.83000183105469,57.880001068115234,58.81999969482422,50.9426155090332,12327500
2019-04-23,58.88999938964844,58.97999954223633,58.5,58.779998779296875,50.907962799072266,17739900
2019-04-24,58.52000045776367,59.290000915527344,58.13999938964844,58.720001220703125,50.85600662231445,17723700
2019-04-25,58.29999923706055,58.380001068115234,57.22999954223633,57.61000061035156,49.89466094970703,27949900
2019-04-26,52.7400016784668,53.09000015258789,51.52000045776367,52.43000030517578,45.408382415771484,72364500
2019-04-29,52.16999816894531,52.43000030517578,51.0,51.11000061035156,44.265159606933594,42142300
2019-04-30,51.0,51.43000030517578,50.869998931884766,51.040000915527344,44.20454025268555,27130900
2019-05-01,51.099998474121094,51.599998474121094,50.7400016784668,50.7599983215332,43.962032318115234,20467600
2019-05-02,50.79999923706055,51.33000183105469,50.119998931884766,50.54999923706055,43.780155181884766,22655400
2019-05-03,51.08000183105469,51.81999969482422,50.72999954223633,51.75,44.819454193115234,25656600
2019-05-06,50.25,51.279998779296875,50.189998626708984,51.220001220703125,44.632102966308594,26245200
2019-05-07,50.599998474121094,50.880001068115234,49.93000030517578,50.47999954223633,43.98727798461914,29713400
2019-05-08,50.20000076293945,50.790000915527344,49.06999969482422,49.2400016784668,42.906776428222656,36812400
2019-05-09,47.900001525878906,48.290000915527344,46.04999923706055,46.619998931884766,40.623748779296875,59642200
2019-05-10,46.439998626708984,46.79999923706055,45.099998474121094,46.20000076293945,40.25777816772461,42522800
2019-05-13,45.33000183105469,45.63999938964844,44.70000076293945,44.7599983215332,39.002986907958984,39091900
2019-05-14,45.18000030517578,45.4900016784668,44.869998931884766,45.16999816894531,39.36025619506836,24706500
2019-05-15,44.91999816894531,45.75,44.7599983215332,45.619998931884766,39.75236892700195,23407900
2019-05-16,45.470001220703125,45.95000076293945,45.41999816894531,45.529998779296875,39.673954010009766,19954700
2019-05-17,45.18000030517578,45.72999954223633,44.7599983215332,44.88999938964844,39.11626434326172,22500400
2019-05-20,44.0,44.52000045776367,43.45000076293945,43.560001373291016,37.95732879638672,28675000
2019-05-21,44.34000015258789,44.779998779296875,44.18000030517578,44.459999084472656,38.741573333740234,25543400
2019-05-22,44.150001525878906,44.459999084472656,43.849998474121094,44.0,38.340736389160156,16932500
2019-05-23,43.369998931884766,44.7400016784668,42.86000061035156,44.529998779296875,38.802574157714844,35783900
2019-05-24,44.59000015258789,45.04999923706055,44.4900016784668,44.56999969482422,38.83742904663086,27168100
2019-05-28,44.65999984741211,44.689998626708984,43.29999923706055,43.56999969482422,37.966041564941406,34779900
2019-05-29,43.349998474121094,44.529998779296875,43.33000183105469,44.22999954223633,38.541160583496094,28450300
2019-05-30,44.29999923706055,45.029998779296875,44.22999954223633,44.72999954223633,38.97685241699219,21618900
2019-05-31,44.18000030517578,44.970001220703125,43.93000030517578,44.040000915527344,38.37559127807617,25532500
2019-06-03,44.25,44.59000015258789,43.20000076293945,43.459999084472656,37.87018966674805,31155700
2019-06-04,44.15999984741211,44.86000061035156,43.77000045776367,44.790000915527344,39.02912902832031,28094900
2019-06-05,45.11000061035156,45.18000030517578,44.189998626708984,44.54999923706055,38.81999969482422,20802000
2019-06-06,44.75,45.16999816894531,44.5099983215332,45.099998474121094,39.29926300048828,19076200
2019-06-07,45.25,46.119998931884766,45.099998474121094,46.029998779296875,40.10963821411133,24370300
2019-06-10,46.22999954223633,47.189998626708984,46.20000076293945,46.79999923706055,40.780609130859375,20806100
2019-06-11,47.2599983215332,47.31999969482422,46.52000045776367,46.849998474121094,40.82417297363281,18415500
2019-06-12,46.66999816894531,46.66999816894531,46.25,46.31999969482422,40.36233901977539,15900600
2019-06-13,46.599998474121094,46.959999084472656,46.529998779296875,46.70000076293945,40.69346618652344,12267600
2019-06-14,45.83000183105469,46.41999816894531,45.54999923706055,46.189998626708984,40.24905776977539,15381100
2019-06-17,46.13999938964844,46.529998779296875,45.79999923706055,46.130001068115234,40.19676971435547,12643300
2019-06-18,46.75,48.0,46.599998474121094,47.369998931884766,41.27729415893555,25732300
2019-06-19,47.47999954223633,47.58000183105469,47.0,47.06999969482422,41.01587677001953,17436400
2019-06-20,47.869998931884766,48.04999923706055,46.869998931884766,47.189998626708984,41.120445251464844,20126800
2019-06-21,46.95000076293945,47.72999954223633,46.79999923706055,47.459999084472656,41.355712890625,31096300
2019-06-24,47.400001525878906,47.849998474121094,47.16999816894531,47.630001068115234,41.503849029541016,14479900
2019-06-25,47.560001373291016,47.68000030517578,46.79999923706055,46.849998474121094,40.82417297363281,16665600
2019-06-26,47.650001525878906,48.47999954223633,47.560001373291016,48.189998626708984,41.991817474365234,21886300
2019-06-27,48.150001525878906,48.41999816894531,47.2400016784668,47.459999084472656,41.355712890625,23062900
2019-06-28,47.77000045776367,48.20000076293945,47.68000030517578,47.869998931884766,41.71297836303711,26646200
2019-07-01,49.290000915527344,49.45000076293945,47.75,48.04999923706055,41.86981201171875,27423300
2019-07-02,47.90999984741211,48.220001220703125,47.689998626708984,48.119998931884766,41.930824279785156,15381600
2019-07-03,48.18000030517578,48.560001373291016,48.0,48.52000045776367,42.27938461303711,10739100
2019-07-05,48.029998779296875,48.18000030517578,47.439998626708984,48.08000183105469,41.895973205566406,14339200
2019-07-08,47.619998931884766,47.95000076293945,47.06999969482422,47.81999969482422,41.66941452026367,16564300
2019-07-09,47.36000061035156,47.79999923706055,47.130001068115234,47.75,41.60841369628906,17853200
2019-07-10,47.91999816894531,48.61000061035156,47.900001525878906,48.209999084472656,42.00924301147461,16032300
2019-07-11,48.560001373291016,48.779998779296875,48.310001373291016,48.599998474121094,42.349090576171875,16615100
2019-07-12,49.0,49.93000030517578,48.810001373291016,49.91999816894531,43.49931716918945,20148700
2019-07-15,50.0,50.25,49.77000045776367,50.119998931884766,43.673580169677734,14345100
2019-07-16,49.90999984741211,50.0,48.959999084472656,49.16999816894531,42.84577178955078,17131400
2019-07-17,49.5,49.70000076293945,49.2400016784668,49.38999938964844,43.037479400634766,11928600
2019-07-18,49.279998779296875,49.9900016784668,48.88999938964844,49.939998626708984,43.5167350769043,15671600
2019-07-19,49.959999084472656,50.65999984741211,49.90999984741211,50.27000045776367,43.804290771484375,29141100
2019-07-22,50.0099983215332,51.52000045776367,49.88999938964844,51.349998474121094,44.74538803100586,21688000
2019-07-23,52.0,52.0,51.29999923706055,51.75,45.093936920166016,18413500
2019-07-24,51.97999954223633,52.970001220703125,51.79999923706055,52.91999816894531,46.11344909667969,20896400
2019-07-25,52.5099983215332,52.599998474121094,51.880001068115234,52.15999984741211,45.45120620727539,27765400
2019-07-26,52.689998626708984,53.5,51.529998779296875,51.59000015258789,44.95451736450195,36401500
2019-07-29,51.529998779296875,52.560001373291016,50.779998779296875,52.5099983215332,45.756187438964844,21897500
2019-07-30,51.709999084472656,52.310001373291016,51.560001373291016,51.70000076293945,45.05036544799805,16487700
2019-07-31,51.5099983215332,51.720001220703125,50.04999923706055,50.54999923706055,44.048274993896484,24169800
2019-08-01,50.52000045776367,51.88999938964844,49.470001220703125,49.5,43.13333511352539,34020800
2019-08-02,49.09000015258789,49.36000061035156,48.5,48.68000030517578,42.41880416870117,27881600
2019-08-05,47.7599983215332,47.959999084472656,46.56999969482422,46.970001220703125,40.92873764038086,38936600
2019-08-06,47.150001525878906,47.560001373291016,46.77000045776367,46.959999084472656,41.19630813598633,26119600
2019-08-07,46.29999923706055,46.880001068115234,45.970001220703125,46.72999954223633,40.99452590942383,29440400
2019-08-08,46.15999984741211,47.369998931884766,45.90999984741211,47.16999816894531,41.38051986694336,30643700
2019-08-09,46.939998626708984,47.0,45.779998779296875,45.97999954223633,40.33658218383789,24975500
2019-08-12,45.7599983215332,46.06999969482422,45.439998626708984,45.599998474121094,40.00321578979492,18494300
2019-08-13,45.4900016784668,47.04999923706055,45.36000061035156,46.84000015258789,41.09103775024414,28959500
2019-08-14,46.060001373291016,46.630001068115234,45.650001525878906,45.869998931884766,40.24008560180664,25650200
2019-08-15,46.099998474121094,46.18000030517578,45.439998626708984,45.70000076293945,40.0909538269043,21896000
2019-08-16,46.34000015258789,46.68000030517578,46.060001373291016,46.5,40.79276657104492,22701800
2019-08-19,47.459999084472656,47.599998474121094,47.040000915527344,47.22999954223633,41.433162689208984,21403600
2019-08-20,47.029998779296875,47.119998931884766,46.459999084472656,46.599998474121094,40.8804931640625,23113300
2019-08-21,47.11000061035156,47.290000915527344,46.88999938964844,47.150001525878906,41.362979888916016,15915000
2019-08-22,47.279998779296875,47.43000030517578,46.689998626708984,46.779998779296875,41.03840255737305,19783000
2019-08-23,46.349998474121094,46.630001068115234,44.79999923706055,44.959999084472656,39.441768646240234,32814000
2019-08-26,45.81999969482422,45.81999969482422,45.25,45.560001373291016,39.968135833740234,22080500
2019-08-27,45.869998931884766,46.119998931884766,45.5,45.790000915527344,40.1699104309082,16925500
2019-08-28,45.70000076293945,45.90999984741211,45.369998931884766,45.790000915527344,40.1699104309082,14888800
2019-08-29,46.459999084472656,47.220001220703125,46.400001525878906,46.869998931884766,41.117347717285156,17803800
2019-08-30,47.2400016784668,47.790000915527344,47.15999984741211,47.40999984741211,41.591068267822266,16922600
2019-09-03,47.119998931884766,47.220001220703125,46.5,46.97999954223633,41.21385192871094,15003800
2019-09-04,47.560001373291016,48.95000076293945,47.540000915527344,48.91999816894531,42.915740966796875,23450700
2019-09-05,49.93000030517578,51.16999816894531,49.869998931884766,50.099998474121094,43.95092010498047,30014200
2019-09-06,50.25,50.9900016784668,50.06999969482422,50.91999816894531,44.6702766418457,17067900
2019-09-09,51.060001373291016,52.029998779296875,51.02000045776367,51.59000015258789,45.258033752441406,20749700
2019-09-10,51.33000183105469,51.84000015258789,50.83000183105469,51.81999969482422,45.459808349609375,18532000
2019-09-11,51.599998474121094,52.790000915527344,51.380001068115234,52.790000915527344,46.31074523925781,18968900
2019-09-12,53.0,53.33000183105469,52.06999969482422,53.0099983215332,46.503746032714844,23308700
2019-09-13,52.7599983215332,53.0,52.22999954223633,52.540000915527344,46.091434478759766,18010800
2019-09-16,51.900001525878906,52.290000915527344,51.70000076293945,52.20000076293945,45.79317092895508,13354600
2019-09-17,52.04999923706055,52.13999938964844,51.349998474121094,51.95000076293945,45.57386016845703,19641100
2019-09-18,52.130001068115234,52.130001068115234,51.15999984741211,51.7400016784668,45.389625549316406,14906800
2019-09-19,51.70000076293945,51.9900016784668,51.5,51.56999969482422,45.24049377441406,11428400
2019-09-20,51.599998474121094,51.880001068115234,50.560001373291016,50.720001220703125,44.49481964111328,37067900
2019-09-23,50.83000183105469,51.22999954223633,50.38999938964844,50.900001525878906,44.65272903442383,18916600
2019-09-24,51.099998474121094,51.18000030517578,49.63999938964844,49.81999969482422,43.70527267456055,28197400
2019-09-25,49.75,51.209999084472656,49.41999816894531,51.02000045776367,44.757999420166016,19486700
2019-09-26,50.97999954223633,51.150001525878906,50.34000015258789,50.91999816894531,44.6702766418457,11351800
2019-09-27,50.630001068115234,51.220001220703125,50.34000015258789,50.779998779296875,44.54744338989258,14845700
2019-09-30,51.189998626708984,51.599998474121094,50.939998626708984,51.529998779296875,45.20539855957031,13652100
2019-10-01,51.970001220703125,52.2400016784668,50.43000030517578,50.7599983215332,44.52989959716797,18413100
2019-10-02,50.310001373291016,50.369998931884766,48.97999954223633,49.38999938964844,43.32805633544922,20078700
2019-10-03,49.5,50.06999969482422,48.529998779296875,50.029998779296875,43.88950729370117,16320100
2019-10-04,50.349998474121094,50.970001220703125,50.029998779296875,50.91999816894531,44.6702766418457,12644900
2019-10-07,50.70000076293945,51.22999954223633,50.560001373291016,50.619998931884766,44.40708923339844,12081400
2019-10-08,50.15999984741211,50.47999954223633,49.61000061035156,49.72999954223633,43.62632751464844,17409100
2019-10-09,50.470001220703125,50.790000915527344,50.150001525878906,50.47999954223633,44.28426742553711,11834900
2019-10-10,50.40999984741211,51.779998779296875,50.400001525878906,51.11000061035156,44.83694839477539,13907900
2019-10-11,52.0,52.790000915527344,51.81999969482422,52.09000015258789,45.6966667175293,24072500
2019-10-14,51.900001525878906,51.95000076293945,51.439998626708984,51.63999938964844,45.301902770996094,15016800
2019-10-15,51.93000030517578,53.06999969482422,51.83000183105469,52.650001525878906,46.18793487548828,18878100
2019-10-16,52.349998474121094,52.560001373291016,52.119998931884766,52.45000076293945,46.01247787475586,14769300
2019-10-17,52.63999938964844,52.84000015258789,51.380001068115234,51.86000061035156,45.49489974975586,16533900
2019-10-18,51.75,51.81999969482422,51.029998779296875,51.36000061035156,45.0562629699707,16974100
2019-10-21,51.52000045776367,52.16999816894531,51.34000015258789,52.130001068115234,45.731754302978516,12189000
2019-10-22,51.900001525878906,52.31999969482422,51.88999938964844,52.0099983215332,45.62649154663086,13114300
2019-10-23,51.369998931884766,51.959999084472656,51.20000076293945,51.720001220703125,45.37208938598633,15887500
2019-10-24,52.09000015258789,52.43000030517578,51.43000030517578,52.22999954223633,45.819496154785156,23413000
2019-10-25,54.189998626708984,56.61000061035156,53.91999816894531,56.459999084472656,49.530311584472656,59767700
2019-10-28,56.380001068115234,56.810001373291016,56.060001373291016,56.7599983215332,49.793487548828125,32307500
2019-10-29,56.369998931884766,57.2400016784668,56.2400016784668,56.34000015258789,49.42504119873047,18155800
2019-10-30,56.31999969482422,56.630001068115234,55.619998931884766,56.599998474121094,49.65312957763672,15248000
2019-10-31,56.33000183105469,56.599998474121094,55.619998931884766,56.529998779296875,49.59171676635742,19249700
2019-11-01,55.939998626708984,56.650001525878906,55.619998931884766,56.5099983215332,49.574161529541016,17953500
2019-11-04,56.93000030517578,57.79999923706055,56.849998474121094,57.61000061035156,50.53916549682617,19068000
2019-11-05,57.470001220703125,58.349998474121094,57.209999084472656,57.54999923706055,50.48653793334961,20865400
2019-11-06,57.4900016784668,57.709999084472656,56.97999954223633,57.599998474121094,50.80848693847656,17721000
2019-11-07,58.0,58.54999923706055,57.86000061035156,58.04999923706055,51.205421447753906,16962800
2019-11-08,57.849998474121094,58.29999923706055,57.310001373291016,58.27000045776367,51.39948272705078,11888900
2019-11-11,57.970001220703125,58.5,57.900001525878906,58.349998474121094,51.470054626464844,11228900
2019-11-12,58.400001525878906,58.79999923706055,58.029998779296875,58.20000076293945,51.33775329589844,11952500
2019-11-13,57.869998931884766,57.970001220703125,57.349998474121094,57.88999938964844,51.06430435180664,15332700
2019-11-14,57.61000061035156,58.040000915527344,57.56999969482422,57.810001373291016,50.993736267089844,12119000
2019-11-15,58.16999816894531,58.70000076293945,57.619998931884766,57.959999084472656,51.12603759765625,16112100
2019-11-18,57.70000076293945,58.47999954223633,57.56999969482422,58.25,51.38185119628906,16097500
2019-11-19,58.47999954223633,58.650001525878906,57.75,58.349998474121094,51.470054626464844,17061900
2019-11-20,58.2599983215332,58.36000061035156,57.369998931884766,57.900001525878906,51.0731201171875,18542300
2019-11-21,57.4900016784668,58.29999923706055,57.40999984741211,58.220001220703125,51.35539627075195,16139000
2019-11-22,58.34000015258789,58.650001525878906,57.4900016784668,57.61000061035156,50.81731414794922,15690200
2019-11-25,58.0,58.84000015258789,58.0,58.810001373291016,51.875823974609375,15011700
2019-11-26,58.95000076293945,59.130001068115234,58.45000076293945,58.900001525878906,51.95521545410156,22338700
2019-11-27,58.529998779296875,58.59000015258789,57.90999984741211,58.5099983215332,51.6111946105957,18184200
2019-11-29,58.150001525878906,58.29999923706055,57.790000915527344,58.04999923706055,51.205421447753906,9481100
2019-12-02,58.54999923706055,58.689998626708984,57.470001220703125,57.65999984741211,50.86141586303711,19154500
2019-12-03,56.86000061035156,56.86000061035156,55.75,56.06999969482422,49.45888900756836,25737400
2019-12-04,56.65999984741211,56.65999984741211,55.86000061035156,56.02000045776367,49.41477584838867,18881400
2019-12-05,56.40999984741211,56.40999984741211,55.7599983215332,56.08000183105469,49.467716217041016,17673700
2019-12-06,56.65999984741211,56.9900016784668,56.41999816894531,56.810001373291016,50.11164474487305,16476800
2019-12-09,56.540000915527344,56.959999084472656,56.5,56.529998779296875,49.86465072631836,14298600
2019-12-10,56.709999084472656,56.83000183105469,56.439998626708984,56.59000015258789,49.917579650878906,16157900
2019-12-11,56.90999984741211,57.16999816894531,56.58000183105469,57.06999969482422,50.34097671508789,20051100
2019-12-12,56.75,58.04999923706055,56.61000061035156,57.54999923706055,50.76438522338867,27883300
2019-12-13,57.54999923706055,58.34000015258789,57.380001068115234,57.790000915527344,50.97608184814453,22795200
2019-12-16,58.209999084472656,58.56999969482422,57.650001525878906,57.70000076293945,50.89670181274414,19131200
2019-12-17,58.0,58.099998474121094,57.130001068115234,57.29999923706055,50.543861389160156,21653100
2019-12-18,57.38999938964844,57.459999084472656,56.939998626708984,57.16999816894531,50.42919158935547,28261000
2019-12-19,57.16999816894531,57.9900016784668,56.970001220703125,57.959999084472656,51.12603759765625,18865100
2019-12-20,58.31999969482422,59.04999923706055,57.88999938964844,58.95000076293945,51.99931335449219,49953000
2019-12-23,59.060001373291016,59.779998779296875,59.040000915527344,59.22999954223633,52.24629211425781,23593000
2019-12-24,59.25,59.47999954223633,59.15999984741211,59.40999984741211,52.405067443847656,6313200
2019-12-26,59.40999984741211,59.849998474121094,59.349998474121094,59.81999969482422,52.76673889160156,11480300
2019-12-27,59.90999984741211,60.47999954223633,59.900001525878906,60.08000183105469,52.99607849121094,14085800
2019-12-30,59.9900016784668,60.04999923706055,59.380001068115234,59.619998931884766,52.59032440185547,12750500
2019-12-31,59.619998931884766,59.93000030517578,59.36000061035156,59.849998474121094,52.79319381713867,14432900
2020-01-02,60.2400016784668,60.970001220703125,60.220001220703125,60.84000015258789,53.66646194458008,18056000
2020-01-03,59.810001373291016,60.70000076293945,59.810001373291016,60.099998474121094,53.01371765136719,15293900
2020-01-06,59.59000015258789,60.20000076293945,59.33000183105469,59.93000030517578,52.86376190185547,17755200
2020-01-07,59.779998779296875,59.79999923706055,58.88999938964844,58.93000030517578,51.981666564941406,21876100
2020-01-08,58.88999938964844,59.31999969482422,58.52000045776367,58.970001220703125,52.01696014404297,23133500
2020-01-09,59.04999923706055,59.5099983215332,58.83000183105469,59.29999923706055,52.30804443359375,18813300
2020-01-10,59.56999969482422,60.08000183105469,58.869998931884766,58.939998626708984,51.9904899597168,15200600
2020-01-13,59.16999816894531,59.779998779296875,59.08000183105469,59.59000015258789,52.56385040283203,16453300
2020-01-14,59.4900016784668,59.7400016784668,59.189998626708984,59.43000030517578,52.42272186279297,17051200
2020-01-15,59.29999923706055,59.650001525878906,58.75,58.939998626708984,51.9904899597168,18498800
2020-01-16,59.2599983215332,59.84000015258789,59.06999969482422,59.65999984741211,52.62560272216797,21365500
2020-01-17,59.97999954223633,60.0,59.2400016784668,59.599998474121094,52.57267379760742,21803400
2020-01-21,59.810001373291016,61.25,59.790000915527344,60.54999923706055,53.4106559753418,28358500
2020-01-22,61.040000915527344,62.849998474121094,60.970001220703125,62.72999954223633,55.333621978759766,29475100
2020-01-23,62.86000061035156,63.709999084472656,62.810001373291016,63.31999969482422,55.85405349731445,42778700
2020-01-24,66.56999969482422,69.29000091552734,66.45999908447266,68.47000122070312,60.396827697753906,84711000
2020-01-27,66.72000122070312,67.41999816894531,65.5999984741211,65.69000244140625,57.94460678100586,30764000
2020-01-28,66.5,67.58000183105469,65.94000244140625,67.30999755859375,59.37358856201172,30915400
2020-01-29,67.62999725341797,68.05999755859375,66.16999816894531,66.33000183105469,58.50916290283203,18055800
2020-01-30,65.63999938964844,66.5,64.93000030517578,66.47000122070312,58.63264846801758,18522400
2020-01-31,65.80000305175781,65.9800033569336,63.66999816894531,63.93000030517578,56.39213943481445,25268400
2020-02-03,64.45999908447266,65.04000091552734,64.30000305175781,64.41999816894531,56.82435607910156,16646600
2020-02-04,65.7699966430664,66.05999755859375,64.91999816894531,65.45999908447266,57.741729736328125,20970800
2020-02-05,66.69000244140625,67.5999984741211,66.12999725341797,67.33999633789062,59.400054931640625,23401400
2020-02-06,67.30000305175781,67.4000015258789,66.7699966430664,67.08999633789062,59.470985412597656,17408000
2020-02-07,66.86000061035156,67.30000305175781,66.01000213623047,66.0199966430664,58.522491455078125,18134600
2020-02-10,65.55999755859375,66.4000015258789,65.44000244140625,66.38999938964844,58.8504753112793,22299300
2020-02-11,66.83000183105469,67.70999908447266,66.56999969482422,67.41000366210938,59.754642486572266,17975600
2020-02-12,67.5999984741211,68.08999633789062,67.30999755859375,67.45999908447266,59.7989616394043,15586600
2020-02-13,66.98999786376953,67.6500015258789,66.73999786376953,67.44000244140625,59.7812385559082,11602700
2020-02-14,67.5199966430664,67.86000061035156,66.81999969482422,67.2699966430664,59.630531311035156,13405500
2020-02-18,66.66000366210938,66.69000244140625,65.87999725341797,66.13999938964844,58.628868103027344,12758400
2020-02-19,66.38999938964844,67.19999694824219,66.18000030517578,67.11000061035156,59.48870849609375,13551200
2020-02-20,67.04000091552734,67.29000091552734,64.55999755859375,65.44999694824219,58.01723098754883,26452600
2020-02-21,65.18000030517578,65.25,64.04000091552734,64.33999633789062,57.03327560424805,20775900
2020-02-24,61.61000061035156,62.77000045776367,61.31999969482422,61.7599983215332,54.74627685546875,26903100
2020-02-25,61.9900016784668,62.279998779296875,59.459999084472656,59.72999954223633,52.946815490722656,34495700
2020-02-26,60.11000061035156,60.81999969482422,59.27000045776367,59.650001525878906,52.87590789794922,26190100
2020-02-27,57.93000030517578,58.5099983215332,55.79999923706055,55.83000183105469,49.48971176147461,42226900
2020-02-28,54.29999923706055,56.380001068115234,53.599998474121094,55.52000045776367,49.21491622924805,60721700
2020-03-02,55.790000915527344,58.220001220703125,54.52000045776367,58.18000030517578,51.57284164428711,43140300
2020-03-03,58.029998779296875,59.02000045776367,55.400001525878906,55.970001220703125,49.61381530761719,49740300
2020-03-04,57.0099983215332,58.709999084472656,56.15999984741211,58.68000030517578,52.01605987548828,29223100
2020-03-05,57.060001373291016,58.65999984741211,56.61000061035156,56.959999084472656,50.49138641357422,29099200
2020-03-06,55.18000030517578,56.0099983215332,54.540000915527344,55.77000045776367,49.43653106689453,36259200
2020-03-09,51.91999816894531,52.709999084472656,50.0,50.849998474121094,45.07526779174805,56197000
2020-03-10,52.7599983215332,54.0,50.43000030517578,53.97999954223633,47.84981155395508,36569000
2020-03-11,52.38999938964844,53.540000915527344,51.0099983215332,51.65999984741211,45.79327392578125,38563500
2020-03-12,47.9900016784668,50.09000015258789,45.369998931884766,45.540000915527344,40.368289947509766,50661700
2020-03-13,48.2599983215332,55.0,47.7400016784668,54.43000030517578,48.24869918823242,48805100
2020-03-16,47.5099983215332,52.25,43.630001068115234,44.61000061035156,39.54389572143555,53878900
2020-03-17,45.7599983215332,51.630001068115234,45.20000076293945,50.08000183105469,44.39270782470703,52085200
2020-03-18,46.709999084472656,50.04999923706055,45.20000076293945,47.61000061035156,42.20321273803711,49309900
2020-03-19,47.84000015258789,49.22999954223633,45.15999984741211,45.939998626708984,40.722862243652344,44538000
2020-03-20,46.5099983215332,49.41999816894531,45.470001220703125,45.83000183105469,40.62534713745117,52344000
2020-03-23,46.02000045776367,50.4900016784668,45.90999984741211,49.58000183105469,43.94948959350586,46698500
2020-03-24,53.13999938964844,54.63999938964844,51.349998474121094,52.400001525878906,46.44923782348633,50019800
2020-03-25,52.47999954223633,53.790000915527344,49.90999984741211,51.2599983215332,45.43870162963867,41106100
2020-03-26,51.7400016784668,55.95000076293945,51.65999984741211,55.540000915527344,49.232643127441406,41459800
2020-03-27,53.41999816894531,54.63999938964844,52.06999969482422,52.369998931884766,46.422645568847656,31633500
2020-03-30,52.9900016784668,56.099998474121094,52.83000183105469,55.4900016784668,49.188323974609375,31628600
2020-03-31,55.060001373291016,55.79999923706055,53.220001220703125,54.119998931884766,47.97391128540039,48074700
2020-04-01,52.5,54.689998626708984,51.43000030517578,51.880001068115234,45.988285064697266,29586600
2020-04-02,51.290000915527344,54.560001373291016,51.220001220703125,54.349998474121094,48.17778396606445,27810000
2020-04-03,53.849998474121094,55.130001068115234,52.72999954223633,54.130001068115234,47.98276901245117,23906100
2020-04-06,56.630001068115234,58.77000045776367,56.119998931884766,58.43000030517578,51.7944450378418,32323400
2020-04-07,59.939998626708984,61.4900016784668,58.209999084472656,58.400001525878906,51.767860412597656,41410000
2020-04-08,58.9900016784668,59.5099983215332,57.90999984741211,58.97999954223633,52.281986236572266,26719500
2020-04-09,59.36000061035156,59.720001220703125,56.060001373291016,57.13999938964844,50.650943756103516,40499700
2020-04-13,56.56999969482422,58.77000045776367,56.56999969482422,58.70000076293945,52.03378677368164,23251900
2020-04-14,60.040000915527344,60.900001525878906,59.5099983215332,60.65999984741211,53.771202087402344,25674000
2020-04-15,59.7400016784668,59.83000183105469,58.38999938964844,58.869998931884766,52.18448257446289,22841600
2020-04-16,59.61000061035156,60.959999084472656,58.810001373291016,60.790000915527344,53.88643264770508,24433500
2020-04-17,62.02000045776367,62.130001068115234,59.83000183105469,60.36000061035156,53.50526809692383,27385600
2020-04-20,59.279998779296875,60.040000915527344,58.88999938964844,59.18000030517578,52.45927429199219,26420300
2020-04-21,58.11000061035156,58.599998474121094,55.93000030517578,56.36000061035156,49.95952224731445,25248000
2020-04-22,58.27000045776367,60.5,57.810001373291016,60.099998474121094,53.2747917175293,23350400
2020-04-23,59.66999816894531,60.099998474121094,58.810001373291016,59.040000915527344,52.33517837524414,35092000
2020-04-24,56.20000076293945,59.400001525878906,56.099998474121094,59.2599983215332,52.530189514160156,50187000
2020-04-27,59.720001220703125,59.83000183105469,58.38999938964844,59.470001220703125,52.71634292602539,25902200
2020-04-28,59.9900016784668,60.220001220703125,58.2599983215332,58.75,52.0781135559082,28784700
2020-04-29,59.439998626708984,62.029998779296875,59.31999969482422,61.79999923706055,54.78173065185547,30451500
2020-04-30,61.369998931884766,61.540000915527344,59.75,59.97999954223633,53.16842269897461,26279900
2020-05-01,58.83000183105469,59.31999969482422,57.310001373291016,57.470001220703125,50.94346618652344,21194800
2020-05-04,57.119998931884766,58.06999969482422,56.310001373291016,57.9900016784668,51.40441131591797,18957200
2020-05-05,58.790000915527344,59.29999923706055,58.349998474121094,58.75,52.0781135559082,17252100
2020-05-06,59.040000915527344,59.95000076293945,58.939998626708984,59.18000030517578,52.7556037902832,17848700
2020-05-07,59.93000030517578,60.099998474121094,58.91999816894531,59.16999816894531,52.74668884277344,14733500
2020-05-08,59.66999816894531,59.779998779296875,59.04999923706055,59.66999816894531,53.192405700683594,20384500
2020-05-11,59.7400016784668,60.84000015258789,59.709999084472656,60.130001068115234,53.602474212646484,18684400
2020-05-12,60.220001220703125,60.63999938964844,58.2599983215332,58.38999938964844,52.05135726928711,16754900
2020-05-13,58.45000076293945,59.22999954223633,56.900001525878906,57.7400016784668,51.471927642822266,21065000
2020-05-14,57.31999969482422,59.150001525878906,56.099998474121094,59.08000183105469,52.66645812988281,21569400
2020-05-15,57.400001525878906,58.369998931884766,56.959999084472656,58.279998779296875,51.95330047607422,21373300
2020-05-18,59.7400016784668,60.279998779296875,59.36000061035156,59.91999816894531,53.41526794433594,20428700
2020-05-19,60.130001068115234,61.77000045776367,59.849998474121094,60.290000915527344,53.7451057434082,21865000
2020-05-20,61.15999984741211,63.4900016784668,61.02000045776367,63.099998474121094,56.25005340576172,30584000
2020-05-21,63.099998474121094,63.79999923706055,61.81999969482422,61.97999954223633,55.25164031982422,20987700
2020-05-22,61.97999954223633,62.31999969482422,61.41999816894531,62.2599983215332,55.501243591308594,14103000
2020-05-26,63.68000030517578,64.13999938964844,62.119998931884766,62.34000015258789,55.57256317138672,20933600
2020-05-27,62.31999969482422,63.59000015258789,61.06999969482422,63.560001373291016,56.660125732421875,19886300
2020-05-28,63.0,63.45000076293945,61.4900016784668,61.70000076293945,55.00204086303711,17253500
2020-05-29,61.900001525878906,63.65999984741211,61.619998931884766,62.93000030517578,56.0985221862793,33393900
2020-06-01,62.4900016784668,62.65999984741211,61.65999984741211,61.86000061035156,55.14467239379883,14317700
2020-06-02,61.70000076293945,62.16999816894531,60.83000183105469,62.119998931884766,55.37644577026367,20702400
2020-06-03,62.45000076293945,62.540000915527344,61.529998779296875,61.93000030517578,55.20706558227539,16737300
2020-06-04,61.7400016784668,63.470001220703125,61.34000015258789,62.970001220703125,56.13417053222656,22010100
2020-06-05,63.36000061035156,65.11000061035156,63.15999984741211,64.33999633789062,57.35544204711914,26813100
2020-06-08,63.970001220703125,64.1500015258789,62.939998626708984,63.66999816894531,56.75818634033203,21546200
2020-06-09,62.9900016784668,63.709999084472656,62.900001525878906,63.040000915527344,56.19657516479492,23594100
2020-06-10,62.790000915527344,64.29000091552734,62.75,63.869998931884766,56.93647003173828,21367800
2020-06-11,63.06999969482422,63.29999923706055,59.52000045776367,59.70000076293945,53.21915817260742,26998200
2020-06-12,60.11000061035156,60.959999084472656,58.119998931884766,59.33000183105469,52.88931655883789,30419800
2020-06-15,59.33000183105469,60.36000061035156,58.58000183105469,60.099998474121094,53.57572937011719,29651700
2020-06-16,61.4900016784668,61.650001525878906,59.4900016784668,60.400001525878906,53.843170166015625,23226600
2020-06-17,60.7400016784668,61.279998779296875,60.060001373291016,60.4900016784668,53.92339324951172,20454800
2020-06-18,60.349998474121094,60.5099983215332,59.31999969482422,60.08000183105469,53.557899475097656,24899700
2020-06-19,60.650001525878906,60.88999938964844,59.099998474121094,59.619998931884766,53.1478385925293,60336100
2020-06-22,59.72999954223633,60.54999923706055,58.83000183105469,60.09000015258789,53.56681442260742,22846000
2020-06-23,60.189998626708984,60.470001220703125,59.86000061035156,59.91999816894531,53.41526794433594,22809600
2020-06-24,59.63999938964844,59.810001373291016,58.66999816894531,59.09000015258789,52.67537307739258,27764500
2020-06-25,58.97999954223633,59.09000015258789,57.47999954223633,58.5099983215332,52.15833282470703,21906900
2020-06-26,58.4900016784668,58.72999954223633,57.06999969482422,57.5,51.25797653198242,38477500
2020-06-29,57.470001220703125,58.349998474121094,56.7599983215332,58.27000045776367,51.94437789916992,22150300
2020-06-30,58.709999084472656,59.97999954223633,58.540000915527344,59.83000183105469,53.335044860839844,31542100
2020-07-01,59.90999984741211,60.029998779296875,58.7599983215332,58.810001373291016,52.42576599121094,14748100
2020-07-02,59.189998626708984,59.810001373291016,58.970001220703125,59.130001068115234,52.711036682128906,15578600
2020-07-06,58.720001220703125,59.619998931884766,58.599998474121094,59.540000915527344,53.07653045654297,20536700
2020-07-07,59.06999969482422,59.56999969482422,58.13999938964844,58.310001373291016,51.98004150390625,15996500
2020-07-08,58.45000076293945,58.70000076293945,57.93000030517578,58.61000061035156,52.24747848510742,13277900
2020-07-09,58.20000076293945,58.75,57.70000076293945,58.41999816894531,52.0781135559082,20683700
2020-07-10,57.95000076293945,59.689998626708984,57.83000183105469,59.529998779296875,53.067604064941406,17742300
2020-07-13,59.84000015258789,60.619998931884766,58.38999938964844,58.58000183105469,52.220741271972656,19082900
2020-07-14,57.869998931884766,59.25,57.349998474121094,58.97999954223633,52.57731246948242,24190900
2020-07-15,59.029998779296875,59.34000015258789,58.41999816894531,59.029998779296875,52.62187957763672,19986300
2020-07-16,58.540000915527344,59.36000061035156,58.400001525878906,59.13999938964844,52.719947814941406,12425900
2020-07-17,59.41999816894531,60.459999084472656,59.279998779296875,60.0,53.48657989501953,16322800
2020-07-20,60.08000183105469,61.380001068115234,59.34000015258789,61.150001525878906,54.511749267578125,16868700
2020-07-21,61.52000045776367,61.93000030517578,60.439998626708984,60.70000076293945,54.110591888427734,19803700
2020-07-22,61.310001373291016,61.77000045776367,60.619998931884766,61.04999923706055,54.42259979248047,18959900
2020-07-23,61.2599983215332,61.7400016784668,59.97999954223633,60.400001525878906,53.843170166015625,43518600
2020-07-24,52.150001525878906,52.18000030517578,49.5,50.59000015258789,45.098114013671875,182269900
2020-07-27,51.029998779296875,51.13999938964844,49.470001220703125,49.56999969482422,44.1888313293457,107526500
2020-07-28,49.47999954223633,50.22999954223633,49.13999938964844,49.2400016784668,43.894657135009766,62362600
2020-07-29,49.4900016784668,49.5,47.900001525878906,48.06999969482422,42.85166931152344,60500800
2020-07-30,47.83000183105469,48.5,47.59000015258789,47.9900016784668,42.78035354614258,39735200
2020-07-31,48.130001068115234,48.31999969482422,46.970001220703125,47.72999954223633,42.54857635498047,46536000
2020-08-03,48.27000045776367,48.630001068115234,47.7400016784668,48.29999923706055,43.05670166015625,31767100
2020-08-04,48.599998474121094,49.13999938964844,48.5,49.130001068115234,43.79660415649414,29045800
2020-08-05,49.720001220703125,49.720001220703125,48.65999984741211,48.91999816894531,43.60939407348633,29438600
2020-08-06,48.790000915527344,48.81999969482422,48.099998474121094,48.56999969482422,43.59144592285156,23795500
2020-08-07,48.529998779296875,48.650001525878906,47.70000076293945,48.029998779296875,43.10679244995117,36765200
2020-08-10,48.20000076293945,49.38999938964844,48.060001373291016,49.220001220703125,44.17481994628906,37442600
2020-08-11,49.630001068115234,49.72999954223633,48.060001373291016,48.189998626708984,43.250396728515625,35348100
2020-08-12,48.66999816894531,49.2599983215332,48.2400016784668,49.189998626708984,44.147884368896484,30659800
2020-08-13,49.2599983215332,49.33000183105469,48.38999938964844,48.560001373291016,43.58245849609375,24774500
2020-08-14,48.72999954223633,49.209999084472656,48.650001525878906,48.88999938964844,43.878639221191406,22321200
2020-08-17,49.11000061035156,49.310001373291016,48.72999954223633,48.93000030517578,43.91454315185547,20018300
2020-08-18,49.2599983215332,49.56999969482422,48.619998931884766,48.650001525878906,43.663246154785156,19251400
2020-08-19,48.790000915527344,48.97999954223633,48.25,48.33000183105469,43.37605285644531,27775000
2020-08-20,49.810001373291016,50.20000076293945,49.0,49.16999816894531,44.129947662353516,55081300
2020-08-21,49.02000045776367,49.310001373291016,48.650001525878906,49.279998779296875,44.22867202758789,34621500
2020-08-24,49.2599983215332,49.400001525878906,48.81999969482422,49.13999938964844,44.1030158996582,36295300
2020-08-25,49.349998474121094,49.880001068115234,49.209999084472656,49.43000030517578,44.36329650878906,38384300
2020-08-26,49.38999938964844,49.66999816894531,49.22999954223633,49.54999923706055,44.47098922729492,28616600
2020-08-27,49.790000915527344,49.93000030517578,49.16999816894531,49.400001525878906,44.33637237548828,24420600
2020-08-28,49.56999969482422,50.79999923706055,49.459999084472656,50.43000030517578,45.26078796386719,35384700
2020-08-31,51.0,51.5,50.31999969482422,50.95000076293945,45.72748947143555,46114100
2020-09-01,50.90999984741211,51.0,50.220001220703125,50.790000915527344,45.58388900756836,30472800
2020-09-02,51.209999084472656,52.68000030517578,51.09000015258789,52.25,46.89423370361328,53000700
2020-09-03,52.5,52.619998931884766,50.13999938964844,50.38999938964844,45.224891662597656,47394300
2020-09-04,50.529998779296875,51.22999954223633,49.4900016784668,50.08000183105469,44.94667434692383,43318400
2020-09-08,49.2599983215332,49.900001525878906,48.849998474121094,48.90999984741211,43.89659881591797,39752700
2020-09-09,49.529998779296875,49.970001220703125,49.040000915527344,49.619998931884766,44.5338134765625,33437300
2020-09-10,50.0,50.09000015258789,48.709999084472656,48.959999084472656,43.941471099853516,32649100
2020-09-11,49.2599983215332,50.04999923706055,48.95000076293945,49.279998779296875,44.22867202758789,29333600
2020-09-14,48.849998474121094,49.720001220703125,48.849998474121094,49.40999984741211,44.34535217285156,27212500
2020-09-15,49.790000915527344,50.599998474121094,49.72999954223633,50.0,44.874874114990234,27598300
2020-09-16,50.5099983215332,51.029998779296875,50.16999816894531,50.369998931884766,45.20694351196289,26531400
2020-09-17,49.369998931884766,50.4900016784668,49.29999923706055,50.31999969482422,45.162071228027344,26959900
2020-09-18,50.33000183105469,50.5,49.040000915527344,49.88999938964844,44.77614212036133,50123500
2020-09-21,49.38999938964844,49.75,48.83000183105469,49.720001220703125,44.62357711791992,27377100
2020-09-22,49.88999938964844,50.209999084472656,49.470001220703125,49.95000076293945,44.829994201660156,22290900
2020-09-23,49.83000183105469,50.150001525878906,48.65999984741211,48.81999969482422,43.815818786621094,30078800
2020-09-24,48.529998779296875,49.63999938964844,48.41999816894531,49.15999984741211,44.120967864990234,29343400
2020-09-25,48.959999084472656,50.279998779296875,48.75,49.939998626708984,44.82101821899414,26633400
2020-09-28,50.5099983215332,51.459999084472656,50.15999984741211,51.43000030517578,46.15828323364258,29652200
2020-09-29,51.310001373291016,51.7400016784668,50.95000076293945,51.189998626708984,45.94288635253906,19558200
2020-09-30,51.2400016784668,52.380001068115234,51.150001525878906,51.779998779296875,46.472412109375,27711300
2020-10-01,52.400001525878906,52.720001220703125,51.9900016784668,52.2400016784668,46.88526916503906,22127600
2020-10-02,51.5,51.97999954223633,50.9900016784668,51.0099983215332,45.78133773803711,25811800
2020-10-05,51.29999923706055,51.810001373291016,51.27000045776367,51.689998626708984,46.39163589477539,20883200
2020-10-06,51.709999084472656,52.70000076293945,51.22999954223633,51.369998931884766,46.10443878173828,25642800
2020-10-07,51.849998474121094,52.900001525878906,51.790000915527344,52.66999816894531,47.271183013916016,21978700
2020-10-08,52.90999984741211,53.58000183105469,52.66999816894531,53.369998931884766,47.89943313598633,22369500
2020-10-09,53.54999923706055,53.849998474121094,52.66999816894531,52.81999969482422,47.40580749511719,24343900
2020-10-12,53.54999923706055,54.20000076293945,53.209999084472656,53.880001068115234,48.357154846191406,27303500
2020-10-13,54.27000045776367,54.290000915527344,53.619998931884766,53.83000183105469,48.31228256225586,20005800
2020-10-14,54.0099983215332,54.400001525878906,53.5099983215332,53.54999923706055,48.06098175048828,21874200
2020-10-15,52.75,53.97999954223633,52.619998931884766,53.849998474121094,48.330238342285156,18272900
2020-10-16,53.900001525878906,54.70000076293945,53.900001525878906,54.15999984741211,48.60845184326172,23414400
2020-10-19,54.470001220703125,56.22999954223633,53.84000015258789,54.58000183105469,48.985408782958984,43537200
2020-10-20,54.599998474121094,54.70000076293945,53.27000045776367,53.43000030517578,47.95328140258789,27224900
2020-10-21,53.13999938964844,54.06999969482422,52.81999969482422,53.5,48.01611328125,21866000
2020-10-22,53.119998931884766,54.220001220703125,53.06999969482422,53.900001525878906,48.37510681152344,41522700
2020-10-23,48.349998474121094,48.66999816894531,47.65999984741211,48.20000076293945,43.25937271118164,97322500
2020-10-26,47.849998474121094,47.86000061035156,46.25,46.720001220703125,41.93108367919922,54161300
2020-10-27,45.97999954223633,46.40999984741211,45.36000061035156,45.63999938964844,40.96177673339844,50130500
2020-10-28,44.88999938964844,45.290000915527344,44.20000076293945,44.25,39.714256286621094,45066000
2020-10-29,44.2400016784668,44.470001220703125,43.91999816894531,44.11000061035156,39.58860397338867,36796800
2020-10-30,44.099998474121094,44.79999923706055,43.61000061035156,44.279998779296875,39.741180419921875,46781300
2020-11-02,44.959999084472656,45.060001373291016,44.2400016784668,44.459999084472656,39.902732849121094,33856700
2020-11-03,44.72999954223633,45.459999084472656,44.70000076293945,44.849998474121094,40.25276184082031,34349500
2020-11-04,45.11000061035156,46.150001525878906,44.779998779296875,45.70000076293945,41.015628814697266,34748200
2020-11-05,46.150001525878906,46.380001068115234,45.529998779296875,45.68000030517578,41.29587173461914,31103200
2020-11-06,45.540000915527344,45.79999923706055,44.900001525878906,45.38999938964844,41.03369903564453,36233700
2020-11-09,46.63999938964844,47.349998474121094,45.540000915527344,45.599998474121094,41.223548889160156,48481700
2020-11-10,45.400001525878906,46.47999954223633,45.25,45.439998626708984,41.07891082763672,39224500
2020-11-11,45.900001525878906,46.459999084472656,45.86000061035156,46.349998474121094,41.901573181152344,31496900
2020-11-12,46.130001068115234,46.189998626708984,44.54999923706055,44.95000076293945,40.63594055175781,42881300
2020-11-13,44.9900016784668,45.58000183105469,44.970001220703125,45.459999084472656,41.09698486328125,30884700
2020-11-16,46.040000915527344,46.75,45.790000915527344,46.189998626708984,41.756927490234375,36306300
2020-11-17,45.75,46.119998931884766,45.40999984741211,45.529998779296875,41.16027069091797,31118000
2020-11-18,45.54999923706055,45.689998626708984,45.040000915527344,45.060001373291016,40.735374450683594,32817900
2020-11-19,44.91999816894531,45.66999816894531,44.70000076293945,45.619998931884766,41.241634368896484,29469100
2020-11-20,45.65999984741211,45.880001068115234,45.33000183105469,45.38999938964844,41.03369903564453,24199300
2020-11-23,45.47999954223633,46.209999084472656,45.45000076293945,46.060001373291016,41.63941192626953,35489600
2020-11-24,46.290000915527344,47.29999923706055,46.0099983215332,47.0099983215332,42.498226165771484,33901200
2020-11-25,47.029998779296875,47.18000030517578,46.56999969482422,47.04999923706055,42.534393310546875,28126900
2020-11-27,47.36000061035156,48.099998474121094,47.36000061035156,47.45000076293945,42.895999908447266,15921400
2020-11-30,47.41999816894531,48.5,47.27000045776367,48.349998474121094,43.70961380004883,46332700
2020-12-01,48.75,50.22999954223633,48.709999084472656,49.560001373291016,44.80349349975586,57768000
2020-12-02,49.220001220703125,50.060001373291016,49.18000030517578,49.900001525878906,45.11086654663086,33753500
2020-12-03,49.91999816894531,51.11000061035156,49.779998779296875,50.9900016784668,46.09624481201172,50261200
2020-12-04,51.060001373291016,52.650001525878906,51.0,51.9900016784668,47.00027847290039,39767700
2020-12-07,51.0,51.290000915527344,49.560001373291016,50.20000076293945,45.38206481933594,51040300
2020-12-08,49.83000183105469,50.720001220703125,49.810001373291016,50.689998626708984,45.82503890991211,28956500
2020-12-09,50.279998779296875,50.84000015258789,49.72999954223633,50.06999969482422,45.26454544067383,34068400
2020-12-10,49.65999984741211,50.720001220703125,49.59000015258789,50.2599983215332,45.436309814453125,33706000
2020-12-11,50.13999938964844,50.13999938964844,49.119998931884766,49.72999954223633,44.957176208496094,29398800
2020-12-14,49.81999969482422,51.34000015258789,49.7400016784668,50.470001220703125,45.626155853271484,33436400
2020-12-15,50.97999954223633,51.0099983215332,50.209999084472656,50.66999816894531,45.80695724487305,25465600
2020-12-16,50.709999084472656,51.459999084472656,50.68000030517578,51.119998931884766,46.21377182006836,28351000
2020-12-17,51.150001525878906,51.31999969482422,50.220001220703125,50.650001525878906,45.788883209228516,26399000
2020-12-18,50.56999969482422,50.68000030517578,47.11000061035156,47.459999084472656,42.90504455566406,119298400
2020-12-21,46.31999969482422,46.45000076293945,45.2400016784668,46.36000061035156,41.910614013671875,53775700
2020-12-22,46.25,46.34000015258789,45.77000045776367,46.16999816894531,41.738853454589844,32171200
2020-12-23,46.16999816894531,47.029998779296875,46.06999969482422,46.56999969482422,42.10045623779297,22564200
2020-12-24,46.599998474121094,47.09000015258789,46.34000015258789,47.06999969482422,42.55247116088867,11865600
2020-12-28,47.189998626708984,47.63999938964844,46.86000061035156,47.06999969482422,42.55247116088867,21269200
2020-12-29,47.220001220703125,50.66999816894531,46.4900016784668,49.38999938964844,44.649810791015625,84531400
2020-12-30,49.11000061035156,49.189998626708984,48.560001373291016,48.75,44.071231842041016,37385400
2020-12-31,48.75,50.189998626708984,48.720001220703125,49.81999969482422,45.038536071777344,28576800
2021-01-04,49.88999938964844,51.38999938964844,49.400001525878906,49.66999816894531,44.90293884277344,46102500
2021-01-05,49.45000076293945,50.83000183105469,49.33000183105469,50.61000061035156,45.752716064453125,24866600
2021-01-06,50.439998626708984,52.150001525878906,50.20000076293945,51.099998474121094,46.19569396972656,36809600
2021-01-07,51.4900016784668,52.689998626708984,51.29999923706055,52.189998626708984,47.18107986450195,32092300
2021-01-08,52.45000076293945,52.529998779296875,51.27000045776367,51.650001525878906,46.69290542602539,34625400
2021-01-11,51.290000915527344,52.2400016784668,51.25,51.540000915527344,46.59346389770508,32925000
2021-01-12,51.900001525878906,53.849998474121094,51.560001373291016,53.2400016784668,48.130306243896484,39883900
2021-01-13,59.5,60.25,56.900001525878906,56.95000076293945,51.48423385620117,124070700
2021-01-14,58.45000076293945,60.13999938964844,57.84000015258789,59.25,53.56349563598633,74680900
2021-01-15,58.849998474121094,59.650001525878906,57.5,57.58000183105469,52.05377960205078,50265400
2021-01-19,57.939998626708984,58.34000015258789,57.099998474121094,57.9900016784668,52.4244270324707,35647100
2021-01-20,58.2400016784668,59.220001220703125,58.09000015258789,58.66999816894531,53.039154052734375,28701300
2021-01-21,59.040000915527344,63.95000076293945,58.220001220703125,62.459999084472656,56.46541213989258,86519500
2021-01-22,58.849998474121094,59.619998931884766,56.650001525878906,56.65999984741211,51.22207260131836,85729300
2021-01-25,56.380001068115234,56.5,54.060001373291016,55.439998626708984,50.11916732788086,61968500
2021-01-26,55.279998779296875,56.20000076293945,54.849998474121094,55.209999084472656,49.91123962402344,31485900
2021-01-27,54.61000061035156,54.849998474121094,53.29999923706055,53.59000015258789,48.446720123291016,49722900
2021-01-28,54.790000915527344,57.400001525878906,54.70000076293945,56.06999969482422,50.68870162963867,49202600
2021-01-29,55.97999954223633,57.15999984741211,55.36000061035156,55.5099983215332,50.182437896728516,37256200
2021-02-01,55.95000076293945,57.38999938964844,55.709999084472656,56.689998626708984,51.24919128417969,26926600
2021-02-02,57.189998626708984,58.279998779296875,56.880001068115234,58.0,52.4334716796875,23580900
2021-02-03,57.88999938964844,58.33000183105469,57.380001068115234,57.68000030517578,52.1441764831543,21893200
2021-02-04,57.61000061035156,58.880001068115234,57.189998626708984,58.790000915527344,53.470252990722656,29853800
2021-02-05,59.0,59.08000183105469,58.119998931884766,58.18000030517578,52.91545486450195,23432600
2021-02-08,58.380001068115234,59.220001220703125,57.95000076293945,59.15999984741211,53.80677795410156,34358300
2021-02-09,58.77000045776367,59.310001373291016,57.939998626708984,58.779998779296875,53.46115493774414,28754100
2021-02-10,59.29999923706055,59.41999816894531,58.119998931884766,58.86000061035156,53.53392028808594,16325100
2021-02-11,59.099998474121094,60.9900016784668,58.86000061035156,60.65999984741211,55.171043395996094,27539100
2021-02-12,60.599998474121094,62.5099983215332,60.43000030517578,61.810001373291016,56.216976165771484,26214200
2021-02-16,62.0,62.869998931884766,61.70000076293945,62.470001220703125,56.8172607421875,26326300
2021-02-17,61.4900016784668,62.189998626708984,61.209999084472656,61.849998474121094,56.253353118896484,21055400
2021-02-18,60.650001525878906,61.97999954223633,60.63999938964844,61.61000061035156,56.035072326660156,17846100
2021-02-19,61.90999984741211,63.2599983215332,61.849998474121094,63.0099983215332,57.30839157104492,28290100
2021-02-22,61.880001068115234,62.70000076293945,60.65999984741211,60.709999084472656,55.21651077270508,32288200
2021-02-23,60.47999954223633,61.5,59.16999816894531,61.119998931884766,55.589420318603516,27374600
2021-02-24,60.529998779296875,63.279998779296875,60.380001068115234,63.189998626708984,57.472103118896484,24669900
2021-02-25,62.40999984741211,63.540000915527344,60.130001068115234,60.400001525878906,54.934566497802734,36394000
2021-02-26,60.88999938964844,61.689998626708984,59.68000030517578,60.779998779296875,55.28017807006836,38216800
2021-03-01,61.720001220703125,63.08000183105469,61.650001525878906,62.880001068115234,57.190155029296875,28495400
2021-03-02,62.79999923706055,63.13999938964844,61.11000061035156,61.2400016784668,55.69855880737305,23320000
2021-03-03,60.63999938964844,61.52000045776367,59.70000076293945,59.900001525878906,54.47981643676758,28740400
2021-03-04,59.83000183105469,60.2400016784668,57.90999984741211,58.33000183105469,53.0518798828125,40210400
2021-03-05,59.2599983215332,61.18000030517578,58.5099983215332,60.7400016784668,55.243797302246094,39511700
2021-03-08,60.470001220703125,61.70000076293945,59.720001220703125,59.849998474121094,54.4343376159668,33112400
2021-03-09,61.18000030517578,63.16999816894531,60.84000015258789,62.66999816894531,56.99915313720703,36387500
2021-03-10,63.220001220703125,64.12000274658203,62.130001068115234,62.25,56.61716842651367,27160300
2021-03-11,62.939998626708984,64.08999633789062,62.38999938964844,63.310001373291016,57.58125686645508,30701800
2021-03-12,62.650001525878906,63.29999923706055,62.2400016784668,62.900001525878906,57.20834732055664,20173000
2021-03-15,63.61000061035156,63.880001068115234,62.47999954223633,63.790000915527344,58.01781463623047,21247400
2021-03-16,64.1500015258789,65.7300033569336,64.08000183105469,64.77999877929688,58.9182243347168,30186600
2021-03-17,64.22000122070312,66.29000091552734,63.709999084472656,65.77999877929688,59.82775115966797,32394700
2021-03-18,65.62999725341797,65.69999694824219,63.650001525878906,63.72999954223633,57.96324157714844,30094200
2021-03-19,63.18000030517578,64.98999786376953,62.91999816894531,63.7599983215332,57.99052810668945,54951700
2021-03-22,64.81999969482422,66.37999725341797,64.55999755859375,65.62999725341797,59.69131851196289,34380100
2021-03-23,66.0,66.05000305175781,63.16999816894531,63.47999954223633,57.735862731933594,35160000
2021-03-24,66.58000183105469,67.44000244140625,61.9900016784668,62.040000915527344,56.42616653442383,74584700
2021-03-25,61.65999984741211,62.439998626708984,60.97999954223633,62.02000045776367,56.407989501953125,35401400
2021-03-26,61.79999923706055,64.97000122070312,61.77000045776367,64.87000274658203,59.00008773803711,34705800
2021-03-29,64.01000213623047,65.12999725341797,63.61000061035156,64.5,58.66355514526367,26161600
2021-03-30,63.77000045776367,64.0,63.150001525878906,63.77000045776367,57.99961471557617,20709500
2021-03-31,64.01000213623047,64.48999786376953,63.58000183105469,64.0,58.20881271362305,33013200
2021-04-01,64.72000122070312,64.88999938964844,63.58000183105469,64.55000305175781,58.709049224853516,31416300
2021-04-05,64.94999694824219,66.73999786376953,64.69999694824219,66.54000091552734,60.518978118896484,27947500
2021-04-06,66.05999755859375,66.58000183105469,65.29000091552734,65.55999755859375,59.62763977050781,28771400
2021-04-07,65.66999816894531,66.56999969482422,65.36000061035156,66.25,60.25520706176758,17793300
2021-04-08,66.97000122070312,67.29000091552734,66.36000061035156,67.05000305175781,60.982818603515625,22224200
2021-04-09,66.80000305175781,68.4000015258789,66.62999725341797,68.26000213623047,62.083343505859375,27177100
2021-04-12,68.19999694824219,68.48999786376953,64.70999908447266,65.41000366210938,59.49122619628906,51266900
2021-04-13,65.61000061035156,65.62999725341797,64.20999908447266,65.22000122070312,59.318416595458984,26822000
2021-04-14,65.30999755859375,65.37999725341797,63.84000015258789,64.19000244140625,58.38162612915039,25768400
2021-04-15,63.970001220703125,65.22000122070312,63.68000030517578,65.0199966430664,59.13650894165039,24927700
2021-04-16,65.33000183105469,65.5199966430664,64.56999969482422,64.75,58.89094543457031,24625500
2021-04-19,64.69999694824219,64.73999786376953,63.06999969482422,63.630001068115234,57.87228775024414,23997700
2021-04-20,63.63999938964844,63.7599983215332,62.40999984741211,62.70000076293945,57.02644729614258,19872100
2021-04-21,62.790000915527344,63.779998779296875,62.29999923706055,63.70000076293945,57.93596649169922,24364200
2021-04-22,63.349998474121094,63.90999984741211,62.279998779296875,62.56999969482422,56.908206939697266,38257600
2021-04-23,59.15999984741211,60.0,57.900001525878906,59.2400016784668,53.87953186035156,77479500
2021-04-26,59.099998474121094,59.52000045776367,58.459999084472656,58.7599983215332,53.442970275878906,39645900
2021-04-27,58.560001373291016,58.630001068115234,57.77000045776367,57.970001220703125,52.72445297241211,38167700
2021-04-28,57.52000045776367,58.15999984741211,57.150001525878906,57.619998931884766,52.40611267089844,30387400
2021-04-29,57.880001068115234,58.29999923706055,57.470001220703125,58.279998779296875,53.006404876708984,23290600
2021-04-30,57.61000061035156,58.43000030517578,57.06999969482422,57.529998779296875,52.32426071166992,30731800
2021-05-03,57.86000061035156,57.880001068115234,56.84000015258789,57.2599983215332,52.07868957519531,22281700
2021-05-04,56.880001068115234,56.97999954223633,55.810001373291016,56.900001525878906,51.75127029418945,35323600
2021-05-05,56.959999084472656,57.29999923706055,56.459999084472656,56.849998474121094,51.70579528808594,21001900
2021-05-06,56.619998931884766,57.25,56.25,57.189998626708984,52.33539581298828,25529300
2021-05-07,57.70000076293945,58.0099983215332,57.2400016784668,57.66999816894531,52.77464294433594,19959000
2021-05-10,57.150001525878906,57.22999954223633,55.880001068115234,55.970001220703125,51.21894836425781,35046500
2021-05-11,55.04999923706055,55.630001068115234,54.29999923706055,55.040000915527344,50.36790084838867,35968100
2021-05-12,54.38999938964844,54.650001525878906,53.41999816894531,53.619998931884766,49.06843566894531,30232300
2021-05-13,54.040000915527344,54.38999938964844,53.459999084472656,54.0099983215332,49.42533493041992,29192500
2021-05-14,54.599998474121094,55.849998474121094,54.2599983215332,55.349998474121094,50.651588439941406,28158300
2021-05-17,55.290000915527344,55.88999938964844,54.7599983215332,55.33000183105469,50.6332893371582,20010200
2021-05-18,55.95000076293945,56.13999938964844,54.79999923706055,54.84000015258789,50.18488311767578,18703400
2021-05-19,54.06999969482422,55.43000030517578,53.84000015258789,55.36000061035156,50.66073226928711,23769700
2021-05-20,55.56999969482422,56.2400016784668,55.36000061035156,55.95000076293945,51.200660705566406,23145200
2021-05-21,56.41999816894531,56.709999084472656,55.97999954223633,56.08000183105469,51.319618225097656,17723100
2021-05-24,56.650001525878906,57.38999938964844,56.400001525878906,56.959999084472656,52.124916076660156,19164400
2021-05-25,57.560001373291016,57.560001373291016,56.41999816894531,56.869998931884766,52.04256057739258,22309900
2021-05-26,57.04999923706055,57.22999954223633,56.59000015258789,56.91999816894531,52.08831787109375,15173600
2021-05-27,57.11000061035156,57.880001068115234,57.0,57.72999954223633,52.829559326171875,32387600
2021-05-28,57.54999923706055,57.650001525878906,56.939998626708984,57.119998931884766,52.27134323120117,20303900
2021-06-01,57.61000061035156,57.81999969482422,56.59000015258789,56.88999938964844,52.060855865478516,20326400
2021-06-02,56.90999984741211,57.689998626708984,56.7599983215332,57.47999954223633,52.600772857666016,18483600
2021-06-03,56.97999954223633,57.099998474121094,56.09000015258789,56.2400016784668,51.46603775024414,21831300
2021-06-04,56.54999923706055,57.75,56.540000915527344,57.369998931884766,52.5001106262207,21493800
2021-06-07,57.40999984741211,57.439998626708984,56.779998779296875,57.09000015258789,52.24388122558594,17364400
2021-06-08,57.45000076293945,57.63999938964844,56.599998474121094,57.0,52.16151809692383,33254500
2021-06-09,57.36000061035156,57.47999954223633,56.970001220703125,57.0,52.16151809692383,13904800
2021-06-10,57.150001525878906,58.029998779296875,56.93000030517578,57.380001068115234,52.50926971435547,26738100
2021-06-11,57.470001220703125,57.939998626708984,56.95000076293945,57.849998474121094,52.93937301635742,18119700
2021-06-14,58.02000045776367,58.20000076293945,57.22999954223633,58.189998626708984,53.25050354003906,21784500
2021-06-15,58.209999084472656,58.41999816894531,57.79999923706055,57.9900016784668,53.067481994628906,20806500
2021-06-16,58.150001525878906,58.369998931884766,56.77000045776367,57.220001220703125,52.36285400390625,21879700
2021-06-17,57.04999923706055,57.900001525878906,56.70000076293945,57.18000030517578,52.32624053955078,21498800
2021-06-18,56.68000030517578,56.75,55.099998474121094,55.66999816894531,50.944419860839844,55118300
2021-06-21,55.75,56.040000915527344,55.369998931884766,55.869998931884766,51.127445220947266,19254600
2021-06-22,55.939998626708984,56.279998779296875,55.5,55.869998931884766,51.127445220947266,18682800
2021-06-23,55.869998931884766,55.970001220703125,55.22999954223633,55.2599983215332,50.5692253112793,20287900
2021-06-24,55.4900016784668,56.099998474121094,55.34000015258789,56.06999969482422,51.31046676635742,21209700
2021-06-25,56.02000045776367,56.40999984741211,55.75,55.90999984741211,51.16404342651367,21101200
2021-06-28,56.36000061035156,57.72999954223633,56.34000015258789,57.47999954223633,52.600772857666016,22480900
2021-06-29,57.54999923706055,57.83000183105469,55.880001068115234,56.75,51.932735443115234,26360000
2021-06-30,56.34000015258789,56.380001068115234,55.38999938964844,56.13999938964844,51.37452697753906,29891600
2021-07-01,56.130001068115234,56.63999938964844,55.869998931884766,56.0099983215332,51.255558013916016,24871600
2021-07-02,56.54999923706055,56.9900016784668,56.31999969482422,56.7599983215332,51.941898345947266,17219400
2021-07-06,56.91999816894531,57.0099983215332,55.70000076293945,56.09000015258789,51.328765869140625,26186600
2021-07-07,56.369998931884766,56.45000076293945,55.709999084472656,55.959999084472656,51.209800720214844,14857400
2021-07-08,55.310001373291016,55.720001220703125,54.790000915527344,55.38999938964844,50.68819046020508,19162000
2021-07-09,55.5099983215332,56.11000061035156,55.310001373291016,55.9900016784668,51.23725509643555,18708000
2021-07-12,56.2599983215332,56.7599983215332,56.11000061035156,56.72999954223633,51.9144401550293,15392800
2021-07-13,56.619998931884766,57.29999923706055,56.34000015258789,56.869998931884766,52.04256057739258,15716000
2021-07-14,57.16999816894531,57.459999084472656,56.33000183105469,56.52000045776367,51.72227096557617,16263600
2021-07-15,56.400001525878906,56.400001525878906,55.56999969482422,55.810001373291016,51.072540283203125,18917000
2021-07-16,56.04999923706055,56.93000030517578,54.900001525878906,54.970001220703125,50.30384063720703,25263800
2021-07-19,54.40999984741211,54.810001373291016,53.970001220703125,54.63999938964844,50.001861572265625,27007700
2021-07-20,54.91999816894531,55.560001373291016,54.27000045776367,55.2400016784668,50.55092239379883,19867000
2021-07-21,55.18000030517578,56.279998779296875,55.0099983215332,56.22999954223633,51.45688247680664,18497200
2021-07-22,56.060001373291016,56.540000915527344,55.68000030517578,55.959999084472656,51.209800720214844,36691000
2021-07-23,54.58000183105469,54.709999084472656,52.31999969482422,53.0,48.50106430053711,67742300
2021-07-26,52.810001373291016,54.540000915527344,52.7599983215332,54.310001373291016,49.69987106323242,32881200
2021-07-27,53.119998931884766,53.20000076293945,52.310001373291016,53.18000030517578,48.66579055786133,39878000
2021-07-28,53.029998779296875,53.91999816894531,52.939998626708984,53.06999969482422,48.56511688232422,28478800
2021-07-29,53.47999954223633,54.099998474121094,53.31999969482422,53.70000076293945,49.14164352416992,16886600
2021-07-30,53.650001525878906,53.900001525878906,53.25,53.720001220703125,49.15993881225586,16465700
2021-08-02,53.9900016784668,54.470001220703125,53.540000915527344,53.68000030517578,49.12335205078125,18098100
2021-08-03,53.88999938964844,54.15999984741211,53.2599983215332,54.060001373291016,49.47108459472656,16375900
2021-08-04,54.25,54.439998626708984,53.70000076293945,53.900001525878906,49.32467269897461,17612700
2021-08-05,53.9900016784668,54.02000045776367,53.58000183105469,53.88999938964844,49.635982513427734,15310000
2021-08-06,53.86000061035156,54.130001068115234,53.72999954223633,53.91999816894531,49.66361618041992,19256000
2021-08-09,54.08000183105469,54.40999984741211,53.83000183105469,54.04999923706055,49.78335189819336,14670100
2021-08-10,54.2400016784668,54.38999938964844,53.5099983215332,53.939998626708984,49.682044982910156,16215700
2021-08-11,54.2599983215332,54.36000061035156,53.84000015258789,54.13999938964844,49.86625289916992,18590800
2021-08-12,54.16999816894531,54.18000030517578,53.2599983215332,53.540000915527344,49.3136100769043,15070100
2021-08-13,53.5,53.560001373291016,53.060001373291016,53.4900016784668,49.26755905151367,15281100
2021-08-16,53.22999954223633,53.4900016784668,53.0,53.470001220703125,49.24913787841797,17690300
2021-08-17,53.16999816894531,53.18000030517578,52.220001220703125,52.689998626708984,48.53071212768555,22014900
2021-08-18,52.599998474121094,53.029998779296875,52.11000061035156,52.189998626708984,48.07018280029297,15061700
2021-08-19,52.04999923706055,52.66999816894531,51.58000183105469,52.439998626708984,48.300445556640625,22999400
2021-08-20,52.15999984741211,52.380001068115234,51.41999816894531,52.0099983215332,47.90439224243164,25728300
2021-08-23,52.59000015258789,53.540000915527344,52.47999954223633,53.22999954223633,49.02809524536133,23976300
2021-08-24,53.560001373291016,53.970001220703125,53.310001373291016,53.810001373291016,49.56230545043945,20348800
2021-08-25,54.08000183105469,54.22999954223633,53.72999954223633,53.810001373291016,49.56230545043945,15048400
2021-08-26,53.75,53.75,52.970001220703125,53.130001068115234,48.93598175048828,19570000
2021-08-27,53.36000061035156,53.939998626708984,52.91999816894531,53.88999938964844,49.635982513427734,16525000
2021-08-30,54.2599983215332,54.869998931884766,53.7599983215332,53.939998626708984,49.682044982910156,14581300
2021-08-31,54.439998626708984,54.5,53.65999984741211,54.060001373291016,49.792572021484375,22350100
2021-09-01,54.11000061035156,54.15999984741211,53.529998779296875,53.66999816894531,49.433349609375,18615000
2021-09-02,53.79999923706055,53.88999938964844,53.349998474121094,53.72999954223633,49.488609313964844,15869500
2021-09-03,53.439998626708984,54.08000183105469,53.31999969482422,53.5099983215332,49.285980224609375,13456200
2021-09-07,53.56999969482422,53.95000076293945,53.439998626708984,53.650001525878906,49.41493606567383,13915000
2021-09-08,53.72999954223633,53.91999816894531,52.9900016784668,53.56999969482422,49.341243743896484,18235100
2021-09-09,53.65999984741211,53.88999938964844,53.34000015258789,53.400001525878906,49.18466567993164,13495800
2021-09-10,53.849998474121094,54.97999954223633,53.810001373291016,53.84000015258789,49.58993148803711,20324700
2021-09-13,54.61000061035156,55.4900016784668,54.40999984741211,54.9900016784668,50.64915466308594,22639200
2021-09-14,55.369998931884766,55.439998626708984,54.27000045776367,54.52000045776367,50.21625900268555,22072700
2021-09-15,54.66999816894531,55.150001525878906,54.41999816894531,55.119998931884766,50.76889419555664,18796200
2021-09-16,54.86000061035156,54.95000076293945,54.2400016784668,54.83000183105469,50.50178146362305,19863100
2021-09-17,54.59000015258789,54.59000015258789,53.66999816894531,54.2599983215332,49.976783752441406,35359200
2021-09-20,53.209999084472656,53.5,52.31999969482422,52.97999954223633,48.797821044921875,35051900
2021-09-21,53.20000076293945,53.45000076293945,52.83000183105469,52.869998931884766,48.696502685546875,17968900
2021-09-22,53.400001525878906,53.869998931884766,53.0,53.5,49.276771545410156,18594100
2021-09-23,53.75,54.29999923706055,53.599998474121094,54.029998779296875,49.76493835449219,16474300
2021-09-24,53.779998779296875,54.41999816894531,53.72999954223633,54.220001220703125,49.939937591552734,12976200
2021-09-27,53.939998626708984,54.869998931884766,53.81999969482422,54.65999984741211,50.34520721435547,13899900
2021-09-28,54.18000030517578,54.59000015258789,53.959999084472656,54.0,49.737300872802734,24691300
2021-09-29,54.0,54.04999923706055,53.18000030517578,53.4900016784668,49.26755905151367,20514300
2021-09-30,53.7599983215332,53.97999954223633,53.2599983215332,53.279998779296875,49.07413864135742,20534100
2021-10-01,53.650001525878906,54.11000061035156,53.04999923706055,53.86000061035156,49.60834884643555,19895100
2021-10-04,53.93000030517578,54.33000183105469,53.08000183105469,53.470001220703125,49.24913787841797,27353300
2021-10-05,53.54999923706055,54.34000015258789,53.47999954223633,53.95000076293945,49.691246032714844,18129400
2021-10-06,53.47999954223633,54.06999969482422,53.06999969482422,53.97999954223633,49.71887969970703,20059600
2021-10-07,54.31999969482422,54.9900016784668,54.119998931884766,54.18000030517578,49.9030876159668,20704400
2021-10-08,54.54999923706055,54.58000183105469,53.70000076293945,53.810001373291016,49.56230545043945,16068000
2021-10-11,53.810001373291016,54.40999984741211,53.41999816894531,53.439998626708984,49.221500396728516,14398800
2021-10-12,53.56999969482422,53.720001220703125,52.0099983215332,52.16999816894531,48.051753997802734,32784300
2021-10-13,52.380001068115234,52.58000183105469,51.869998931884766,52.2599983215332,48.1346549987793,18534000
2021-10-14,52.900001525878906,54.0,52.72999954223633,53.900001525878906,49.64520263671875,26586700
2021-10-15,54.20000076293945,54.4900016784668,53.810001373291016,54.459999084472656,50.160987854003906,25231100
2021-10-18,54.189998626708984,54.560001373291016,53.720001220703125,54.470001220703125,50.17020034790039,22407600
2021-10-19,54.630001068115234,55.220001220703125,54.369998931884766,55.209999084472656,50.85178756713867,18392900
2021-10-20,55.25,55.4900016784668,55.08000183105469,55.369998931884766,50.9991569519043,16850300
2021-10-21,54.93000030517578,56.06999969482422,54.83000183105469,56.0,51.57942581176758,38390900
2021-10-22,50.38999938964844,50.54999923706055,49.13999938964844,49.459999084472656,45.55568313598633,109971900
2021-10-25,49.83000183105469,50.06999969482422,49.310001373291016,49.40999984741211,45.5096321105957,43178800
2021-10-26,49.400001525878906,49.439998626708984,47.93000030517578,48.279998779296875,44.46882629394531,68405400
2021-10-27,48.52000045776367,48.81999969482422,47.869998931884766,47.88999938964844,44.109615325927734,41081500
2021-10-28,48.13999938964844,48.36000061035156,47.880001068115234,48.08000183105469,44.28462600708008,31317200
2021-10-29,48.099998474121094,49.279998779296875,47.91999816894531,49.0,45.131996154785156,42301000
2021-11-01,49.400001525878906,49.599998474121094,49.0,49.54999923706055,45.63857650756836,28013700
2021-11-02,49.61000061035156,49.900001525878906,49.22999954223633,49.86000061035156,45.92410659790039,27193300
2021-11-03,49.93000030517578,50.45000076293945,49.709999084472656,50.38999938964844,46.41227722167969,23962100
2021-11-04,50.2400016784668,50.349998474121094,49.72999954223633,50.310001373291016,46.66083908081055,24806000
2021-11-05,50.54999923706055,51.58000183105469,50.540000915527344,50.91999816894531,47.22658920288086,36816200
2021-11-08,51.459999084472656,51.9900016784668,51.060001373291016,51.54999923706055,47.81089401245117,31647800
2021-11-09,51.540000915527344,51.77000045776367,50.77000045776367,51.20000076293945,47.48627471923828,22508400
2021-11-10,50.97999954223633,51.38999938964844,50.709999084472656,50.7599983215332,47.078189849853516,25040700
2021-11-11,51.0099983215332,51.06999969482422,50.40999984741211,50.529998779296875,46.864871978759766,25420000
2021-11-12,50.599998474121094,50.900001525878906,50.18000030517578,50.310001373291016,46.66083908081055,23884800
2021-11-15,50.40999984741211,50.630001068115234,50.119998931884766,50.31999969482422,46.670108795166016,24695800
2021-11-16,50.369998931884766,51.150001525878906,50.34000015258789,50.61000061035156,46.93907165527344,30927800
2021-11-17,50.599998474121094,50.939998626708984,49.97999954223633,50.22999954223633,46.586631774902344,23546900
2021-11-18,50.2400016784668,50.2400016784668,48.970001220703125,49.68000030517578,46.076534271240234,30658200
2021-11-19,49.599998474121094,49.72999954223633,49.2400016784668,49.52000045776367,45.92813491821289,27607600
2021-11-22,49.54999923706055,50.849998474121094,49.40999984741211,49.83000183105469,46.21565246582031,33389600
2021-11-23,50.15999984741211,50.45000076293945,48.63999938964844,49.099998474121094,45.538604736328125,44713300
2021-11-24,48.86000061035156,49.779998779296875,48.630001068115234,49.7599983215332,46.15072250366211,26035800
2021-11-26,48.900001525878906,49.18000030517578,48.119998931884766,48.779998779296875,45.2418098449707,25269000
2021-11-29,49.29999923706055,50.130001068115234,48.720001220703125,50.0,46.37331008911133,31478900
2021-11-30,49.5,50.400001525878906,48.68000030517578,49.20000076293945,45.63134765625,49460800
2021-12-01,49.84000015258789,50.310001373291016,48.52000045776367,48.599998474121094,45.074867248535156,35093500
2021-12-02,48.61000061035156,49.790000915527344,48.33000183105469,49.5,45.909584045410156,37240800
2021-12-03,49.68000030517578,50.060001373291016,48.7599983215332,49.25,45.67771911621094,32224900
2021-12-06,49.47999954223633,51.209999084472656,49.18000030517578,50.9900016784668,47.29151153564453,40336000
2021-12-07,54.65999984741211,55.0,52.209999084472656,52.56999969482422,48.75690460205078,91731500
2021-12-08,52.56999969482422,52.880001068115234,51.380001068115234,51.75,47.99638748168945,37143400
2021-12-09,51.29999923706055,51.59000015258789,50.43000030517578,50.47999954223633,46.81850051879883,31694200
2021-12-10,50.84000015258789,51.06999969482422,50.04999923706055,50.59000015258789,46.9205207824707,23783600
2021-12-13,50.849998474121094,51.02000045776367,49.95000076293945,50.0,46.37331008911133,35726900
2021-12-14,49.81999969482422,50.27000045776367,49.31999969482422,49.70000076293945,46.09507369995117,34120400
2021-12-15,49.869998931884766,50.779998779296875,49.33000183105469,50.66999816894531,46.99471664428711,32590300
2021-12-16,50.7400016784668,51.400001525878906,50.58000183105469,50.83000183105469,47.14311599731445,33132300
2021-12-17,50.59000015258789,51.02000045776367,50.0099983215332,50.619998931884766,46.94834899902344,50102300
2021-12-20,49.90999984741211,50.130001068115234,48.959999084472656,49.599998474121094,46.00232696533203,30140300
2021-12-21,49.939998626708984,50.84000015258789,49.939998626708984,50.77000045776367,47.08747100830078,31956300
2021-12-22,50.63999938964844,51.02000045776367,50.209999084472656,50.970001220703125,47.27296447753906,23307900
2021-12-23,51.08000183105469,51.72999954223633,51.04999923706055,51.310001373291016,47.58830261230469,25198200
2021-12-27,51.349998474121094,52.060001373291016,51.29999923706055,51.939998626708984,48.172603607177734,20985400
2021-12-28,51.93000030517578,52.119998931884766,51.630001068115234,51.7599983215332,48.00566101074219,19290400
2021-12-29,51.810001373291016,52.13999938964844,51.65999984741211,51.83000183105469,48.07058334350586,14174800
2021-12-30,51.91999816894531,52.13999938964844,51.650001525878906,51.7400016784668,47.98711395263672,18359400
2021-12-31,51.88999938964844,52.15999984741211,51.459999084472656,51.5,47.76451873779297,16319000
2022-01-03,51.650001525878906,53.22999954223633,51.599998474121094,53.209999084472656,49.350486755371094,33857600
2022-01-04,53.56999969482422,53.939998626708984,52.650001525878906,53.13999938964844,49.28556823730469,45681400
2022-01-05,54.189998626708984,56.16999816894531,53.83000183105469,53.869998931884766,49.962608337402344,59109300
2022-01-06,54.61000061035156,54.66999816894531,53.41999816894531,54.0099983215332,50.09245681762695,35757900
2022-01-07,54.189998626708984,54.38999938964844,53.150001525878906,53.439998626708984,49.56380081176758,30717200
2022-01-10,53.970001220703125,55.310001373291016,53.310001373291016,55.209999084472656,51.205413818359375,49260800
2022-01-11,55.5,56.08000183105469,54.72999954223633,55.90999984741211,51.854644775390625,39795200
2022-01-12,56.13999938964844,56.279998779296875,54.810001373291016,55.7400016784668,51.69697952270508,29136800
2022-01-13,56.0,56.209999084472656,54.77000045776367,54.939998626708984,50.95500183105469,29605400
2022-01-14,54.849998474121094,55.77000045776367,54.529998779296875,55.70000076293945,51.65987777709961,30151500
2022-01-18,55.310001373291016,55.650001525878906,54.68000030517578,54.7599983215332,50.78805923461914,35313800
2022-01-19,54.630001068115234,54.849998474121094,53.560001373291016,53.619998931884766,49.73074722290039,30595100
2022-01-20,53.86000061035156,54.09000015258789,51.939998626708984,52.040000915527344,48.26535415649414,28582600
2022-01-21,52.08000183105469,53.130001068115234,51.95000076293945,52.040000915527344,48.26535415649414,46372400
2022-01-24,51.47999954223633,52.130001068115234,49.880001068115234,51.939998626708984,48.172603607177734,64198400
2022-01-25,51.0099983215332,51.619998931884766,50.25,51.0,47.30078887939453,44095400
2022-01-26,51.130001068115234,52.720001220703125,50.75,51.689998626708984,47.94073486328125,54895400
2022-01-27,49.97999954223633,50.060001373291016,47.779998779296875,48.04999923706055,44.564762115478516,89642800
2022-01-28,47.709999084472656,48.20000076293945,46.29999923706055,47.72999954223633,44.267974853515625,61945400
2022-01-31,47.68000030517578,48.869998931884766,47.310001373291016,48.81999969482422,45.278907775878906,51828400
2022-02-01,48.779998779296875,49.029998779296875,48.36000061035156,48.95000076293945,45.39948272705078,35386100
2022-02-02,48.25,49.58000183105469,48.09000015258789,49.5099983215332,45.918861389160156,37962700
2022-02-03,49.25,49.689998626708984,48.25,48.279998779296875,44.778076171875,42145800
2022-02-04,47.86000061035156,48.2400016784668,47.130001068115234,48.0099983215332,44.86685562133789,32431500
2022-02-07,48.130001068115234,48.65999984741211,47.959999084472656,48.18000030517578,45.02572250366211,27558500
2022-02-08,47.97999954223633,48.939998626708984,47.900001525878906,48.810001373291016,45.614479064941406,28051200
2022-02-09,49.33000183105469,49.970001220703125,48.83000183105469,49.90999984741211,46.64247131347656,35217300
2022-02-10,49.18000030517578,49.93000030517578,48.7599983215332,48.86000061035156,45.66120910644531,32762700
2022-02-11,48.95000076293945,49.11000061035156,47.5,47.630001068115234,44.51173400878906,37208200
2022-02-14,47.91999816894531,48.18000030517578,47.11000061035156,47.58000183105469,44.46501541137695,28456900
2022-02-15,47.70000076293945,48.459999084472656,47.189998626708984,48.439998626708984,45.26870346069336,35837900
2022-02-16,48.060001373291016,48.4900016784668,47.599998474121094,48.22999954223633,45.07245635986328,26022900
2022-02-17,47.86000061035156,48.2599983215332,47.380001068115234,47.56999969482422,44.45566177368164,32030600
2022-02-18,46.189998626708984,46.209999084472656,44.5099983215332,45.040000915527344,42.09130096435547,76520100
2022-02-22,44.689998626708984,45.40999984741211,43.849998474121094,44.689998626708984,41.76420974731445,57093300
2022-02-23,45.16999816894531,45.709999084472656,44.54999923706055,44.650001525878906,41.726829528808594,38176700
2022-02-24,43.900001525878906,46.790000915527344,43.630001068115234,46.720001220703125,43.66131591796875,72740100
2022-02-25,46.93000030517578,47.790000915527344,46.25,47.709999084472656,44.58649444580078,39266300
2022-02-28,47.0,47.81999969482422,46.849998474121094,47.70000076293945,44.57715606689453,41946100
2022-03-01,47.540000915527344,47.900001525878906,46.220001220703125,46.81999969482422,43.75476837158203,53853000
2022-03-02,47.52000045776367,48.9900016784668,47.47999954223633,48.869998931884766,45.670555114746094,46936500
2022-03-03,48.18000030517578,48.54999923706055,47.619998931884766,47.93000030517578,44.792091369628906,36389900
2022-03-04,47.369998931884766,48.27000045776367,47.369998931884766,48.06999969482422,44.92292022705078,38310700
2022-03-07,48.0099983215332,48.540000915527344,47.599998474121094,47.68000030517578,44.55846405029297,43813700
2022-03-08,47.689998626708984,48.720001220703125,46.88999938964844,47.5,44.3902473449707,44813900
2022-03-09,48.40999984741211,48.459999084472656,46.88999938964844,47.630001068115234,44.51173400878906,36076500
2022-03-10,47.290000915527344,47.310001373291016,46.15999984741211,46.65999984741211,43.6052360534668,36456000
2022-03-11,47.150001525878906,47.279998779296875,45.77000045776367,45.83000183105469,42.8295783996582,27082100
2022-03-14,45.900001525878906,45.97999954223633,44.29999923706055,44.400001525878906,41.49319839477539,35993900
2022-03-15,44.5,44.900001525878906,44.06999969482422,44.810001373291016,41.8763542175293,34448900
2022-03-16,45.29999923706055,46.630001068115234,45.27000045776367,46.630001068115234,43.577205657958984,38885500
2022-03-17,46.31999969482422,47.290000915527344,45.72999954223633,47.13999938964844,44.053810119628906,28555000
2022-03-18,46.81999969482422,47.599998474121094,46.349998474121094,47.45000076293945,44.34352111816406,46237100
2022-03-21,47.459999084472656,47.88999938964844,47.06999969482422,47.38999938964844,44.28744888305664,32910900
2022-03-22,47.5,48.470001220703125,47.400001525878906,48.38999938964844,45.22198486328125,27923300
2022-03-23,48.459999084472656,49.58000183105469,48.060001373291016,48.27000045776367,45.109840393066406,37126400
2022-03-24,48.65999984741211,51.650001525878906,48.59000015258789,51.619998931884766,48.24051284790039,51677900
2022-03-25,50.689998626708984,51.97999954223633,50.45000076293945,51.83000183105469,48.436771392822266,33239800
2022-03-28,51.36000061035156,51.56999969482422,50.560001373291016,51.5099983215332,48.137718200683594,22932400
2022-03-29,52.0,52.290000915527344,51.279998779296875,52.25,48.82927322387695,27303700
2022-03-30,52.25,52.5099983215332,51.220001220703125,51.43000030517578,48.06295394897461,24623300
2022-03-31,51.20000076293945,51.2599983215332,49.5099983215332,49.560001373291016,46.31538009643555,43698300
2022-04-01,49.83000183105469,49.900001525878906,47.33000183105469,48.11000061035156,44.9603157043457,46598600
2022-04-04,48.16999816894531,49.22999954223633,47.91999816894531,49.20000076293945,45.97895431518555,23784900
2022-04-05,48.83000183105469,48.97999954223633,48.02000045776367,48.130001068115234,44.97899627685547,25779200
2022-04-06,47.439998626708984,48.16999816894531,47.2400016784668,47.540000915527344,44.42762756347656,31518700
2022-04-07,47.43000030517578,47.90999984741211,46.77000045776367,47.560001373291016,44.44632339477539,24117000
2022-04-08,47.279998779296875,47.58000183105469,46.849998474121094,47.02000045776367,43.94166946411133,22167300
2022-04-11,46.900001525878906,47.29999923706055,46.529998779296875,46.56999969482422,43.52113723754883,30352500
2022-04-12,47.31999969482422,47.90999984741211,46.40999984741211,46.5,43.45571517944336,29861400
2022-04-13,46.75,47.27000045776367,46.54999923706055,47.0099983215332,43.93231964111328,22171300
2022-04-14,46.75,46.75,45.619998931884766,45.66999816894531,42.680049896240234,36181800
2022-04-18,45.529998779296875,46.88999938964844,45.52000045776367,46.63999938964844,43.586544036865234,25593100
2022-04-19,46.599998474121094,48.0,46.34000015258789,47.93000030517578,44.792091369628906,31483100
2022-04-20,48.36000061035156,48.75,47.97999954223633,48.11000061035156,44.9603157043457,22787100
2022-04-21,48.619998931884766,48.900001525878906,47.400001525878906,47.5,44.3902473449707,27316900
2022-04-22,47.45000076293945,47.650001525878906,46.5,46.540000915527344,43.49310302734375,28219900
2022-04-25,46.209999084472656,47.13999938964844,46.18000030517578,47.060001373291016,43.97905731201172,35999300
2022-04-26,46.689998626708984,46.84000015258789,45.5099983215332,45.52000045776367,42.539878845214844,35356600
2022-04-27,45.47999954223633,46.060001373291016,45.0099983215332,45.220001220703125,42.259517669677734,28320900
2022-04-28,45.790000915527344,47.27000045776367,45.540000915527344,46.84000015258789,43.77345657348633,41097000
2022-04-29,44.9900016784668,45.36000061035156,43.5,43.59000015258789,40.73623275756836,70765900
2022-05-02,43.720001220703125,44.9900016784668,43.5099983215332,44.959999084472656,42.016536712646484,45446500
2022-05-03,44.790000915527344,45.4900016784668,44.22999954223633,45.060001373291016,42.10999298095703,40158400
2022-05-04,45.060001373291016,46.63999938964844,44.40999984741211,46.540000915527344,43.49310302734375,44625600
2022-05-05,45.599998474121094,45.90999984741211,44.130001068115234,44.599998474121094,42.009578704833984,52996700
2022-05-06,44.4900016784668,45.150001525878906,43.84000015258789,44.29999923706055,41.726993560791016,40916600
2022-05-09,43.810001373291016,44.20000076293945,42.869998931884766,43.06999969482422,40.56843566894531,44925800
2022-05-10,44.349998474121094,44.7400016784668,43.5,44.0099983215332,41.45383834838867,42770000
2022-05-11,44.02000045776367,44.290000915527344,42.779998779296875,42.83000183105469,40.34238052368164,40351700
2022-05-12,42.72999954223633,42.90999984741211,42.0099983215332,42.84000015258789,40.35179901123047,42329600
2022-05-13,43.41999816894531,43.84000015258789,42.970001220703125,43.599998474121094,41.06765365600586,32034100
2022-05-16,43.41999816894531,43.61000061035156,42.790000915527344,43.08000183105469,40.57786178588867,25071900
2022-05-17,43.81999969482422,44.41999816894531,43.650001525878906,44.400001525878906,41.821189880371094,28596600
2022-05-18,43.97999954223633,43.97999954223633,42.220001220703125,42.349998474121094,39.890254974365234,35218400
2022-05-19,42.31999969482422,42.70000076293945,41.720001220703125,42.0099983215332,39.56999969482422,29181000
2022-05-20,42.25,42.290000915527344,40.310001373291016,41.650001525878906,39.230918884277344,44802300
2022-05-23,41.689998626708984,42.25,41.33000183105469,42.0,39.56058120727539,27199500
2022-05-24,41.70000076293945,41.88999938964844,41.099998474121094,41.66999816894531,39.249752044677734,29837500
2022-05-25,41.439998626708984,42.52000045776367,41.38999938964844,42.20000076293945,39.74897003173828,26283100
2022-05-26,42.16999816894531,43.68000030517578,42.08000183105469,43.47999954223633,40.95462417602539,28826700
2022-05-27,43.59000015258789,44.54999923706055,43.54999923706055,44.54999923706055,41.96247100830078,30553300
2022-05-31,44.25,44.75,43.650001525878906,44.41999816894531,41.84003448486328,41111500
2022-06-01,44.77000045776367,44.93000030517578,43.529998779296875,44.11000061035156,41.54803466796875,29885500
2022-06-02,44.189998626708984,44.880001068115234,43.939998626708984,44.84000015258789,42.23563003540039,28727600
2022-06-03,44.11000061035156,44.25,43.34000015258789,43.38999938964844,40.86985397338867,33174700
2022-06-06,43.810001373291016,44.040000915527344,43.08000183105469,43.34000015258789,40.822757720947266,25437100
2022-06-07,43.060001373291016,43.59000015258789,42.65999984741211,43.529998779296875,41.0017204284668,25168700
2022-06-08,42.25,42.2599983215332,41.029998779296875,41.22999954223633,38.83530807495117,59649900
2022-06-09,41.0099983215332,41.349998474121094,40.0099983215332,40.0099983215332,37.68616485595703,39047200
2022-06-10,39.849998474121094,40.08000183105469,39.18000030517578,39.18000030517578,36.90437316894531,43066200
2022-06-13,38.54999923706055,38.810001373291016,37.66999816894531,37.77000045776367,35.57627487182617,50335900
2022-06-14,38.0099983215332,38.20000076293945,37.540000915527344,37.93000030517578,35.72697830200195,31351700
2022-06-15,38.560001373291016,39.16999816894531,37.91999816894531,38.650001525878906,36.405155181884766,37652300
2022-06-16,37.70000076293945,37.790000915527344,36.93000030517578,37.34000015258789,35.17124938964844,45576500
2022-06-17,37.47999954223633,38.119998931884766,36.599998474121094,36.970001220703125,34.82273864746094,71393200
2022-06-21,37.36000061035156,38.029998779296875,37.33000183105469,37.72999954223633,35.538597106933594,34004900
2022-06-22,37.33000183105469,37.77000045776367,37.220001220703125,37.380001068115234,35.208919525146484,32571000
2022-06-23,37.61000061035156,37.619998931884766,36.90999984741211,37.40999984741211,35.23717498779297,30163000
2022-06-24,37.849998474121094,38.63999938964844,37.7400016784668,38.61000061035156,36.36748504638672,38159900
2022-06-27,38.869998931884766,39.060001373291016,38.470001220703125,38.630001068115234,36.386322021484375,29585300
2022-06-28,38.58000183105469,39.02000045776367,37.7400016784668,37.779998779296875,35.58568572998047,37824200
2022-06-29,37.540000915527344,37.599998474121094,37.02000045776367,37.290000915527344,35.1241455078125,25437200
2022-06-30,37.209999084472656,38.0,36.72999954223633,37.40999984741211,35.23717498779297,35141000
2022-07-01,37.09000015258789,37.20000076293945,35.880001068115234,36.34000015258789,34.22932815551758,40596300
2022-07-05,35.93000030517578,36.7400016784668,35.540000915527344,36.689998626708984,34.55899429321289,33215000
2022-07-06,36.81999969482422,37.41999816894531,36.459999084472656,36.9900016784668,34.84157180786133,26258300
2022-07-07,37.88999938964844,38.33000183105469,37.72999954223633,38.13999938964844,35.924774169921875,33165400
2022-07-08,37.65999984741211,38.13999938964844,37.38999938964844,37.9900016784668,35.78349304199219,22566300
2022-07-11,37.65999984741211,37.66999816894531,37.029998779296875,37.20000076293945,35.039371490478516,25904300
2022-07-12,37.650001525878906,37.70000076293945,36.9900016784668,37.209999084472656,35.04879379272461,30546300
2022-07-13,36.68000030517578,37.43000030517578,36.619998931884766,37.209999084472656,35.04879379272461,27059200
2022-07-14,36.9900016784668,38.15999984741211,36.290000915527344,37.709999084472656,35.51974868774414,36690700
2022-07-15,38.27000045776367,38.66999816894531,37.72999954223633,38.619998931884766,36.376895904541016,32892300
2022-07-18,39.099998474121094,39.34000015258789,38.529998779296875,38.709999084472656,36.461673736572266,30814400
2022-07-19,39.31999969482422,40.72999954223633,39.2400016784668,40.220001220703125,37.88397979736328,53095300
2022-07-20,40.209999084472656,40.66999816894531,39.560001373291016,40.560001373291016,38.20423126220703,36387900
2022-07-21,40.5099983215332,40.650001525878906,39.81999969482422,40.61000061035156,38.251319885253906,29661200
2022-07-22,40.369998931884766,40.5099983215332,38.939998626708984,39.20000076293945,36.92321014404297,41350000
2022-07-25,39.279998779296875,39.40999984741211,38.54999923706055,39.15999984741211,36.88554000854492,32263400
2022-07-26,39.099998474121094,39.56999969482422,38.880001068115234,38.959999084472656,36.69715118408203,35925500
2022-07-27,39.27000045776367,40.41999816894531,39.22999954223633,40.18000030517578,37.84629440307617,42571600
2022-07-28,40.09000015258789,40.119998931884766,39.040000915527344,39.709999084472656,37.403587341308594,56662300
2022-07-29,35.599998474121094,36.619998931884766,35.2400016784668,36.310001373291016,34.20106887817383,125292400
2022-08-01,36.04999923706055,37.689998626708984,36.04999923706055,36.959999084472656,34.81332015991211,52513400
2022-08-02,36.59000015258789,36.65999984741211,36.0,36.0099983215332,33.91849136352539,53929400
2022-08-03,36.09000015258789,36.59000015258789,35.2599983215332,36.52000045776367,34.398868560791016,59513900
2022-08-04,36.0099983215332,36.099998474121094,35.36000061035156,35.65999984741211,33.927913665771484,54046300
2022-08-05,35.349998474121094,35.689998626708984,35.18000030517578,35.38999938964844,33.67102813720703,40205100
2022-08-08,35.36000061035156,35.959999084472656,35.20000076293945,35.380001068115234,33.66151809692383,41534600
2022-08-09,35.220001220703125,35.29999923706055,34.400001525878906,34.52000045776367,32.84328842163086,48202300
2022-08-10,34.9900016784668,35.400001525878906,34.59000015258789,35.369998931884766,33.65200424194336,42243300
2022-08-11,35.63999938964844,36.290000915527344,35.4900016784668,35.59000015258789,33.86131286621094,35569700
2022-08-12,35.79999923706055,36.13999938964844,35.66999816894531,36.11000061035156,34.356056213378906,37675200
2022-08-15,36.099998474121094,36.43000030517578,35.709999084472656,36.34000015258789,34.574886322021484,25400600
2022-08-16,36.15999984741211,36.58000183105469,35.70000076293945,36.189998626708984,34.43217086791992,25000200
2022-08-17,35.810001373291016,36.08000183105469,35.27000045776367,35.779998779296875,34.04208755493164,29176100
2022-08-18,35.68000030517578,36.33000183105469,35.56999969482422,36.20000076293945,34.441680908203125,24598200
2022-08-19,35.79999923706055,36.029998779296875,35.189998626708984,35.380001068115234,33.66151809692383,31425500
2022-08-22,35.0,35.060001373291016,33.72999954223633,33.84000015258789,32.196311950683594,51006100
2022-08-23,33.97999954223633,34.38999938964844,33.90999984741211,33.95000076293945,32.30097961425781,30687100
2022-08-24,33.970001220703125,33.9900016784668,33.599998474121094,33.86000061035156,32.21534729003906,25105700
2022-08-25,33.869998931884766,34.93000030517578,33.81999969482422,34.88999938964844,33.1953125,29799100
2022-08-26,34.95000076293945,35.029998779296875,33.349998474121094,33.36000061035156,31.739627838134766,44851500
2022-08-29,33.22999954223633,33.40999984741211,32.810001373291016,32.939998626708984,31.340030670166016,32976800
2022-08-30,33.040000915527344,33.06999969482422,32.150001525878906,32.2599983215332,30.69306182861328,40182500
2022-08-31,32.38999938964844,32.38999938964844,31.770000457763672,31.920000076293945,30.36957359313965,44074500
2022-09-01,31.56999969482422,31.829999923706055,31.1299991607666,31.760000228881836,30.21734619140625,36440700
2022-09-02,32.209999084472656,32.380001068115234,31.059999465942383,31.219999313354492,29.70357322692871,34893300
2022-09-06,31.389999389648438,31.389999389648438,30.329999923706055,30.360000610351562,28.885347366333008,46989600
2022-09-07,30.420000076293945,30.790000915527344,30.049999237060547,30.649999618530273,29.161258697509766,37329500
2022-09-08,30.3700008392334,30.850000381469727,29.90999984741211,30.75,29.256404876708984,37359500
2022-09-09,31.190000534057617,31.5,31.079999923706055,31.459999084472656,29.931915283203125,34069500
2022-09-12,31.739999771118164,31.860000610351562,31.100000381469727,31.559999465942383,30.027057647705078,38305500
2022-09-13,30.829999923706055,30.93000030517578,29.25,29.290000915527344,27.867321014404297,71417900
2022-09-14,29.549999237060547,29.770000457763672,29.010000228881836,29.18000030517578,27.76266098022461,40767200
2022-09-15,29.149999618530273,29.40999984741211,28.709999084472656,28.84000015258789,27.439176559448242,39919100
2022-09-16,28.700000762939453,29.31999969482422,28.420000076293945,29.239999771118164,27.819747924804688,72748000
2022-09-19,29.020000457763672,29.5,28.899999618530273,29.440000534057617,28.010034561157227,33151900
2022-09-20,29.06999969482422,29.170000076293945,28.709999084472656,28.959999084472656,27.553348541259766,31129000
2022-09-21,29.149999618530273,29.59000015258789,28.459999084472656,28.469999313354492,27.087146759033203,39977300
2022-09-22,28.399999618530273,28.5,28.040000915527344,28.06999969482422,26.706575393676758,36092700
2022-09-23,27.899999618530273,27.899999618530273,27.190000534057617,27.520000457763672,26.18329429626465,43491100
2022-09-26,27.559999465942383,27.700000762939453,26.860000610351562,26.969999313354492,25.660003662109375,44786400
2022-09-27,27.399999618530273,27.600000381469727,26.6200008392334,26.889999389648438,25.58388900756836,44121400
2022-09-28,26.860000610351562,27.280000686645508,26.600000381469727,27.1299991607666,25.81223487854004,40433400
2022-09-29,26.780000686645508,26.780000686645508,26.190000534057617,26.3799991607666,25.098663330078125,41831300
2022-09-30,26.299999237060547,26.56999969482422,25.739999771118164,25.770000457763672,24.518293380737305,43821000
2022-10-03,26.329999923706055,27.25,26.06999969482422,26.969999313354492,25.660003662109375,44096200
2022-10-04,27.43000030517578,27.799999237060547,27.09000015258789,27.700000762939453,26.354551315307617,42427500
2022-10-05,27.3700008392334,27.84000015258789,26.889999389648438,27.639999389648438,26.29746437072754,30120000
2022-10-06,27.440000534057617,27.760000228881836,27.0,27.18000030517578,25.85980796813965,33985100
2022-10-07,26.170000076293945,26.280000686645508,25.649999618530273,25.719999313354492,24.470720291137695,57215500
2022-10-10,25.940000534057617,25.989999771118164,25.09000015258789,25.200000762939453,23.975980758666992,43409300
2022-10-11,25.010000228881836,25.479999542236328,24.690000534057617,25.040000915527344,23.823755264282227,48134900
2022-10-12,25.049999237060547,25.520000457763672,24.65999984741211,25.329999923706055,24.09966278076172,39634100
2022-10-13,24.729999542236328,26.84000015258789,24.59000015258789,26.420000076293945,25.136722564697266,62447000
2022-10-14,26.459999084472656,26.6299991607666,25.760000228881836,25.90999984741211,24.651491165161133,48185400
2022-10-17,26.309999465942383,26.75,26.170000076293945,26.420000076293945,25.136722564697266,39416500
2022-10-18,26.739999771118164,26.959999084472656,25.540000915527344,25.8700008392334,24.613435745239258,51126900
2022-10-19,25.739999771118164,26.25,25.690000534057617,26.0,24.73712158203125,33882300
2022-10-20,26.149999618530273,26.950000762939453,25.950000762939453,26.079999923706055,24.813236236572266,33247700
2022-10-21,25.850000381469727,27.049999237060547,25.790000915527344,26.969999313354492,25.660003662109375,53058700
2022-10-24,26.75,27.479999542236328,26.520000457763672,27.18000030517578,25.85980796813965,43831600
2022-10-25,27.18000030517578,27.559999465942383,27.0,27.40999984741211,26.078636169433594,32205300
2022-10-26,27.190000534057617,27.799999237060547,26.989999771118164,27.209999084472656,25.888347625732422,37111100
2022-10-27,27.450000762939453,27.59000015258789,26.1299991607666,26.270000457763672,24.994007110595703,56305100
2022-10-28,28.18000030517578,29.219999313354492,27.860000610351562,29.06999969482422,27.658002853393555,91695700
2022-10-31,29.079999923706055,29.18000030517578,28.049999237060547,28.43000030517578,27.049091339111328,59507700
2022-11-01,28.799999237060547,28.850000381469727,27.889999389648438,28.299999237060547,26.92540168762207,44418700
2022-11-02,28.270000457763672,28.850000381469727,27.40999984741211,27.420000076293945,26.08814811706543,51956100
2022-11-03,27.450000762939453,27.8799991607666,27.170000076293945,27.389999389648438,26.059602737426758,39678200
2022-11-04,27.56999969482422,28.239999771118164,27.40999984741211,28.200000762939453,27.19263458251953,43051900
2022-11-07,28.360000610351562,28.469999313354492,27.889999389648438,28.40999984741211,27.395130157470703,34389800
2022-11-08,28.760000228881836,28.950000762939453,27.93000030517578,28.479999542236328,27.462631225585938,36258000
2022-11-09,28.219999313354492,28.299999237060547,27.520000457763672,27.520000457763672,26.536924362182617,30544800
2022-11-10,28.8799991607666,29.829999923706055,28.649999618530273,29.760000228881836,28.696908950805664,62943900
2022-11-11,28.93000030517578,30.6299991607666,28.8700008392334,30.43000030517578,29.342973709106445,49826500
2022-11-14,30.34000015258789,30.989999771118164,30.18000030517578,30.350000381469727,29.26582908630371,39395300
2022-11-15,31.100000381469727,31.34000015258789,30.170000076293945,30.709999084472656,29.61297035217285,40933200
2022-11-16,30.110000610351562,30.229999542236328,29.440000534057617,29.530000686645508,28.475120544433594,35582800
2022-11-17,29.06999969482422,29.950000762939453,29.0,29.889999389648438,28.822261810302734,31983300
2022-11-18,30.260000228881836,30.260000228881836,29.610000610351562,29.8700008392334,28.802978515625,27122200
2022-11-21,29.65999984741211,29.719999313354492,28.90999984741211,28.940000534057617,27.906198501586914,36086800
2022-11-22,29.139999389648438,29.860000610351562,29.059999465942383,29.81999969482422,28.754762649536133,25584100
2022-11-23,29.729999542236328,30.079999923706055,29.489999771118164,29.670000076293945,28.610124588012695,23143900
2022-11-25,29.68000030517578,29.68000030517578,29.34000015258789,29.34000015258789,28.29191017150879,11314900
2022-11-28,29.100000381469727,29.190000534057617,28.540000915527344,28.729999542236328,27.703699111938477,28267900
2022-11-29,28.850000381469727,29.18000030517578,28.739999771118164,28.899999618530273,27.867630004882812,24361500
2022-11-30,28.770000457763672,30.079999923706055,28.219999313354492,30.06999969482422,28.995830535888672,72072500
2022-12-01,30.239999771118164,30.479999542236328,29.520000457763672,29.829999923706055,28.764404296875,38896300
2022-12-02,29.170000076293945,29.43000030517578,28.709999084472656,29.40999984741211,28.35940933227539,31546000
2022-12-05,29.420000076293945,29.75,28.889999389648438,29.170000076293945,28.12798309326172,34040400
2022-12-06,29.190000534057617,29.309999465942383,28.34000015258789,28.600000381469727,27.578344345092773,27701200
2022-12-07,28.280000686645508,28.549999237060547,28.149999618530273,28.329999923706055,27.317991256713867,28239900
2022-12-08,28.31999969482422,28.600000381469727,28.06999969482422,28.440000534057617,27.42405891418457,28486100
2022-12-09,28.389999389648438,28.780000686645508,28.190000534057617,28.239999771118164,27.231204986572266,25641300
2022-12-12,28.1299991607666,28.709999084472656,27.860000610351562,28.690000534057617,27.665128707885742,35117900
2022-12-13,29.790000915527344,30.09000015258789,28.3700008392334,28.729999542236328,27.703699111938477,58546800
2022-12-14,28.510000228881836,29.1200008392334,28.010000228881836,28.260000228881836,27.25048828125,37141100
2022-12-15,27.940000534057617,28.0,27.1200008392334,27.149999618530273,26.18014144897461,45682700
2022-12-16,27.0,27.139999389648438,26.450000762939453,26.920000076293945,25.958354949951172,81104200
2022-12-19,26.899999618530273,26.969999313354492,26.5,26.790000915527344,25.833003997802734,37662500
2022-12-20,26.540000915527344,26.8700008392334,26.420000076293945,26.440000534057617,25.495506286621094,31863300
2022-12-21,26.59000015258789,26.969999313354492,26.579999923706055,26.829999923706055,25.871572494506836,28100900
2022-12-22,26.450000762939453,26.450000762939453,25.350000381469727,25.969999313354492,25.042293548583984,47478300
2022-12-23,25.920000076293945,26.190000534057617,25.68000030517578,26.09000015258789,25.158008575439453,23600900
2022-12-27,25.850000381469727,26.100000381469727,25.649999618530273,25.940000534057617,25.01336669921875,29548100
2022-12-28,25.84000015258789,26.1200008392334,25.5,25.540000915527344,24.627655029296875,26176900
2022-12-29,25.770000457763672,26.290000915527344,25.75,26.209999084472656,25.273719787597656,30944800
2022-12-30,25.899999618530273,26.459999084472656,25.799999237060547,26.43000030517578,25.485862731933594,31030100
2023-01-03,27.049999237060547,27.06999969482422,26.3700008392334,26.729999542236328,25.775142669677734,31308000
2023-01-04,27.40999984741211,27.920000076293945,27.15999984741211,27.68000030517578,26.691207885742188,37665200
2023-01-05,27.440000534057617,27.780000686645508,27.3799991607666,27.559999465942383,26.57549476623535,33552600
2023-01-06,27.93000030517578,28.829999923706055,27.3799991607666,28.729999542236328,27.703699111938477,31788600
2023-01-09,28.84000015258789,29.8700008392334,28.84000015258789,29.309999465942383,28.26297950744629,37493200
2023-01-10,29.239999771118164,29.510000228881836,28.920000076293945,29.440000534057617,28.38833999633789,23008100
2023-01-11,29.68000030517578,29.8799991607666,29.0,29.850000381469727,28.78369140625,30375400
2023-01-12,29.979999542236328,30.3799991607666,29.469999313354492,30.290000915527344,29.207975387573242,28963900
2023-01-13,29.969999313354492,30.170000076293945,29.809999465942383,30.110000610351562,29.034404754638672,31361900
2023-01-17,30.18000030517578,30.260000228881836,29.520000457763672,29.600000381469727,28.542621612548828,34759100
2023-01-18,29.799999237060547,29.81999969482422,28.6299991607666,28.809999465942383,27.78084373474121,44199600
2023-01-19,28.610000610351562,28.760000228881836,28.239999771118164,28.420000076293945,27.404775619506836,36886600
2023-01-20,28.420000076293945,29.229999542236328,28.25,29.219999313354492,28.17619514465332,35158500
2023-01-23,29.329999923706055,30.489999771118164,29.18000030517578,30.270000457763672,29.188688278198242,38795800
2023-01-24,29.940000534057617,30.190000534057617,29.729999542236328,29.920000076293945,28.85118865966797,24855100
2023-01-25,29.520000457763672,29.889999389648438,29.170000076293945,29.700000762939453,28.639049530029297,28268000
2023-01-26,30.059999465942383,30.110000610351562,29.329999923706055,30.09000015258789,29.015119552612305,56088100
2023-01-27,27.06999969482422,28.239999771118164,26.780000686645508,28.15999984741211,27.15406036376953,148548200
2023-01-30,27.719999313354492,28.510000228881836,27.670000076293945,27.950000762939453,26.95156478881836,55145800
2023-01-31,27.780000686645508,28.290000915527344,27.530000686645508,28.260000228881836,27.25048828125,52621600
2023-02-01,27.889999389648438,29.43000030517578,27.68000030517578,29.06999969482422,28.031553268432617,63330600
2023-02-02,29.25,30.299999237060547,28.799999237060547,30.190000534057617,29.111547470092773,62230700
2023-02-03,29.6200008392334,31.170000076293945,29.530000686645508,30.31999969482422,29.236900329589844,57603100
2023-02-06,29.549999237060547,29.649999618530273,28.610000610351562,28.690000534057617,28.002225875854492,48726400
2023-02-07,28.649999618530273,29.270000457763672,28.43000030517578,29.049999237060547,28.35359764099121,50780800
2023-02-08,28.950000762939453,29.1200008392334,28.209999084472656,28.239999771118164,27.56301498413086,36479100
2023-02-09,28.68000030517578,28.81999969482422,27.56999969482422,27.729999542236328,27.06524085998535,43906400
2023-02-10,27.6299991607666,27.989999771118164,27.34000015258789,27.799999237060547,27.133562088012695,31232500
2023-02-13,27.8700008392334,28.549999237060547,27.719999313354492,28.549999237060547,27.865581512451172,32347500
2023-02-14,28.3799991607666,28.719999313354492,27.989999771118164,28.639999389648438,27.95342445373535,27928900
2023-02-15,28.360000610351562,28.8799991607666,28.15999984741211,28.850000381469727,28.15839195251465,23359400
2023-02-16,28.5,28.829999923706055,28.1299991607666,28.200000762939453,27.52397346496582,28972500
2023-02-17,28.0,28.06999969482422,27.3799991607666,27.610000610351562,26.948116302490234,32086200
2023-02-21,27.110000610351562,27.270000457763672,26.040000915527344,26.059999465942383,25.43527603149414,63668400
2023-02-22,25.90999984741211,26.899999618530273,25.299999237060547,25.469999313354492,24.859418869018555,89195300
2023-02-23,25.780000686645508,26.079999923706055,25.31999969482422,25.610000610351562,24.996063232421875,56473200
2023-02-24,25.219999313354492,25.350000381469727,24.920000076293945,25.139999389648438,24.53732681274414,44089900
2023-02-27,25.549999237060547,25.579999923706055,24.8799991607666,24.899999618530273,24.303081512451172,37657000
2023-02-28,24.940000534057617,25.1200008392334,24.729999542236328,24.93000030517578,24.33236312866211,50255300
2023-03-01,25.030000686645508,25.920000076293945,24.969999313354492,25.329999923706055,24.722774505615234,47823400
2023-03-02,25.209999084472656,26.299999237060547,25.1200008392334,26.200000762939453,25.571918487548828,48309300
2023-03-03,26.200000762939453,26.479999542236328,26.010000228881836,26.399999618530273,25.767122268676758,36744900
2023-03-06,26.469999313354492,26.540000915527344,25.93000030517578,25.989999771118164,25.366954803466797,37879800
2023-03-07,25.84000015258789,25.989999771118164,25.5,25.530000686645508,24.917980194091797,43164600
2023-03-08,25.559999465942383,26.010000228881836,25.450000762939453,25.979999542236328,25.35719108581543,36071900
2023-03-09,25.979999542236328,26.979999542236328,25.969999313354492,26.440000534057617,25.80616569519043,54886100
2023-03-10,26.549999237060547,27.520000457763672,26.31999969482422,27.219999313354492,26.56746482849121,65187000
2023-03-13,26.739999771118164,27.309999465942383,26.610000610351562,26.950000762939453,26.30394172668457,50977000
2023-03-14,27.350000381469727,28.100000381469727,27.25,28.010000228881836,27.338529586791992,47689800
2023-03-15,27.729999542236328,28.5,27.65999984741211,28.40999984741211,27.72893714904785,49322800
2023-03-16,28.389999389648438,30.270000457763672,28.389999389648438,30.18000030517578,29.456506729125977,75779500
2023-03-17,29.920000076293945,31.0,29.440000534057617,29.809999465942383,29.09537696838379,80628500
2023-03-20,29.799999237060547,29.899999618530273,28.6299991607666,29.15999984741211,28.46095848083496,38780100
2023-03-21,29.0,29.170000076293945,27.979999542236328,28.459999084472656,27.777740478515625,55650800
2023-03-22,28.479999542236328,29.1200008392334,28.100000381469727,28.1299991607666,27.45564842224121,37415500
2023-03-23,28.3799991607666,29.15999984741211,28.219999313354492,29.030000686645508,28.334075927734375,43785500
2023-03-24,29.040000915527344,29.809999465942383,28.93000030517578,29.360000610351562,28.656166076660156,55912100
2023-03-27,29.3700008392334,29.729999542236328,29.079999923706055,29.18000030517578,28.480480194091797,34758200
2023-03-28,29.079999923706055,29.329999923706055,28.6299991607666,29.290000915527344,28.587846755981445,37407900
2023-03-29,29.770000457763672,31.889999389648438,29.760000228881836,31.520000457763672,30.764385223388672,85556200
2023-03-30,31.850000381469727,32.58000183105469,31.809999465942383,32.09000015258789,31.32071876525879,70077600
2023-03-31,31.799999237060547,32.900001525878906,31.729999542236328,32.66999816894531,31.886816024780273,59765000
2023-04-03,32.939998626708984,33.560001373291016,32.540000915527344,32.88999938964844,32.10154342651367,57038300
2023-04-04,32.849998474121094,33.84000015258789,32.84000015258789,33.099998474121094,32.3065071105957,55714100
2023-04-05,32.79999923706055,32.9900016784668,32.34000015258789,32.83000183105469,32.0429801940918,39615700
2023-04-06,32.599998474121094,33.0,32.459999084472656,32.810001373291016,32.023468017578125,28551900
2023-04-10,32.599998474121094,32.7599983215332,32.20000076293945,32.52000045776367,31.74040985107422,30534400
2023-04-11,32.65999984741211,33.11000061035156,32.31999969482422,32.349998474121094,31.574485778808594,27059100
2023-04-12,32.77000045776367,32.88999938964844,31.959999084472656,32.02000045776367,31.252397537231445,37070800
2023-04-13,31.81999969482422,32.43000030517578,31.649999618530273,32.130001068115234,31.359764099121094,29722300
2023-04-14,32.0,32.2400016784668,31.690000534057617,31.889999389648438,31.12551498413086,24623600
2023-04-17,31.950000762939453,32.63999938964844,31.770000457763672,32.13999938964844,31.36952018737793,29601100
2023-04-18,32.43000030517578,32.459999084472656,31.780000686645508,31.829999923706055,31.066953659057617,26041400
2023-04-19,31.100000381469727,31.520000457763672,31.079999923706055,31.149999618530273,30.40325164794922,25746600
2023-04-20,30.760000228881836,31.25,30.709999084472656,30.860000610351562,30.12020492553711,30255100
2023-04-21,30.84000015258789,30.84000015258789,30.229999542236328,30.299999237060547,29.573631286621094,28655800
2023-04-24,30.1299991607666,30.3700008392334,29.610000610351562,29.65999984741211,28.948972702026367,38732500
2023-04-25,29.440000534057617,29.56999969482422,28.8700008392334,28.8799991607666,28.18766975402832,38289900
2023-04-26,29.200000762939453,29.809999465942383,28.84000015258789,29.049999237060547,28.35359764099121,41218800
2023-04-27,28.75,29.950000762939453,28.510000228881836,29.860000610351562,29.144180297851562,60186200
2023-04-28,31.979999542236328,32.56999969482422,30.809999465942383,31.059999465942383,30.315410614013672,80252400
2023-05-01,31.110000610351562,31.239999771118164,30.280000686645508,30.299999237060547,29.573631286621094,36918500
2023-05-02,30.299999237060547,30.579999923706055,29.75,29.770000457763672,29.056337356567383,33463400
2023-05-03,30.639999389648438,31.110000610351562,30.25,30.649999618530273,29.915241241455078,45554500
2023-05-04,30.440000534057617,31.719999313354492,30.3799991607666,31.239999771118164,30.615957260131836,46104000
2023-05-05,31.3799991607666,31.40999984741211,30.729999542236328,30.989999771118164,30.370952606201172,35024600
2023-05-08,30.700000762939453,30.84000015258789,30.389999389648438,30.770000457763672,30.155345916748047,30882800
2023-05-09,30.3799991607666,30.579999923706055,29.90999984741211,30.100000381469727,29.49873161315918,30706500
2023-05-10,30.290000915527344,30.399999618530273,29.489999771118164,29.969999313354492,29.371326446533203,40526500
2023-05-11,29.600000381469727,29.68000030517578,28.81999969482422,28.860000610351562,28.28350257873535,47144400
2023-05-12,29.030000686645508,29.100000381469727,28.719999313354492,28.950000762939453,28.3717041015625,24153800
2023-05-15,28.899999618530273,29.829999923706055,28.8799991607666,29.799999237060547,29.204721450805664,28717500
2023-05-16,29.6200008392334,29.899999618530273,29.209999084472656,29.219999313354492,28.636308670043945,22812000
2023-05-17,29.520000457763672,29.559999465942383,28.68000030517578,28.8700008392334,28.29330062866211,41667300
2023-05-18,29.0,29.760000228881836,28.8700008392334,29.68000030517578,29.087121963500977,36529200
2023-05-19,29.600000381469727,30.239999771118164,29.5,29.93000030517578,29.33212661743164,40683000
2023-05-22,29.850000381469727,30.450000762939453,29.81999969482422,30.280000686645508,29.67513656616211,28693400
2023-05-23,30.049999237060547,30.200000762939453,29.489999771118164,29.510000228881836,28.920516967773438,29400900
2023-05-24,29.309999465942383,29.489999771118164,28.81999969482422,29.0,28.420705795288086,28045800
2023-05-25,28.290000915527344,28.290000915527344,26.860000610351562,27.399999618530273,26.852664947509766,78009400
2023-05-26,27.440000534057617,29.09000015258789,27.100000381469727,29.0,28.420705795288086,71910600
2023-05-30,29.700000762939453,30.040000915527344,29.0,29.989999771118164,29.390928268432617,54874800
2023-05-31,29.700000762939453,32.290000915527344,29.670000076293945,31.440000534057617,30.811965942382812,136243800
2023-06-01,31.799999237060547,31.940000534057617,31.020000457763672,31.1299991607666,30.508155822753906,52667400
2023-06-02,31.399999618530273,31.59000015258789,30.829999923706055,31.309999465942383,30.684558868408203,36521000
2023-06-05,31.309999465942383,31.399999618530273,29.829999923706055,29.860000610351562,29.263526916503906,48244100
2023-06-06,29.770000457763672,31.450000762939453,29.700000762939453,30.959999084472656,30.341550827026367,42295300
2023-06-07,31.030000686645508,31.3700008392334,30.93000030517578,31.280000686645508,30.655160903930664,39098000
2023-06-08,31.43000030517578,31.850000381469727,31.059999465942383,31.81999969482422,31.184371948242188,35199000
2023-06-09,31.93000030517578,31.989999771118164,30.68000030517578,31.34000015258789,30.713960647583008,40218000
2023-06-12,31.399999618530273,33.29999923706055,31.360000610351562,33.06999969482422,32.40940475463867,59881600
2023-06-13,33.77000045776367,33.95000076293945,33.06999969482422,33.90999984741211,33.23262023925781,51990000
2023-06-14,33.869998931884766,35.599998474121094,33.79999923706055,35.58000183105469,34.869266510009766,74404300
2023-06-15,35.279998779296875,36.41999816894531,35.220001220703125,35.81999969482422,35.10447311401367,67676300
2023-06-16,36.36000061035156,36.79999923706055,35.599998474121094,36.369998931884766,35.64348220825195,110240300
2023-06-20,36.77000045776367,37.11000061035156,34.720001220703125,35.0,34.30084991455078,65970200
2023-06-21,34.91999816894531,35.04999923706055,32.83000183105469,32.900001525878906,32.2427978515625,70973500
2023-06-22,32.689998626708984,33.2400016784668,32.130001068115234,32.709999084472656,32.05659484863281,45740300
2023-06-23,32.209999084472656,33.45000076293945,32.029998779296875,33.0,32.34080123901367,46327100
2023-06-26,33.189998626708984,33.9900016784668,33.099998474121094,33.34000015258789,32.67401123046875,38952400
2023-06-27,33.220001220703125,34.22999954223633,33.0099983215332,34.099998474121094,33.41883087158203,33038900
2023-06-28,33.61000061035156,33.810001373291016,33.029998779296875,33.56999969482422,32.89942169189453,33906900
2023-06-29,33.34000015258789,33.34000015258789,32.4900016784668,32.90999984741211,32.252601623535156,38313000
2023-06-30,33.36000061035156,33.560001373291016,33.15999984741211,33.439998626708984,32.772010803222656,33811300
2023-07-03,33.540000915527344,33.88999938964844,33.13999938964844,33.619998931884766,32.94841766357422,15753000
2023-07-05,33.310001373291016,33.33000183105469,32.5,32.5099983215332,31.860591888427734,37664700
2023-07-06,31.899999618530273,32.040000915527344,31.3799991607666,31.969999313354492,31.331377029418945,41693600
2023-07-07,32.0,32.40999984741211,31.81999969482422,31.850000381469727,31.213775634765625,28356300
2023-07-10,31.8700008392334,32.83000183105469,31.770000457763672,32.7400016784668,32.08599853515625,36305700
2023-07-11,32.81999969482422,33.36000061035156,32.5,33.29999923706055,32.63480758666992,28148800
2023-07-12,33.689998626708984,34.08000183105469,33.060001373291016,33.97999954223633,33.30122756958008,37762200
2023-07-13,34.150001525878906,34.29999923706055,33.619998931884766,33.869998931884766,33.193416595458984,32745800
2023-07-14,33.779998779296875,33.869998931884766,33.0,33.150001525878906,32.48780822753906,30438700
2023-07-17,33.15999984741211,34.599998474121094,33.06999969482422,34.369998931884766,33.68342971801758,34111200
2023-07-18,34.279998779296875,34.70000076293945,33.83000183105469,34.5,33.81083297729492,29662200
2023-07-19,34.400001525878906,34.84000015258789,34.33000183105469,34.459999084472656,33.771636962890625,26486700
2023-07-20,33.70000076293945,34.209999084472656,33.22999954223633,33.369998931884766,32.70341110229492,37878000
2023-07-21,33.72999954223633,34.25,33.41999816894531,34.02000045776367,33.34042739868164,79737000
2023-07-24,33.84000015258789,34.459999084472656,33.560001373291016,33.630001068115234,32.958213806152344,25225800
2023-07-25,33.70000076293945,34.34000015258789,33.400001525878906,34.099998474121094,33.41883087158203,31771100
2023-07-26,33.720001220703125,34.529998779296875,33.70000076293945,34.36000061035156,33.67363357543945,32643200
2023-07-27,34.81999969482422,35.029998779296875,34.11000061035156,34.54999923706055,33.85983657836914,58890800
2023-07-28,36.75,36.9900016784668,35.5099983215332,36.83000183105469,36.094295501708984,90863000
2023-07-31,36.869998931884766,37.189998626708984,35.66999816894531,35.77000045776367,35.05546569824219,55630700
2023-08-01,35.81999969482422,36.02000045776367,35.279998779296875,35.79999923706055,35.084869384765625,24702200
2023-08-02,35.150001525878906,35.18000030517578,34.279998779296875,34.38999938964844,33.703033447265625,39052000
2023-08-03,34.290000915527344,35.029998779296875,34.130001068115234,34.869998931884766,34.17344284057617,24817900
2023-08-04,34.47999954223633,35.560001373291016,34.47999954223633,35.13999938964844,34.56195068359375,26674900
2023-08-07,35.40999984741211,35.54999923706055,34.75,35.22999954223633,34.65046691894531,22486900
2023-08-08,34.66999816894531,35.099998474121094,33.86000061035156,35.02000045776367,34.44392395019531,34753600
2023-08-09,35.0,35.099998474121094,34.22999954223633,34.279998779296875,33.716094970703125,28720200
2023-08-10,34.70000076293945,35.09000015258789,34.47999954223633,34.68000030517578,34.10951232910156,30957300
2023-08-11,34.459999084472656,34.95000076293945,34.36000061035156,34.88999938964844,34.316062927246094,28783700
2023-08-14,34.66999816894531,35.709999084472656,34.470001220703125,35.68000030517578,35.09306335449219,36896100
2023-08-15,35.40999984741211,35.630001068115234,34.75,34.77000045776367,34.198036193847656,27420300
2023-08-16,34.52000045776367,34.630001068115234,33.459999084472656,33.529998779296875,32.978431701660156,35757300
2023-08-17,33.560001373291016,33.59000015258789,32.349998474121094,32.58000183105469,32.044063568115234,39906700
2023-08-18,32.22999954223633,32.90999984741211,32.18000030517578,32.75,32.21126174926758,23701100
2023-08-21,32.599998474121094,33.16999816894531,32.02000045776367,33.13999938964844,32.594852447509766,43718200
2023-08-22,33.220001220703125,33.79999923706055,32.83000183105469,32.88999938964844,32.34896469116211,23425300
2023-08-23,32.880001068115234,34.150001525878906,32.79999923706055,33.97999954223633,33.4210319519043,32324300
2023-08-24,33.720001220703125,34.09000015258789,32.4900016784668,32.59000015258789,32.05389404296875,37931000
2023-08-25,32.529998779296875,33.400001525878906,32.349998474121094,33.25,32.703041076660156,27324800
2023-08-28,33.5,33.779998779296875,33.209999084472656,33.619998931884766,33.06695556640625,22341800
2023-08-29,33.4900016784668,34.47999954223633,33.470001220703125,34.310001373291016,33.74560546875,29943600
2023-08-30,34.060001373291016,34.65999984741211,33.779998779296875,34.529998779296875,33.96198272705078,26279200
2023-08-31,34.31999969482422,35.560001373291016,34.29999923706055,35.13999938964844,34.56195068359375,48157600
2023-09-01,35.790000915527344,36.75,35.72999954223633,36.61000061035156,36.00777053833008,43808500
2023-09-05,36.58000183105469,37.40999984741211,36.459999084472656,36.709999084472656,36.10612487792969,43379400
2023-09-06,36.560001373291016,37.040000915527344,36.029998779296875,36.97999954223633,36.37167739868164,39643400
2023-09-07,36.83000183105469,38.34000015258789,36.75,38.18000030517578,37.551944732666016,67659700
2023-09-08,38.119998931884766,38.83000183105469,37.709999084472656,38.0099983215332,37.38473892211914,44255200
2023-09-11,38.2400016784668,38.7400016784668,37.84000015258789,38.59000015258789,37.955196380615234,36349300
2023-09-12,38.650001525878906,40.06999969482422,38.650001525878906,38.86000061035156,38.22075271606445,55326600
2023-09-13,38.79999923706055,39.150001525878906,38.25,38.709999084472656,38.07322311401367,35407800
2023-09-14,38.810001373291016,38.900001525878906,38.29999923706055,38.66999816894531,38.033878326416016,30616500
2023-09-15,38.41999816894531,38.52000045776367,37.619998931884766,37.880001068115234,37.25687789916992,68881200
2023-09-18,37.619998931884766,38.38999938964844,37.5099983215332,37.9900016784668,37.36506652832031,29322200
2023-09-19,38.040000915527344,38.099998474121094,36.02000045776367,36.34000015258789,35.742210388183594,53288100
2023-09-20,36.220001220703125,36.25,34.630001068115234,34.689998626708984,34.11935043334961,57660800
2023-09-21,34.56999969482422,35.25,34.459999084472656,34.650001525878906,34.08000946044922,45240600
2023-09-22,34.810001373291016,34.88999938964844,34.13999938964844,34.18000030517578,33.61774444580078,29232700
2023-09-25,34.0,34.369998931884766,33.77000045776367,34.290000915527344,33.72593307495117,21729400
2023-09-26,34.13999938964844,34.779998779296875,33.63999938964844,33.83000183105469,33.27349853515625,34198300
2023-09-27,33.91999816894531,34.83000183105469,33.880001068115234,34.61000061035156,34.040672302246094,44369100
2023-09-28,34.650001525878906,35.65999984741211,34.380001068115234,35.18000030517578,34.601287841796875,32265300
2023-09-29,35.650001525878906,35.90999984741211,35.15999984741211,35.54999923706055,34.965206146240234,28763700
2023-10-02,35.61000061035156,35.97999954223633,34.97999954223633,35.459999084472656,34.87668228149414,26086200
2023-10-03,35.27000045776367,36.540000915527344,35.27000045776367,35.689998626708984,35.10289764404297,45292600
2023-10-04,36.52000045776367,36.52000045776367,35.33000183105469,35.93000030517578,35.33895492553711,39842200
2023-10-05,35.970001220703125,36.099998474121094,35.599998474121094,35.88999938964844,35.29961013793945,25771200
2023-10-06,35.869998931884766,36.459999084472656,35.18000030517578,36.189998626708984,35.59467315673828,33262200
2023-10-09,35.70000076293945,36.16999816894531,35.5,36.060001373291016,35.46681594848633,19376100
2023-10-10,36.13999938964844,36.7400016784668,35.810001373291016,36.43000030517578,35.83073425292969,24044100
2023-10-11,36.619998931884766,37.029998779296875,36.380001068115234,36.880001068115234,36.27332305908203,19262600
2023-10-12,36.79999923706055,37.220001220703125,36.38999938964844,36.84000015258789,36.233985900878906,23639200
2023-10-13,36.7400016784668,36.790000915527344,35.86000061035156,35.970001220703125,35.378292083740234,28390100
2023-10-16,36.13999938964844,36.939998626708984,36.08000183105469,36.560001373291016,35.95859146118164,29555800
2023-10-17,35.91999816894531,36.349998474121094,35.06999969482422,36.060001373291016,35.46681594848633,24993600
2023-10-18,35.52000045776367,36.02000045776367,35.45000076293945,35.63999938964844,35.0537223815918,22086000
2023-10-19,35.959999084472656,36.36000061035156,35.52000045776367,35.66999816894531,35.08323287963867,29201800
2023-10-20,35.650001525878906,36.279998779296875,34.869998931884766,34.91999816894531,34.3455696105957,32303300
2023-10-23,34.599998474121094,35.189998626708984,33.38999938964844,33.849998474121094,33.29317092895508,53924700
2023-10-24,33.63999938964844,34.709999084472656,33.63999938964844,34.59000015258789,34.02099609375,52673900
2023-10-25,34.18000030517578,34.45000076293945,32.54999923706055,32.83000183105469,32.289947509765625,44658500
2023-10-26,32.88999938964844,33.220001220703125,32.150001525878906,32.52000045776367,31.98504638671875,59142500
2023-10-27,34.65999984741211,36.380001068115234,34.599998474121094,35.540000915527344,34.95536422729492,84128200
2023-10-30,35.470001220703125,35.959999084472656,34.91999816894531,35.689998626708984,35.10289764404297,36656300
2023-10-31,35.65999984741211,36.56999969482422,35.619998931884766,36.5,35.899574279785156,41185200
2023-11-01,36.5,37.31999969482422,36.279998779296875,37.290000915527344,36.67658233642578,41710700
2023-11-02,37.58000183105469,37.81999969482422,36.90999984741211,37.70000076293945,37.07984161376953,35440000
2023-11-03,38.0,38.31999969482422,37.66999816894531,38.13999938964844,37.512596130371094,30502700
2023-11-06,38.02000045776367,38.20000076293945,37.849998474121094,37.95000076293945,37.448463439941406,23877200
2023-11-07,38.2400016784668,38.900001525878906,37.97999954223633,38.77000045776367,38.25762176513672,32052000
2023-11-08,38.849998474121094,38.88999938964844,37.75,37.91999816894531,37.418853759765625,33483400
2023-11-09,38.04999923706055,38.52000045776367,37.77000045776367,37.79999923706055,37.30044174194336,48955800
2023-11-10,38.2400016784668,38.9900016784668,38.2400016784668,38.86000061035156,38.346431732177734,38862500
2023-11-13,38.349998474121094,38.56999969482422,38.13999938964844,38.22999954223633,37.72475814819336,24558300
2023-11-14,38.79999923706055,39.4900016784668,38.06999969482422,39.40999984741211,38.88916778564453,45457400
2023-11-15,39.59000015258789,40.84000015258789,39.58000183105469,40.61000061035156,40.073307037353516,47392100
2023-11-16,41.0,43.400001525878906,40.81999969482422,43.349998474121094,42.7770881652832,86405700
2023-11-17,42.90999984741211,43.810001373291016,42.560001373291016,43.810001373291016,43.23101806640625,49735000
2023-11-20,43.779998779296875,44.93000030517578,43.779998779296875,44.7400016784668,44.14872741699219,44564900
2023-11-21,44.5,44.65999984741211,43.29999923706055,43.63999938964844,43.063262939453125,37252100
2023-11-22,44.029998779296875,44.630001068115234,43.540000915527344,43.66999816894531,43.09286117553711,31481200
2023-11-24,43.68000030517578,44.0,43.61000061035156,43.959999084472656,43.3790283203125,13037100
2023-11-27,43.650001525878906,44.54999923706055,43.650001525878906,44.08000183105469,43.4974479675293,33339900
2023-11-28,43.689998626708984,44.380001068115234,43.65999984741211,44.22999954223633,43.64546203613281,24548900
2023-11-29,44.599998474121094,45.34000015258789,44.599998474121094,44.939998626708984,44.34607696533203,38982000
2023-11-30,44.650001525878906,45.09000015258789,44.40999984741211,44.70000076293945,44.1092529296875,46263000
2023-12-01,44.36000061035156,44.36000061035156,42.86000061035156,43.7400016784668,43.16194152832031,43928400
2023-12-04,43.29999923706055,43.310001373291016,41.689998626708984,42.349998474121094,41.790306091308594,50417600
2023-12-05,41.90999984741211,42.290000915527344,41.61000061035156,41.91999816894531,41.365989685058594,31859300
2023-12-06,42.47999954223633,42.59000015258789,41.16999816894531,41.27000045776367,40.72458267211914,31992300
2023-12-07,41.75,42.439998626708984,41.18000030517578,42.150001525878906,41.59295654296875,29118700
2023-12-08,41.84000015258789,42.959999084472656,41.810001373291016,42.70000076293945,42.135684967041016,42815000
2023-12-11,43.15999984741211,44.72999954223633,43.08000183105469,44.540000915527344,43.95136642456055,48288200
2023-12-12,44.36000061035156,44.439998626708984,43.630001068115234,44.040000915527344,43.457977294921875,31452200
2023-12-13,44.08000183105469,44.720001220703125,43.33000183105469,44.56999969482422,43.9809684753418,35216100
2023-12-14,45.0099983215332,47.06999969482422,44.650001525878906,45.18000030517578,44.582908630371094,70620800
2023-12-15,45.939998626708984,47.27000045776367,45.66999816894531,46.15999984741211,45.54995346069336,84583400
2023-12-18,46.150001525878906,46.22999954223633,45.400001525878906,45.689998626708984,45.0861701965332,27895700
2023-12-19,45.599998474121094,46.68000030517578,45.5099983215332,46.65999984741211,46.0433464050293,35358800
2023-12-20,46.63999938964844,46.95000076293945,45.70000076293945,45.7599983215332,45.155242919921875,38159100
2023-12-21,46.47999954223633,47.119998931884766,46.02000045776367,47.08000183105469,46.457801818847656,28320500
2023-12-22,47.25,48.15999984741211,47.20000076293945,48.0,47.365638732910156,30095700
2023-12-26,48.91999816894531,50.52000045776367,48.709999084472656,50.5,49.83259963989258,60287400
2023-12-27,50.630001068115234,51.279998779296875,50.189998626708984,50.7599983215332,50.08916091918945,52148000
2023-12-28,50.810001373291016,50.869998931884766,50.15999984741211,50.38999938964844,49.72405242919922,27705200
2023-12-29,50.29999923706055,50.56999969482422,49.77000045776367,50.25,49.58590316772461,29288700
2024-01-02,49.20000076293945,49.380001068115234,47.45000076293945,47.79999923706055,47.16828155517578,45905700
2024-01-03,47.099998474121094,47.810001373291016,46.79999923706055,47.04999923706055,46.42819595336914,35858400
2024-01-04,45.720001220703125,47.15999984741211,45.2400016784668,46.869998931884766,46.250572204589844,47797800
2024-01-05,47.029998779296875,47.83000183105469,46.63999938964844,46.88999938964844,46.27030563354492,34344000
2024-01-08,47.06999969482422,48.7599983215332,46.970001220703125,48.45000076293945,47.809696197509766,42135100
2024-01-09,48.0099983215332,48.560001373291016,47.79999923706055,48.04999923706055,47.41497802734375,30097000
2024-01-10,48.2400016784668,48.29999923706055,46.939998626708984,47.470001220703125,46.84264373779297,31480200
2024-01-11,47.439998626708984,47.84000015258789,46.72999954223633,47.63999938964844,47.010398864746094,31707900
2024-01-12,47.599998474121094,47.66999816894531,46.61000061035156,47.119998931884766,46.49726486206055,27587900
2024-01-16,46.97999954223633,47.220001220703125,46.380001068115234,47.060001373291016,46.43806076049805,43720700
2024-01-17,46.41999816894531,46.41999816894531,45.650001525878906,46.060001373291016,45.45127868652344,33488000
2024-01-18,47.029998779296875,47.56999969482422,46.16999816894531,46.7400016784668,46.122291564941406,46681300
2024-01-19,47.0,48.7599983215332,46.439998626708984,48.150001525878906,47.5136604309082,55979800
2024-01-22,48.849998474121094,49.16999816894531,47.63999938964844,48.220001220703125,47.582733154296875,45639500
2024-01-23,48.119998931884766,48.939998626708984,47.31999969482422,48.88999938964844,48.24387741088867,37224100
2024-01-24,49.16999816894531,49.77000045776367,48.27000045776367,49.09000015258789,48.44123077392578,49375800
2024-01-25,50.0,50.29999923706055,48.970001220703125,49.54999923706055,48.89515686035156,84845100
2024-01-26,44.18000030517578,45.40999984741211,43.349998474121094,43.650001525878906,43.07312774658203,127665300
2024-01-29,43.709999084472656,43.9900016784668,42.810001373291016,43.84000015258789,43.260616302490234,51790900
2024-01-30,43.66999816894531,43.81999969482422,42.88999938964844,42.91999816894531,42.3527717590332,47958800
2024-01-31,42.56999969482422,43.790000915527344,42.36000061035156,43.08000183105469,42.51066589355469,51584200
2024-02-01,43.150001525878906,43.56999969482422,42.4900016784668,43.36000061035156,42.786964416503906,38819900
2024-02-02,43.0,43.13999938964844,41.599998474121094,42.599998474121094,42.03700256347656,53683500
2024-02-05,42.619998931884766,43.150001525878906,42.43000030517578,42.77000045776367,42.20475769042969,28890300
2024-02-06,42.70000076293945,42.779998779296875,42.13999938964844,42.7400016784668,42.29877853393555,34068200
2024-02-07,42.88999938964844,43.099998474121094,42.54999923706055,42.779998779296875,42.33836364746094,34269200
2024-02-08,42.720001220703125,42.970001220703125,42.33000183105469,42.5,42.061256408691406,33206500
2024-02-09,42.54999923706055,43.52000045776367,42.400001525878906,43.310001373291016,42.86289596557617,51193000
2024-02-12,43.38999938964844,45.040000915527344,43.31999969482422,44.029998779296875,43.57545852661133,51107300
2024-02-13,43.0,43.630001068115234,42.7599983215332,43.15999984741211,42.71444320678711,36622200
2024-02-14,43.81999969482422,44.290000915527344,43.38999938964844,44.189998626708984,43.73380661010742,36186200
2024-02-15,44.7599983215332,45.27000045776367,44.02000045776367,44.04999923706055,43.595252990722656,44024500
2024-02-16,44.029998779296875,44.220001220703125,43.119998931884766,43.5099983215332,43.060829162597656,29975300
2024-02-20,44.2599983215332,45.16999816894531,43.41999816894531,44.52000045776367,44.060401916503906,61514100
2024-02-21,44.47999954223633,44.689998626708984,43.08000183105469,43.470001220703125,43.021240234375,57485200
2024-02-22,44.68000030517578,44.68000030517578,42.529998779296875,42.97999954223633,42.53630065917969,62809300
2024-02-23,43.130001068115234,43.5099983215332,42.65999984741211,42.9900016784668,42.54619598388672,33810700
2024-02-26,43.5,43.68000030517578,42.81999969482422,42.9900016784668,42.54619598388672,27035400
2024-02-27,43.25,43.27000045776367,42.5099983215332,42.72999954223633,42.28887939453125,25126400
2024-02-28,42.439998626708984,42.45000076293945,41.90999984741211,41.9900016784668,41.556522369384766,26928500
2024-02-29,42.369998931884766,43.150001525878906,42.36000061035156,43.04999923706055,42.60557556152344,48875100
2024-03-01,43.40999984741211,44.27000045776367,43.130001068115234,43.81999969482422,43.36762619018555,41426100
2024-03-04,44.27000045776367,46.61000061035156,43.849998474121094,45.61000061035156,45.1391487121582,59990800
2024-03-05,44.560001373291016,44.869998931884766,42.689998626708984,43.15999984741211,42.71444320678711,56655100
2024-03-06,43.93000030517578,45.5099983215332,43.560001373291016,44.5099983215332,44.05050277709961,52652000
2024-03-07,45.54999923706055,46.41999816894531,45.18000030517578,46.150001525878906,45.67357635498047,50378200
2024-03-08,46.439998626708984,46.630001068115234,44.0,44.0,43.54576873779297,54916600
2024-03-11,43.869998931884766,44.93000030517578,43.65999984741211,44.86000061035156,44.39689254760742,35051000
2024-03-12,45.060001373291016,45.27000045776367,44.459999084472656,45.2400016784668,44.77296829223633,31795800
2024-03-13,44.5099983215332,44.97999954223633,43.20000076293945,43.22999954223633,42.78371810913086,53195900
2024-03-14,43.22999954223633,43.349998474121094,42.5099983215332,42.75,42.30867385864258,38100000
2024-03-15,42.45000076293945,43.150001525878906,42.349998474121094,42.63999938964844,42.199806213378906,66952900
2024-03-18,43.09000015258789,43.380001068115234,42.599998474121094,42.709999084472656,42.26908493041992,27668300
2024-03-19,42.25,42.290000915527344,41.439998626708984,42.04999923706055,41.61589813232422,34673000
2024-03-20,42.9900016784668,43.0099983215332,41.40999984741211,42.20000076293945,41.76435470581055,74865000
2024-03-21,42.9900016784668,43.599998474121094,42.31999969482422,42.41999816894531,41.98208236694336,50807600
2024-03-22,42.25,42.79999923706055,42.09000015258789,42.56999969482422,42.13053512573242,28503100
2024-03-25,40.88999938964844,42.220001220703125,40.56999969482422,41.83000183105469,41.39817428588867,47276500
2024-03-26,41.95000076293945,42.27000045776367,41.65999984741211,41.9900016784668,41.556522369384766,39109700
2024-03-27,42.540000915527344,43.83000183105469,42.5,43.77000045776367,43.318145751953125,51017800
2024-03-28,43.7599983215332,44.599998474121094,43.709999084472656,44.16999816894531,43.714012145996094,54204200
2024-04-01,44.290000915527344,45.40999984741211,44.18000030517578,44.52000045776367,44.060401916503906,31712600
2024-04-02,43.93000030517578,44.08000183105469,43.5,43.939998626708984,43.48638916015625,32748400
2024-04-03,41.400001525878906,41.650001525878906,40.220001220703125,40.33000183105469,39.913658142089844,83718000
2024-04-04,40.59000015258789,40.779998779296875,39.70000076293945,39.72999954223633,39.31985092163086,57307200
2024-04-05,39.349998474121094,39.459999084472656,38.5099983215332,38.709999084472656,38.31037902832031,67263000
2024-04-08,38.63999938964844,38.86000061035156,37.90999984741211,37.97999954223633,37.58791732788086,56967800
2024-04-09,38.04999923706055,38.58000183105469,37.33000183105469,38.33000183105469,37.93430709838867,78671700
2024-04-10,38.02000045776367,38.220001220703125,37.02000045776367,37.20000076293945,36.81596755981445,51108400
2024-04-11,37.43000030517578,37.66999816894531,37.08000183105469,37.630001068115234,37.24153137207031,41909100
2024-04-12,36.689998626708984,36.70000076293945,35.599998474121094,35.689998626708984,35.321556091308594,80254800
2024-04-15,36.040000915527344,36.70000076293945,35.88999938964844,36.310001373291016,35.935157775878906,50751600
2024-04-16,36.27000045776367,36.5099983215332,35.7599983215332,36.2599983215332,35.88566970825195,30607500
2024-04-17,36.099998474121094,36.130001068115234,35.369998931884766,35.68000030517578,35.31166076660156,41173300
2024-04-18,35.41999816894531,35.65999984741211,34.77000045776367,35.040000915527344,34.67826843261719,42334400
2024-04-19,35.130001068115234,35.130001068115234,34.18000030517578,34.20000076293945,33.84694290161133,59070300
2024-04-22,34.41999816894531,34.56999969482422,34.08000183105469,34.40999984741211,34.054771423339844,39909900
2024-04-23,34.34000015258789,34.599998474121094,34.18000030517578,34.279998779296875,33.92611312866211,46834000
2024-04-24,34.86000061035156,35.18000030517578,34.34000015258789,34.5,34.14384078979492,53261100
2024-04-25,34.560001373291016,35.29999923706055,34.5,35.11000061035156,34.74754333496094,66549400
2024-04-26,31.780000686645508,32.2400016784668,30.639999389648438,31.8799991607666,31.55088996887207,119742500
2024-04-29,31.860000610351562,31.90999984741211,31.06999969482422,31.360000610351562,31.036256790161133,58533300
2024-04-30,31.040000915527344,31.18000030517578,30.420000076293945,30.469999313354492,30.155445098876953,72346400
2024-05-01,30.170000076293945,31.040000915527344,30.020000457763672,30.3700008392334,30.05647850036621,60654800
2024-05-02,30.59000015258789,30.670000076293945,30.190000534057617,30.510000228881836,30.195032119750977,50899400
2024-05-03,30.979999542236328,31.059999465942383,30.700000762939453,30.899999618530273,30.58100700378418,36794800
2024-05-06,31.1200008392334,31.200000762939453,30.729999542236328,30.969999313354492,30.774776458740234,36185600
2024-05-07,31.09000015258789,31.450000762939453,30.610000610351562,30.68000030517578,30.486604690551758,44683400
2024-05-08,30.0,30.149999618530273,29.729999542236328,30.0,29.81089210510254,63734600
2024-05-09,29.93000030517578,30.389999389648438,29.809999465942383,30.09000015258789,29.90032386779785,45003400
2024-05-10,30.329999923706055,30.459999084472656,29.84000015258789,29.850000381469727,29.66183853149414,42931300
2024-05-13,30.030000686645508,31.1299991607666,30.0,30.510000228881836,30.317676544189453,51459100
2024-05-14,30.6200008392334,31.110000610351562,30.610000610351562,31.049999237060547,30.854272842407227,47759900
2024-05-15,31.3799991607666,31.399999618530273,30.809999465942383,31.270000457763672,31.072887420654297,36992900
2024-05-16,31.6299991607666,32.2599983215332,31.520000457763672,32.029998779296875,31.828094482421875,47752800
2024-05-17,32.060001373291016,32.11000061035156,31.59000015258789,31.829999923706055,31.629356384277344,41449800
2024-05-20,31.850000381469727,32.41999816894531,31.760000228881836,32.099998474121094,31.897653579711914,31989000
2024-05-21,31.979999542236328,32.2400016784668,31.6200008392334,31.739999771118164,31.5399227142334,42975400
2024-05-22,31.90999984741211,32.06999969482422,31.100000381469727,31.420000076293945,31.221940994262695,36706400
2024-05-23,31.450000762939453,31.56999969482422,29.8700008392334,30.079999923706055,29.8903865814209,62014500
2024-05-24,30.290000915527344,31.020000457763672,30.1299991607666,30.719999313354492,30.526351928710938,42434500
2024-05-28,30.940000534057617,31.3700008392334,30.65999984741211,31.059999465942383,30.86421012878418,36799100
2024-05-29,30.469999313354492,30.670000076293945,30.110000610351562,30.1299991607666,29.94007110595703,35848600
2024-05-30,30.209999084472656,30.5,30.059999465942383,30.190000534057617,29.99969482421875,33351000
2024-05-31,30.219999313354492,30.959999084472656,29.940000534057617,30.850000381469727,30.655534744262695,95797500
2024-06-03,31.030000686645508,31.06999969482422,30.049999237060547,30.290000915527344,30.099063873291016,35544900
2024-06-04,30.75,30.75,29.940000534057617,30.030000686645508,29.8407039642334,51027200
2024-06-05,30.270000457763672,30.84000015258789,30.010000228881836,30.780000686645508,30.585975646972656,44161700
2024-06-06,30.549999237060547,30.59000015258789,30.15999984741211,30.420000076293945,30.22824478149414,34248100
2024-06-07,30.25,30.780000686645508,30.209999084472656,30.739999771118164,30.546226501464844,34085500
2024-06-10,30.549999237060547,30.950000762939453,30.290000915527344,30.90999984741211,30.71515464782715,37396500
2024-06-11,30.770000457763672,31.030000686645508,30.530000686645508,30.920000076293945,30.7250919342041,25326900
2024-06-12,31.459999084472656,31.479999542236328,30.389999389648438,30.760000228881836,30.56610107421875,51323900
2024-06-13,30.3799991607666,30.579999923706055,30.139999389648438,30.459999084472656,30.26799201965332,33787200
2024-06-14,30.290000915527344,30.559999465942383,30.209999084472656,30.450000762939453,30.258056640625,28125900
2024-06-17,30.34000015258789,31.0,30.18000030517578,30.979999542236328,30.784713745117188,36235300
2024-06-18,30.989999771118164,31.469999313354492,30.5,30.6299991607666,30.436920166015625,33294700
2024-06-20,30.559999465942383,31.110000610351562,30.450000762939453,30.6200008392334,30.426984786987305,43826300
2024-06-21,30.850000381469727,31.360000610351562,30.670000076293945,31.09000015258789,30.894020080566406,90795200
2024-06-24,31.139999389648438,31.420000076293945,30.530000686645508,30.56999969482422,30.37729835510254,40611800
2024-06-25,30.700000762939453,30.829999923706055,30.290000915527344,30.739999771118164,30.546226501464844,29323600
2024-06-26,30.639999389648438,30.68000030517578,30.270000457763672,30.540000915527344,30.347488403320312,30743000
2024-06-27,30.420000076293945,30.65999984741211,30.290000915527344,30.59000015258789,30.397172927856445,30184300
2024-06-28,30.75,31.309999465942383,30.719999313354492,30.969999313354492,30.774776458740234,41467700
2024-07-01,30.90999984741211,31.020000457763672,30.610000610351562,30.84000015258789,30.645597457885742,32401800
2024-07-02,30.860000610351562,31.309999465942383,30.59000015258789,31.06999969482422,30.874147415161133,35999300
2024-07-03,31.1200008392334,31.34000015258789,30.90999984741211,31.229999542236328,31.033138275146484,24065700
2024-07-05,31.399999618530273,32.34000015258789,31.309999465942383,32.02000045776367,31.818159103393555,45309400
2024-07-08,33.029998779296875,34.09000015258789,32.81999969482422,33.9900016784668,33.77574157714844,82315900
2024-07-09,35.02000045776367,35.220001220703125,33.720001220703125,34.59000015258789,34.3719596862793,97546900
2024-07-10,34.439998626708984,34.970001220703125,34.130001068115234,34.869998931884766,34.65019226074219,52256200
2024-07-11,35.029998779296875,35.150001525878906,33.310001373291016,33.5,33.2888298034668,55213700
2024-07-12,33.77000045776367,35.47999954223633,33.77000045776367,34.4900016784668,34.27259063720703,62792600
2024-07-15,34.70000076293945,35.22999954223633,34.310001373291016,34.459999084472656,34.242774963378906,39847900
2024-07-16,34.36000061035156,34.45000076293945,33.84000015258789,34.34000015258789,34.12353515625,28409900
2024-07-17,36.08000183105469,37.15999984741211,34.400001525878906,34.459999084472656,34.242774963378906,112304200
2024-07-18,34.959999084472656,36.29999923706055,34.529998779296875,34.869998931884766,34.65019226074219,84188600
2024-07-19,34.56999969482422,34.58000183105469,32.849998474121094,32.97999954223633,32.7721061706543,69628700
2024-07-22,33.279998779296875,33.40999984741211,32.7599983215332,33.369998931884766,33.15964889526367,48503700
2024-07-23,32.959999084472656,33.22999954223633,32.83000183105469,32.95000076293945,32.7422981262207,29466400
2024-07-24,32.529998779296875,32.79999923706055,31.65999984741211,31.700000762939453,31.50017547607422,62216700
2024-07-25,31.3700008392334,31.989999771118164,30.950000762939453,31.100000381469727,30.90395736694336,49774000
2024-07-26,31.43000030517578,31.559999465942383,31.020000457763672,31.350000381469727,31.152381896972656,38352500
2024-07-29,31.420000076293945,31.469999313354492,30.790000915527344,30.829999923706055,30.63566017150879,32342200
2024-07-30,30.850000381469727,30.90999984741211,30.010000228881836,30.1299991607666,29.94007110595703,48256600
2024-07-31,30.540000915527344,30.8700008392334,30.280000686645508,30.739999771118164,30.546226501464844,56110600
2024-08-01,30.43000030517578,30.709999084472656,28.889999389648438,29.049999237060547,28.866878509521484,107672500
2024-08-02,21.940000534057617,21.979999542236328,20.420000076293945,21.479999542236328,21.3445987701416,300895900
2024-08-05,20.200000762939453,20.389999389648438,19.290000915527344,20.110000610351562,19.983234405517578,147385700
2024-08-06,20.31999969482422,20.6299991607666,19.75,19.829999923706055,19.704999923706055,106670400
2024-08-07,19.920000076293945,20.25,18.950000762939453,18.989999771118164,18.989999771118164,97972300
2024-08-08,19.100000381469727,20.549999237060547,18.84000015258789,20.489999771118164,20.489999771118164,96836800
2024-08-09,20.079999923706055,20.149999618530273,19.5,19.709999084472656,19.709999084472656,76394500
2024-08-12,19.8700008392334,19.969999313354492,19.0,19.360000610351562,19.360000610351562,54677600
2024-08-13,19.479999542236328,20.479999542236328,19.469999313354492,20.469999313354492,20.469999313354492,77511300
2024-08-14,20.489999771118164,20.5,19.790000915527344,19.920000076293945,19.920000076293945,56758200
2024-08-15,20.31999969482422,21.059999465942383,20.229999542236328,20.690000534057617,20.690000534057617,84814900
2024-08-16,20.530000686645508,20.899999618530273,20.40999984741211,20.8700008392334,20.8700008392334,48582700
2024-08-19,20.889999389648438,21.860000610351562,20.84000015258789,21.520000457763672,21.520000457763672,65956300
2024-08-20,21.209999084472656,21.229999542236328,20.81999969482422,20.989999771118164,20.989999771118164,84161300
2024-08-21,21.06999969482422,21.440000534057617,21.06999969482422,21.40999984741211,21.40999984741211,57028900
2024-08-22,21.389999389648438,21.399999618530273,20.040000915527344,20.100000381469727,20.100000381469727,81444700
2024-08-23,20.31999969482422,20.93000030517578,20.260000228881836,20.540000915527344,20.540000915527344,73398400
2024-08-26,20.530000686645508,20.559999465942383,19.950000762939453,20.1299991607666,20.1299991607666,58534800
2024-08-27,20.1299991607666,20.260000228881836,19.84000015258789,20.06999969482422,20.06999969482422,43862000
2024-08-28,19.979999542236328,20.110000610351562,19.510000228881836,19.610000610351562,19.610000610351562,50144900
2024-08-29,19.760000228881836,20.600000381469727,19.75,20.1299991607666,20.1299991607666,64529700
2024-08-30,21.25,22.1200008392334,21.0,22.040000915527344,22.040000915527344,177785400
2024-09-03,21.540000915527344,21.690000534057617,19.989999771118164,20.100000381469727,20.100000381469727,115305500
2024-09-04,19.760000228881836,20.049999237060547,19.280000686645508,19.43000030517578,19.43000030517578,85871900
2024-09-05,19.280000686645508,19.899999618530273,19.239999771118164,19.399999618530273,19.399999618530273,65388800
2024-09-06,19.440000534057617,19.489999771118164,18.639999389648438,18.889999389648438,18.889999389648438,92686500
2024-09-09,19.0,19.540000915527344,18.950000762939453,19.06999969482422,19.06999969482422,64244100
2024-09-10,19.030000686645508,19.110000610351562,18.510000228881836,18.979999542236328,18.979999542236328,55621300
2024-09-11,19.010000228881836,19.690000534057617,18.520000457763672,19.639999389648438,19.639999389648438,71403100
2024-09-12,19.43000030517578,19.540000915527344,19.040000915527344,19.360000610351562,19.360000610351562,51520600
2024-09-13,19.489999771118164,19.799999237060547,19.489999771118164,19.65999984741211,19.65999984741211,44236300
2024-09-16,20.030000686645508,21.06999969482422,19.760000228881836,20.90999984741211,20.90999984741211,149337000
2024-09-17,21.709999084472656,22.579999923706055,21.239999771118164,21.469999313354492,21.469999313354492,196249800
2024-09-18,21.360000610351562,21.739999771118164,20.719999313354492,20.770000457763672,20.770000457763672,118727900
2024-09-19,21.280000686645508,21.690000534057617,21.030000686645508,21.139999389648438,21.139999389648438,99829200
2024-09-20,20.889999389648438,23.139999389648438,20.350000381469727,21.84000015258789,21.84000015258789,260377900
2024-09-23,22.43000030517578,22.81999969482422,22.030000686645508,22.559999465942383,22.559999465942383,184439100
2024-09-24,22.530000686645508,23.110000610351562,22.290000915527344,22.809999465942383,22.809999465942383,113082500
2024-09-25,22.799999237060547,24.059999465942383,22.729999542236328,23.540000915527344,23.540000915527344,117013400
2024-09-26,24.280000686645508,24.420000076293945,23.25,23.920000076293945,23.920000076293945,95416900
2024-09-27,24.15999984741211,24.65999984741211,23.700000762939453,23.90999984741211,23.90999984741211,85883300
2024-09-30,23.739999771118164,23.950000762939453,23.09000015258789,23.459999084472656,23.459999084472656,66308200
2024-10-01,23.459999084472656,23.719999313354492,22.260000228881836,22.690000534057617,22.690000534057617,86344400
2024-10-02,22.670000076293945,23.06999969482422,22.350000381469727,22.389999389648438,22.389999389648438,59033900
2024-10-03,22.139999389648438,22.729999542236328,21.649999618530273,22.260000228881836,22.260000228881836,49565900
2024-10-04,22.700000762939453,22.90999984741211,22.299999237060547,22.59000015258789,22.59000015258789,49845500
2024-10-07,22.399999618530273,22.649999618530273,22.020000457763672,22.3799991607666,22.3799991607666,54928700
2024-10-08,22.25,23.420000076293945,22.049999237060547,23.31999969482422,23.31999969482422,58650500
2024-10-09,23.25,23.479999542236328,23.059999465942383,23.459999084472656,23.459999084472656,44759000
2024-10-10,23.190000534057617,23.530000686645508,22.959999084472656,23.219999313354492,23.219999313354492,44874600
2024-10-11,23.049999237060547,23.81999969482422,22.979999542236328,23.559999465942383,23.559999465942383,43585300
2024-10-14,23.579999923706055,23.770000457763672,23.270000457763672,23.440000534057617,23.440000534057617,35403600
2024-10-15,23.40999984741211,23.719999313354492,22.469999313354492,22.65999984741211,22.65999984741211,68900600
2024-10-16,22.3799991607666,22.540000915527344,21.739999771118164,22.309999465942383,22.309999465942383,62151800
2024-10-17,22.719999313354492,22.81999969482422,22.399999618530273,22.440000534057617,22.440000534057617,43807600
2024-10-18,22.610000610351562,22.81999969482422,22.5,22.770000457763672,22.770000457763672,39971700
2024-10-21,22.610000610351562,22.8799991607666,22.25,22.84000015258789,22.84000015258789,39727000
2024-10-22,22.729999542236328,22.81999969482422,22.170000076293945,22.399999618530273,22.399999618530273,50160400
2024-10-23,22.299999237060547,22.43000030517578,21.579999923706055,21.979999542236328,21.979999542236328,45799100
2024-10-24,22.09000015258789,22.3700008392334,21.969999313354492,22.34000015258789,22.34000015258789,40554400
2024-10-25,22.420000076293945,23.34000015258789,22.40999984741211,22.68000030517578,22.68000030517578,67503000
2024-10-28,22.670000076293945,23.270000457763672,22.559999465942383,22.920000076293945,22.920000076293945,41915000
2024-10-29,22.8700008392334,23.139999389648438,22.40999984741211,22.899999618530273,22.899999618530273,83422200
2024-10-30,22.420000076293945,22.93000030517578,22.260000228881836,22.299999237060547,22.299999237060547,50941200
2024-10-31,22.149999618530273,22.25,21.469999313354492,21.520000457763672,21.520000457763672,112485500
2024-11-01,23.0,23.579999923706055,21.90999984741211,23.200000762939453,23.200000762939453,173471100
2024-11-04,22.959999084472656,23.0,22.0,22.520000457763672,22.520000457763672,84616300
2024-11-05,22.579999923706055,23.579999923706055,22.399999618530273,23.31999969482422,23.31999969482422,59153300
2024-11-06,24.299999237060547,25.1200008392334,24.049999237060547,25.049999237060547,25.049999237060547,116760500
2024-11-07,25.43000030517578,26.3799991607666,25.190000534057617,26.229999542236328,26.229999542236328,101489300
2024-11-08,26.0,26.43000030517578,25.829999923706055,26.200000762939453,26.200000762939453,76428000
2024-11-11,25.959999084472656,26.290000915527344,24.829999923706055,25.049999237060547,25.049999237060547,80185300
2024-11-12,24.65999984741211,24.959999084472656,23.889999389648438,24.15999984741211,24.15999984741211,62539700
2024-11-13,24.059999465942383,25.139999389648438,24.020000457763672,24.920000076293945,24.920000076293945,58202000
2024-11-14,25.1200008392334,25.610000610351562,24.93000030517578,25.030000686645508,25.030000686645508,49252100
2024-11-15,24.809999465942383,24.81999969482422,24.229999542236328,24.350000381469727,24.350000381469727,55104900
2024-11-18,24.329999923706055,25.020000457763672,24.15999984741211,24.84000015258789,24.84000015258789,59589500
2024-11-19,24.5,24.540000915527344,24.100000381469727,24.200000762939453,24.200000762939453,61190900
2024-11-20,24.06999969482422,24.209999084472656,23.549999237060547,24.010000228881836,24.010000228881836,50191500
2024-11-21,24.079999923706055,24.770000457763672,23.829999923706055,24.440000534057617,24.440000534057617,58928400
2024-11-22,24.350000381469727,24.68000030517578,24.139999389648438,24.5,24.5,36784700
2024-11-25,25.040000915527344,25.56999969482422,24.760000228881836,24.8700008392334,24.8700008392334,91128400
2024-11-26,24.950000762939453,24.989999771118164,23.809999465942383,24.049999237060547,24.049999237060547,69613600
2024-11-27,23.829999923706055,23.93000030517578,23.059999465942383,23.649999618530273,23.649999618530273,53992300
2024-11-29,23.719999313354492,24.280000686645508,23.600000381469727,24.049999237060547,24.049999237060547,36616800
2024-12-02,24.84000015258789,25.479999542236328,23.440000534057617,23.93000030517578,23.93000030517578,150497900
2024-12-03,23.68000030517578,23.75,22.440000534057617,22.469999313354492,22.469999313354492,138160500
2024-12-04,22.530000686645508,22.540000915527344,21.809999465942383,21.959999084472656,21.959999084472656,104649000
2024-12-05,22.040000915527344,22.190000534057617,20.65999984741211,20.799999237060547,20.799999237060547,167993500
2024-12-06,20.950000762939453,21.049999237060547,20.65999984741211,20.920000076293945,20.920000076293945,78539100
2024-12-09,20.920000076293945,21.059999465942383,20.729999542236328,20.809999465942383,20.809999465942383,68818200
2024-12-10,20.829999923706055,20.860000610351562,19.959999084472656,20.15999984741211,20.15999984741211,90004800
2024-12-11,20.139999389648438,20.25,19.8700008392334,20.1200008392334,20.1200008392334,75209300
2024-12-12,20.020000457763672,20.899999618530273,19.920000076293945,20.780000686645508,20.780000686645508,77695000
2024-12-13,20.600000381469727,20.799999237060547,20.25,20.34000015258789,20.34000015258789,55104100
2024-12-16,20.170000076293945,21.100000381469727,20.0,20.829999923706055,20.829999923706055,73832900
2024-12-17,20.639999389648438,20.770000457763672,20.290000915527344,20.440000534057617,20.440000534057617,51767200
2024-12-18,20.479999542236328,20.579999923706055,19.209999084472656,19.299999237060547,19.299999237060547,86041200
2024-12-19,19.530000686645508,19.690000534057617,19.030000686645508,19.059999465942383,19.059999465942383,69117800
2024-12-20,18.969999313354492,19.760000228881836,18.899999618530273,19.520000457763672,19.520000457763672,108453700
2024-12-23,19.579999923706055,20.229999542236328,19.520000457763672,20.200000762939453,20.200000762939453,57988400
2024-12-24,20.219999313354492,20.399999618530273,19.959999084472656,20.399999618530273,20.399999618530273,29884000
2024-12-26,20.229999542236328,20.670000076293945,20.079999923706055,20.440000534057617,20.440000534057617,39846200
2024-12-27,20.209999084472656,20.610000610351562,20.09000015258789,20.299999237060547,20.299999237060547,48260800
2024-12-30,20.010000228881836,20.110000610351562,19.729999542236328,19.81999969482422,19.81999969482422,59608100
2024-12-31,19.989999771118164,20.399999618530273,19.8799991607666,20.049999237060547,20.049999237060547,49846700
2025-01-02,20.229999542236328,20.43000030517578,20.0,20.219999313354492,20.219999313354492,46438500
2025-01-03,20.389999389648438,20.670000076293945,20.059999465942383,20.559999465942383,20.559999465942383,48983900
2025-01-06,20.829999923706055,20.979999542236328,19.780000686645508,19.8700008392334,19.8700008392334,83271000
2025-01-07,20.020000457763672,20.34000015258789,19.899999618530273,20.010000228881836,20.010000228881836,61726100
2025-01-08,19.829999923706055,20.1200008392334,19.709999084472656,19.8799991607666,19.8799991607666,47897100
2025-01-10,19.65999984741211,19.65999984741211,18.90999984741211,19.149999618530273,19.149999618530273,71244600
2025-01-13,18.920000076293945,19.25,18.729999542236328,19.200000762939453,19.200000762939453,50669000
2025-01-14,19.360000610351562,19.520000457763672,18.81999969482422,19.200000762939453,19.200000762939453,47147500
2025-01-15,19.399999618530273,19.770000457763672,19.170000076293945,19.719999313354492,19.719999313354492,56306000
2025-01-16,19.75,19.950000762939453,19.399999618530273,19.670000076293945,19.670000076293945,44898100
2025-01-17,21.260000228881836,21.6200008392334,20.790000915527344,21.489999771118164,21.489999771118164,166483900
2025-01-21,22.030000686645508,22.40999984741211,21.75,21.770000457763672,21.770000457763672,96262200
2025-01-22,21.729999542236328,22.290000915527344,21.56999969482422,21.860000610351562,21.860000610351562,60972600
2025-01-23,21.690000534057617,21.75,21.350000381469727,21.56999969482422,21.56999969482422,55778200
2025-01-24,21.360000610351562,21.40999984741211,20.75,20.829999923706055,20.829999923706055,66300600
2025-01-27,20.809999465942383,21.059999465942383,20.139999389648438,20.290000915527344,20.290000915527344,83582100
2025-01-28,20.34000015258789,20.34000015258789,19.739999771118164,19.799999237060547,19.799999237060547,73411400
2025-01-29,19.8700008392334,20.079999923706055,19.65999984741211,19.75,19.75,86506800
2025-01-30,19.719999313354492,20.100000381469727,19.43000030517578,20.010000228881836,20.010000228881836,108167000
2025-01-31,20.100000381469727,20.329999923706055,19.3799991607666,19.43000030517578,19.43000030517578,117081700
2025-02-03,18.969999313354492,19.75,18.780000686645508,19.3799991607666,19.3799991607666,77523100
2025-02-04,19.100000381469727,19.530000686645508,19.020000457763672,19.290000915527344,19.290000915527344,54098200
2025-02-05,19.190000534057617,19.770000457763672,18.90999984741211,19.649999618530273,19.649999618530273,66059200
2025-02-06,19.510000228881836,19.700000762939453,19.219999313354492,19.3799991607666,19.3799991607666,45553800
2025-02-07,19.350000381469727,19.360000610351562,19.030000686645508,19.100000381469727,19.100000381469727,58277900
2025-02-10,19.25,20.079999923706055,19.239999771118164,19.770000457763672,19.770000457763672,73007300
2025-02-11,19.8700008392334,21.8799991607666,19.860000610351562,20.969999313354492,20.969999313354492,150960700
2025-02-12,21.979999542236328,22.559999465942383,20.93000030517578,22.479999542236328,22.479999542236328,162631200
2025-02-13,22.84000015258789,24.829999923706055,22.790000915527344,24.1299991607666,24.1299991607666,248661300
2025-02-14,24.360000610351562,25.190000534057617,22.860000610351562,23.600000381469727,23.600000381469727,230254100
2025-02-18,24.600000381469727,27.549999237060547,24.489999771118164,27.389999389648438,27.389999389648438,284292200
2025-02-19,25.979999542236328,26.329999923706055,25.459999084472656,25.719999313354492,25.719999313354492,151881700
2025-02-20,25.559999465942383,26.1200008392334,24.479999542236328,26.09000015258789,26.09000015258789,144939600
2025-02-21,25.959999084472656,26.290000915527344,24.84000015258789,24.8700008392334,24.8700008392334,111630900
2025-02-24,24.549999237060547,24.799999237060547,23.6200008392334,24.270000457763672,24.270000457763672,91358100
2025-02-25,24.209999084472656,24.280000686645508,22.770000457763672,22.989999771118164,22.989999771118164,88886500
2025-02-26,23.25,23.81999969482422,23.209999084472656,23.520000457763672,23.520000457763672,67449300
2025-02-27,23.700000762939453,24.399999618530273,23.06999969482422,23.09000015258789,23.09000015258789,97871900
2025-02-28,23.020000457763672,24.440000534057617,22.639999389648438,23.729999542236328,23.729999542236328,104133800
2025-03-03,25.0,25.040000915527344,22.520000457763672,22.739999771118164,22.739999771118164,141348700
2025-03-04,22.540000915527344,22.6299991607666,20.760000228881836,21.329999923706055,21.329999923706055,152182200
2025-03-05,21.329999923706055,21.360000610351562,20.18000030517578,20.809999465942383,20.809999465942383,127219300
2025-03-06,20.260000228881836,21.1299991607666,20.0,20.75,20.75,96466400
2025-03-07,20.270000457763672,21.200000762939453,20.110000610351562,20.639999389648438,20.639999389648438,81099600
2025-03-10,20.239999771118164,20.510000228881836,19.649999618530273,19.93000030517578,19.93000030517578,82760600
2025-03-11,19.969999313354492,20.059999465942383,19.290000915527344,19.780000686645508,19.780000686645508,80789000
2025-03-12,20.790000915527344,21.170000076293945,20.209999084472656,20.68000030517578,20.68000030517578,128671100
2025-03-13,23.5,24.530000686645508,23.1299991607666,23.700000762939453,23.700000762939453,243261000
2025-03-14,23.68000030517578,24.3700008392334,23.520000457763672,24.049999237060547,24.049999237060547,116901600
2025-03-17,24.420000076293945,26.149999618530273,24.3700008392334,25.690000534057617,25.690000534057617,160723600
2025-03-18,25.549999237060547,26.40999984741211,25.389999389648438,25.920000076293945,25.920000076293945,132488800
2025-03-19,24.899999618530273,25.229999542236328,24.030000686645508,24.1200008392334,24.1200008392334,135491400
2025-03-20,23.770000457763672,24.309999465942383,23.729999542236328,23.959999084472656,23.959999084472656,68937600
2025-03-21,23.600000381469727,24.700000762939453,23.489999771118164,24.260000228881836,24.260000228881836,94110700
2025-03-24,24.719999313354492,24.989999771118164,24.1299991607666,24.219999313354492,24.219999313354492,69169000
2025-03-25,24.18000030517578,24.75,24.110000610351562,24.200000762939453,24.200000762939453,51743300
2025-03-26,24.25,24.420000076293945,23.25,23.420000076293945,23.420000076293945,59496700
2025-03-27,23.290000915527344,23.760000228881836,22.860000610351562,23.6200008392334,23.6200008392334,57720600
2025-03-28,23.350000381469727,23.579999923706055,22.559999465942383,22.709999084472656,22.709999084472656,58365300
2025-03-31,22.3799991607666,22.75,21.75,22.709999084472656,22.709999084472656,65832000
2025-04-01,22.559999465942383,22.6200008392334,21.65999984741211,22.049999237060547,22.049999237060547,64060400
2025-04-02,21.889999389648438,22.3799991607666,21.700000762939453,21.979999542236328,21.979999542236328,58878800
2025-04-03,21.399999618530273,23.899999618530273,20.860000610351562,22.43000030517578,22.43000030517578,242972100
2025-04-04,21.700000762939453,22.200000762939453,19.700000762939453,19.850000381469727,19.850000381469727,175014700
2025-04-07,19.139999389648438,20.670000076293945,18.559999465942383,19.56999969482422,19.56999969482422,142491200
2025-04-08,20.059999465942383,20.389999389648438,17.670000076293945,18.1299991607666,18.1299991607666,163982700
2025-04-09,18.06999969482422,21.729999542236328,17.979999542236328,21.530000686645508,21.530000686645508,224183500
2025-04-10,20.68000030517578,20.81999969482422,19.15999984741211,19.8799991607666,19.8799991607666,129064900
2025-04-11,19.25,19.799999237060547,18.18000030517578,19.739999771118164,19.739999771118164,128425800
2025-04-14,20.59000015258789,21.049999237060547,19.979999542236328,20.309999465942383,20.309999465942383,101964400
2025-04-15,20.200000762939453,20.469999313354492,19.809999465942383,19.850000381469727,19.850000381469727,64056900
2025-04-16,19.34000015258789,19.43000030517578,18.719999313354492,19.229999542236328,19.229999542236328,89469700
2025-04-17,18.90999984741211,19.100000381469727,18.559999465942383,18.93000030517578,18.93000030517578,85646700
2025-04-21,18.93000030517578,18.989999771118164,18.25,18.84000015258789,18.84000015258789,72409900
2025-04-22,19.059999465942383,19.739999771118164,19.040000915527344,19.510000228881836,19.510000228881836,83365600
2025-04-23,20.719999313354492,21.030000686645508,20.309999465942383,20.59000015258789,20.59000015258789,97188100
2025-04-24,21.040000915527344,21.549999237060547,20.8799991607666,21.489999771118164,21.489999771118164,117086200
2025-04-25,19.729999542236328,20.18000030517578,19.34000015258789,20.049999237060547,20.049999237060547,147711200
2025-04-28,20.1200008392334,21.079999923706055,20.049999237060547,20.510000228881836,20.510000228881836,96624400
2025-04-29,20.309999465942383,20.850000381469727,20.219999313354492,20.34000015258789,20.34000015258789,70031900
2025-04-30,19.709999084472656,20.18000030517578,19.549999237060547,20.100000381469727,20.100000381469727,68297300
2025-05-01,20.219999313354492,20.649999618530273,19.940000534057617,19.979999542236328,19.979999542236328,72607500
2025-05-02,20.260000228881836,20.780000686645508,20.209999084472656,20.6200008392334,20.6200008392334,63298500
2025-05-05,20.389999389648438,20.579999923706055,20.239999771118164,20.270000457763672,20.270000457763672,44237000
2025-05-06,19.920000076293945,20.1200008392334,19.770000457763672,19.940000534057617,19.940000534057617,51330800
2025-05-07,19.969999313354492,20.3700008392334,19.81999969482422,20.309999465942383,20.309999465942383,61002600
2025-05-08,21.010000228881836,21.239999771118164,20.639999389648438,21.0,21.0,71651700
2025-05-09,21.200000762939453,21.450000762939453,20.829999923706055,21.420000076293945,21.420000076293945,51768600
2025-05-12,22.18000030517578,22.670000076293945,21.8799991607666,22.18000030517578,22.18000030517578,94578700
2025-05-13,22.360000610351562,22.8799991607666,22.299999237060547,22.559999465942383,22.559999465942383,76850400
2025-05-14,22.350000381469727,22.459999084472656,21.459999084472656,21.520000457763672,21.520000457763672,91584800
2025-05-15,21.229999542236328,21.6299991607666,21.190000534057617,21.549999237060547,21.549999237060547,66705500
2025-05-16,21.530000686645508,21.760000228881836,21.350000381469727,21.65999984741211,21.65999984741211,55795100
2025-05-19,21.18000030517578,21.559999465942383,21.049999237060547,21.3799991607666,21.3799991607666,64279100
2025-05-20,21.329999923706055,21.40999984741211,21.1200008392334,21.270000457763672,21.270000457763672,48497400
2025-05-21,21.190000534057617,21.6299991607666,20.59000015258789,20.690000534057617,20.690000534057617,62904700
2025-05-22,20.729999542236328,20.899999618530273,20.510000228881836,20.549999237060547,20.549999237060547,56077500
2025-05-23,20.15999984741211,20.270000457763672,19.940000534057617,20.049999237060547,20.049999237060547,68206100
2025-05-27,20.440000534057617,20.670000076293945,20.18000030517578,20.549999237060547,20.549999237060547,69504600
2025-05-28,20.56999969482422,20.639999389648438,20.329999923706055,20.3700008392334,20.3700008392334,46096500
2025-05-29,20.540000915527344,20.600000381469727,20.100000381469727,20.25,20.25,66372200
2025-05-30,20.260000228881836,20.260000228881836,19.309999465942383,19.549999237060547,19.549999237060547,114281900
2025-06-02,19.479999542236328,19.81999969482422,19.3700008392334,19.739999771118164,19.739999771118164,67885500
2025-06-03,19.75,20.40999984741211,19.399999618530273,20.290000915527344,20.290000915527344,80401900
2025-06-04,20.34000015258789,20.5,20.010000228881836,20.25,20.25,71166500
2025-06-05,20.270000457763672,20.549999237060547,19.850000381469727,19.989999771118164,19.989999771118164,72458400
2025-06-06,20.170000076293945,20.440000534057617,20.030000686645508,20.059999465942383,20.059999465942383,70072800
2025-06-09,20.219999313354492,20.959999084472656,20.219999313354492,20.479999542236328,20.479999542236328,92893900
2025-06-10,20.5,22.440000534057617,20.280000686645508,22.079999923706055,22.079999923706055,171457000
2025-06-11,21.780000686645508,21.829999923706055,20.3799991607666,20.68000030517578,20.68000030517578,146784500
2025-06-12,20.5,20.979999542236328,20.40999984741211,20.770000457763672,20.770000457763672,78175900
2025-06-13,20.329999923706055,20.600000381469727,20.100000381469727,20.139999389648438,20.139999389648438,87655900
2025-06-16,20.40999984741211,20.93000030517578,20.299999237060547,20.739999771118164,20.739999771118164,86745100
2025-06-17,20.6299991607666,21.479999542236328,20.6200008392334,20.799999237060547,20.799999237060547,87512200
2025-06-18,20.809999465942383,21.600000381469727,20.65999984741211,21.489999771118164,21.489999771118164,94200600
2025-06-20,21.700000762939453,21.889999389648438,20.8799991607666,21.079999923706055,21.079999923706055,133472800
2025-06-23,21.06999969482422,21.579999923706055,20.729999542236328,21.190000534057617,21.190000534057617,81461000
2025-06-24,21.34000015258789,22.690000534057617,21.329999923706055,22.549999237060547,22.549999237060547,130368700
2025-06-25,22.579999923706055,22.770000457763672,22.1299991607666,22.200000762939453,22.200000762939453,64975100
2025-06-26,22.399999618530273,22.6200008392334,22.209999084472656,22.5,22.5,63229300
2025-06-27,22.709999084472656,23.3799991607666,22.420000076293945,22.690000534057617,22.690000534057617,95542400
2025-06-30,22.969999313354492,22.969999313354492,22.270000457763672,22.399999618530273,22.399999618530273,77102400
2025-07-01,22.329999923706055,23.15999984741211,22.280000686645508,22.850000381469727,22.850000381469727,79094900
2025-07-02,22.530000686645508,22.770000457763672,21.520000457763672,21.8799991607666,21.8799991607666,138245300
2025-07-03,22.149999618530273,22.6299991607666,21.989999771118164,22.489999771118164,22.489999771118164,61176000
2025-07-07,22.209999084472656,22.389999389648438,21.860000610351562,22.0,22.0,80725200
2025-07-08,22.18000030517578,23.790000915527344,22.1299991607666,23.59000015258789,23.59000015258789,119545500
2025-07-09,23.290000915527344,23.530000686645508,23.1299991607666,23.440000534057617,23.440000534057617,70247700
2025-07-10,23.6299991607666,24.040000915527344,23.479999542236328,23.81999969482422,23.81999969482422,54599800
2025-07-11,23.559999465942383,23.65999984741211,23.15999984741211,23.43000030517578,23.43000030517578,49367900
2025-07-14,23.239999771118164,23.399999618530273,22.8799991607666,23.299999237060547,23.299999237060547,48420500
2025-07-15,23.56999969482422,23.780000686645508,22.899999618530273,22.920000076293945,22.920000076293945,66099400
2025-07-16,22.989999771118164,23.1299991607666,22.25,22.690000534057617,22.690000534057617,58865900
2025-07-17,22.65999984741211,23.049999237060547,22.59000015258789,22.799999237060547,22.799999237060547,49384000
2025-07-18,23.219999313354492,23.59000015258789,22.899999618530273,23.100000381469727,23.100000381469727,60195600
2025-07-21,23.399999618530273,23.829999923706055,23.15999984741211,23.260000228881836,23.260000228881836,61658000
2025-07-22,23.34000015258789,23.540000915527344,23.079999923706055,23.239999771118164,23.239999771118164,53969800
2025-07-23,23.260000228881836,23.6200008392334,22.920000076293945,23.489999771118164,23.489999771118164,68711700
2025-07-24,23.489999771118164,23.579999923706055,22.600000381469727,22.6299991607666,22.6299991607666,131963300
2025-07-25,20.68000030517578,21.049999237060547,20.360000610351562,20.700000762939453,20.700000762939453,245077700
2025-07-28,20.81999969482422,21.290000915527344,20.649999618530273,20.68000030517578,20.68000030517578,86105600
2025-07-29,20.690000534057617,20.850000381469727,20.34000015258789,20.40999984741211,20.40999984741211,100831500
2025-07-30,20.43000030517578,20.6200008392334,20.079999923706055,20.34000015258789,20.34000015258789,67420300
2025-07-31,20.170000076293945,20.229999542236328,19.65999984741211,19.799999237060547,19.799999237060547,90665200
2025-08-01,19.5,19.549999237060547,18.969999313354492,19.309999465942383,19.309999465942383,86496100
2025-08-04,19.520000457763672,19.59000015258789,19.350000381469727,19.5,19.5,69249400
2025-08-05,19.700000762939453,20.540000915527344,19.68000030517578,20.190000534057617,20.190000534057617,97338200
2025-08-06,20.1200008392334,20.479999542236328,19.8700008392334,20.40999984741211,20.40999984741211,67074200
2025-08-07,20.0,20.440000534057617,19.600000381469727,19.770000457763672,19.770000457763672,131382800
2025-08-08,20.0,20.020000457763672,19.610000610351562,19.950000762939453,19.950000762939453,75415000
2025-08-11,20.450000762939453,21.600000381469727,20.440000534057617,20.649999618530273,20.649999618530273,175545600
2025-08-12,21.200000762939453,21.860000610351562,20.760000228881836,21.809999465942383,21.809999465942383,134153600
2025-08-13,21.6200008392334,22.299999237060547,21.360000610351562,22.219999313354492,22.219999313354492,86024400
2025-08-14,21.989999771118164,24.200000762939453,21.899999618530273,23.860000610351562,23.860000610351562,188052500
2025-08-15,25.010000228881836,25.649999618530273,24.110000610351562,24.559999465942383,24.559999465942383,310161100
2025-08-18,24.0,24.899999618530273,23.209999084472656,23.65999984741211,23.65999984741211,212515600
2025-08-19,24.940000534057617,26.530000686645508,24.940000534057617,25.309999465942383,25.309999465942383,297659200
2025-08-20,24.899999618530273,24.93000030517578,23.329999923706055,23.540000915527344,23.540000915527344,161149400
2025-08-21,23.530000686645508,23.56999969482422,22.780000686645508,23.5,23.5,97718300
2025-08-22,23.649999618530273,25.229999542236328,23.649999618530273,24.799999237060547,24.799999237060547,200266800
2025-08-25,25.5,25.8799991607666,24.440000534057617,24.549999237060547,24.549999237060547,156825600
2025-08-26,24.579999923706055,24.739999771118164,24.100000381469727,24.350000381469727,24.350000381469727,78558200
2025-08-27,24.190000534057617,24.989999771118164,24.049999237060547,24.850000381469727,24.850000381469727,90934400
2025-08-28,24.959999084472656,25.139999389648438,24.610000610351562,24.93000030517578,24.93000030517578,60035100
2025-08-29,24.760000228881836,24.969999313354492,24.280000686645508,24.350000381469727,24.350000381469727,63734400
2025-09-02,23.8799991607666,24.239999771118164,23.68000030517578,24.209999084472656,24.209999084472656,57661800
2025-09-03,24.09000015258789,24.09000015258789,23.719999313354492,24.0,24.0,47822900
2025-09-04,23.850000381469727,24.639999389648438,23.75,24.610000610351562,24.610000610351562,59056500
2025-09-05,24.600000381469727,24.709999084472656,24.170000076293945,24.489999771118164,24.489999771118164,55975300
2025-09-08,24.479999542236328,24.739999771118164,24.1200008392334,24.479999542236328,24.479999542236328,51122100
2025-09-09,24.530000686645508,24.809999465942383,24.270000457763672,24.440000534057617,24.440000534057617,42146200
2025-09-10,24.420000076293945,24.8700008392334,24.280000686645508,24.770000457763672,24.770000457763672,61600700
2025-09-11,24.760000228881836,24.93000030517578,24.56999969482422,24.610000610351562,24.610000610351562,55536900
2025-09-12,24.610000610351562,24.6299991607666,24.049999237060547,24.079999923706055,24.079999923706055,52672800
2025-09-15,24.329999923706055,25.459999084472656,24.219999313354492,24.770000457763672,24.770000457763672,83951600
2025-09-16,24.81999969482422,25.34000015258789,24.690000534057617,25.270000457763672,25.270000457763672,60336600
2025-09-17,25.079999923706055,25.260000228881836,24.450000762939453,24.899999618530273,24.899999618530273,63093700
2025-09-18,31.780000686645508,32.380001068115234,30.15999984741211,30.56999969482422,30.56999969482422,523908000
2025-09-19,30.3799991607666,30.6299991607666,29.329999923706055,29.579999923706055,29.579999923706055,225702900
2025-09-22,29.670000076293945,30.100000381469727,28.729999542236328,28.760000228881836,28.760000228881836,130314500
2025-09-23,28.989999771118164,30.200000762939453,28.81999969482422,29.34000015258789,29.34000015258789,126317900
2025-09-24,29.3799991607666,31.700000762939453,29.229999542236328,31.219999313354492,31.219999313354492,164458500
2025-09-25,31.610000610351562,34.25,31.209999084472656,33.9900016784668,33.9900016784668,295709300
2025-09-26,35.02000045776367,36.29999923706055,34.4900016784668,35.5,35.5,268583300
2025-09-29,34.52000045776367,35.04999923706055,33.72999954223633,34.47999954223633,34.47999954223633,152605900
2025-09-30,33.93000030517578,34.2400016784668,33.02000045776367,33.54999923706055,33.54999923706055,124818400
2025-10-01,33.529998779296875,36.060001373291016,33.5,35.939998626708984,35.939998626708984,162649700
2025-10-02,35.7599983215332,37.56999969482422,35.439998626708984,37.29999923706055,37.29999923706055,149361700
2025-10-03,37.95000076293945,38.08000183105469,36.45000076293945,36.83000183105469,36.83000183105469,125359300
2025-10-06,37.189998626708984,38.68000030517578,36.43000030517578,36.59000015258789,36.59000015258789,112086100
2025-10-07,36.63999938964844,38.04999923706055,36.349998474121094,37.16999816894531,37.16999816894531,111140200
2025-10-08,36.54999923706055,37.790000915527344,35.90999984741211,37.43000030517578,37.43000030517578,103202100
2025-10-09,37.529998779296875,38.099998474121094,36.86000061035156,37.79999923706055,37.79999923706055,89884700
2025-10-10,38.459999084472656,39.650001525878906,36.29999923706055,36.369998931884766,36.369998931884766,183063300
2025-10-13,36.439998626708984,37.5099983215332,36.279998779296875,37.220001220703125,37.220001220703125,104020700
2025-10-14,36.0,36.54999923706055,34.689998626708984,35.630001068115234,35.630001068115234,117908300
2025-10-15,36.400001525878906,37.4900016784668,35.63999938964844,37.150001525878906,37.150001525878906,99242700
2025-10-16,37.150001525878906,38.02000045776367,36.40999984741211,36.84000015258789,36.84000015258789,83357800
2025-10-17,36.36000061035156,38.380001068115234,36.08000183105469,37.0099983215332,37.0099983215332,119394700
2025-10-20,37.56999969482422,38.52000045776367,37.560001373291016,38.099998474121094,38.099998474121094,80230200
2025-10-21,38.13999938964844,38.349998474121094,37.66999816894531,38.119998931884766,38.119998931884766,73134900
2025-10-22,37.84000015258789,37.93000030517578,36.040000915527344,36.91999816894531,36.91999816894531,87099900
2025-10-23,36.599998474121094,38.400001525878906,36.43000030517578,38.15999984741211,38.15999984741211,121974200
2025-10-24,40.02000045776367,41.119998931884766,37.83000183105469,38.279998779296875,38.279998779296875,246380000
2025-10-27,38.38999938964844,40.66999816894531,38.22999954223633,39.540000915527344,39.540000915527344,160007600
2025-10-28,39.59000015258789,42.47999954223633,39.540000915527344,41.529998779296875,41.529998779296875,181256400
2025-10-29,41.599998474121094,42.040000915527344,40.91999816894531,41.34000015258789,41.34000015258789,106962900
2025-10-30,40.970001220703125,41.43000030517578,40.11000061035156,40.15999984741211,40.15999984741211,84855500
2025-10-31,40.68000030517578,40.83000183105469,39.790000915527344,39.9900016784668,39.9900016784668,80471400
2025-11-03,40.25,40.45000076293945,39.04999923706055,39.5,39.5,61267500
2025-11-04,38.13999938964844,38.25,36.630001068115234,37.029998779296875,37.029998779296875,102250300
2025-11-05,37.41999816894531,38.689998626708984,37.11000061035156,38.380001068115234,38.380001068115234,74631600
2025-11-06,38.34000015258789,39.84000015258789,36.79999923706055,37.2400016784668,37.2400016784668,77629900
2025-11-07,37.2599983215332,38.27000045776367,36.970001220703125,38.130001068115234,38.130001068115234,95521400
2025-11-10,38.93000030517578,39.529998779296875,37.970001220703125,38.45000076293945,38.45000076293945,77820300
2025-11-11,38.150001525878906,38.220001220703125,37.4900016784668,37.880001068115234,37.880001068115234,53741900
2025-11-12,38.060001373291016,38.20000076293945,37.349998474121094,37.88999938964844,37.88999938964844,53876000
2025-11-13,37.27000045776367,37.310001373291016,35.45000076293945,35.90999984741211,35.90999984741211,95593200
2025-11-14,35.029998779296875,36.099998474121094,34.619998931884766,35.52000045776367,35.52000045776367,71716200
2025-11-17,35.45000076293945,35.72999954223633,34.22999954223633,34.709999084472656,34.709999084472656,72580100
2025-11-18,34.25,34.7599983215332,33.56999969482422,34.33000183105469,34.33000183105469,61504800
2025-11-19,34.33000183105469,35.75,34.25,35.11000061035156,35.11000061035156,67115500
2025-11-20,36.0,36.68000030517578,33.47999954223633,33.619998931884766,33.619998931884766,96389100
2025-11-21,33.5099983215332,34.97999954223633,32.88999938964844,34.5,34.5,105641700
2025-11-24,34.970001220703125,36.15999984741211,34.689998626708984,35.790000915527344,35.790000915527344,103804200
2025-11-25,35.54999923706055,36.130001068115234,34.68000030517578,35.83000183105469,35.83000183105469,62203300
2025-11-26,36.20000076293945,37.2400016784668,36.130001068115234,36.810001373291016,36.810001373291016,54563400
2025-11-28,37.400001525878906,40.59000015258789,37.34000015258789,40.560001373291016,40.560001373291016,95799500
2025-12-01,39.86000061035156,40.380001068115234,39.599998474121094,40.0099983215332,40.0099983215332,74534900
2025-12-02,40.470001220703125,43.68000030517578,40.04999923706055,43.470001220703125,43.470001220703125,167205800
2025-12-03,43.38999938964844,44.02000045776367,42.5099983215332,43.7599983215332,43.7599983215332,91957200
2025-12-04,43.2599983215332,43.279998779296875,40.13999938964844,40.5,40.5,107850200
2025-12-05,41.15999984741211,42.83000183105469,41.150001525878906,41.40999984741211,41.40999984741211,103042000
2025-12-08,41.939998626708984,42.119998931884766,39.70000076293945,40.29999923706055,40.29999923706055,93953600
2025-12-09,40.72999954223633,41.2599983215332,40.029998779296875,40.5,40.5,61877200
2025-12-10,40.11000061035156,40.9900016784668,38.88999938964844,40.779998779296875,40.779998779296875,75974900
2025-12-11,40.06999969482422,40.189998626708984,39.08000183105469,39.5099983215332,39.5099983215332,59096800
2025-12-12,39.25,40.029998779296875,37.619998931884766,37.810001373291016,37.810001373291016,87784500
2025-12-15,38.33000183105469,38.47999954223633,37.31999969482422,37.5099983215332,37.5099983215332,60898500
2025-12-16,37.58000183105469,37.959999084472656,36.91999816894531,37.310001373291016,37.310001373291016,50490300
2025-12-17,37.59000015258789,37.84000015258789,35.970001220703125,36.04999923706055,36.04999923706055,54792000
2025-12-18,37.380001068115234,37.4900016784668,35.66999816894531,36.279998779296875,36.279998779296875,69468400
2025-12-19,36.47999954223633,37.58000183105469,36.439998626708984,36.81999969482422,36.81999969482422,163221300
2025-12-22,37.88999938964844,37.900001525878906,36.290000915527344,36.369998931884766,36.369998931884766,51685400
2025-12-23,36.2400016784668,36.79999923706055,36.029998779296875,36.349998474121094,36.349998474121094,35958000
2025-12-24,35.16999816894531,36.18000030517578,34.95000076293945,36.15999984741211,36.15999984741211,37443800
2025-12-26,36.16999816894531,36.4900016784668,35.849998474121094,36.20000076293945,36.20000076293945,28779400
2025-12-29,36.0099983215332,36.79999923706055,35.81999969482422,36.68000030517578,36.68000030517578,38062300
2025-12-30,36.90999984741211,38.2599983215332,36.81999969482422,37.29999923706055,37.29999923706055,61935300
2025-12-31,37.400001525878906,37.58000183105469,36.869998931884766,36.900001525878906,36.900001525878906,51524700
2026-01-02,37.77000045776367,39.86000061035156,37.7599983215332,39.380001068115234,39.380001068115234,95396400
2026-01-05,41.59000015258789,42.099998474121094,39.27000045776367,39.369998931884766,39.369998931884766,96665400
2026-01-06,39.86000061035156,40.310001373291016,38.95000076293945,40.040000915527344,40.040000915527344,66395100
2026-01-07,40.18000030517578,44.56999969482422,40.119998931884766,42.630001068115234,42.630001068115234,166028400
2026-01-08,42.619998931884766,43.34000015258789,40.68000030517578,41.11000061035156,41.11000061035156,88242000
2026-01-09,41.83000183105469,45.72999954223633,41.56999969482422,45.54999923706055,45.54999923706055,186691400
2026-01-12,44.2400016784668,45.45000076293945,43.88999938964844,44.060001373291016,44.060001373291016,101989100
2026-01-13,45.88999938964844,48.2400016784668,45.220001220703125,47.290000915527344,47.290000915527344,168656400
2026-01-14,48.95000076293945,49.0,47.41999816894531,48.720001220703125,48.720001220703125,148225800
2026-01-15,49.349998474121094,50.38999938964844,47.83000183105469,48.31999969482422,48.31999969482422,132328900
2026-01-16,49.27000045776367,50.209999084472656,46.709999084472656,46.959999084472656,46.959999084472656,127314700
2026-01-20,47.29999923706055,50.22999954223633,47.0,48.560001373291016,48.560001373291016,150153000
2026-01-21,50.31999969482422,54.40999984741211,50.150001525878906,54.25,54.25,220565300
2026-01-22,54.209999084472656,54.599998474121094,53.08000183105469,54.31999969482422,54.31999969482422,190066400
2026-01-23,46.86000061035156,48.130001068115234,44.45000076293945,45.06999969482422,45.06999969482422,294675400
2026-01-26,44.279998779296875,44.459999084472656,42.279998779296875,42.4900016784668,42.4900016784668,149407800
2026-01-27,43.970001220703125,44.529998779296875,43.099998474121094,43.93000030517578,43.93000030517578,121832200
2026-01-28,46.599998474121094,49.290000915527344,46.31999969482422,48.779998779296875,48.779998779296875,201995100
2026-01-29,47.560001373291016,48.77000045776367,46.9900016784668,48.65999984741211,48.65999984741211,124256600
2026-01-30,48.97999954223633,49.58000183105469,45.959999084472656,46.470001220703125,46.470001220703125,114920100
2026-02-02,45.630001068115234,49.84000015258789,45.5,48.810001373291016,48.810001373291016,101414600
2026-02-03,50.060001373291016,51.4900016784668,48.43000030517578,49.25,49.25,122205100
2026-02-04,49.540000915527344,49.70000076293945,47.0,48.599998474121094,48.599998474121094,128702300
2026-02-05,47.59000015258789,50.86000061035156,46.790000915527344,48.2400016784668,48.2400016784668,114307800
2026-02-06,49.099998474121094,51.29999923706055,48.83000183105469,50.59000015258789,50.59000015258789,115600200
2026-02-09,49.59000015258789,51.220001220703125,47.59000015258789,50.2400016784668,50.2400016784668,94841400
2026-02-10,50.40999984741211,50.540000915527344,46.77000045776367,47.130001068115234,47.130001068115234,99832900
2026-02-11,48.11000061035156,49.54999923706055,46.86000061035156,48.290000915527344,48.290000915527344,107681200
2026-02-12,47.79999923706055,48.95000076293945,46.189998626708984,46.47999954223633,46.47999954223633,88321200
2026-02-13,45.7599983215332,47.689998626708984,44.970001220703125,46.790000915527344,46.790000915527344,69740400
2026-02-17,45.93000030517578,46.83000183105469,45.459999084472656,46.18000030517578,46.18000030517578,65802200
2026-02-18,45.91999816894531,46.77000045776367,44.880001068115234,45.459999084472656,45.459999084472656,65306100
2026-02-19,44.95000076293945,45.16999816894531,43.91999816894531,44.619998931884766,44.619998931884766,72724900
2026-02-20,43.88999938964844,44.38999938964844,42.880001068115234,44.11000061035156,44.11000061035156,90743600
2026-02-23,44.09000015258789,44.54999923706055,43.18000030517578,43.630001068115234,43.630001068115234,57130900
2026-02-24,44.099998474121094,46.599998474121094,43.540000915527344,46.119998931884766,46.119998931884766,98872300
2026-02-25,46.09000015258789,46.970001220703125,45.08000183105469,46.880001068115234,46.880001068115234,75645300
2026-02-26,46.77000045776367,46.95000076293945,44.38999938964844,45.459999084472656,45.459999084472656,71457500
2026-02-27,44.459999084472656,46.560001373291016,44.400001525878906,45.61000061035156,45.61000061035156,79327200
2026-03-02,44.20000076293945,45.810001373291016,43.95000076293945,45.5,45.5,60705100
2026-03-03,43.439998626708984,43.689998626708984,42.13999938964844,43.099998474121094,43.099998474121094,83971000
2026-03-04,44.06999969482422,46.130001068115234,43.27000045776367,45.58000183105469,45.58000183105469,96628100
2026-03-05,44.869998931884766,46.47999954223633,44.70000076293945,45.95000076293945,45.95000076293945,78229400
2026-03-06,44.66999816894531,45.18000030517578,43.279998779296875,43.41999816894531,43.41999816894531,74698300
2026-03-09,42.7400016784668,45.7599983215332,41.63999938964844,45.58000183105469,45.58000183105469,82937400
2026-03-10,45.40999984741211,47.880001068115234,45.40999984741211,46.779998779296875,46.779998779296875,85233300
2026-03-11,46.81999969482422,48.83000183105469,46.65999984741211,47.97999954223633,47.97999954223633,72480600
2026-03-12,47.400001525878906,47.439998626708984,45.16999816894531,45.25,45.25,85110200
2026-03-13,45.970001220703125,46.650001525878906,45.38999938964844,45.77000045776367,45.77000045776367,68386200
2026-03-16,47.90999984741211,49.16999816894531,45.689998626708984,45.7599983215332,45.7599983215332,114199400
2026-03-17,46.08000183105469,46.08000183105469,43.90999984741211,44.060001373291016,44.060001373291016,89061600
2026-03-18,44.20000076293945,45.709999084472656,44.04999923706055,45.029998779296875,45.029998779296875,78056200
2026-03-19,43.9900016784668,46.439998626708984,43.650001525878906,46.18000030517578,46.18000030517578,74051500
2026-03-20,46.95000076293945,47.54999923706055,43.63999938964844,43.869998931884766,43.869998931884766,162814200
2026-03-23,44.5,45.459999084472656,43.7400016784668,44.0099983215332,44.0099983215332,80772200
2026-03-24,43.540000915527344,44.310001373291016,43.20000076293945,44.060001373291016,44.060001373291016,65323500
2026-03-25,45.849998474121094,47.849998474121094,45.45000076293945,47.18000030517578,47.18000030517578,97467900
2026-03-26,46.29999923706055,46.599998474121094,43.91999816894531,44.099998474121094,44.099998474121094,82841400
2026-03-27,43.619998931884766,44.130001068115234,42.86000061035156,43.130001068115234,43.130001068115234,70002200
2026-03-30,43.720001220703125,43.9900016784668,40.630001068115234,41.189998626708984,41.189998626708984,84596000
2026-03-31,41.95000076293945,44.22999954223633,41.599998474121094,44.130001068115234,44.130001068115234,95294900
2026-04-01,45.0,48.77000045776367,44.97999954223633,48.029998779296875,48.029998779296875,129598500
2026-04-02,46.060001373291016,50.4900016784668,46.040000915527344,50.380001068115234,50.380001068115234,117134200
2026-04-06,50.880001068115234,52.38999938964844,49.869998931884766,50.779998779296875,50.779998779296875,79978800
2026-04-07,51.90999984741211,53.27000045776367,51.220001220703125,52.90999984741211,52.90999984741211,129543800
2026-04-08,55.369998931884766,59.16999816894531,54.79999923706055,58.95000076293945,58.95000076293945,184599900
2026-04-09,58.400001525878906,62.08000183105469,58.38999938964844,61.720001220703125,61.720001220703125,155609900
2026-04-10,61.52000045776367,63.38999938964844,60.75,62.380001068115234,62.380001068115234,98624400
2026-04-13,62.18000030517578,65.6500015258789,62.18000030517578,65.18000030517578,65.18000030517578,112111000
2026-04-14,65.16000366210938,65.18000030517578,62.09000015258789,63.810001373291016,63.810001373291016,112796100
2026-04-15,63.77000045776367,65.83999633789062,62.880001068115234,64.94000244140625,64.94000244140625,92051500
2026-04-16,64.93000030517578,68.61000061035156,64.2699966430664,68.5,68.5,108328300
2026-04-17,68.8499984741211,70.33000183105469,67.73999786376953,68.5,68.5,118831500
2026-04-20,68.44999694824219,69.20999908447266,64.47000122070312,65.69999694824219,65.69999694824219,96851100
2026-04-21,67.13999938964844,67.66999816894531,65.63999938964844,66.26000213623047,66.26000213623047,91402300
2026-04-22,67.94000244140625,68.7699966430664,64.9800033569336,65.2699966430664,65.2699966430664,90267300
2026-04-23,66.0999984741211,68.27999877929688,65.41999816894531,66.77999877929688,66.77999877929688,155141800
2026-04-24,82.19999694824219,85.22000122070312,79.62000274658203,82.54000091552734,82.54000091552734,281405200
2026-04-27,83.66999816894531,87.0999984741211,82.61000061035156,84.98999786376953,84.98999786376953,178820200
2026-04-28,81.27999877929688,84.58999633789062,80.80000305175781,84.5199966430664,84.5199966430664,147773500
2026-04-29,86.13999938964844,94.94999694824219,85.87000274658203,94.75,94.75,235070900
2026-04-30,95.5999984741211,95.69000244140625,91.5,94.4800033569336,94.4800033569336,160597300
2026-05-01,93.19999694824219,100.44999694824219,92.61000061035156,99.62000274658203,99.62000274658203,158502800
2026-05-04,99.18000030517578,99.81999969482422,95.5999984741211,95.77999877929688,95.77999877929688,119294000
2026-05-05,100.51000213623047,110.4800033569336,100.08000183105469,108.1500015258789,108.1500015258789,198482000
2026-05-06,110.9800033569336,113.5,106.58000183105469,113.01000213623047,113.01000213623047,157320100
2026-05-07,111.0199966430664,114.51000213623047,109.1500015258789,109.62000274658203,109.62000274658203,122699900
2026-05-08,111.80999755859375,130.57000732421875,111.80000305175781,124.91999816894531,124.91999816894531,227681300
2026-05-11,130.8800048828125,132.75,123.91999816894531,129.44000244140625,129.44000244140625,179486500
2026-05-12,124.36000061035156,127.79000091552734,115.0,120.61000061035156,120.61000061035156,172516500
2026-05-13,124.0999984741211,125.0,116.41000366210938,120.29000091552734,120.29000091552734,115364400
2026-05-14,114.66000366210938,118.56999969482422,113.16999816894531,115.93000030517578,115.93000030517578,118279800
2026-05-15,109.79000091552734,110.56999969482422,105.0199966430664,108.7699966430664,108.7699966430664,135206000
2026-05-18,113.47000122070312,115.54000091552734,103.8499984741211,108.16999816894531,108.16999816894531,145764000
2026-05-19,106.9800033569336,113.06999969482422,102.4000015258789,110.80000305175781,110.80000305175781,150234900
2026-05-20,116.22000122070312,121.94000244140625,114.80000305175781,118.95999908447266,118.95999908447266,165086900
2026-05-21,116.58000183105469,119.41000366210938,113.16999816894531,118.5,118.5,102452500
2026-05-22,120.33999633789062,122.77999877929688,118.08999633789062,119.83999633789062,119.83999633789062,82663000
2026-05-26,122.0999984741211,125.62000274658203,117.3499984741211,123.5199966430664,123.5199966430664,108167300
2026-05-27,124.38999938964844,125.2699966430664,117.0,121.7699966430664,121.7699966430664,93323300
2026-05-28,121.44999694824219,123.08000183105469,116.30999755859375,120.88999938964844,120.88999938964844,97321000
2026-05-29,123.8499984741211,126.63999938964844,113.54000091552734,114.68000030517578,114.68000030517578,191676100
2026-06-01,109.43000030517578,113.30000305175781,106.33000183105469,109.33000183105469,109.33000183105469,134900400
2026-06-02,107.44999694824219,109.0,104.16999816894531,107.93000030517578,107.93000030517578,106336200
2026-06-03,116.41999816894531,118.29000091552734,110.86000061035156,112.70999908447266,112.70999908447266,118928800
2026-06-04,108.4000015258789,113.13999938964844,107.4800033569336,111.77999877929688,111.77999877929688,77325800
2026-06-05,106.4800033569336,106.4800033569336,98.33000183105469,99.16999816894531,99.16999816894531,145209400
2026-06-08,111.0,112.54000091552734,106.66000366210938,110.2699966430664,110.2699966430664,136973900
2026-06-09,112.98999786376953,114.0,99.45999908447266,107.91999816894531,107.91999816894531,149623100
2026-06-10,106.02999877929688,111.5,104.91999816894531,107.04000091552734,107.04000091552734,122653500
2026-06-11,113.5199966430664,119.44000244140625,110.51000213623047,116.95999908447266,116.95999908447266,188430300
2026-06-12,117.41999816894531,127.5999984741211,115.33000183105469,124.56999969482422,124.56999969482422,151169400
2026-06-15,129.49000549316406,132.61000061035156,126.66000366210938,127.86000061035156,127.86000061035156,134507500
2026-06-16,125.11000061035156,128.6999969482422,116.0,117.05000305175781,117.05000305175781,132962600
2026-06-17,121.8499984741211,125.19999694824219,118.05999755859375,121.0999984741211,121.0999984741211,115324900
2026-06-18,131.80999755859375,135.47999572753906,127.9000015258789,133.99000549316406,133.99000549316406,233906600
2026-06-22,139.1199951171875,141.4499969482422,136.2100067138672,140.94000244140625,140.94000244140625,127190600
2026-06-23,129.72999572753906,137.97999572753906,128.3000030517578,132.27999877929688,132.27999877929688,132976700
2026-06-24,133.0500030517578,136.0800018310547,127.94999694824219,131.64999389648438,131.64999389648438,104591700
2026-06-25,139.72999572753906,140.72000122070312,125.41000366210938,132.8699951171875,132.8699951171875,122588800
2026-06-26,128.7100067138672,131.22999572753906,125.5,128.32000732421875,128.32000732421875,99475400
2026-06-29,127.0,132.0500030517578,118.5,131.72000122070312,131.72000122070312,106805300
2026-06-30,131.99000549316406,142.35000610351562,131.52000427246094,139.6300048828125,139.6300048828125,116996700
2026-07-01,135.0,135.74000549316406,126.68000030517578,127.0199966430664,127.0199966430664,113107200
2026-07-02,128.9199981689453,130.74000549316406,117.62999725341797,120.3499984741211,120.3499984741211,124577600
2026-07-06,122.56999969482422,127.30000305175781,121.5199966430664,122.19999694824219,122.19999694824219,86950200
2026-07-07,116.30000305175781,116.47000122070312,108.30000305175781,110.38999938964844,110.38999938964844,140405900
2026-07-08,108.30000305175781,110.48999786376953,104.41000366210938,110.23999786376953,110.23999786376953,105488100
2026-07-09,114.87000274658203,116.7699966430664,111.51000213623047,112.54000091552734,112.54000091552734,99352500
2026-07-10,109.58000183105469,110.8499984741211,107.44999694824219,109.83999633789062,109.83999633789062,70846600
2026-07-13,105.9800033569336,106.16999816894531,101.79000091552734,103.12000274658203,103.12000274658203,100988800
2026-07-14,107.9800033569336,109.19000244140625,103.58999633789062,107.76000213623047,107.76000213623047,91129000
2026-07-15,109.30000305175781,109.61000061035156,99.19999694824219,102.98999786376953,102.98999786376953,120625500
2026-07-16,101.13999938964844,101.87999725341797,95.4800033569336,96.9800033569336,96.9800033569336,107742900
2026-07-17,92.13999938964844,98.05000305175781,89.58999633789062,95.04000091552734,95.04000091552734,126779300
2026-07-20,97.58000183105469,100.9800033569336,96.91999816894531,97.05999755859375,97.05999755859375,89741400
2026-07-21,103.19000244140625,106.33999633789062,101.22000122070312,105.44999694824219,105.44999694824219,105429400
2026-07-22,101.55000305175781,106.8499984741211,101.4800033569336,102.62000274658203,102.62000274658203,78431000
2026-07-23,101.13999938964844,104.18000030517578,99.23999786376953,100.2300033569336,100.2300033569336,140806900
2026-07-24,100.36000061035156,101.73999786376953,91.58000183105469,92.31999969482422,92.31999969482422,181132900
2026-07-27,92.45999908447266,94.9800033569336,86.94000244140625,91.66999816894531,91.66999816894531,133247300
2026-07-28,86.62000274658203,88.27999877929688,83.0999984741211,86.30000305175781,86.30000305175781,154346700
2026-07-29,86.56999969482422,88.47000122070312,81.79000091552734,81.87999725341797,81.87999725341797,152394600
2026-07-30,86.51000213623047,94.0999984741211,85.97000122070312,91.12999725341797,91.12999725341797,140322600
2026-07-31,96.72000122070312,97.9000015258789,90.12999725341797,90.19999694824219,90.19999694824219,109039500
2026-08-03,88.4000015258789,91.68000030517578,85.62000274658203,91.0,91.0,96633600
2026-08-04,95.23999786376953,101.38999938964844,94.31999969482422,100.86000061035156,100.86000061035156,124355100
2026-08-05,99.30000305175781,102.83000183105469,97.9000015258789,101.05999755859375,101.05999755859375,85388400
2026-08-06,98.22000122070312,103.37999725341797,95.5999984741211,99.80999755859375,99.80999755859375,78088100
2026-08-07,102.33000183105469,103.66000366210938,98.02999877929688,101.6500015258789,101.6500015258789,76760600
2026-08-10,98.26000213623047,100.02999877929688,96.30000305175781,97.5199966430664,97.5199966430664,101153400
2026-08-11,96.77999877929688,98.3499984741211,95.3499984741211,97.70999908447266,97.70999908447266,164063600
2026-08-12,101.33000183105469,103.16000366210938,100.12000274658203,100.94999694824219,100.94999694824219,162446700
2026-08-13,101.51000213623047,107.56999969482422,100.33000183105469,104.55999755859375,104.55999755859375,116837600
2026-08-14,104.4800033569336,106.87000274658203,102.05000305175781,102.5,102.5,95387500
2026-08-17,103.55000305175781,105.97000122070312,101.80000305175781,103.48999786376953,103.48999786376953,88616800
2026-08-18,99.22000122070312,99.30999755859375,95.25,96.69000244140625,96.69000244140625,121969500
2026-08-19,97.41000366210938,98.19999694824219,91.27999877929688,92.80000305175781,92.80000305175781,110268600
2026-08-20,91.87000274658203,92.68000030517578,89.8499984741211,92.12999725341797,92.12999725341797,85654700
2026-08-21,92.70999908447266,92.7699966430664,89.75,90.06999969482422,90.06999969482422,91670100
2026-08-24,88.86000061035156,88.91000366210938,85.13999938964844,87.26000213623047,87.26000213623047,96903400
2026-08-25,90.05999755859375,90.18000030517578,87.29000091552734,87.4800033569336,87.4800033569336,81853800
2026-08-26,86.80999755859375,88.27999877929688,85.62999725341797,88.23999786376953,88.23999786376953,75752800
2026-08-27,89.91000366210938,92.94999694824219,88.45999908447266,92.08999633789062,92.08999633789062,100556800
2026-08-28,90.2699966430664,93.69999694824219,89.05000305175781,89.47000122070312,89.47000122070312,86172600
2026-08-31,90.0,91.8499984741211,88.97000122070312,89.51000213623047,89.51000213623047,65188200
2026-09-01,86.83999633789062,89.41000366210938,85.72000122070312,88.97000122070312,88.97000122070312,73962100
2026-09-02,88.8499984741211,90.43000030517578,87.5,90.05000305175781,90.05000305175781,61554500
2026-09-03,89.3499984741211,92.37000274658203,87.7300033569336,91.66999816894531,91.66999816894531,79927800
2026-09-04,92.44999694824219,95.94000244140625,91.87000274658203,95.80000305175781,95.80000305175781,97654300
2026-09-08,100.80000305175781,106.08999633789062,100.3499984741211,104.47000122070312,104.47000122070312,140269300
2026-09-09,102.69999694824219,106.69000244140625,102.69999694824219,106.23999786376953,106.23999786376953,96891400
2026-09-10,102.44999694824219,103.2300033569336,99.33999633789062,100.31999969482422,100.31999969482422,96887100
2026-09-11,102.47000122070312,104.9000015258789,101.06999969482422,102.94000244140625,102.94000244140625,86990400
2026-09-14,95.81999969482422,98.86000061035156,94.5199966430664,97.19000244140625,97.19000244140625,96459700
2026-09-15,98.83000183105469,100.4800033569336,96.5199966430664,97.13999938964844,97.13999938964844,84999300
2026-09-16,101.37000274658203,104.41999816894531,99.29000091552734,101.05000305175781,101.05000305175781,119923600
2026-09-17,104.69999694824219,111.37000274658203,104.69999694824219,108.80000305175781,108.80000305175781,149726000
2026-09-18,109.80000305175781,110.48999786376953,106.4000015258789,108.5999984741211,108.5999984741211,174996700
2026-09-21,116.52999877929688,124.7300033569336,114.93000030517578,121.77999877929688,121.77999877929688,191638400
2026-09-22,120.1500015258789,124.08999633789062,120.08000183105469,123.86000061035156,123.86000061035156,108379400
2026-09-23,123.87000274658203,124.25,119.44000244140625,122.5999984741211,122.5999984741211,85621100
2026-09-24,120.61000061035156,127.44000244140625,119.55000305175781,127.38999938964844,127.38999938964844,119296700
2026-09-25,126.83000183105469,126.93000030517578,122.83999633789062,123.0,123.0,97728400
2026-09-28,120.68000030517578,121.70999908447266,114.70999908447266,116.02999877929688,116.02999877929688,111220000
