concept,unit,value,start,end,form,fy,fp,filed,accn,frame
Assets,USD,54418000000.0,,2017-10-29,10-Q,2018.0,Q2,2018-06-14,0001730168-18-000019,
Assets,USD,54418000000.0,,2017-10-29,10-Q,2018.0,Q3,2018-09-13,0001730168-18-000039,
Assets,USD,54418000000.0,,2017-10-29,10-K,2018.0,FY,2018-12-21,0001730168-18-000084,CY2017Q3I
Assets,USD,54936000000.0,,2018-05-06,10-Q,2018.0,Q2,2018-06-14,0001730168-18-000019,CY2018Q1I
Assets,USD,50372000000.0,,2018-08-05,10-Q,2018.0,Q3,2018-09-13,0001730168-18-000039,CY2018Q2I
Assets,USD,50124000000.0,,2018-11-04,10-K,2018.0,FY,2018-12-21,0001730168-18-000084,
Assets,USD,50124000000.0,,2018-11-04,10-Q,2019.0,Q1,2019-03-15,0001730168-19-000036,
Assets,USD,50124000000.0,,2018-11-04,10-Q,2019.0,Q2,2019-06-14,0001730168-19-000101,
Assets,USD,50124000000.0,,2018-11-04,10-Q,2019.0,Q3,2019-09-13,0001730168-19-000118,
Assets,USD,50124000000.0,,2018-11-04,10-K,2019.0,FY,2019-12-20,0001730168-19-000144,
Assets,USD,50124000000.0,,2018-11-04,8-K,,,2020-06-26,0001730168-20-000126,CY2018Q3I
Assets,USD,72110000000.0,,2019-02-03,10-Q,2019.0,Q1,2019-03-15,0001730168-19-000036,CY2018Q4I
Assets,USD,70916000000.0,,2019-05-05,10-Q,2019.0,Q2,2019-06-14,0001730168-19-000101,CY2019Q1I
Assets,USD,69767000000.0,,2019-08-04,10-Q,2019.0,Q3,2019-09-13,0001730168-19-000118,CY2019Q2I
Assets,USD,67493000000.0,,2019-11-03,10-K,2019.0,FY,2019-12-20,0001730168-19-000144,
Assets,USD,67493000000.0,,2019-11-03,10-Q,2020.0,Q1,2020-03-13,0001730168-20-000045,
Assets,USD,67493000000.0,,2019-11-03,10-Q,2020.0,Q2,2020-06-12,0001730168-20-000109,
Assets,USD,67493000000.0,,2019-11-03,8-K,,,2020-06-26,0001730168-20-000126,
Assets,USD,67493000000.0,,2019-11-03,10-Q,2020.0,Q3,2020-09-11,0001730168-20-000164,
Assets,USD,67493000000.0,,2019-11-03,10-K,2020.0,FY,2020-12-18,0001730168-20-000226,CY2019Q3I
Assets,USD,81006000000.0,,2020-02-02,10-Q,2020.0,Q1,2020-03-13,0001730168-20-000045,CY2019Q4I
Assets,USD,81548000000.0,,2020-05-03,10-Q,2020.0,Q2,2020-06-12,0001730168-20-000109,CY2020Q1I
Assets,USD,79298000000.0,,2020-08-02,10-Q,2020.0,Q3,2020-09-11,0001730168-20-000164,CY2020Q2I
Assets,USD,75933000000.0,,2020-11-01,10-K,2020.0,FY,2020-12-18,0001730168-20-000226,
Assets,USD,75933000000.0,,2020-11-01,10-Q,2021.0,Q1,2021-03-12,0001730168-21-000045,
Assets,USD,75933000000.0,,2020-11-01,10-Q,2021.0,Q2,2021-06-11,0001730168-21-000116,
Assets,USD,75933000000.0,,2020-11-01,10-Q,2021.0,Q3,2021-09-09,0001730168-21-000123,
Assets,USD,75933000000.0,,2020-11-01,10-K,2021.0,FY,2021-12-17,0001730168-21-000153,CY2020Q3I
Assets,USD,76972000000.0,,2021-01-31,10-Q,2021.0,Q1,2021-03-12,0001730168-21-000045,CY2020Q4I
Assets,USD,75524000000.0,,2021-05-02,10-Q,2021.0,Q2,2021-06-11,0001730168-21-000116,CY2021Q1I
Assets,USD,75880000000.0,,2021-08-01,10-Q,2021.0,Q3,2021-09-09,0001730168-21-000123,CY2021Q2I
Assets,USD,75570000000.0,,2021-10-31,10-K,2021.0,FY,2021-12-17,0001730168-21-000153,
Assets,USD,75570000000.0,,2021-10-31,10-Q,2022.0,Q1,2022-03-10,0001730168-22-000029,
Assets,USD,75570000000.0,,2021-10-31,10-Q,2022.0,Q2,2022-06-09,0001730168-22-000081,
Assets,USD,75570000000.0,,2021-10-31,10-Q,2022.0,Q3,2022-09-08,0001730168-22-000094,
Assets,USD,75570000000.0,,2021-10-31,10-K,2022.0,FY,2022-12-16,0001730168-22-000118,CY2021Q3I
Assets,USD,73224000000.0,,2022-01-30,10-Q,2022.0,Q1,2022-03-10,0001730168-22-000029,CY2021Q4I
Assets,USD,71719000000.0,,2022-05-01,10-Q,2022.0,Q2,2022-06-09,0001730168-22-000081,CY2022Q1I
Assets,USD,71326000000.0,,2022-07-31,10-Q,2022.0,Q3,2022-09-08,0001730168-22-000094,CY2022Q2I
Assets,USD,73249000000.0,,2022-10-30,10-K,2022.0,FY,2022-12-16,0001730168-22-000118,
Assets,USD,73249000000.0,,2022-10-30,10-Q,2023.0,Q1,2023-03-08,0001730168-23-000008,
Assets,USD,73249000000.0,,2022-10-30,10-Q,2023.0,Q2,2023-06-07,0001730168-23-000064,
Assets,USD,73249000000.0,,2022-10-30,10-Q,2023.0,Q3,2023-09-06,0001730168-23-000077,
Assets,USD,73249000000.0,,2022-10-30,10-K,2023.0,FY,2023-12-14,0001730168-23-000096,CY2022Q3I
Assets,USD,72976000000.0,,2023-01-29,10-Q,2023.0,Q1,2023-03-08,0001730168-23-000008,CY2022Q4I
Assets,USD,71667000000.0,,2023-04-30,10-Q,2023.0,Q2,2023-06-07,0001730168-23-000064,CY2023Q1I
Assets,USD,71595000000.0,,2023-07-30,10-Q,2023.0,Q3,2023-09-06,0001730168-23-000077,CY2023Q2I
Assets,USD,72861000000.0,,2023-10-29,10-K,2023.0,FY,2023-12-14,0001730168-23-000096,
Assets,USD,72861000000.0,,2023-10-29,10-Q,2024.0,Q1,2024-03-14,0001730168-24-000023,
Assets,USD,72861000000.0,,2023-10-29,10-Q,2024.0,Q2,2024-06-13,0001730168-24-000080,
Assets,USD,72861000000.0,,2023-10-29,10-Q,2024.0,Q3,2024-09-11,0001730168-24-000099,
Assets,USD,72861000000.0,,2023-10-29,10-K,2024.0,FY,2024-12-20,0001730168-24-000139,CY2023Q3I
Assets,USD,177870000000.0,,2024-02-04,10-Q,2024.0,Q1,2024-03-14,0001730168-24-000023,CY2023Q4I
Assets,USD,175211000000.0,,2024-05-05,10-Q,2024.0,Q2,2024-06-13,0001730168-24-000080,CY2024Q1I
Assets,USD,167966000000.0,,2024-08-04,10-Q,2024.0,Q3,2024-09-11,0001730168-24-000099,CY2024Q2I
Assets,USD,165645000000.0,,2024-11-03,10-K,2024.0,FY,2024-12-20,0001730168-24-000139,
Assets,USD,165645000000.0,,2024-11-03,10-Q,2025.0,Q1,2025-03-12,0001730168-25-000021,
Assets,USD,165645000000.0,,2024-11-03,10-Q,2025.0,Q2,2025-06-11,0001730168-25-000064,
Assets,USD,165645000000.0,,2024-11-03,10-Q,2025.0,Q3,2025-09-10,0001730168-25-000098,
Assets,USD,165645000000.0,,2024-11-03,10-K,2025.0,FY,2025-12-18,0001730168-25-000121,CY2024Q3I
Assets,USD,165358000000.0,,2025-02-02,10-Q,2025.0,Q1,2025-03-12,0001730168-25-000021,CY2024Q4I
Assets,USD,164630000000.0,,2025-05-04,10-Q,2025.0,Q2,2025-06-11,0001730168-25-000064,CY2025Q1I
Assets,USD,165621000000.0,,2025-08-03,10-Q,2025.0,Q3,2025-09-10,0001730168-25-000098,CY2025Q2I
Assets,USD,171092000000.0,,2025-11-02,10-K,2025.0,FY,2025-12-18,0001730168-25-000121,
Assets,USD,171092000000.0,,2025-11-02,10-Q,2026.0,Q1,2026-03-11,0001730168-26-000016,
Assets,USD,171092000000.0,,2025-11-02,10-Q,2026.0,Q2,2026-06-09,0001730168-26-000054,
Assets,USD,171092000000.0,,2025-11-02,10-Q,2026.0,Q3,2026-09-10,0001730168-26-000080,CY2025Q3I
Assets,USD,169903000000.0,,2026-02-01,10-Q,2026.0,Q1,2026-03-11,0001730168-26-000016,CY2025Q4I
Assets,USD,179158000000.0,,2026-05-03,10-Q,2026.0,Q2,2026-06-09,0001730168-26-000054,CY2026Q1I
Assets,USD,188148000000.0,,2026-08-02,10-Q,2026.0,Q3,2026-09-10,0001730168-26-000080,CY2026Q2I
CashAndCashEquivalentsAtCarryingValue,USD,3097000000.0,,2016-10-30,10-Q,2018.0,Q2,2018-06-14,0001730168-18-000019,
CashAndCashEquivalentsAtCarryingValue,USD,3097000000.0,,2016-10-30,10-Q,2018.0,Q3,2018-09-13,0001730168-18-000039,
CashAndCashEquivalentsAtCarryingValue,USD,3097000000.0,,2016-10-30,10-K,2018.0,FY,2018-12-21,0001730168-18-000084,
CashAndCashEquivalentsAtCarryingValue,USD,3097000000.0,,2016-10-30,10-K,2019.0,FY,2019-12-20,0001730168-19-000144,
CashAndCashEquivalentsAtCarryingValue,USD,3097000000.0,,2016-10-30,8-K,,,2020-06-26,0001730168-20-000126,CY2016Q3I
CashAndCashEquivalentsAtCarryingValue,USD,4254000000.0,,2017-04-30,10-Q,2018.0,Q2,2018-06-14,0001730168-18-000019,CY2017Q1I
CashAndCashEquivalentsAtCarryingValue,USD,5249000000.0,,2017-07-30,10-Q,2018.0,Q3,2018-09-13,0001730168-18-000039,CY2017Q2I
CashAndCashEquivalentsAtCarryingValue,USD,11204000000.0,,2017-10-29,10-Q,2018.0,Q2,2018-06-14,0001730168-18-000019,
CashAndCashEquivalentsAtCarryingValue,USD,11204000000.0,,2017-10-29,10-Q,2018.0,Q3,2018-09-13,0001730168-18-000039,
CashAndCashEquivalentsAtCarryingValue,USD,11204000000.0,,2017-10-29,10-K,2018.0,FY,2018-12-21,0001730168-18-000084,
CashAndCashEquivalentsAtCarryingValue,USD,11204000000.0,,2017-10-29,10-Q,2019.0,Q1,2019-03-15,0001730168-19-000036,
CashAndCashEquivalentsAtCarryingValue,USD,11204000000.0,,2017-10-29,10-Q,2019.0,Q2,2019-06-14,0001730168-19-000101,
CashAndCashEquivalentsAtCarryingValue,USD,11204000000.0,,2017-10-29,10-Q,2019.0,Q3,2019-09-13,0001730168-19-000118,
CashAndCashEquivalentsAtCarryingValue,USD,11204000000.0,,2017-10-29,10-K,2019.0,FY,2019-12-20,0001730168-19-000144,
CashAndCashEquivalentsAtCarryingValue,USD,11204000000.0,,2017-10-29,8-K,,,2020-06-26,0001730168-20-000126,
CashAndCashEquivalentsAtCarryingValue,USD,11204000000.0,,2017-10-29,10-K,2020.0,FY,2020-12-18,0001730168-20-000226,CY2017Q3I
CashAndCashEquivalentsAtCarryingValue,USD,7076000000.0,,2018-02-04,10-Q,2019.0,Q1,2019-03-15,0001730168-19-000036,CY2017Q4I
CashAndCashEquivalentsAtCarryingValue,USD,8187000000.0,,2018-05-06,10-Q,2018.0,Q2,2018-06-14,0001730168-18-000019,
CashAndCashEquivalentsAtCarryingValue,USD,8187000000.0,,2018-05-06,10-Q,2019.0,Q2,2019-06-14,0001730168-19-000101,CY2018Q1I
CashAndCashEquivalentsAtCarryingValue,USD,4136000000.0,,2018-08-05,10-Q,2018.0,Q3,2018-09-13,0001730168-18-000039,
CashAndCashEquivalentsAtCarryingValue,USD,4136000000.0,,2018-08-05,10-Q,2019.0,Q3,2019-09-13,0001730168-19-000118,CY2018Q2I
CashAndCashEquivalentsAtCarryingValue,USD,4292000000.0,,2018-11-04,10-K,2018.0,FY,2018-12-21,0001730168-18-000084,
CashAndCashEquivalentsAtCarryingValue,USD,4292000000.0,,2018-11-04,10-Q,2019.0,Q1,2019-03-15,0001730168-19-000036,
CashAndCashEquivalentsAtCarryingValue,USD,4292000000.0,,2018-11-04,10-Q,2019.0,Q2,2019-06-14,0001730168-19-000101,
CashAndCashEquivalentsAtCarryingValue,USD,4292000000.0,,2018-11-04,10-Q,2019.0,Q3,2019-09-13,0001730168-19-000118,
CashAndCashEquivalentsAtCarryingValue,USD,4292000000.0,,2018-11-04,10-K,2019.0,FY,2019-12-20,0001730168-19-000144,
CashAndCashEquivalentsAtCarryingValue,USD,4292000000.0,,2018-11-04,10-Q,2020.0,Q1,2020-03-13,0001730168-20-000045,
CashAndCashEquivalentsAtCarryingValue,USD,4292000000.0,,2018-11-04,10-Q,2020.0,Q2,2020-06-12,0001730168-20-000109,
CashAndCashEquivalentsAtCarryingValue,USD,4292000000.0,,2018-11-04,8-K,,,2020-06-26,0001730168-20-000126,
CashAndCashEquivalentsAtCarryingValue,USD,4292000000.0,,2018-11-04,10-Q,2020.0,Q3,2020-09-11,0001730168-20-000164,
CashAndCashEquivalentsAtCarryingValue,USD,4292000000.0,,2018-11-04,10-K,2020.0,FY,2020-12-18,0001730168-20-000226,
CashAndCashEquivalentsAtCarryingValue,USD,4292000000.0,,2018-11-04,10-K,2021.0,FY,2021-12-17,0001730168-21-000153,CY2018Q3I
CashAndCashEquivalentsAtCarryingValue,USD,5093000000.0,,2019-02-03,10-Q,2019.0,Q1,2019-03-15,0001730168-19-000036,
CashAndCashEquivalentsAtCarryingValue,USD,5093000000.0,,2019-02-03,10-Q,2020.0,Q1,2020-03-13,0001730168-20-000045,CY2018Q4I
CashAndCashEquivalentsAtCarryingValue,USD,5328000000.0,,2019-05-05,10-Q,2019.0,Q2,2019-06-14,0001730168-19-000101,
CashAndCashEquivalentsAtCarryingValue,USD,5328000000.0,,2019-05-05,10-Q,2020.0,Q2,2020-06-12,0001730168-20-000109,CY2019Q1I
CashAndCashEquivalentsAtCarryingValue,USD,5462000000.0,,2019-08-04,10-Q,2019.0,Q3,2019-09-13,0001730168-19-000118,
CashAndCashEquivalentsAtCarryingValue,USD,5462000000.0,,2019-08-04,10-Q,2020.0,Q3,2020-09-11,0001730168-20-000164,CY2019Q2I
CashAndCashEquivalentsAtCarryingValue,USD,5055000000.0,,2019-11-03,10-K,2019.0,FY,2019-12-20,0001730168-19-000144,
CashAndCashEquivalentsAtCarryingValue,USD,5055000000.0,,2019-11-03,10-Q,2020.0,Q1,2020-03-13,0001730168-20-000045,
CashAndCashEquivalentsAtCarryingValue,USD,5055000000.0,,2019-11-03,10-Q,2020.0,Q2,2020-06-12,0001730168-20-000109,
CashAndCashEquivalentsAtCarryingValue,USD,5055000000.0,,2019-11-03,8-K,,,2020-06-26,0001730168-20-000126,
CashAndCashEquivalentsAtCarryingValue,USD,5055000000.0,,2019-11-03,10-Q,2020.0,Q3,2020-09-11,0001730168-20-000164,
CashAndCashEquivalentsAtCarryingValue,USD,5055000000.0,,2019-11-03,10-K,2020.0,FY,2020-12-18,0001730168-20-000226,
CashAndCashEquivalentsAtCarryingValue,USD,5055000000.0,,2019-11-03,10-Q,2021.0,Q1,2021-03-12,0001730168-21-000045,
CashAndCashEquivalentsAtCarryingValue,USD,5055000000.0,,2019-11-03,10-Q,2021.0,Q2,2021-06-11,0001730168-21-000116,
CashAndCashEquivalentsAtCarryingValue,USD,5055000000.0,,2019-11-03,10-Q,2021.0,Q3,2021-09-09,0001730168-21-000123,
CashAndCashEquivalentsAtCarryingValue,USD,5055000000.0,,2019-11-03,10-K,2021.0,FY,2021-12-17,0001730168-21-000153,CY2019Q3I
CashAndCashEquivalentsAtCarryingValue,USD,6444000000.0,,2020-02-02,10-Q,2020.0,Q1,2020-03-13,0001730168-20-000045,
CashAndCashEquivalentsAtCarryingValue,USD,6444000000.0,,2020-02-02,10-Q,2021.0,Q1,2021-03-12,0001730168-21-000045,CY2019Q4I
CashAndCashEquivalentsAtCarryingValue,USD,9207000000.0,,2020-05-03,10-Q,2020.0,Q2,2020-06-12,0001730168-20-000109,
CashAndCashEquivalentsAtCarryingValue,USD,9207000000.0,,2020-05-03,10-Q,2021.0,Q2,2021-06-11,0001730168-21-000116,CY2020Q1I
CashAndCashEquivalentsAtCarryingValue,USD,8857000000.0,,2020-08-02,10-Q,2020.0,Q3,2020-09-11,0001730168-20-000164,
CashAndCashEquivalentsAtCarryingValue,USD,8857000000.0,,2020-08-02,10-Q,2021.0,Q3,2021-09-09,0001730168-21-000123,CY2020Q2I
CashAndCashEquivalentsAtCarryingValue,USD,7618000000.0,,2020-11-01,10-K,2020.0,FY,2020-12-18,0001730168-20-000226,
CashAndCashEquivalentsAtCarryingValue,USD,7618000000.0,,2020-11-01,10-Q,2021.0,Q1,2021-03-12,0001730168-21-000045,
CashAndCashEquivalentsAtCarryingValue,USD,7618000000.0,,2020-11-01,10-Q,2021.0,Q2,2021-06-11,0001730168-21-000116,
CashAndCashEquivalentsAtCarryingValue,USD,7618000000.0,,2020-11-01,10-Q,2021.0,Q3,2021-09-09,0001730168-21-000123,
CashAndCashEquivalentsAtCarryingValue,USD,7618000000.0,,2020-11-01,10-K,2021.0,FY,2021-12-17,0001730168-21-000153,
CashAndCashEquivalentsAtCarryingValue,USD,7618000000.0,,2020-11-01,10-Q,2022.0,Q1,2022-03-10,0001730168-22-000029,
CashAndCashEquivalentsAtCarryingValue,USD,7618000000.0,,2020-11-01,10-Q,2022.0,Q2,2022-06-09,0001730168-22-000081,
CashAndCashEquivalentsAtCarryingValue,USD,7618000000.0,,2020-11-01,10-Q,2022.0,Q3,2022-09-08,0001730168-22-000094,CY2020Q3I
CashAndCashEquivalentsAtCarryingValue,USD,9552000000.0,,2021-01-31,10-Q,2021.0,Q1,2021-03-12,0001730168-21-000045,
CashAndCashEquivalentsAtCarryingValue,USD,9552000000.0,,2021-01-31,10-Q,2022.0,Q1,2022-03-10,0001730168-22-000029,CY2020Q4I
CashAndCashEquivalentsAtCarryingValue,USD,9518000000.0,,2021-05-02,10-Q,2021.0,Q2,2021-06-11,0001730168-21-000116,
CashAndCashEquivalentsAtCarryingValue,USD,9518000000.0,,2021-05-02,10-Q,2022.0,Q2,2022-06-09,0001730168-22-000081,CY2021Q1I
CashAndCashEquivalentsAtCarryingValue,USD,11105000000.0,,2021-08-01,10-Q,2021.0,Q3,2021-09-09,0001730168-21-000123,
CashAndCashEquivalentsAtCarryingValue,USD,11105000000.0,,2021-08-01,10-Q,2022.0,Q3,2022-09-08,0001730168-22-000094,CY2021Q2I
CashAndCashEquivalentsAtCarryingValue,USD,12163000000.0,,2021-10-31,10-K,2021.0,FY,2021-12-17,0001730168-21-000153,
CashAndCashEquivalentsAtCarryingValue,USD,12163000000.0,,2021-10-31,10-Q,2022.0,Q1,2022-03-10,0001730168-22-000029,
CashAndCashEquivalentsAtCarryingValue,USD,12163000000.0,,2021-10-31,10-Q,2022.0,Q2,2022-06-09,0001730168-22-000081,
CashAndCashEquivalentsAtCarryingValue,USD,12163000000.0,,2021-10-31,10-Q,2022.0,Q3,2022-09-08,0001730168-22-000094,
CashAndCashEquivalentsAtCarryingValue,USD,12163000000.0,,2021-10-31,10-K,2022.0,FY,2022-12-16,0001730168-22-000118,CY2021Q3I
CashAndCashEquivalentsAtCarryingValue,USD,10219000000.0,,2022-01-30,10-Q,2022.0,Q1,2022-03-10,0001730168-22-000029,CY2021Q4I
CashAndCashEquivalentsAtCarryingValue,USD,9005000000.0,,2022-05-01,10-Q,2022.0,Q2,2022-06-09,0001730168-22-000081,CY2022Q1I
CashAndCashEquivalentsAtCarryingValue,USD,9977000000.0,,2022-07-31,10-Q,2022.0,Q3,2022-09-08,0001730168-22-000094,CY2022Q2I
CashAndCashEquivalentsAtCarryingValue,USD,12416000000.0,,2022-10-30,10-K,2022.0,FY,2022-12-16,0001730168-22-000118,
CashAndCashEquivalentsAtCarryingValue,USD,12416000000.0,,2022-10-30,10-Q,2023.0,Q1,2023-03-08,0001730168-23-000008,
CashAndCashEquivalentsAtCarryingValue,USD,12416000000.0,,2022-10-30,10-Q,2023.0,Q2,2023-06-07,0001730168-23-000064,
CashAndCashEquivalentsAtCarryingValue,USD,12416000000.0,,2022-10-30,10-Q,2023.0,Q3,2023-09-06,0001730168-23-000077,
CashAndCashEquivalentsAtCarryingValue,USD,12416000000.0,,2022-10-30,10-K,2023.0,FY,2023-12-14,0001730168-23-000096,CY2022Q3I
CashAndCashEquivalentsAtCarryingValue,USD,12647000000.0,,2023-01-29,10-Q,2023.0,Q1,2023-03-08,0001730168-23-000008,CY2022Q4I
CashAndCashEquivalentsAtCarryingValue,USD,11553000000.0,,2023-04-30,10-Q,2023.0,Q2,2023-06-07,0001730168-23-000064,CY2023Q1I
CashAndCashEquivalentsAtCarryingValue,USD,12055000000.0,,2023-07-30,10-Q,2023.0,Q3,2023-09-06,0001730168-23-000077,CY2023Q2I
CashAndCashEquivalentsAtCarryingValue,USD,14189000000.0,,2023-10-29,10-K,2023.0,FY,2023-12-14,0001730168-23-000096,
CashAndCashEquivalentsAtCarryingValue,USD,14189000000.0,,2023-10-29,10-Q,2024.0,Q1,2024-03-14,0001730168-24-000023,
CashAndCashEquivalentsAtCarryingValue,USD,14189000000.0,,2023-10-29,10-Q,2024.0,Q2,2024-06-13,0001730168-24-000080,
CashAndCashEquivalentsAtCarryingValue,USD,14189000000.0,,2023-10-29,10-Q,2024.0,Q3,2024-09-11,0001730168-24-000099,
CashAndCashEquivalentsAtCarryingValue,USD,14189000000.0,,2023-10-29,10-K,2024.0,FY,2024-12-20,0001730168-24-000139,CY2023Q3I
CashAndCashEquivalentsAtCarryingValue,USD,11864000000.0,,2024-02-04,10-Q,2024.0,Q1,2024-03-14,0001730168-24-000023,CY2023Q4I
CashAndCashEquivalentsAtCarryingValue,USD,9809000000.0,,2024-05-05,10-Q,2024.0,Q2,2024-06-13,0001730168-24-000080,CY2024Q1I
CashAndCashEquivalentsAtCarryingValue,USD,9952000000.0,,2024-08-04,10-Q,2024.0,Q3,2024-09-11,0001730168-24-000099,CY2024Q2I
CashAndCashEquivalentsAtCarryingValue,USD,9348000000.0,,2024-11-03,10-K,2024.0,FY,2024-12-20,0001730168-24-000139,
CashAndCashEquivalentsAtCarryingValue,USD,9348000000.0,,2024-11-03,10-Q,2025.0,Q1,2025-03-12,0001730168-25-000021,
CashAndCashEquivalentsAtCarryingValue,USD,9348000000.0,,2024-11-03,10-Q,2025.0,Q2,2025-06-11,0001730168-25-000064,
CashAndCashEquivalentsAtCarryingValue,USD,9348000000.0,,2024-11-03,10-Q,2025.0,Q3,2025-09-10,0001730168-25-000098,
CashAndCashEquivalentsAtCarryingValue,USD,9348000000.0,,2024-11-03,10-K,2025.0,FY,2025-12-18,0001730168-25-000121,CY2024Q3I
CashAndCashEquivalentsAtCarryingValue,USD,9307000000.0,,2025-02-02,10-Q,2025.0,Q1,2025-03-12,0001730168-25-000021,CY2024Q4I
CashAndCashEquivalentsAtCarryingValue,USD,9472000000.0,,2025-05-04,10-Q,2025.0,Q2,2025-06-11,0001730168-25-000064,CY2025Q1I
CashAndCashEquivalentsAtCarryingValue,USD,10718000000.0,,2025-08-03,10-Q,2025.0,Q3,2025-09-10,0001730168-25-000098,CY2025Q2I
CashAndCashEquivalentsAtCarryingValue,USD,16178000000.0,,2025-11-02,10-K,2025.0,FY,2025-12-18,0001730168-25-000121,
CashAndCashEquivalentsAtCarryingValue,USD,16178000000.0,,2025-11-02,10-Q,2026.0,Q1,2026-03-11,0001730168-26-000016,
CashAndCashEquivalentsAtCarryingValue,USD,16178000000.0,,2025-11-02,10-Q,2026.0,Q2,2026-06-09,0001730168-26-000054,
CashAndCashEquivalentsAtCarryingValue,USD,16178000000.0,,2025-11-02,10-Q,2026.0,Q3,2026-09-10,0001730168-26-000080,CY2025Q3I
CashAndCashEquivalentsAtCarryingValue,USD,14174000000.0,,2026-02-01,10-Q,2026.0,Q1,2026-03-11,0001730168-26-000016,CY2025Q4I
CashAndCashEquivalentsAtCarryingValue,USD,19628000000.0,,2026-05-03,10-Q,2026.0,Q2,2026-06-09,0001730168-26-000054,CY2026Q1I
CashAndCashEquivalentsAtCarryingValue,USD,23975000000.0,,2026-08-02,10-Q,2026.0,Q3,2026-09-10,0001730168-26-000080,CY2026Q2I
CostOfGoodsAndServicesSold,USD,7300000000.0,2015-11-02,2016-10-30,10-K,2018.0,FY,2018-12-21,0001730168-18-000084,CY2016
CostOfGoodsAndServicesSold,USD,6666000000.0,2016-10-31,2017-07-30,10-Q,2018.0,Q3,2018-09-13,0001730168-18-000039,
CostOfGoodsAndServicesSold,USD,2314000000.0,2017-05-01,2017-07-30,10-Q,2018.0,Q3,2018-09-13,0001730168-18-000039,CY2017Q2
CostOfGoodsAndServicesSold,USD,9127000000.0,2016-10-31,2017-10-29,10-K,2018.0,FY,2018-12-21,0001730168-18-000084,CY2017
CostOfGoodsAndServicesSold,USD,7606000000.0,2017-10-30,2018-08-05,10-Q,2018.0,Q3,2018-09-13,0001730168-18-000039,
CostOfGoodsAndServicesSold,USD,2444000000.0,2018-05-07,2018-08-05,10-Q,2018.0,Q3,2018-09-13,0001730168-18-000039,CY2018Q2
CostOfGoodsAndServicesSold,USD,10115000000.0,2017-10-30,2018-11-04,10-K,2018.0,FY,2018-12-21,0001730168-18-000084,CY2018
CostOfRevenue,USD,9127000000.0,2016-10-31,2017-10-29,10-K,2019.0,FY,2019-12-20,0001730168-19-000144,
CostOfRevenue,USD,9127000000.0,2016-10-31,2017-10-29,8-K,,,2020-06-26,0001730168-20-000126,CY2017
CostOfRevenue,USD,2699000000.0,2017-10-30,2018-02-04,10-Q,2019.0,Q1,2019-03-15,0001730168-19-000036,CY2017Q4
CostOfRevenue,USD,5162000000.0,2017-10-30,2018-05-06,10-Q,2019.0,Q2,2019-06-14,0001730168-19-000101,
CostOfRevenue,USD,2463000000.0,2018-02-05,2018-05-06,10-Q,2019.0,Q2,2019-06-14,0001730168-19-000101,CY2018Q1
CostOfRevenue,USD,7606000000.0,2017-10-30,2018-08-05,10-Q,2019.0,Q3,2019-09-13,0001730168-19-000118,
CostOfRevenue,USD,2444000000.0,2018-05-07,2018-08-05,10-Q,2019.0,Q3,2019-09-13,0001730168-19-000118,CY2018Q2
CostOfRevenue,USD,10115000000.0,2017-10-30,2018-11-04,10-K,2019.0,FY,2019-12-20,0001730168-19-000144,
CostOfRevenue,USD,10115000000.0,2017-10-30,2018-11-04,8-K,,,2020-06-26,0001730168-20-000126,
CostOfRevenue,USD,10115000000.0,2017-10-30,2018-11-04,10-K,2020.0,FY,2020-12-18,0001730168-20-000226,CY2018
CostOfRevenue,USD,2581000000.0,2018-11-05,2019-02-03,10-Q,2019.0,Q1,2019-03-15,0001730168-19-000036,
CostOfRevenue,USD,2581000000.0,2018-11-05,2019-02-03,10-Q,2020.0,Q1,2020-03-13,0001730168-20-000045,CY2018Q4
CostOfRevenue,USD,5009000000.0,2018-11-05,2019-05-05,10-Q,2019.0,Q2,2019-06-14,0001730168-19-000101,
CostOfRevenue,USD,5009000000.0,2018-11-05,2019-05-05,10-Q,2020.0,Q2,2020-06-12,0001730168-20-000109,
CostOfRevenue,USD,2428000000.0,2019-02-04,2019-05-05,10-Q,2019.0,Q2,2019-06-14,0001730168-19-000101,
CostOfRevenue,USD,2428000000.0,2019-02-04,2019-05-05,10-Q,2020.0,Q2,2020-06-12,0001730168-20-000109,CY2019Q1
CostOfRevenue,USD,7490000000.0,2018-11-05,2019-08-04,10-Q,2019.0,Q3,2019-09-13,0001730168-19-000118,
CostOfRevenue,USD,7490000000.0,2018-11-05,2019-08-04,10-Q,2020.0,Q3,2020-09-11,0001730168-20-000164,
CostOfRevenue,USD,2481000000.0,2019-05-06,2019-08-04,10-Q,2019.0,Q3,2019-09-13,0001730168-19-000118,
CostOfRevenue,USD,2481000000.0,2019-05-06,2019-08-04,10-Q,2020.0,Q3,2020-09-11,0001730168-20-000164,CY2019Q2
CostOfRevenue,USD,10114000000.0,2018-11-05,2019-11-03,10-K,2019.0,FY,2019-12-20,0001730168-19-000144,
CostOfRevenue,USD,10114000000.0,2018-11-05,2019-11-03,8-K,,,2020-06-26,0001730168-20-000126,
CostOfRevenue,USD,10114000000.0,2018-11-05,2019-11-03,10-K,2020.0,FY,2020-12-18,0001730168-20-000226,
CostOfRevenue,USD,10114000000.0,2018-11-05,2019-11-03,10-K,2021.0,FY,2021-12-17,0001730168-21-000153,CY2019
CostOfRevenue,USD,2594000000.0,2019-11-04,2020-02-02,10-Q,2020.0,Q1,2020-03-13,0001730168-20-000045,
CostOfRevenue,USD,2594000000.0,2019-11-04,2020-02-02,10-Q,2021.0,Q1,2021-03-12,0001730168-21-000045,CY2019Q4
CostOfRevenue,USD,5147000000.0,2019-11-04,2020-05-03,10-Q,2020.0,Q2,2020-06-12,0001730168-20-000109,
CostOfRevenue,USD,5147000000.0,2019-11-04,2020-05-03,10-Q,2021.0,Q2,2021-06-11,0001730168-21-000116,
CostOfRevenue,USD,2553000000.0,2020-02-03,2020-05-03,10-Q,2020.0,Q2,2020-06-12,0001730168-20-000109,
CostOfRevenue,USD,2553000000.0,2020-02-03,2020-05-03,10-Q,2021.0,Q2,2021-06-11,0001730168-21-000116,CY2020Q1
CostOfRevenue,USD,7652000000.0,2019-11-04,2020-08-02,10-Q,2020.0,Q3,2020-09-11,0001730168-20-000164,
CostOfRevenue,USD,7652000000.0,2019-11-04,2020-08-02,10-Q,2021.0,Q3,2021-09-09,0001730168-21-000123,
CostOfRevenue,USD,2505000000.0,2020-05-04,2020-08-02,10-Q,2020.0,Q3,2020-09-11,0001730168-20-000164,
CostOfRevenue,USD,2505000000.0,2020-05-04,2020-08-02,10-Q,2021.0,Q3,2021-09-09,0001730168-21-000123,CY2020Q2
CostOfRevenue,USD,10372000000.0,2019-11-04,2020-11-01,10-K,2020.0,FY,2020-12-18,0001730168-20-000226,
CostOfRevenue,USD,10372000000.0,2019-11-04,2020-11-01,10-K,2021.0,FY,2021-12-17,0001730168-21-000153,
CostOfRevenue,USD,10372000000.0,2019-11-04,2020-11-01,10-K,2022.0,FY,2022-12-16,0001730168-22-000118,CY2020
CostOfRevenue,USD,2703000000.0,2020-11-02,2021-01-31,10-Q,2021.0,Q1,2021-03-12,0001730168-21-000045,
CostOfRevenue,USD,2703000000.0,2020-11-02,2021-01-31,10-Q,2022.0,Q1,2022-03-10,0001730168-22-000029,CY2020Q4
CostOfRevenue,USD,5256000000.0,2020-11-02,2021-05-02,10-Q,2021.0,Q2,2021-06-11,0001730168-21-000116,
CostOfRevenue,USD,5256000000.0,2020-11-02,2021-05-02,10-Q,2022.0,Q2,2022-06-09,0001730168-22-000081,
CostOfRevenue,USD,2553000000.0,2021-02-01,2021-05-02,10-Q,2021.0,Q2,2021-06-11,0001730168-21-000116,
CostOfRevenue,USD,2553000000.0,2021-02-01,2021-05-02,10-Q,2022.0,Q2,2022-06-09,0001730168-22-000081,CY2021Q1
CostOfRevenue,USD,7837000000.0,2020-11-02,2021-08-01,10-Q,2021.0,Q3,2021-09-09,0001730168-21-000123,
CostOfRevenue,USD,7837000000.0,2020-11-02,2021-08-01,10-Q,2022.0,Q3,2022-09-08,0001730168-22-000094,
CostOfRevenue,USD,2581000000.0,2021-05-03,2021-08-01,10-Q,2021.0,Q3,2021-09-09,0001730168-21-000123,
CostOfRevenue,USD,2581000000.0,2021-05-03,2021-08-01,10-Q,2022.0,Q3,2022-09-08,0001730168-22-000094,CY2021Q2
CostOfRevenue,USD,10606000000.0,2020-11-02,2021-10-31,10-K,2021.0,FY,2021-12-17,0001730168-21-000153,
CostOfRevenue,USD,10606000000.0,2020-11-02,2021-10-31,10-K,2022.0,FY,2022-12-16,0001730168-22-000118,
CostOfRevenue,USD,10606000000.0,2020-11-02,2021-10-31,10-K,2023.0,FY,2023-12-14,0001730168-23-000096,CY2021
CostOfRevenue,USD,2657000000.0,2021-11-01,2022-01-30,10-Q,2022.0,Q1,2022-03-10,0001730168-22-000029,
CostOfRevenue,USD,2657000000.0,2021-11-01,2022-01-30,10-Q,2023.0,Q1,2023-03-08,0001730168-23-000008,CY2021Q4
CostOfRevenue,USD,5321000000.0,2021-11-01,2022-05-01,10-Q,2022.0,Q2,2022-06-09,0001730168-22-000081,
CostOfRevenue,USD,5321000000.0,2021-11-01,2022-05-01,10-Q,2023.0,Q2,2023-06-07,0001730168-23-000064,
CostOfRevenue,USD,2664000000.0,2022-01-31,2022-05-01,10-Q,2022.0,Q2,2022-06-09,0001730168-22-000081,
CostOfRevenue,USD,2664000000.0,2022-01-31,2022-05-01,10-Q,2023.0,Q2,2023-06-07,0001730168-23-000064,CY2022Q1
CostOfRevenue,USD,8104000000.0,2021-11-01,2022-07-31,10-Q,2022.0,Q3,2022-09-08,0001730168-22-000094,
CostOfRevenue,USD,8104000000.0,2021-11-01,2022-07-31,10-Q,2023.0,Q3,2023-09-06,0001730168-23-000077,
CostOfRevenue,USD,2783000000.0,2022-05-02,2022-07-31,10-Q,2022.0,Q3,2022-09-08,0001730168-22-000094,
CostOfRevenue,USD,2783000000.0,2022-05-02,2022-07-31,10-Q,2023.0,Q3,2023-09-06,0001730168-23-000077,CY2022Q2
CostOfRevenue,USD,11108000000.0,2021-11-01,2022-10-30,10-K,2022.0,FY,2022-12-16,0001730168-22-000118,
CostOfRevenue,USD,11108000000.0,2021-11-01,2022-10-30,10-K,2023.0,FY,2023-12-14,0001730168-23-000096,
CostOfRevenue,USD,11108000000.0,2021-11-01,2022-10-30,10-K,2024.0,FY,2024-12-20,0001730168-24-000139,CY2022
CostOfRevenue,USD,2911000000.0,2022-10-31,2023-01-29,10-Q,2023.0,Q1,2023-03-08,0001730168-23-000008,
CostOfRevenue,USD,2911000000.0,2022-10-31,2023-01-29,10-Q,2024.0,Q1,2024-03-14,0001730168-24-000023,CY2022Q4
CostOfRevenue,USD,5529000000.0,2022-10-31,2023-04-30,10-Q,2023.0,Q2,2023-06-07,0001730168-23-000064,
CostOfRevenue,USD,5529000000.0,2022-10-31,2023-04-30,10-Q,2024.0,Q2,2024-06-13,0001730168-24-000080,
CostOfRevenue,USD,2618000000.0,2023-01-30,2023-04-30,10-Q,2023.0,Q2,2023-06-07,0001730168-23-000064,
CostOfRevenue,USD,2618000000.0,2023-01-30,2023-04-30,10-Q,2024.0,Q2,2024-06-13,0001730168-24-000080,CY2023Q1
CostOfRevenue,USD,8241000000.0,2022-10-31,2023-07-30,10-Q,2023.0,Q3,2023-09-06,0001730168-23-000077,
CostOfRevenue,USD,8241000000.0,2022-10-31,2023-07-30,10-Q,2024.0,Q3,2024-09-11,0001730168-24-000099,
CostOfRevenue,USD,2712000000.0,2023-05-01,2023-07-30,10-Q,2023.0,Q3,2023-09-06,0001730168-23-000077,
CostOfRevenue,USD,2712000000.0,2023-05-01,2023-07-30,10-Q,2024.0,Q3,2024-09-11,0001730168-24-000099,CY2023Q2
CostOfRevenue,USD,11129000000.0,2022-10-31,2023-10-29,10-K,2023.0,FY,2023-12-14,0001730168-23-000096,
CostOfRevenue,USD,11129000000.0,2022-10-31,2023-10-29,10-K,2024.0,FY,2024-12-20,0001730168-24-000139,
CostOfRevenue,USD,11129000000.0,2022-10-31,2023-10-29,10-K,2025.0,FY,2025-12-18,0001730168-25-000121,CY2023
CostOfRevenue,USD,4586000000.0,2023-10-30,2024-02-04,10-Q,2024.0,Q1,2024-03-14,0001730168-24-000023,
CostOfRevenue,USD,4586000000.0,2023-10-30,2024-02-04,10-Q,2025.0,Q1,2025-03-12,0001730168-25-000021,CY2023Q4
CostOfRevenue,USD,9297000000.0,2023-10-30,2024-05-05,10-Q,2024.0,Q2,2024-06-13,0001730168-24-000080,
CostOfRevenue,USD,9297000000.0,2023-10-30,2024-05-05,10-Q,2025.0,Q2,2025-06-11,0001730168-25-000064,
CostOfRevenue,USD,4711000000.0,2024-02-05,2024-05-05,10-Q,2024.0,Q2,2024-06-13,0001730168-24-000080,
CostOfRevenue,USD,4711000000.0,2024-02-05,2024-05-05,10-Q,2025.0,Q2,2025-06-11,0001730168-25-000064,CY2024Q1
CostOfRevenue,USD,14013000000.0,2023-10-30,2024-08-04,10-Q,2024.0,Q3,2024-09-11,0001730168-24-000099,
CostOfRevenue,USD,14013000000.0,2023-10-30,2024-08-04,10-Q,2025.0,Q3,2025-09-10,0001730168-25-000098,
CostOfRevenue,USD,4716000000.0,2024-05-06,2024-08-04,10-Q,2024.0,Q3,2024-09-11,0001730168-24-000099,
CostOfRevenue,USD,4716000000.0,2024-05-06,2024-08-04,10-Q,2025.0,Q3,2025-09-10,0001730168-25-000098,CY2024Q2
CostOfRevenue,USD,19065000000.0,2023-10-30,2024-11-03,10-K,2024.0,FY,2024-12-20,0001730168-24-000139,
CostOfRevenue,USD,19065000000.0,2023-10-30,2024-11-03,10-K,2025.0,FY,2025-12-18,0001730168-25-000121,CY2024
CostOfRevenue,USD,4771000000.0,2024-11-04,2025-02-02,10-Q,2025.0,Q1,2025-03-12,0001730168-25-000021,
CostOfRevenue,USD,4771000000.0,2024-11-04,2025-02-02,10-Q,2026.0,Q1,2026-03-11,0001730168-26-000016,CY2024Q4
CostOfRevenue,USD,9578000000.0,2024-11-04,2025-05-04,10-Q,2025.0,Q2,2025-06-11,0001730168-25-000064,
CostOfRevenue,USD,9578000000.0,2024-11-04,2025-05-04,10-Q,2026.0,Q2,2026-06-09,0001730168-26-000054,
CostOfRevenue,USD,4807000000.0,2025-02-03,2025-05-04,10-Q,2025.0,Q2,2025-06-11,0001730168-25-000064,
CostOfRevenue,USD,4807000000.0,2025-02-03,2025-05-04,10-Q,2026.0,Q2,2026-06-09,0001730168-26-000054,CY2025Q1
CostOfRevenue,USD,14827000000.0,2024-11-04,2025-08-03,10-Q,2025.0,Q3,2025-09-10,0001730168-25-000098,
CostOfRevenue,USD,14827000000.0,2024-11-04,2025-08-03,10-Q,2026.0,Q3,2026-09-10,0001730168-26-000080,
CostOfRevenue,USD,5249000000.0,2025-05-05,2025-08-03,10-Q,2025.0,Q3,2025-09-10,0001730168-25-000098,
CostOfRevenue,USD,5249000000.0,2025-05-05,2025-08-03,10-Q,2026.0,Q3,2026-09-10,0001730168-26-000080,CY2025Q2
CostOfRevenue,USD,20593000000.0,2024-11-04,2025-11-02,10-K,2025.0,FY,2025-12-18,0001730168-25-000121,CY2025
CostOfRevenue,USD,6154000000.0,2025-11-03,2026-02-01,10-Q,2026.0,Q1,2026-03-11,0001730168-26-000016,CY2025Q4
CostOfRevenue,USD,12926000000.0,2025-11-03,2026-05-03,10-Q,2026.0,Q2,2026-06-09,0001730168-26-000054,
CostOfRevenue,USD,6772000000.0,2026-02-02,2026-05-03,10-Q,2026.0,Q2,2026-06-09,0001730168-26-000054,CY2026Q1
CostOfRevenue,USD,22061000000.0,2025-11-03,2026-08-02,10-Q,2026.0,Q3,2026-09-10,0001730168-26-000080,
CostOfRevenue,USD,9135000000.0,2026-05-04,2026-08-02,10-Q,2026.0,Q3,2026-09-10,0001730168-26-000080,CY2026Q2
EarningsPerShareBasic,USD/shares,-4.75,2015-11-02,2016-10-30,10-K,2018.0,FY,2018-12-21,0001730168-18-000084,CY2016
EarningsPerShareBasic,USD/shares,1.69,2016-10-31,2017-04-30,10-Q,2018.0,Q2,2018-06-14,0001730168-18-000019,
EarningsPerShareBasic,USD/shares,1.09,2017-01-30,2017-04-30,10-Q,2018.0,Q2,2018-06-14,0001730168-18-000019,CY2017Q1
EarningsPerShareBasic,USD/shares,2.88,2016-10-31,2017-07-30,10-Q,2018.0,Q3,2018-09-13,0001730168-18-000039,
EarningsPerShareBasic,USD/shares,1.18,2017-05-01,2017-07-30,10-Q,2018.0,Q3,2018-09-13,0001730168-18-000039,CY2017Q2
EarningsPerShareBasic,USD/shares,4.18,2016-10-31,2017-10-29,10-K,2018.0,FY,2018-12-21,0001730168-18-000084,
EarningsPerShareBasic,USD/shares,4.18,2016-10-31,2017-10-29,10-K,2019.0,FY,2019-12-20,0001730168-19-000144,
EarningsPerShareBasic,USD/shares,4.18,2016-10-31,2017-10-29,8-K,,,2020-06-26,0001730168-20-000126,CY2017
EarningsPerShareBasic,USD/shares,15.2,2017-10-30,2018-02-04,10-Q,2019.0,Q1,2019-03-15,0001730168-19-000036,CY2017Q4
EarningsPerShareBasic,USD/shares,23.97,2017-10-30,2018-05-06,10-Q,2018.0,Q2,2018-06-14,0001730168-18-000019,
EarningsPerShareBasic,USD/shares,23.97,2017-10-30,2018-05-06,10-Q,2019.0,Q2,2019-06-14,0001730168-19-000101,
EarningsPerShareBasic,USD/shares,8.83,2018-02-05,2018-05-06,10-Q,2018.0,Q2,2018-06-14,0001730168-18-000019,
EarningsPerShareBasic,USD/shares,8.83,2018-02-05,2018-05-06,10-Q,2019.0,Q2,2019-06-14,0001730168-19-000101,CY2018Q1
EarningsPerShareBasic,USD/shares,26.53,2017-10-30,2018-08-05,10-Q,2018.0,Q3,2018-09-13,0001730168-18-000039,
EarningsPerShareBasic,USD/shares,26.53,2017-10-30,2018-08-05,10-Q,2019.0,Q3,2019-09-13,0001730168-19-000118,
EarningsPerShareBasic,USD/shares,2.78,2018-05-07,2018-08-05,10-Q,2018.0,Q3,2018-09-13,0001730168-18-000039,
EarningsPerShareBasic,USD/shares,2.78,2018-05-07,2018-08-05,10-Q,2019.0,Q3,2019-09-13,0001730168-19-000118,CY2018Q2
EarningsPerShareBasic,USD/shares,29.33,2017-10-30,2018-11-04,10-K,2018.0,FY,2018-12-21,0001730168-18-000084,
EarningsPerShareBasic,USD/shares,29.33,2017-10-30,2018-11-04,10-K,2019.0,FY,2019-12-20,0001730168-19-000144,
EarningsPerShareBasic,USD/shares,29.33,2017-10-30,2018-11-04,8-K,,,2020-06-26,0001730168-20-000126,
EarningsPerShareBasic,USD/shares,29.33,2017-10-30,2018-11-04,10-K,2020.0,FY,2020-12-18,0001730168-20-000226,CY2018
EarningsPerShareBasic,USD/shares,1.17,2018-11-05,2019-02-03,10-Q,2019.0,Q1,2019-03-15,0001730168-19-000036,
EarningsPerShareBasic,USD/shares,1.17,2018-11-05,2019-02-03,10-Q,2020.0,Q1,2020-03-13,0001730168-20-000045,CY2018Q4
EarningsPerShareBasic,USD/shares,2.91,2018-11-05,2019-05-05,10-Q,2019.0,Q2,2019-06-14,0001730168-19-000101,
EarningsPerShareBasic,USD/shares,2.91,2018-11-05,2019-05-05,10-Q,2020.0,Q2,2020-06-12,0001730168-20-000109,
EarningsPerShareBasic,USD/shares,1.74,2019-02-04,2019-05-05,10-Q,2019.0,Q2,2019-06-14,0001730168-19-000101,
EarningsPerShareBasic,USD/shares,1.74,2019-02-04,2019-05-05,10-Q,2020.0,Q2,2020-06-12,0001730168-20-000109,CY2019Q1
EarningsPerShareBasic,USD/shares,4.7,2018-11-05,2019-08-04,10-Q,2019.0,Q3,2019-09-13,0001730168-19-000118,
EarningsPerShareBasic,USD/shares,4.7,2018-11-05,2019-08-04,10-Q,2020.0,Q3,2020-09-11,0001730168-20-000164,
EarningsPerShareBasic,USD/shares,1.8,2019-05-06,2019-08-04,10-Q,2019.0,Q3,2019-09-13,0001730168-19-000118,
EarningsPerShareBasic,USD/shares,1.8,2019-05-06,2019-08-04,10-Q,2020.0,Q3,2020-09-11,0001730168-20-000164,CY2019Q2
EarningsPerShareBasic,USD/shares,6.77,2018-11-05,2019-11-03,10-K,2019.0,FY,2019-12-20,0001730168-19-000144,
EarningsPerShareBasic,USD/shares,6.77,2018-11-05,2019-11-03,8-K,,,2020-06-26,0001730168-20-000126,
EarningsPerShareBasic,USD/shares,6.77,2018-11-05,2019-11-03,10-K,2020.0,FY,2020-12-18,0001730168-20-000226,
EarningsPerShareBasic,USD/shares,6.77,2018-11-05,2019-11-03,10-K,2021.0,FY,2021-12-17,0001730168-21-000153,CY2019
EarningsPerShareBasic,USD/shares,0.78,2019-11-04,2020-02-02,10-Q,2020.0,Q1,2020-03-13,0001730168-20-000045,
EarningsPerShareBasic,USD/shares,0.78,2019-11-04,2020-02-02,10-Q,2021.0,Q1,2021-03-12,0001730168-21-000045,CY2019Q4
EarningsPerShareBasic,USD/shares,2.0,2019-11-04,2020-05-03,10-Q,2020.0,Q2,2020-06-12,0001730168-20-000109,
EarningsPerShareBasic,USD/shares,2.0,2019-11-04,2020-05-03,10-Q,2021.0,Q2,2021-06-11,0001730168-21-000116,
EarningsPerShareBasic,USD/shares,1.22,2020-02-03,2020-05-03,10-Q,2020.0,Q2,2020-06-12,0001730168-20-000109,
EarningsPerShareBasic,USD/shares,1.22,2020-02-03,2020-05-03,10-Q,2021.0,Q2,2021-06-11,0001730168-21-000116,CY2020Q1
EarningsPerShareBasic,USD/shares,3.52,2019-11-04,2020-08-02,10-Q,2020.0,Q3,2020-09-11,0001730168-20-000164,
EarningsPerShareBasic,USD/shares,3.52,2019-11-04,2020-08-02,10-Q,2021.0,Q3,2021-09-09,0001730168-21-000123,
EarningsPerShareBasic,USD/shares,1.52,2020-05-04,2020-08-02,10-Q,2020.0,Q3,2020-09-11,0001730168-20-000164,
EarningsPerShareBasic,USD/shares,1.52,2020-05-04,2020-08-02,10-Q,2021.0,Q3,2021-09-09,0001730168-21-000123,CY2020Q2
EarningsPerShareBasic,USD/shares,6.62,2019-11-04,2020-11-01,10-K,2020.0,FY,2020-12-18,0001730168-20-000226,
EarningsPerShareBasic,USD/shares,6.62,2019-11-04,2020-11-01,10-K,2021.0,FY,2021-12-17,0001730168-21-000153,
EarningsPerShareBasic,USD/shares,6.62,2019-11-04,2020-11-01,10-K,2022.0,FY,2022-12-16,0001730168-22-000118,CY2020
EarningsPerShareBasic,USD/shares,3.2,2020-11-02,2021-01-31,10-Q,2021.0,Q1,2021-03-12,0001730168-21-000045,
EarningsPerShareBasic,USD/shares,3.2,2020-11-02,2021-01-31,10-Q,2022.0,Q1,2022-03-10,0001730168-22-000029,CY2020Q4
EarningsPerShareBasic,USD/shares,6.67,2020-11-02,2021-05-02,10-Q,2021.0,Q2,2021-06-11,0001730168-21-000116,
EarningsPerShareBasic,USD/shares,6.67,2020-11-02,2021-05-02,10-Q,2022.0,Q2,2022-06-09,0001730168-22-000081,
EarningsPerShareBasic,USD/shares,3.46,2021-02-01,2021-05-02,10-Q,2021.0,Q2,2021-06-11,0001730168-21-000116,
EarningsPerShareBasic,USD/shares,3.46,2021-02-01,2021-05-02,10-Q,2022.0,Q2,2022-06-09,0001730168-22-000081,CY2021Q1
EarningsPerShareBasic,USD/shares,11.06,2020-11-02,2021-08-01,10-Q,2021.0,Q3,2021-09-09,0001730168-21-000123,
EarningsPerShareBasic,USD/shares,11.06,2020-11-02,2021-08-01,10-Q,2022.0,Q3,2022-09-08,0001730168-22-000094,
EarningsPerShareBasic,USD/shares,4.38,2021-05-03,2021-08-01,10-Q,2021.0,Q3,2021-09-09,0001730168-21-000123,
EarningsPerShareBasic,USD/shares,4.38,2021-05-03,2021-08-01,10-Q,2022.0,Q3,2022-09-08,0001730168-22-000094,CY2021Q2
EarningsPerShareBasic,USD/shares,15.7,2020-11-02,2021-10-31,10-K,2021.0,FY,2021-12-17,0001730168-21-000153,
EarningsPerShareBasic,USD/shares,15.7,2020-11-02,2021-10-31,10-K,2022.0,FY,2022-12-16,0001730168-22-000118,
EarningsPerShareBasic,USD/shares,15.7,2020-11-02,2021-10-31,10-K,2023.0,FY,2023-12-14,0001730168-23-000096,CY2021
EarningsPerShareBasic,USD/shares,5.82,2021-11-01,2022-01-30,10-Q,2022.0,Q1,2022-03-10,0001730168-22-000029,
EarningsPerShareBasic,USD/shares,5.82,2021-11-01,2022-01-30,10-Q,2023.0,Q1,2023-03-08,0001730168-23-000008,CY2021Q4
EarningsPerShareBasic,USD/shares,11.98,2021-11-01,2022-05-01,10-Q,2022.0,Q2,2022-06-09,0001730168-22-000081,
EarningsPerShareBasic,USD/shares,11.98,2021-11-01,2022-05-01,10-Q,2023.0,Q2,2023-06-07,0001730168-23-000064,
EarningsPerShareBasic,USD/shares,6.16,2022-01-31,2022-05-01,10-Q,2022.0,Q2,2022-06-09,0001730168-22-000081,
EarningsPerShareBasic,USD/shares,6.16,2022-01-31,2022-05-01,10-Q,2023.0,Q2,2023-06-07,0001730168-23-000064,CY2022Q1
EarningsPerShareBasic,USD/shares,19.39,2021-11-01,2022-07-31,10-Q,2022.0,Q3,2022-09-08,0001730168-22-000094,
EarningsPerShareBasic,USD/shares,19.39,2021-11-01,2022-07-31,10-Q,2023.0,Q3,2023-09-06,0001730168-23-000077,
EarningsPerShareBasic,USD/shares,7.4,2022-05-02,2022-07-31,10-Q,2022.0,Q3,2022-09-08,0001730168-22-000094,
EarningsPerShareBasic,USD/shares,7.4,2022-05-02,2022-07-31,10-Q,2023.0,Q3,2023-09-06,0001730168-23-000077,CY2022Q2
EarningsPerShareBasic,USD/shares,27.44,2021-11-01,2022-10-30,10-K,2022.0,FY,2022-12-16,0001730168-22-000118,
EarningsPerShareBasic,USD/shares,27.44,2021-11-01,2022-10-30,10-K,2023.0,FY,2023-12-14,0001730168-23-000096,
EarningsPerShareBasic,USD/shares,2.74,2021-11-01,2022-10-30,10-K,2024.0,FY,2024-12-20,0001730168-24-000139,CY2022
EarningsPerShareBasic,USD/shares,9.03,2022-10-31,2023-01-29,10-Q,2023.0,Q1,2023-03-08,0001730168-23-000008,
EarningsPerShareBasic,USD/shares,9.03,2022-10-31,2023-01-29,10-Q,2024.0,Q1,2024-03-14,0001730168-24-000023,CY2022Q4
EarningsPerShareBasic,USD/shares,17.4,2022-10-31,2023-04-30,10-Q,2023.0,Q2,2023-06-07,0001730168-23-000064,
EarningsPerShareBasic,USD/shares,17.4,2022-10-31,2023-04-30,10-Q,2024.0,Q2,2024-06-13,0001730168-24-000080,
EarningsPerShareBasic,USD/shares,8.39,2023-01-30,2023-04-30,10-Q,2023.0,Q2,2023-06-07,0001730168-23-000064,
EarningsPerShareBasic,USD/shares,8.39,2023-01-30,2023-04-30,10-Q,2024.0,Q2,2024-06-13,0001730168-24-000080,CY2023Q1
EarningsPerShareBasic,USD/shares,25.44,2022-10-31,2023-07-30,10-Q,2023.0,Q3,2023-09-06,0001730168-23-000077,
EarningsPerShareBasic,USD/shares,2.54,2022-10-31,2023-07-30,10-Q,2024.0,Q3,2024-09-11,0001730168-24-000099,
EarningsPerShareBasic,USD/shares,8.0,2023-05-01,2023-07-30,10-Q,2023.0,Q3,2023-09-06,0001730168-23-000077,
EarningsPerShareBasic,USD/shares,0.8,2023-05-01,2023-07-30,10-Q,2024.0,Q3,2024-09-11,0001730168-24-000099,CY2023Q2
EarningsPerShareBasic,USD/shares,33.93,2022-10-31,2023-10-29,10-K,2023.0,FY,2023-12-14,0001730168-23-000096,
EarningsPerShareBasic,USD/shares,3.39,2022-10-31,2023-10-29,10-K,2024.0,FY,2024-12-20,0001730168-24-000139,
EarningsPerShareBasic,USD/shares,3.39,2022-10-31,2023-10-29,10-K,2025.0,FY,2025-12-18,0001730168-25-000121,CY2023
EarningsPerShareBasic,USD/shares,2.93,2023-10-30,2024-02-04,10-Q,2024.0,Q1,2024-03-14,0001730168-24-000023,
EarningsPerShareBasic,USD/shares,0.29,2023-10-30,2024-02-04,10-Q,2025.0,Q1,2025-03-12,0001730168-25-000021,CY2023Q4
EarningsPerShareBasic,USD/shares,7.52,2023-10-30,2024-05-05,10-Q,2024.0,Q2,2024-06-13,0001730168-24-000080,
EarningsPerShareBasic,USD/shares,0.75,2023-10-30,2024-05-05,10-Q,2025.0,Q2,2025-06-11,0001730168-25-000064,
EarningsPerShareBasic,USD/shares,4.56,2024-02-05,2024-05-05,10-Q,2024.0,Q2,2024-06-13,0001730168-24-000080,
EarningsPerShareBasic,USD/shares,0.46,2024-02-05,2024-05-05,10-Q,2025.0,Q2,2025-06-11,0001730168-25-000064,CY2024Q1
EarningsPerShareBasic,USD/shares,0.34,2023-10-30,2024-08-04,10-Q,2024.0,Q3,2024-09-11,0001730168-24-000099,
EarningsPerShareBasic,USD/shares,0.34,2023-10-30,2024-08-04,10-Q,2025.0,Q3,2025-09-10,0001730168-25-000098,
EarningsPerShareBasic,USD/shares,-0.4,2024-05-06,2024-08-04,10-Q,2024.0,Q3,2024-09-11,0001730168-24-000099,
EarningsPerShareBasic,USD/shares,-0.4,2024-05-06,2024-08-04,10-Q,2025.0,Q3,2025-09-10,0001730168-25-000098,CY2024Q2
EarningsPerShareBasic,USD/shares,1.27,2023-10-30,2024-11-03,10-K,2024.0,FY,2024-12-20,0001730168-24-000139,
EarningsPerShareBasic,USD/shares,1.27,2023-10-30,2024-11-03,10-K,2025.0,FY,2025-12-18,0001730168-25-000121,CY2024
EarningsPerShareBasic,USD/shares,1.17,2024-11-04,2025-02-02,10-Q,2025.0,Q1,2025-03-12,0001730168-25-000021,
EarningsPerShareBasic,USD/shares,1.17,2024-11-04,2025-02-02,10-Q,2026.0,Q1,2026-03-11,0001730168-26-000016,CY2024Q4
EarningsPerShareBasic,USD/shares,2.23,2024-11-04,2025-05-04,10-Q,2025.0,Q2,2025-06-11,0001730168-25-000064,
EarningsPerShareBasic,USD/shares,2.23,2024-11-04,2025-05-04,10-Q,2026.0,Q2,2026-06-09,0001730168-26-000054,
EarningsPerShareBasic,USD/shares,1.05,2025-02-03,2025-05-04,10-Q,2025.0,Q2,2025-06-11,0001730168-25-000064,
EarningsPerShareBasic,USD/shares,1.05,2025-02-03,2025-05-04,10-Q,2026.0,Q2,2026-06-09,0001730168-26-000054,CY2025Q1
EarningsPerShareBasic,USD/shares,3.1,2024-11-04,2025-08-03,10-Q,2025.0,Q3,2025-09-10,0001730168-25-000098,
EarningsPerShareBasic,USD/shares,3.1,2024-11-04,2025-08-03,10-Q,2026.0,Q3,2026-09-10,0001730168-26-000080,
EarningsPerShareBasic,USD/shares,0.88,2025-05-05,2025-08-03,10-Q,2025.0,Q3,2025-09-10,0001730168-25-000098,
EarningsPerShareBasic,USD/shares,0.88,2025-05-05,2025-08-03,10-Q,2026.0,Q3,2026-09-10,0001730168-26-000080,CY2025Q2
EarningsPerShareBasic,USD/shares,4.91,2024-11-04,2025-11-02,10-K,2025.0,FY,2025-12-18,0001730168-25-000121,CY2025
EarningsPerShareBasic,USD/shares,1.55,2025-11-03,2026-02-01,10-Q,2026.0,Q1,2026-03-11,0001730168-26-000016,CY2025Q4
EarningsPerShareBasic,USD/shares,3.51,2025-11-03,2026-05-03,10-Q,2026.0,Q2,2026-06-09,0001730168-26-000054,
EarningsPerShareBasic,USD/shares,1.96,2026-02-02,2026-05-03,10-Q,2026.0,Q2,2026-06-09,0001730168-26-000054,CY2026Q1
EarningsPerShareBasic,USD/shares,6.26,2025-11-03,2026-08-02,10-Q,2026.0,Q3,2026-09-10,0001730168-26-000080,
EarningsPerShareBasic,USD/shares,2.75,2026-05-04,2026-08-02,10-Q,2026.0,Q3,2026-09-10,0001730168-26-000080,CY2026Q2
EarningsPerShareDiluted,USD/shares,-4.86,2015-11-02,2016-10-30,10-K,2018.0,FY,2018-12-21,0001730168-18-000084,CY2016
EarningsPerShareDiluted,USD/shares,0.57,2016-10-31,2017-01-29,10-K,2018.0,FY,2018-12-21,0001730168-18-000084,CY2016Q4
EarningsPerShareDiluted,USD/shares,1.63,2016-10-31,2017-04-30,10-Q,2018.0,Q2,2018-06-14,0001730168-18-000019,
EarningsPerShareDiluted,USD/shares,1.05,2017-01-30,2017-04-30,10-Q,2018.0,Q2,2018-06-14,0001730168-18-000019,
EarningsPerShareDiluted,USD/shares,1.05,2017-01-30,2017-04-30,10-K,2018.0,FY,2018-12-21,0001730168-18-000084,CY2017Q1
EarningsPerShareDiluted,USD/shares,2.77,2016-10-31,2017-07-30,10-Q,2018.0,Q3,2018-09-13,0001730168-18-000039,
EarningsPerShareDiluted,USD/shares,1.14,2017-05-01,2017-07-30,10-Q,2018.0,Q3,2018-09-13,0001730168-18-000039,
EarningsPerShareDiluted,USD/shares,1.14,2017-05-01,2017-07-30,10-K,2018.0,FY,2018-12-21,0001730168-18-000084,CY2017Q2
EarningsPerShareDiluted,USD/shares,4.02,2016-10-31,2017-10-29,10-K,2018.0,FY,2018-12-21,0001730168-18-000084,
EarningsPerShareDiluted,USD/shares,4.02,2016-10-31,2017-10-29,10-K,2019.0,FY,2019-12-20,0001730168-19-000144,
EarningsPerShareDiluted,USD/shares,4.02,2016-10-31,2017-10-29,8-K,,,2020-06-26,0001730168-20-000126,CY2017
EarningsPerShareDiluted,USD/shares,1.25,2017-07-31,2017-10-29,10-K,2018.0,FY,2018-12-21,0001730168-18-000084,CY2017Q3
EarningsPerShareDiluted,USD/shares,14.62,2017-10-30,2018-02-04,10-K,2018.0,FY,2018-12-21,0001730168-18-000084,
EarningsPerShareDiluted,USD/shares,14.62,2017-10-30,2018-02-04,10-Q,2019.0,Q1,2019-03-15,0001730168-19-000036,
EarningsPerShareDiluted,USD/shares,14.62,2017-10-30,2018-02-04,10-K,2019.0,FY,2019-12-20,0001730168-19-000144,
EarningsPerShareDiluted,USD/shares,14.62,2017-10-30,2018-02-04,8-K,,,2020-06-26,0001730168-20-000126,CY2017Q4
EarningsPerShareDiluted,USD/shares,22.99,2017-10-30,2018-05-06,10-Q,2018.0,Q2,2018-06-14,0001730168-18-000019,
EarningsPerShareDiluted,USD/shares,22.99,2017-10-30,2018-05-06,10-Q,2019.0,Q2,2019-06-14,0001730168-19-000101,
EarningsPerShareDiluted,USD/shares,8.33,2018-02-05,2018-05-06,10-Q,2018.0,Q2,2018-06-14,0001730168-18-000019,
EarningsPerShareDiluted,USD/shares,8.33,2018-02-05,2018-05-06,10-K,2018.0,FY,2018-12-21,0001730168-18-000084,
EarningsPerShareDiluted,USD/shares,8.33,2018-02-05,2018-05-06,10-Q,2019.0,Q2,2019-06-14,0001730168-19-000101,
EarningsPerShareDiluted,USD/shares,8.33,2018-02-05,2018-05-06,10-K,2019.0,FY,2019-12-20,0001730168-19-000144,
EarningsPerShareDiluted,USD/shares,8.33,2018-02-05,2018-05-06,8-K,,,2020-06-26,0001730168-20-000126,CY2018Q1
EarningsPerShareDiluted,USD/shares,25.74,2017-10-30,2018-08-05,10-Q,2018.0,Q3,2018-09-13,0001730168-18-000039,
EarningsPerShareDiluted,USD/shares,25.74,2017-10-30,2018-08-05,10-Q,2019.0,Q3,2019-09-13,0001730168-19-000118,
EarningsPerShareDiluted,USD/shares,2.71,2018-05-07,2018-08-05,10-Q,2018.0,Q3,2018-09-13,0001730168-18-000039,
EarningsPerShareDiluted,USD/shares,2.71,2018-05-07,2018-08-05,10-K,2018.0,FY,2018-12-21,0001730168-18-000084,
EarningsPerShareDiluted,USD/shares,2.71,2018-05-07,2018-08-05,10-Q,2019.0,Q3,2019-09-13,0001730168-19-000118,
EarningsPerShareDiluted,USD/shares,2.71,2018-05-07,2018-08-05,10-K,2019.0,FY,2019-12-20,0001730168-19-000144,
EarningsPerShareDiluted,USD/shares,2.71,2018-05-07,2018-08-05,8-K,,,2020-06-26,0001730168-20-000126,CY2018Q2
EarningsPerShareDiluted,USD/shares,28.44,2017-10-30,2018-11-04,10-K,2018.0,FY,2018-12-21,0001730168-18-000084,
EarningsPerShareDiluted,USD/shares,28.44,2017-10-30,2018-11-04,10-K,2019.0,FY,2019-12-20,0001730168-19-000144,
EarningsPerShareDiluted,USD/shares,28.44,2017-10-30,2018-11-04,8-K,,,2020-06-26,0001730168-20-000126,
EarningsPerShareDiluted,USD/shares,28.44,2017-10-30,2018-11-04,10-K,2020.0,FY,2020-12-18,0001730168-20-000226,CY2018
EarningsPerShareDiluted,USD/shares,2.64,2018-08-06,2018-11-04,10-K,2018.0,FY,2018-12-21,0001730168-18-000084,
EarningsPerShareDiluted,USD/shares,2.64,2018-08-06,2018-11-04,10-K,2019.0,FY,2019-12-20,0001730168-19-000144,
EarningsPerShareDiluted,USD/shares,2.64,2018-08-06,2018-11-04,8-K,,,2020-06-26,0001730168-20-000126,CY2018Q3
EarningsPerShareDiluted,USD/shares,1.12,2018-11-05,2019-02-03,10-Q,2019.0,Q1,2019-03-15,0001730168-19-000036,
EarningsPerShareDiluted,USD/shares,1.12,2018-11-05,2019-02-03,10-K,2019.0,FY,2019-12-20,0001730168-19-000144,
EarningsPerShareDiluted,USD/shares,1.12,2018-11-05,2019-02-03,10-Q,2020.0,Q1,2020-03-13,0001730168-20-000045,
EarningsPerShareDiluted,USD/shares,1.12,2018-11-05,2019-02-03,8-K,,,2020-06-26,0001730168-20-000126,
EarningsPerShareDiluted,USD/shares,1.12,2018-11-05,2019-02-03,10-K,2020.0,FY,2020-12-18,0001730168-20-000226,CY2018Q4
EarningsPerShareDiluted,USD/shares,2.77,2018-11-05,2019-05-05,10-Q,2019.0,Q2,2019-06-14,0001730168-19-000101,
EarningsPerShareDiluted,USD/shares,2.77,2018-11-05,2019-05-05,10-Q,2020.0,Q2,2020-06-12,0001730168-20-000109,
EarningsPerShareDiluted,USD/shares,1.64,2019-02-04,2019-05-05,10-Q,2019.0,Q2,2019-06-14,0001730168-19-000101,
EarningsPerShareDiluted,USD/shares,1.64,2019-02-04,2019-05-05,10-K,2019.0,FY,2019-12-20,0001730168-19-000144,
EarningsPerShareDiluted,USD/shares,1.64,2019-02-04,2019-05-05,10-Q,2020.0,Q2,2020-06-12,0001730168-20-000109,
EarningsPerShareDiluted,USD/shares,1.64,2019-02-04,2019-05-05,8-K,,,2020-06-26,0001730168-20-000126,
EarningsPerShareDiluted,USD/shares,1.64,2019-02-04,2019-05-05,10-K,2020.0,FY,2020-12-18,0001730168-20-000226,CY2019Q1
EarningsPerShareDiluted,USD/shares,4.47,2018-11-05,2019-08-04,10-Q,2019.0,Q3,2019-09-13,0001730168-19-000118,
EarningsPerShareDiluted,USD/shares,4.47,2018-11-05,2019-08-04,10-Q,2020.0,Q3,2020-09-11,0001730168-20-000164,
EarningsPerShareDiluted,USD/shares,1.71,2019-05-06,2019-08-04,10-Q,2019.0,Q3,2019-09-13,0001730168-19-000118,
EarningsPerShareDiluted,USD/shares,1.71,2019-05-06,2019-08-04,10-K,2019.0,FY,2019-12-20,0001730168-19-000144,
EarningsPerShareDiluted,USD/shares,1.71,2019-05-06,2019-08-04,8-K,,,2020-06-26,0001730168-20-000126,
EarningsPerShareDiluted,USD/shares,1.71,2019-05-06,2019-08-04,10-Q,2020.0,Q3,2020-09-11,0001730168-20-000164,
EarningsPerShareDiluted,USD/shares,1.71,2019-05-06,2019-08-04,10-K,2020.0,FY,2020-12-18,0001730168-20-000226,CY2019Q2
EarningsPerShareDiluted,USD/shares,6.43,2018-11-05,2019-11-03,10-K,2019.0,FY,2019-12-20,0001730168-19-000144,
EarningsPerShareDiluted,USD/shares,6.43,2018-11-05,2019-11-03,8-K,,,2020-06-26,0001730168-20-000126,
EarningsPerShareDiluted,USD/shares,6.43,2018-11-05,2019-11-03,10-K,2020.0,FY,2020-12-18,0001730168-20-000226,
EarningsPerShareDiluted,USD/shares,6.43,2018-11-05,2019-11-03,10-K,2021.0,FY,2021-12-17,0001730168-21-000153,CY2019
EarningsPerShareDiluted,USD/shares,1.97,2019-08-05,2019-11-03,10-K,2019.0,FY,2019-12-20,0001730168-19-000144,
EarningsPerShareDiluted,USD/shares,1.97,2019-08-05,2019-11-03,8-K,,,2020-06-26,0001730168-20-000126,
EarningsPerShareDiluted,USD/shares,1.97,2019-08-05,2019-11-03,10-K,2020.0,FY,2020-12-18,0001730168-20-000226,CY2019Q3
EarningsPerShareDiluted,USD/shares,0.74,2019-11-04,2020-02-02,10-Q,2020.0,Q1,2020-03-13,0001730168-20-000045,
EarningsPerShareDiluted,USD/shares,0.74,2019-11-04,2020-02-02,10-K,2020.0,FY,2020-12-18,0001730168-20-000226,
EarningsPerShareDiluted,USD/shares,0.74,2019-11-04,2020-02-02,10-Q,2021.0,Q1,2021-03-12,0001730168-21-000045,CY2019Q4
EarningsPerShareDiluted,USD/shares,1.91,2019-11-04,2020-05-03,10-Q,2020.0,Q2,2020-06-12,0001730168-20-000109,
EarningsPerShareDiluted,USD/shares,1.91,2019-11-04,2020-05-03,10-Q,2021.0,Q2,2021-06-11,0001730168-21-000116,
EarningsPerShareDiluted,USD/shares,1.17,2020-02-03,2020-05-03,10-Q,2020.0,Q2,2020-06-12,0001730168-20-000109,
EarningsPerShareDiluted,USD/shares,1.17,2020-02-03,2020-05-03,10-K,2020.0,FY,2020-12-18,0001730168-20-000226,
EarningsPerShareDiluted,USD/shares,1.17,2020-02-03,2020-05-03,10-Q,2021.0,Q2,2021-06-11,0001730168-21-000116,CY2020Q1
EarningsPerShareDiluted,USD/shares,3.36,2019-11-04,2020-08-02,10-Q,2020.0,Q3,2020-09-11,0001730168-20-000164,
EarningsPerShareDiluted,USD/shares,3.36,2019-11-04,2020-08-02,10-Q,2021.0,Q3,2021-09-09,0001730168-21-000123,
EarningsPerShareDiluted,USD/shares,1.45,2020-05-04,2020-08-02,10-Q,2020.0,Q3,2020-09-11,0001730168-20-000164,
EarningsPerShareDiluted,USD/shares,1.45,2020-05-04,2020-08-02,10-K,2020.0,FY,2020-12-18,0001730168-20-000226,
EarningsPerShareDiluted,USD/shares,1.45,2020-05-04,2020-08-02,10-Q,2021.0,Q3,2021-09-09,0001730168-21-000123,CY2020Q2
EarningsPerShareDiluted,USD/shares,6.33,2019-11-04,2020-11-01,10-K,2020.0,FY,2020-12-18,0001730168-20-000226,
EarningsPerShareDiluted,USD/shares,6.33,2019-11-04,2020-11-01,10-K,2021.0,FY,2021-12-17,0001730168-21-000153,
EarningsPerShareDiluted,USD/shares,6.33,2019-11-04,2020-11-01,10-K,2022.0,FY,2022-12-16,0001730168-22-000118,CY2020
EarningsPerShareDiluted,USD/shares,2.93,2020-08-03,2020-11-01,10-K,2020.0,FY,2020-12-18,0001730168-20-000226,CY2020Q3
EarningsPerShareDiluted,USD/shares,3.05,2020-11-02,2021-01-31,10-Q,2021.0,Q1,2021-03-12,0001730168-21-000045,
EarningsPerShareDiluted,USD/shares,3.05,2020-11-02,2021-01-31,10-Q,2022.0,Q1,2022-03-10,0001730168-22-000029,CY2020Q4
EarningsPerShareDiluted,USD/shares,6.34,2020-11-02,2021-05-02,10-Q,2021.0,Q2,2021-06-11,0001730168-21-000116,
EarningsPerShareDiluted,USD/shares,6.34,2020-11-02,2021-05-02,10-Q,2022.0,Q2,2022-06-09,0001730168-22-000081,
EarningsPerShareDiluted,USD/shares,3.3,2021-02-01,2021-05-02,10-Q,2021.0,Q2,2021-06-11,0001730168-21-000116,
EarningsPerShareDiluted,USD/shares,3.3,2021-02-01,2021-05-02,10-Q,2022.0,Q2,2022-06-09,0001730168-22-000081,CY2021Q1
EarningsPerShareDiluted,USD/shares,10.54,2020-11-02,2021-08-01,10-Q,2021.0,Q3,2021-09-09,0001730168-21-000123,
EarningsPerShareDiluted,USD/shares,10.54,2020-11-02,2021-08-01,10-Q,2022.0,Q3,2022-09-08,0001730168-22-000094,
EarningsPerShareDiluted,USD/shares,4.2,2021-05-03,2021-08-01,10-Q,2021.0,Q3,2021-09-09,0001730168-21-000123,
EarningsPerShareDiluted,USD/shares,4.2,2021-05-03,2021-08-01,10-Q,2022.0,Q3,2022-09-08,0001730168-22-000094,CY2021Q2
EarningsPerShareDiluted,USD/shares,15.0,2020-11-02,2021-10-31,10-K,2021.0,FY,2021-12-17,0001730168-21-000153,
EarningsPerShareDiluted,USD/shares,15.0,2020-11-02,2021-10-31,10-K,2022.0,FY,2022-12-16,0001730168-22-000118,
EarningsPerShareDiluted,USD/shares,15.0,2020-11-02,2021-10-31,10-K,2023.0,FY,2023-12-14,0001730168-23-000096,CY2021
EarningsPerShareDiluted,USD/shares,5.59,2021-11-01,2022-01-30,10-Q,2022.0,Q1,2022-03-10,0001730168-22-000029,
EarningsPerShareDiluted,USD/shares,5.59,2021-11-01,2022-01-30,10-Q,2023.0,Q1,2023-03-08,0001730168-23-000008,CY2021Q4
EarningsPerShareDiluted,USD/shares,11.53,2021-11-01,2022-05-01,10-Q,2022.0,Q2,2022-06-09,0001730168-22-000081,
EarningsPerShareDiluted,USD/shares,11.53,2021-11-01,2022-05-01,10-Q,2023.0,Q2,2023-06-07,0001730168-23-000064,
EarningsPerShareDiluted,USD/shares,5.93,2022-01-31,2022-05-01,10-Q,2022.0,Q2,2022-06-09,0001730168-22-000081,
EarningsPerShareDiluted,USD/shares,5.93,2022-01-31,2022-05-01,10-Q,2023.0,Q2,2023-06-07,0001730168-23-000064,CY2022Q1
EarningsPerShareDiluted,USD/shares,18.7,2021-11-01,2022-07-31,10-Q,2022.0,Q3,2022-09-08,0001730168-22-000094,
EarningsPerShareDiluted,USD/shares,18.7,2021-11-01,2022-07-31,10-Q,2023.0,Q3,2023-09-06,0001730168-23-000077,
EarningsPerShareDiluted,USD/shares,7.15,2022-05-02,2022-07-31,10-Q,2022.0,Q3,2022-09-08,0001730168-22-000094,
EarningsPerShareDiluted,USD/shares,7.15,2022-05-02,2022-07-31,10-Q,2023.0,Q3,2023-09-06,0001730168-23-000077,CY2022Q2
EarningsPerShareDiluted,USD/shares,26.53,2021-11-01,2022-10-30,10-K,2022.0,FY,2022-12-16,0001730168-22-000118,
EarningsPerShareDiluted,USD/shares,26.53,2021-11-01,2022-10-30,10-K,2023.0,FY,2023-12-14,0001730168-23-000096,
EarningsPerShareDiluted,USD/shares,2.65,2021-11-01,2022-10-30,10-K,2024.0,FY,2024-12-20,0001730168-24-000139,CY2022
EarningsPerShareDiluted,USD/shares,8.8,2022-10-31,2023-01-29,10-Q,2023.0,Q1,2023-03-08,0001730168-23-000008,
EarningsPerShareDiluted,USD/shares,8.8,2022-10-31,2023-01-29,10-Q,2024.0,Q1,2024-03-14,0001730168-24-000023,CY2022Q4
EarningsPerShareDiluted,USD/shares,16.95,2022-10-31,2023-04-30,10-Q,2023.0,Q2,2023-06-07,0001730168-23-000064,
EarningsPerShareDiluted,USD/shares,16.95,2022-10-31,2023-04-30,10-Q,2024.0,Q2,2024-06-13,0001730168-24-000080,
EarningsPerShareDiluted,USD/shares,8.15,2023-01-30,2023-04-30,10-Q,2023.0,Q2,2023-06-07,0001730168-23-000064,
EarningsPerShareDiluted,USD/shares,8.15,2023-01-30,2023-04-30,10-Q,2024.0,Q2,2024-06-13,0001730168-24-000080,CY2023Q1
EarningsPerShareDiluted,USD/shares,24.73,2022-10-31,2023-07-30,10-Q,2023.0,Q3,2023-09-06,0001730168-23-000077,
EarningsPerShareDiluted,USD/shares,2.47,2022-10-31,2023-07-30,10-Q,2024.0,Q3,2024-09-11,0001730168-24-000099,
EarningsPerShareDiluted,USD/shares,7.74,2023-05-01,2023-07-30,10-Q,2023.0,Q3,2023-09-06,0001730168-23-000077,
EarningsPerShareDiluted,USD/shares,0.77,2023-05-01,2023-07-30,10-Q,2024.0,Q3,2024-09-11,0001730168-24-000099,CY2023Q2
EarningsPerShareDiluted,USD/shares,32.98,2022-10-31,2023-10-29,10-K,2023.0,FY,2023-12-14,0001730168-23-000096,
EarningsPerShareDiluted,USD/shares,3.3,2022-10-31,2023-10-29,10-K,2024.0,FY,2024-12-20,0001730168-24-000139,
EarningsPerShareDiluted,USD/shares,3.3,2022-10-31,2023-10-29,10-K,2025.0,FY,2025-12-18,0001730168-25-000121,CY2023
EarningsPerShareDiluted,USD/shares,2.84,2023-10-30,2024-02-04,10-Q,2024.0,Q1,2024-03-14,0001730168-24-000023,
EarningsPerShareDiluted,USD/shares,0.28,2023-10-30,2024-02-04,10-Q,2025.0,Q1,2025-03-12,0001730168-25-000021,CY2023Q4
EarningsPerShareDiluted,USD/shares,7.29,2023-10-30,2024-05-05,10-Q,2024.0,Q2,2024-06-13,0001730168-24-000080,
EarningsPerShareDiluted,USD/shares,0.73,2023-10-30,2024-05-05,10-Q,2025.0,Q2,2025-06-11,0001730168-25-000064,
EarningsPerShareDiluted,USD/shares,4.42,2024-02-05,2024-05-05,10-Q,2024.0,Q2,2024-06-13,0001730168-24-000080,
EarningsPerShareDiluted,USD/shares,0.44,2024-02-05,2024-05-05,10-Q,2025.0,Q2,2025-06-11,0001730168-25-000064,CY2024Q1
EarningsPerShareDiluted,USD/shares,0.33,2023-10-30,2024-08-04,10-Q,2024.0,Q3,2024-09-11,0001730168-24-000099,
EarningsPerShareDiluted,USD/shares,0.33,2023-10-30,2024-08-04,10-Q,2025.0,Q3,2025-09-10,0001730168-25-000098,
EarningsPerShareDiluted,USD/shares,-0.4,2024-05-06,2024-08-04,10-Q,2024.0,Q3,2024-09-11,0001730168-24-000099,
EarningsPerShareDiluted,USD/shares,-0.4,2024-05-06,2024-08-04,10-Q,2025.0,Q3,2025-09-10,0001730168-25-000098,CY2024Q2
EarningsPerShareDiluted,USD/shares,1.23,2023-10-30,2024-11-03,10-K,2024.0,FY,2024-12-20,0001730168-24-000139,
EarningsPerShareDiluted,USD/shares,1.23,2023-10-30,2024-11-03,10-K,2025.0,FY,2025-12-18,0001730168-25-000121,CY2024
EarningsPerShareDiluted,USD/shares,1.14,2024-11-04,2025-02-02,10-Q,2025.0,Q1,2025-03-12,0001730168-25-000021,
EarningsPerShareDiluted,USD/shares,1.14,2024-11-04,2025-02-02,10-Q,2026.0,Q1,2026-03-11,0001730168-26-000016,CY2024Q4
EarningsPerShareDiluted,USD/shares,2.17,2024-11-04,2025-05-04,10-Q,2025.0,Q2,2025-06-11,0001730168-25-000064,
EarningsPerShareDiluted,USD/shares,2.17,2024-11-04,2025-05-04,10-Q,2026.0,Q2,2026-06-09,0001730168-26-000054,
EarningsPerShareDiluted,USD/shares,1.03,2025-02-03,2025-05-04,10-Q,2025.0,Q2,2025-06-11,0001730168-25-000064,
EarningsPerShareDiluted,USD/shares,1.03,2025-02-03,2025-05-04,10-Q,2026.0,Q2,2026-06-09,0001730168-26-000054,CY2025Q1
EarningsPerShareDiluted,USD/shares,3.02,2024-11-04,2025-08-03,10-Q,2025.0,Q3,2025-09-10,0001730168-25-000098,
EarningsPerShareDiluted,USD/shares,3.02,2024-11-04,2025-08-03,10-Q,2026.0,Q3,2026-09-10,0001730168-26-000080,
EarningsPerShareDiluted,USD/shares,0.85,2025-05-05,2025-08-03,10-Q,2025.0,Q3,2025-09-10,0001730168-25-000098,
EarningsPerShareDiluted,USD/shares,0.85,2025-05-05,2025-08-03,10-Q,2026.0,Q3,2026-09-10,0001730168-26-000080,CY2025Q2
EarningsPerShareDiluted,USD/shares,4.77,2024-11-04,2025-11-02,10-K,2025.0,FY,2025-12-18,0001730168-25-000121,CY2025
EarningsPerShareDiluted,USD/shares,1.5,2025-11-03,2026-02-01,10-Q,2026.0,Q1,2026-03-11,0001730168-26-000016,CY2025Q4
EarningsPerShareDiluted,USD/shares,3.41,2025-11-03,2026-05-03,10-Q,2026.0,Q2,2026-06-09,0001730168-26-000054,
EarningsPerShareDiluted,USD/shares,1.91,2026-02-02,2026-05-03,10-Q,2026.0,Q2,2026-06-09,0001730168-26-000054,CY2026Q1
EarningsPerShareDiluted,USD/shares,6.09,2025-11-03,2026-08-02,10-Q,2026.0,Q3,2026-09-10,0001730168-26-000080,
EarningsPerShareDiluted,USD/shares,2.68,2026-05-04,2026-08-02,10-Q,2026.0,Q3,2026-09-10,0001730168-26-000080,CY2026Q2
GrossProfit,USD,5940000000.0,2015-11-02,2016-10-30,10-K,2018.0,FY,2018-12-21,0001730168-18-000084,CY2016
GrossProfit,USD,2001000000.0,2016-10-31,2017-01-29,10-K,2018.0,FY,2018-12-21,0001730168-18-000084,CY2016Q4
GrossProfit,USD,3977000000.0,2016-10-31,2017-04-30,10-Q,2018.0,Q2,2018-06-14,0001730168-18-000019,
GrossProfit,USD,1976000000.0,2017-01-30,2017-04-30,10-Q,2018.0,Q2,2018-06-14,0001730168-18-000019,
GrossProfit,USD,1976000000.0,2017-01-30,2017-04-30,10-K,2018.0,FY,2018-12-21,0001730168-18-000084,CY2017Q1
GrossProfit,USD,6126000000.0,2016-10-31,2017-07-30,10-Q,2018.0,Q3,2018-09-13,0001730168-18-000039,
GrossProfit,USD,2149000000.0,2017-05-01,2017-07-30,10-Q,2018.0,Q3,2018-09-13,0001730168-18-000039,
GrossProfit,USD,2149000000.0,2017-05-01,2017-07-30,10-K,2018.0,FY,2018-12-21,0001730168-18-000084,CY2017Q2
GrossProfit,USD,8509000000.0,2016-10-31,2017-10-29,10-K,2018.0,FY,2018-12-21,0001730168-18-000084,
GrossProfit,USD,8509000000.0,2016-10-31,2017-10-29,10-K,2019.0,FY,2019-12-20,0001730168-19-000144,
GrossProfit,USD,8509000000.0,2016-10-31,2017-10-29,8-K,,,2020-06-26,0001730168-20-000126,CY2017
GrossProfit,USD,2383000000.0,2017-07-31,2017-10-29,10-K,2018.0,FY,2018-12-21,0001730168-18-000084,CY2017Q3
GrossProfit,USD,2628000000.0,2017-10-30,2018-02-04,10-K,2018.0,FY,2018-12-21,0001730168-18-000084,
GrossProfit,USD,2628000000.0,2017-10-30,2018-02-04,10-Q,2019.0,Q1,2019-03-15,0001730168-19-000036,
GrossProfit,USD,2628000000.0,2017-10-30,2018-02-04,10-K,2019.0,FY,2019-12-20,0001730168-19-000144,
GrossProfit,USD,2628000000.0,2017-10-30,2018-02-04,8-K,,,2020-06-26,0001730168-20-000126,CY2017Q4
GrossProfit,USD,5179000000.0,2017-10-30,2018-05-06,10-Q,2018.0,Q2,2018-06-14,0001730168-18-000019,
GrossProfit,USD,5179000000.0,2017-10-30,2018-05-06,10-Q,2019.0,Q2,2019-06-14,0001730168-19-000101,
GrossProfit,USD,2551000000.0,2018-02-05,2018-05-06,10-Q,2018.0,Q2,2018-06-14,0001730168-18-000019,
GrossProfit,USD,2551000000.0,2018-02-05,2018-05-06,10-K,2018.0,FY,2018-12-21,0001730168-18-000084,
GrossProfit,USD,2551000000.0,2018-02-05,2018-05-06,10-Q,2019.0,Q2,2019-06-14,0001730168-19-000101,
GrossProfit,USD,2551000000.0,2018-02-05,2018-05-06,10-K,2019.0,FY,2019-12-20,0001730168-19-000144,
GrossProfit,USD,2551000000.0,2018-02-05,2018-05-06,8-K,,,2020-06-26,0001730168-20-000126,CY2018Q1
GrossProfit,USD,7798000000.0,2017-10-30,2018-08-05,10-Q,2018.0,Q3,2018-09-13,0001730168-18-000039,
GrossProfit,USD,7798000000.0,2017-10-30,2018-08-05,10-Q,2019.0,Q3,2019-09-13,0001730168-19-000118,
GrossProfit,USD,2619000000.0,2018-05-07,2018-08-05,10-Q,2018.0,Q3,2018-09-13,0001730168-18-000039,
GrossProfit,USD,2619000000.0,2018-05-07,2018-08-05,10-K,2018.0,FY,2018-12-21,0001730168-18-000084,
GrossProfit,USD,2619000000.0,2018-05-07,2018-08-05,10-Q,2019.0,Q3,2019-09-13,0001730168-19-000118,
GrossProfit,USD,2619000000.0,2018-05-07,2018-08-05,10-K,2019.0,FY,2019-12-20,0001730168-19-000144,
GrossProfit,USD,2619000000.0,2018-05-07,2018-08-05,8-K,,,2020-06-26,0001730168-20-000126,CY2018Q2
GrossProfit,USD,10733000000.0,2017-10-30,2018-11-04,10-K,2018.0,FY,2018-12-21,0001730168-18-000084,
GrossProfit,USD,10733000000.0,2017-10-30,2018-11-04,10-K,2019.0,FY,2019-12-20,0001730168-19-000144,
GrossProfit,USD,10733000000.0,2017-10-30,2018-11-04,8-K,,,2020-06-26,0001730168-20-000126,
GrossProfit,USD,10733000000.0,2017-10-30,2018-11-04,10-K,2020.0,FY,2020-12-18,0001730168-20-000226,CY2018
GrossProfit,USD,2935000000.0,2018-08-06,2018-11-04,10-K,2018.0,FY,2018-12-21,0001730168-18-000084,
GrossProfit,USD,2935000000.0,2018-08-06,2018-11-04,10-K,2019.0,FY,2019-12-20,0001730168-19-000144,
GrossProfit,USD,2935000000.0,2018-08-06,2018-11-04,8-K,,,2020-06-26,0001730168-20-000126,CY2018Q3
GrossProfit,USD,3208000000.0,2018-11-05,2019-02-03,10-Q,2019.0,Q1,2019-03-15,0001730168-19-000036,
GrossProfit,USD,3208000000.0,2018-11-05,2019-02-03,10-K,2019.0,FY,2019-12-20,0001730168-19-000144,
GrossProfit,USD,3208000000.0,2018-11-05,2019-02-03,10-Q,2020.0,Q1,2020-03-13,0001730168-20-000045,
GrossProfit,USD,3208000000.0,2018-11-05,2019-02-03,8-K,,,2020-06-26,0001730168-20-000126,
GrossProfit,USD,3208000000.0,2018-11-05,2019-02-03,10-K,2020.0,FY,2020-12-18,0001730168-20-000226,CY2018Q4
GrossProfit,USD,6297000000.0,2018-11-05,2019-05-05,10-Q,2019.0,Q2,2019-06-14,0001730168-19-000101,
GrossProfit,USD,6297000000.0,2018-11-05,2019-05-05,10-Q,2020.0,Q2,2020-06-12,0001730168-20-000109,
GrossProfit,USD,3089000000.0,2019-02-04,2019-05-05,10-Q,2019.0,Q2,2019-06-14,0001730168-19-000101,
GrossProfit,USD,3089000000.0,2019-02-04,2019-05-05,10-K,2019.0,FY,2019-12-20,0001730168-19-000144,
GrossProfit,USD,3089000000.0,2019-02-04,2019-05-05,10-Q,2020.0,Q2,2020-06-12,0001730168-20-000109,
GrossProfit,USD,3089000000.0,2019-02-04,2019-05-05,8-K,,,2020-06-26,0001730168-20-000126,
GrossProfit,USD,3089000000.0,2019-02-04,2019-05-05,10-K,2020.0,FY,2020-12-18,0001730168-20-000226,CY2019Q1
GrossProfit,USD,9331000000.0,2018-11-05,2019-08-04,10-Q,2019.0,Q3,2019-09-13,0001730168-19-000118,
GrossProfit,USD,9331000000.0,2018-11-05,2019-08-04,10-Q,2020.0,Q3,2020-09-11,0001730168-20-000164,
GrossProfit,USD,3034000000.0,2019-05-06,2019-08-04,10-Q,2019.0,Q3,2019-09-13,0001730168-19-000118,
GrossProfit,USD,3034000000.0,2019-05-06,2019-08-04,10-K,2019.0,FY,2019-12-20,0001730168-19-000144,
GrossProfit,USD,3034000000.0,2019-05-06,2019-08-04,8-K,,,2020-06-26,0001730168-20-000126,
GrossProfit,USD,3034000000.0,2019-05-06,2019-08-04,10-Q,2020.0,Q3,2020-09-11,0001730168-20-000164,
GrossProfit,USD,3034000000.0,2019-05-06,2019-08-04,10-K,2020.0,FY,2020-12-18,0001730168-20-000226,CY2019Q2
GrossProfit,USD,12483000000.0,2018-11-05,2019-11-03,10-K,2019.0,FY,2019-12-20,0001730168-19-000144,
GrossProfit,USD,12483000000.0,2018-11-05,2019-11-03,8-K,,,2020-06-26,0001730168-20-000126,
GrossProfit,USD,12483000000.0,2018-11-05,2019-11-03,10-K,2020.0,FY,2020-12-18,0001730168-20-000226,
GrossProfit,USD,12483000000.0,2018-11-05,2019-11-03,10-K,2021.0,FY,2021-12-17,0001730168-21-000153,CY2019
GrossProfit,USD,3152000000.0,2019-08-05,2019-11-03,10-K,2019.0,FY,2019-12-20,0001730168-19-000144,
GrossProfit,USD,3152000000.0,2019-08-05,2019-11-03,8-K,,,2020-06-26,0001730168-20-000126,
GrossProfit,USD,3152000000.0,2019-08-05,2019-11-03,10-K,2020.0,FY,2020-12-18,0001730168-20-000226,CY2019Q3
GrossProfit,USD,3264000000.0,2019-11-04,2020-02-02,10-Q,2020.0,Q1,2020-03-13,0001730168-20-000045,
GrossProfit,USD,3264000000.0,2019-11-04,2020-02-02,10-K,2020.0,FY,2020-12-18,0001730168-20-000226,
GrossProfit,USD,3264000000.0,2019-11-04,2020-02-02,10-Q,2021.0,Q1,2021-03-12,0001730168-21-000045,CY2019Q4
GrossProfit,USD,6453000000.0,2019-11-04,2020-05-03,10-Q,2020.0,Q2,2020-06-12,0001730168-20-000109,
GrossProfit,USD,6453000000.0,2019-11-04,2020-05-03,10-Q,2021.0,Q2,2021-06-11,0001730168-21-000116,
GrossProfit,USD,3189000000.0,2020-02-03,2020-05-03,10-Q,2020.0,Q2,2020-06-12,0001730168-20-000109,
GrossProfit,USD,3189000000.0,2020-02-03,2020-05-03,10-K,2020.0,FY,2020-12-18,0001730168-20-000226,
GrossProfit,USD,3189000000.0,2020-02-03,2020-05-03,10-Q,2021.0,Q2,2021-06-11,0001730168-21-000116,CY2020Q1
GrossProfit,USD,9769000000.0,2019-11-04,2020-08-02,10-Q,2020.0,Q3,2020-09-11,0001730168-20-000164,
GrossProfit,USD,9769000000.0,2019-11-04,2020-08-02,10-Q,2021.0,Q3,2021-09-09,0001730168-21-000123,
GrossProfit,USD,3316000000.0,2020-05-04,2020-08-02,10-Q,2020.0,Q3,2020-09-11,0001730168-20-000164,
GrossProfit,USD,3316000000.0,2020-05-04,2020-08-02,10-K,2020.0,FY,2020-12-18,0001730168-20-000226,
GrossProfit,USD,3316000000.0,2020-05-04,2020-08-02,10-Q,2021.0,Q3,2021-09-09,0001730168-21-000123,CY2020Q2
GrossProfit,USD,13516000000.0,2019-11-04,2020-11-01,10-K,2020.0,FY,2020-12-18,0001730168-20-000226,
GrossProfit,USD,13516000000.0,2019-11-04,2020-11-01,10-K,2021.0,FY,2021-12-17,0001730168-21-000153,
GrossProfit,USD,13516000000.0,2019-11-04,2020-11-01,10-K,2022.0,FY,2022-12-16,0001730168-22-000118,CY2020
GrossProfit,USD,3747000000.0,2020-08-03,2020-11-01,10-K,2020.0,FY,2020-12-18,0001730168-20-000226,CY2020Q3
GrossProfit,USD,3952000000.0,2020-11-02,2021-01-31,10-Q,2021.0,Q1,2021-03-12,0001730168-21-000045,
GrossProfit,USD,3952000000.0,2020-11-02,2021-01-31,10-Q,2022.0,Q1,2022-03-10,0001730168-22-000029,CY2020Q4
GrossProfit,USD,8009000000.0,2020-11-02,2021-05-02,10-Q,2021.0,Q2,2021-06-11,0001730168-21-000116,
GrossProfit,USD,8009000000.0,2020-11-02,2021-05-02,10-Q,2022.0,Q2,2022-06-09,0001730168-22-000081,
GrossProfit,USD,4057000000.0,2021-02-01,2021-05-02,10-Q,2021.0,Q2,2021-06-11,0001730168-21-000116,
GrossProfit,USD,4057000000.0,2021-02-01,2021-05-02,10-Q,2022.0,Q2,2022-06-09,0001730168-22-000081,CY2021Q1
GrossProfit,USD,12206000000.0,2020-11-02,2021-08-01,10-Q,2021.0,Q3,2021-09-09,0001730168-21-000123,
GrossProfit,USD,12206000000.0,2020-11-02,2021-08-01,10-Q,2022.0,Q3,2022-09-08,0001730168-22-000094,
GrossProfit,USD,4197000000.0,2021-05-03,2021-08-01,10-Q,2021.0,Q3,2021-09-09,0001730168-21-000123,
GrossProfit,USD,4197000000.0,2021-05-03,2021-08-01,10-Q,2022.0,Q3,2022-09-08,0001730168-22-000094,CY2021Q2
GrossProfit,USD,16844000000.0,2020-11-02,2021-10-31,10-K,2021.0,FY,2021-12-17,0001730168-21-000153,
GrossProfit,USD,16844000000.0,2020-11-02,2021-10-31,10-K,2022.0,FY,2022-12-16,0001730168-22-000118,
GrossProfit,USD,16844000000.0,2020-11-02,2021-10-31,10-K,2023.0,FY,2023-12-14,0001730168-23-000096,CY2021
GrossProfit,USD,5049000000.0,2021-11-01,2022-01-30,10-Q,2022.0,Q1,2022-03-10,0001730168-22-000029,
GrossProfit,USD,5049000000.0,2021-11-01,2022-01-30,10-Q,2023.0,Q1,2023-03-08,0001730168-23-000008,CY2021Q4
GrossProfit,USD,10488000000.0,2021-11-01,2022-05-01,10-Q,2022.0,Q2,2022-06-09,0001730168-22-000081,
GrossProfit,USD,10488000000.0,2021-11-01,2022-05-01,10-Q,2023.0,Q2,2023-06-07,0001730168-23-000064,
GrossProfit,USD,5439000000.0,2022-01-31,2022-05-01,10-Q,2022.0,Q2,2022-06-09,0001730168-22-000081,
GrossProfit,USD,5439000000.0,2022-01-31,2022-05-01,10-Q,2023.0,Q2,2023-06-07,0001730168-23-000064,CY2022Q1
GrossProfit,USD,16169000000.0,2021-11-01,2022-07-31,10-Q,2022.0,Q3,2022-09-08,0001730168-22-000094,
GrossProfit,USD,16169000000.0,2021-11-01,2022-07-31,10-Q,2023.0,Q3,2023-09-06,0001730168-23-000077,
GrossProfit,USD,5681000000.0,2022-05-02,2022-07-31,10-Q,2022.0,Q3,2022-09-08,0001730168-22-000094,
GrossProfit,USD,5681000000.0,2022-05-02,2022-07-31,10-Q,2023.0,Q3,2023-09-06,0001730168-23-000077,CY2022Q2
GrossProfit,USD,22095000000.0,2021-11-01,2022-10-30,10-K,2022.0,FY,2022-12-16,0001730168-22-000118,
GrossProfit,USD,22095000000.0,2021-11-01,2022-10-30,10-K,2023.0,FY,2023-12-14,0001730168-23-000096,
GrossProfit,USD,22095000000.0,2021-11-01,2022-10-30,10-K,2024.0,FY,2024-12-20,0001730168-24-000139,CY2022
GrossProfit,USD,6004000000.0,2022-10-31,2023-01-29,10-Q,2023.0,Q1,2023-03-08,0001730168-23-000008,
GrossProfit,USD,6004000000.0,2022-10-31,2023-01-29,10-Q,2024.0,Q1,2024-03-14,0001730168-24-000023,CY2022Q4
GrossProfit,USD,12119000000.0,2022-10-31,2023-04-30,10-Q,2023.0,Q2,2023-06-07,0001730168-23-000064,
GrossProfit,USD,12119000000.0,2022-10-31,2023-04-30,10-Q,2024.0,Q2,2024-06-13,0001730168-24-000080,
GrossProfit,USD,6115000000.0,2023-01-30,2023-04-30,10-Q,2023.0,Q2,2023-06-07,0001730168-23-000064,
GrossProfit,USD,6115000000.0,2023-01-30,2023-04-30,10-Q,2024.0,Q2,2024-06-13,0001730168-24-000080,CY2023Q1
GrossProfit,USD,18283000000.0,2022-10-31,2023-07-30,10-Q,2023.0,Q3,2023-09-06,0001730168-23-000077,
GrossProfit,USD,18283000000.0,2022-10-31,2023-07-30,10-Q,2024.0,Q3,2024-09-11,0001730168-24-000099,
GrossProfit,USD,6164000000.0,2023-05-01,2023-07-30,10-Q,2023.0,Q3,2023-09-06,0001730168-23-000077,
GrossProfit,USD,6164000000.0,2023-05-01,2023-07-30,10-Q,2024.0,Q3,2024-09-11,0001730168-24-000099,CY2023Q2
GrossProfit,USD,24690000000.0,2022-10-31,2023-10-29,10-K,2023.0,FY,2023-12-14,0001730168-23-000096,
GrossProfit,USD,24690000000.0,2022-10-31,2023-10-29,10-K,2024.0,FY,2024-12-20,0001730168-24-000139,
GrossProfit,USD,24690000000.0,2022-10-31,2023-10-29,10-K,2025.0,FY,2025-12-18,0001730168-25-000121,CY2023
GrossProfit,USD,7375000000.0,2023-10-30,2024-02-04,10-Q,2024.0,Q1,2024-03-14,0001730168-24-000023,
GrossProfit,USD,7375000000.0,2023-10-30,2024-02-04,10-Q,2025.0,Q1,2025-03-12,0001730168-25-000021,CY2023Q4
GrossProfit,USD,15151000000.0,2023-10-30,2024-05-05,10-Q,2024.0,Q2,2024-06-13,0001730168-24-000080,
GrossProfit,USD,15151000000.0,2023-10-30,2024-05-05,10-Q,2025.0,Q2,2025-06-11,0001730168-25-000064,
GrossProfit,USD,7776000000.0,2024-02-05,2024-05-05,10-Q,2024.0,Q2,2024-06-13,0001730168-24-000080,
GrossProfit,USD,7776000000.0,2024-02-05,2024-05-05,10-Q,2025.0,Q2,2025-06-11,0001730168-25-000064,CY2024Q1
GrossProfit,USD,23507000000.0,2023-10-30,2024-08-04,10-Q,2024.0,Q3,2024-09-11,0001730168-24-000099,
GrossProfit,USD,23507000000.0,2023-10-30,2024-08-04,10-Q,2025.0,Q3,2025-09-10,0001730168-25-000098,
GrossProfit,USD,8356000000.0,2024-05-06,2024-08-04,10-Q,2024.0,Q3,2024-09-11,0001730168-24-000099,
GrossProfit,USD,8356000000.0,2024-05-06,2024-08-04,10-Q,2025.0,Q3,2025-09-10,0001730168-25-000098,CY2024Q2
GrossProfit,USD,32509000000.0,2023-10-30,2024-11-03,10-K,2024.0,FY,2024-12-20,0001730168-24-000139,
GrossProfit,USD,32509000000.0,2023-10-30,2024-11-03,10-K,2025.0,FY,2025-12-18,0001730168-25-000121,CY2024
GrossProfit,USD,10145000000.0,2024-11-04,2025-02-02,10-Q,2025.0,Q1,2025-03-12,0001730168-25-000021,
GrossProfit,USD,10145000000.0,2024-11-04,2025-02-02,10-Q,2026.0,Q1,2026-03-11,0001730168-26-000016,CY2024Q4
GrossProfit,USD,20342000000.0,2024-11-04,2025-05-04,10-Q,2025.0,Q2,2025-06-11,0001730168-25-000064,
GrossProfit,USD,20342000000.0,2024-11-04,2025-05-04,10-Q,2026.0,Q2,2026-06-09,0001730168-26-000054,
GrossProfit,USD,10197000000.0,2025-02-03,2025-05-04,10-Q,2025.0,Q2,2025-06-11,0001730168-25-000064,
GrossProfit,USD,10197000000.0,2025-02-03,2025-05-04,10-Q,2026.0,Q2,2026-06-09,0001730168-26-000054,CY2025Q1
GrossProfit,USD,31045000000.0,2024-11-04,2025-08-03,10-Q,2025.0,Q3,2025-09-10,0001730168-25-000098,
GrossProfit,USD,31045000000.0,2024-11-04,2025-08-03,10-Q,2026.0,Q3,2026-09-10,0001730168-26-000080,
GrossProfit,USD,10703000000.0,2025-05-05,2025-08-03,10-Q,2025.0,Q3,2025-09-10,0001730168-25-000098,
GrossProfit,USD,10703000000.0,2025-05-05,2025-08-03,10-Q,2026.0,Q3,2026-09-10,0001730168-26-000080,CY2025Q2
GrossProfit,USD,43294000000.0,2024-11-04,2025-11-02,10-K,2025.0,FY,2025-12-18,0001730168-25-000121,CY2025
GrossProfit,USD,13157000000.0,2025-11-03,2026-02-01,10-Q,2026.0,Q1,2026-03-11,0001730168-26-000016,CY2025Q4
GrossProfit,USD,28572000000.0,2025-11-03,2026-05-03,10-Q,2026.0,Q2,2026-06-09,0001730168-26-000054,
GrossProfit,USD,15415000000.0,2026-02-02,2026-05-03,10-Q,2026.0,Q2,2026-06-09,0001730168-26-000054,CY2026Q1
GrossProfit,USD,49028000000.0,2025-11-03,2026-08-02,10-Q,2026.0,Q3,2026-09-10,0001730168-26-000080,
GrossProfit,USD,20456000000.0,2026-05-04,2026-08-02,10-Q,2026.0,Q3,2026-09-10,0001730168-26-000080,CY2026Q2
Liabilities,USD,31232000000.0,,2017-10-29,10-Q,2018.0,Q2,2018-06-14,0001730168-18-000019,
Liabilities,USD,31232000000.0,,2017-10-29,10-Q,2018.0,Q3,2018-09-13,0001730168-18-000039,
Liabilities,USD,31232000000.0,,2017-10-29,10-K,2018.0,FY,2018-12-21,0001730168-18-000084,CY2017Q3I
Liabilities,USD,22869000000.0,,2018-05-06,10-Q,2018.0,Q2,2018-06-14,0001730168-18-000019,CY2018Q1I
Liabilities,USD,22920000000.0,,2018-08-05,10-Q,2018.0,Q3,2018-09-13,0001730168-18-000039,CY2018Q2I
Liabilities,USD,23467000000.0,,2018-11-04,10-K,2018.0,FY,2018-12-21,0001730168-18-000084,
Liabilities,USD,23467000000.0,,2018-11-04,10-Q,2019.0,Q1,2019-03-15,0001730168-19-000036,
Liabilities,USD,23467000000.0,,2018-11-04,10-Q,2019.0,Q2,2019-06-14,0001730168-19-000101,
Liabilities,USD,23467000000.0,,2018-11-04,10-Q,2019.0,Q3,2019-09-13,0001730168-19-000118,
Liabilities,USD,23467000000.0,,2018-11-04,10-K,2019.0,FY,2019-12-20,0001730168-19-000144,
Liabilities,USD,23467000000.0,,2018-11-04,8-K,,,2020-06-26,0001730168-20-000126,CY2018Q3I
Liabilities,USD,48886000000.0,,2019-02-03,10-Q,2019.0,Q1,2019-03-15,0001730168-19-000036,CY2018Q4I
Liabilities,USD,48744000000.0,,2019-05-05,10-Q,2019.0,Q2,2019-06-14,0001730168-19-000101,CY2019Q1I
Liabilities,USD,48264000000.0,,2019-08-04,10-Q,2019.0,Q3,2019-09-13,0001730168-19-000118,CY2019Q2I
Liabilities,USD,42523000000.0,,2019-11-03,10-K,2019.0,FY,2019-12-20,0001730168-19-000144,
Liabilities,USD,42523000000.0,,2019-11-03,10-Q,2020.0,Q1,2020-03-13,0001730168-20-000045,
Liabilities,USD,42523000000.0,,2019-11-03,10-Q,2020.0,Q2,2020-06-12,0001730168-20-000109,
Liabilities,USD,42523000000.0,,2019-11-03,8-K,,,2020-06-26,0001730168-20-000126,
Liabilities,USD,42523000000.0,,2019-11-03,10-Q,2020.0,Q3,2020-09-11,0001730168-20-000164,
Liabilities,USD,42523000000.0,,2019-11-03,10-K,2020.0,FY,2020-12-18,0001730168-20-000226,CY2019Q3I
Liabilities,USD,56610000000.0,,2020-02-02,10-Q,2020.0,Q1,2020-03-13,0001730168-20-000045,CY2019Q4I
Liabilities,USD,57578000000.0,,2020-05-03,10-Q,2020.0,Q2,2020-06-12,0001730168-20-000109,CY2020Q1I
Liabilities,USD,55713000000.0,,2020-08-02,10-Q,2020.0,Q3,2020-09-11,0001730168-20-000164,CY2020Q2I
Liabilities,USD,52032000000.0,,2020-11-01,10-K,2020.0,FY,2020-12-18,0001730168-20-000226,
Liabilities,USD,52032000000.0,,2020-11-01,10-Q,2021.0,Q1,2021-03-12,0001730168-21-000045,
Liabilities,USD,52032000000.0,,2020-11-01,10-Q,2021.0,Q2,2021-06-11,0001730168-21-000116,
Liabilities,USD,52032000000.0,,2020-11-01,10-Q,2021.0,Q3,2021-09-09,0001730168-21-000123,
Liabilities,USD,52032000000.0,,2020-11-01,10-K,2021.0,FY,2021-12-17,0001730168-21-000153,CY2020Q3I
Liabilities,USD,52973000000.0,,2021-01-31,10-Q,2021.0,Q1,2021-03-12,0001730168-21-000045,CY2020Q4I
Liabilities,USD,51558000000.0,,2021-05-02,10-Q,2021.0,Q2,2021-06-11,0001730168-21-000116,CY2021Q1I
Liabilities,USD,51513000000.0,,2021-08-01,10-Q,2021.0,Q3,2021-09-09,0001730168-21-000123,CY2021Q2I
Liabilities,USD,50581000000.0,,2021-10-31,10-K,2021.0,FY,2021-12-17,0001730168-21-000153,
Liabilities,USD,50581000000.0,,2021-10-31,10-Q,2022.0,Q1,2022-03-10,0001730168-22-000029,
Liabilities,USD,50581000000.0,,2021-10-31,10-Q,2022.0,Q2,2022-06-09,0001730168-22-000081,
Liabilities,USD,50581000000.0,,2021-10-31,10-Q,2022.0,Q3,2022-09-08,0001730168-22-000094,
Liabilities,USD,50581000000.0,,2021-10-31,10-K,2022.0,FY,2022-12-16,0001730168-22-000118,CY2021Q3I
Liabilities,USD,50230000000.0,,2022-01-30,10-Q,2022.0,Q1,2022-03-10,0001730168-22-000029,CY2021Q4I
Liabilities,USD,50729000000.0,,2022-05-01,10-Q,2022.0,Q2,2022-06-09,0001730168-22-000081,CY2022Q1I
Liabilities,USD,50423000000.0,,2022-07-31,10-Q,2022.0,Q3,2022-09-08,0001730168-22-000094,CY2022Q2I
Liabilities,USD,50540000000.0,,2022-10-30,10-K,2022.0,FY,2022-12-16,0001730168-22-000118,
Liabilities,USD,50540000000.0,,2022-10-30,10-Q,2023.0,Q1,2023-03-08,0001730168-23-000008,
Liabilities,USD,50540000000.0,,2022-10-30,10-Q,2023.0,Q2,2023-06-07,0001730168-23-000064,
Liabilities,USD,50540000000.0,,2022-10-30,10-Q,2023.0,Q3,2023-09-06,0001730168-23-000077,
Liabilities,USD,50540000000.0,,2022-10-30,10-K,2023.0,FY,2023-12-14,0001730168-23-000096,CY2022Q3I
Liabilities,USD,49666000000.0,,2023-01-29,10-Q,2023.0,Q1,2023-03-08,0001730168-23-000008,CY2022Q4I
Liabilities,USD,49660000000.0,,2023-04-30,10-Q,2023.0,Q2,2023-06-07,0001730168-23-000064,CY2023Q1I
Liabilities,USD,49516000000.0,,2023-07-30,10-Q,2023.0,Q3,2023-09-06,0001730168-23-000077,CY2023Q2I
Liabilities,USD,48873000000.0,,2023-10-29,10-K,2023.0,FY,2023-12-14,0001730168-23-000096,
Liabilities,USD,48873000000.0,,2023-10-29,10-Q,2024.0,Q1,2024-03-14,0001730168-24-000023,
Liabilities,USD,48873000000.0,,2023-10-29,10-Q,2024.0,Q2,2024-06-13,0001730168-24-000080,
Liabilities,USD,48873000000.0,,2023-10-29,10-Q,2024.0,Q3,2024-09-11,0001730168-24-000099,
Liabilities,USD,48873000000.0,,2023-10-29,10-K,2024.0,FY,2024-12-20,0001730168-24-000139,CY2023Q3I
Liabilities,USD,107586000000.0,,2024-02-04,10-Q,2024.0,Q1,2024-03-14,0001730168-24-000023,CY2023Q4I
Liabilities,USD,105250000000.0,,2024-05-05,10-Q,2024.0,Q2,2024-06-13,0001730168-24-000080,CY2024Q1I
Liabilities,USD,102315000000.0,,2024-08-04,10-Q,2024.0,Q3,2024-09-11,0001730168-24-000099,CY2024Q2I
Liabilities,USD,97967000000.0,,2024-11-03,10-K,2024.0,FY,2024-12-20,0001730168-24-000139,
Liabilities,USD,97967000000.0,,2024-11-03,10-Q,2025.0,Q1,2025-03-12,0001730168-25-000021,
Liabilities,USD,97967000000.0,,2024-11-03,10-Q,2025.0,Q2,2025-06-11,0001730168-25-000064,
Liabilities,USD,97967000000.0,,2024-11-03,10-Q,2025.0,Q3,2025-09-10,0001730168-25-000098,
Liabilities,USD,97967000000.0,,2024-11-03,10-K,2025.0,FY,2025-12-18,0001730168-25-000121,CY2024Q3I
Liabilities,USD,95569000000.0,,2025-02-02,10-Q,2025.0,Q1,2025-03-12,0001730168-25-000021,CY2024Q4I
Liabilities,USD,95044000000.0,,2025-05-04,10-Q,2025.0,Q2,2025-06-11,0001730168-25-000064,CY2025Q1I
Liabilities,USD,92344000000.0,,2025-08-03,10-Q,2025.0,Q3,2025-09-10,0001730168-25-000098,CY2025Q2I
Liabilities,USD,89800000000.0,,2025-11-02,10-K,2025.0,FY,2025-12-18,0001730168-25-000121,
Liabilities,USD,89800000000.0,,2025-11-02,10-Q,2026.0,Q1,2026-03-11,0001730168-26-000016,
Liabilities,USD,89800000000.0,,2025-11-02,10-Q,2026.0,Q2,2026-06-09,0001730168-26-000054,
Liabilities,USD,89800000000.0,,2025-11-02,10-Q,2026.0,Q3,2026-09-10,0001730168-26-000080,CY2025Q3I
Liabilities,USD,90031000000.0,,2026-02-01,10-Q,2026.0,Q1,2026-03-11,0001730168-26-000016,CY2025Q4I
Liabilities,USD,91467000000.0,,2026-05-03,10-Q,2026.0,Q2,2026-06-09,0001730168-26-000054,CY2026Q1I
Liabilities,USD,88458000000.0,,2026-08-02,10-Q,2026.0,Q3,2026-09-10,0001730168-26-000080,CY2026Q2I
LongTermDebtNoncurrent,USD,17431000000.0,,2017-10-29,10-Q,2018.0,Q2,2018-06-14,0001730168-18-000019,
LongTermDebtNoncurrent,USD,17431000000.0,,2017-10-29,10-Q,2018.0,Q3,2018-09-13,0001730168-18-000039,
LongTermDebtNoncurrent,USD,17431000000.0,,2017-10-29,10-K,2018.0,FY,2018-12-21,0001730168-18-000084,CY2017Q3I
LongTermDebtNoncurrent,USD,17481000000.0,,2018-05-06,10-Q,2018.0,Q2,2018-06-14,0001730168-18-000019,CY2018Q1I
LongTermDebtNoncurrent,USD,17487000000.0,,2018-08-05,10-Q,2018.0,Q3,2018-09-13,0001730168-18-000039,CY2018Q2I
LongTermDebtNoncurrent,USD,17493000000.0,,2018-11-04,10-K,2018.0,FY,2018-12-21,0001730168-18-000084,
LongTermDebtNoncurrent,USD,17493000000.0,,2018-11-04,10-Q,2019.0,Q1,2019-03-15,0001730168-19-000036,
LongTermDebtNoncurrent,USD,17493000000.0,,2018-11-04,10-Q,2019.0,Q2,2019-06-14,0001730168-19-000101,
LongTermDebtNoncurrent,USD,17493000000.0,,2018-11-04,10-Q,2019.0,Q3,2019-09-13,0001730168-19-000118,
LongTermDebtNoncurrent,USD,17493000000.0,,2018-11-04,10-K,2019.0,FY,2019-12-20,0001730168-19-000144,
LongTermDebtNoncurrent,USD,17493000000.0,,2018-11-04,8-K,,,2020-06-26,0001730168-20-000126,CY2018Q3I
LongTermDebtNoncurrent,USD,34104000000.0,,2019-02-03,10-Q,2019.0,Q1,2019-03-15,0001730168-19-000036,CY2018Q4I
LongTermDebtNoncurrent,USD,34011000000.0,,2019-05-05,10-Q,2019.0,Q2,2019-06-14,0001730168-19-000101,CY2019Q1I
LongTermDebtNoncurrent,USD,34028000000.0,,2019-08-04,10-Q,2019.0,Q3,2019-09-13,0001730168-19-000118,CY2019Q2I
LongTermDebtNoncurrent,USD,30011000000.0,,2019-11-03,10-K,2019.0,FY,2019-12-20,0001730168-19-000144,
LongTermDebtNoncurrent,USD,30011000000.0,,2019-11-03,10-Q,2020.0,Q1,2020-03-13,0001730168-20-000045,
LongTermDebtNoncurrent,USD,30011000000.0,,2019-11-03,10-Q,2020.0,Q2,2020-06-12,0001730168-20-000109,
LongTermDebtNoncurrent,USD,30011000000.0,,2019-11-03,8-K,,,2020-06-26,0001730168-20-000126,
LongTermDebtNoncurrent,USD,30011000000.0,,2019-11-03,10-Q,2020.0,Q3,2020-09-11,0001730168-20-000164,
LongTermDebtNoncurrent,USD,30011000000.0,,2019-11-03,10-K,2020.0,FY,2020-12-18,0001730168-20-000226,CY2019Q3I
LongTermDebtNoncurrent,USD,42407000000.0,,2020-02-02,10-Q,2020.0,Q1,2020-03-13,0001730168-20-000045,CY2019Q4I
LongTermDebtNoncurrent,USD,45044000000.0,,2020-05-03,10-Q,2020.0,Q2,2020-06-12,0001730168-20-000109,CY2020Q1I
LongTermDebtNoncurrent,USD,43201000000.0,,2020-08-02,10-Q,2020.0,Q3,2020-09-11,0001730168-20-000164,CY2020Q2I
LongTermDebtNoncurrent,USD,40235000000.0,,2020-11-01,10-K,2020.0,FY,2020-12-18,0001730168-20-000226,
LongTermDebtNoncurrent,USD,40235000000.0,,2020-11-01,10-Q,2021.0,Q1,2021-03-12,0001730168-21-000045,
LongTermDebtNoncurrent,USD,40235000000.0,,2020-11-01,10-Q,2021.0,Q2,2021-06-11,0001730168-21-000116,
LongTermDebtNoncurrent,USD,40235000000.0,,2020-11-01,10-Q,2021.0,Q3,2021-09-09,0001730168-21-000123,
LongTermDebtNoncurrent,USD,40235000000.0,,2020-11-01,10-K,2021.0,FY,2021-12-17,0001730168-21-000153,CY2020Q3I
LongTermDebtNoncurrent,USD,41068000000.0,,2021-01-31,10-Q,2021.0,Q1,2021-03-12,0001730168-21-000045,CY2020Q4I
LongTermDebtNoncurrent,USD,40160000000.0,,2021-05-02,10-Q,2021.0,Q2,2021-06-11,0001730168-21-000116,CY2021Q1I
LongTermDebtNoncurrent,USD,40178000000.0,,2021-08-01,10-Q,2021.0,Q3,2021-09-09,0001730168-21-000123,CY2021Q2I
LongTermDebtNoncurrent,USD,39440000000.0,,2021-10-31,10-K,2021.0,FY,2021-12-17,0001730168-21-000153,
LongTermDebtNoncurrent,USD,39440000000.0,,2021-10-31,10-Q,2022.0,Q1,2022-03-10,0001730168-22-000029,
LongTermDebtNoncurrent,USD,41235000000.0,,2021-10-31,10-Q,2022.0,Q2,2022-06-09,0001730168-22-000081,
LongTermDebtNoncurrent,USD,41235000000.0,,2021-10-31,10-Q,2022.0,Q3,2022-09-08,0001730168-22-000094,CY2021Q3I
LongTermDebtNoncurrent,USD,39205000000.0,,2022-01-30,10-Q,2022.0,Q1,2022-03-10,0001730168-22-000029,CY2021Q4I
LongTermDebtNoncurrent,USD,40958000000.0,,2022-05-01,10-Q,2022.0,Q2,2022-06-09,0001730168-22-000081,CY2022Q1I
LongTermDebtNoncurrent,USD,40958000000.0,,2022-07-31,10-Q,2022.0,Q3,2022-09-08,0001730168-22-000094,CY2022Q2I
LongTermDebtNoncurrent,USD,61984000000.0,,2025-11-02,10-Q,2026.0,Q1,2026-03-11,0001730168-26-000016,
LongTermDebtNoncurrent,USD,61984000000.0,,2025-11-02,10-Q,2026.0,Q2,2026-06-09,0001730168-26-000054,
LongTermDebtNoncurrent,USD,61984000000.0,,2025-11-02,10-Q,2026.0,Q3,2026-09-10,0001730168-26-000080,CY2025Q3I
LongTermDebtNoncurrent,USD,63805000000.0,,2026-02-01,10-Q,2026.0,Q1,2026-03-11,0001730168-26-000016,CY2025Q4I
LongTermDebtNoncurrent,USD,62655000000.0,,2026-05-03,10-Q,2026.0,Q2,2026-06-09,0001730168-26-000054,CY2026Q1I
LongTermDebtNoncurrent,USD,57167000000.0,,2026-08-02,10-Q,2026.0,Q3,2026-09-10,0001730168-26-000080,CY2026Q2I
NetCashProvidedByUsedInOperatingActivities,USD,3411000000.0,2015-11-02,2016-10-30,10-K,2018.0,FY,2018-12-21,0001730168-18-000084,CY2016
NetCashProvidedByUsedInOperatingActivities,USD,2936000000.0,2016-10-31,2017-04-30,10-Q,2018.0,Q2,2018-06-14,0001730168-18-000019,
NetCashProvidedByUsedInOperatingActivities,USD,4592000000.0,2016-10-31,2017-07-30,10-Q,2018.0,Q3,2018-09-13,0001730168-18-000039,
NetCashProvidedByUsedInOperatingActivities,USD,6551000000.0,2016-10-31,2017-10-29,10-K,2018.0,FY,2018-12-21,0001730168-18-000084,
NetCashProvidedByUsedInOperatingActivities,USD,6551000000.0,2016-10-31,2017-10-29,10-K,2019.0,FY,2019-12-20,0001730168-19-000144,
NetCashProvidedByUsedInOperatingActivities,USD,6551000000.0,2016-10-31,2017-10-29,8-K,,,2020-06-26,0001730168-20-000126,CY2017
NetCashProvidedByUsedInOperatingActivities,USD,1685000000.0,2017-10-30,2018-02-04,10-Q,2019.0,Q1,2019-03-15,0001730168-19-000036,CY2017Q4
NetCashProvidedByUsedInOperatingActivities,USD,3998000000.0,2017-10-30,2018-05-06,10-Q,2018.0,Q2,2018-06-14,0001730168-18-000019,
NetCashProvidedByUsedInOperatingActivities,USD,3998000000.0,2017-10-30,2018-05-06,10-Q,2019.0,Q2,2019-06-14,0001730168-19-000101,
NetCashProvidedByUsedInOperatingActivities,USD,6245000000.0,2017-10-30,2018-08-05,10-Q,2018.0,Q3,2018-09-13,0001730168-18-000039,
NetCashProvidedByUsedInOperatingActivities,USD,6245000000.0,2017-10-30,2018-08-05,10-Q,2019.0,Q3,2019-09-13,0001730168-19-000118,
NetCashProvidedByUsedInOperatingActivities,USD,8880000000.0,2017-10-30,2018-11-04,10-K,2018.0,FY,2018-12-21,0001730168-18-000084,
NetCashProvidedByUsedInOperatingActivities,USD,8880000000.0,2017-10-30,2018-11-04,10-K,2019.0,FY,2019-12-20,0001730168-19-000144,
NetCashProvidedByUsedInOperatingActivities,USD,8880000000.0,2017-10-30,2018-11-04,8-K,,,2020-06-26,0001730168-20-000126,
NetCashProvidedByUsedInOperatingActivities,USD,8880000000.0,2017-10-30,2018-11-04,10-K,2020.0,FY,2020-12-18,0001730168-20-000226,CY2018
NetCashProvidedByUsedInOperatingActivities,USD,2132000000.0,2018-11-05,2019-02-03,10-Q,2019.0,Q1,2019-03-15,0001730168-19-000036,
NetCashProvidedByUsedInOperatingActivities,USD,2132000000.0,2018-11-05,2019-02-03,10-Q,2020.0,Q1,2020-03-13,0001730168-20-000045,CY2018Q4
NetCashProvidedByUsedInOperatingActivities,USD,4799000000.0,2018-11-05,2019-05-05,10-Q,2019.0,Q2,2019-06-14,0001730168-19-000101,
NetCashProvidedByUsedInOperatingActivities,USD,4799000000.0,2018-11-05,2019-05-05,10-Q,2020.0,Q2,2020-06-12,0001730168-20-000109,
NetCashProvidedByUsedInOperatingActivities,USD,7218000000.0,2018-11-05,2019-08-04,10-Q,2019.0,Q3,2019-09-13,0001730168-19-000118,
NetCashProvidedByUsedInOperatingActivities,USD,7218000000.0,2018-11-05,2019-08-04,10-Q,2020.0,Q3,2020-09-11,0001730168-20-000164,
NetCashProvidedByUsedInOperatingActivities,USD,9697000000.0,2018-11-05,2019-11-03,10-K,2019.0,FY,2019-12-20,0001730168-19-000144,
NetCashProvidedByUsedInOperatingActivities,USD,9697000000.0,2018-11-05,2019-11-03,8-K,,,2020-06-26,0001730168-20-000126,
NetCashProvidedByUsedInOperatingActivities,USD,9697000000.0,2018-11-05,2019-11-03,10-K,2020.0,FY,2020-12-18,0001730168-20-000226,
NetCashProvidedByUsedInOperatingActivities,USD,9697000000.0,2018-11-05,2019-11-03,10-K,2021.0,FY,2021-12-17,0001730168-21-000153,CY2019
NetCashProvidedByUsedInOperatingActivities,USD,2322000000.0,2019-11-04,2020-02-02,10-Q,2020.0,Q1,2020-03-13,0001730168-20-000045,
NetCashProvidedByUsedInOperatingActivities,USD,2322000000.0,2019-11-04,2020-02-02,10-Q,2021.0,Q1,2021-03-12,0001730168-21-000045,CY2019Q4
NetCashProvidedByUsedInOperatingActivities,USD,5535000000.0,2019-11-04,2020-05-03,10-Q,2020.0,Q2,2020-06-12,0001730168-20-000109,
NetCashProvidedByUsedInOperatingActivities,USD,5535000000.0,2019-11-04,2020-05-03,10-Q,2021.0,Q2,2021-06-11,0001730168-21-000116,
NetCashProvidedByUsedInOperatingActivities,USD,8713000000.0,2019-11-04,2020-08-02,10-Q,2020.0,Q3,2020-09-11,0001730168-20-000164,
NetCashProvidedByUsedInOperatingActivities,USD,8713000000.0,2019-11-04,2020-08-02,10-Q,2021.0,Q3,2021-09-09,0001730168-21-000123,
NetCashProvidedByUsedInOperatingActivities,USD,12061000000.0,2019-11-04,2020-11-01,10-K,2020.0,FY,2020-12-18,0001730168-20-000226,
NetCashProvidedByUsedInOperatingActivities,USD,12061000000.0,2019-11-04,2020-11-01,10-K,2021.0,FY,2021-12-17,0001730168-21-000153,
NetCashProvidedByUsedInOperatingActivities,USD,12061000000.0,2019-11-04,2020-11-01,10-K,2022.0,FY,2022-12-16,0001730168-22-000118,CY2020
NetCashProvidedByUsedInOperatingActivities,USD,3113000000.0,2020-11-02,2021-01-31,10-Q,2021.0,Q1,2021-03-12,0001730168-21-000045,
NetCashProvidedByUsedInOperatingActivities,USD,3113000000.0,2020-11-02,2021-01-31,10-Q,2022.0,Q1,2022-03-10,0001730168-22-000029,CY2020Q4
NetCashProvidedByUsedInOperatingActivities,USD,6682000000.0,2020-11-02,2021-05-02,10-Q,2021.0,Q2,2021-06-11,0001730168-21-000116,
NetCashProvidedByUsedInOperatingActivities,USD,6682000000.0,2020-11-02,2021-05-02,10-Q,2022.0,Q2,2022-06-09,0001730168-22-000081,
NetCashProvidedByUsedInOperatingActivities,USD,10223000000.0,2020-11-02,2021-08-01,10-Q,2021.0,Q3,2021-09-09,0001730168-21-000123,
NetCashProvidedByUsedInOperatingActivities,USD,10223000000.0,2020-11-02,2021-08-01,10-Q,2022.0,Q3,2022-09-08,0001730168-22-000094,
NetCashProvidedByUsedInOperatingActivities,USD,13764000000.0,2020-11-02,2021-10-31,10-K,2021.0,FY,2021-12-17,0001730168-21-000153,
NetCashProvidedByUsedInOperatingActivities,USD,13764000000.0,2020-11-02,2021-10-31,10-K,2022.0,FY,2022-12-16,0001730168-22-000118,
NetCashProvidedByUsedInOperatingActivities,USD,13764000000.0,2020-11-02,2021-10-31,10-K,2023.0,FY,2023-12-14,0001730168-23-000096,CY2021
NetCashProvidedByUsedInOperatingActivities,USD,3486000000.0,2021-11-01,2022-01-30,10-Q,2022.0,Q1,2022-03-10,0001730168-22-000029,
NetCashProvidedByUsedInOperatingActivities,USD,3486000000.0,2021-11-01,2022-01-30,10-Q,2023.0,Q1,2023-03-08,0001730168-23-000008,CY2021Q4
NetCashProvidedByUsedInOperatingActivities,USD,7729000000.0,2021-11-01,2022-05-01,10-Q,2022.0,Q2,2022-06-09,0001730168-22-000081,
NetCashProvidedByUsedInOperatingActivities,USD,7729000000.0,2021-11-01,2022-05-01,10-Q,2023.0,Q2,2023-06-07,0001730168-23-000064,
NetCashProvidedByUsedInOperatingActivities,USD,12153000000.0,2021-11-01,2022-07-31,10-Q,2022.0,Q3,2022-09-08,0001730168-22-000094,
NetCashProvidedByUsedInOperatingActivities,USD,12153000000.0,2021-11-01,2022-07-31,10-Q,2023.0,Q3,2023-09-06,0001730168-23-000077,
NetCashProvidedByUsedInOperatingActivities,USD,16736000000.0,2021-11-01,2022-10-30,10-K,2022.0,FY,2022-12-16,0001730168-22-000118,
NetCashProvidedByUsedInOperatingActivities,USD,16736000000.0,2021-11-01,2022-10-30,10-K,2023.0,FY,2023-12-14,0001730168-23-000096,
NetCashProvidedByUsedInOperatingActivities,USD,16736000000.0,2021-11-01,2022-10-30,10-K,2024.0,FY,2024-12-20,0001730168-24-000139,CY2022
NetCashProvidedByUsedInOperatingActivities,USD,4036000000.0,2022-10-31,2023-01-29,10-Q,2023.0,Q1,2023-03-08,0001730168-23-000008,
NetCashProvidedByUsedInOperatingActivities,USD,4036000000.0,2022-10-31,2023-01-29,10-Q,2024.0,Q1,2024-03-14,0001730168-24-000023,CY2022Q4
NetCashProvidedByUsedInOperatingActivities,USD,8538000000.0,2022-10-31,2023-04-30,10-Q,2023.0,Q2,2023-06-07,0001730168-23-000064,
NetCashProvidedByUsedInOperatingActivities,USD,8538000000.0,2022-10-31,2023-04-30,10-Q,2024.0,Q2,2024-06-13,0001730168-24-000080,
NetCashProvidedByUsedInOperatingActivities,USD,13257000000.0,2022-10-31,2023-07-30,10-Q,2023.0,Q3,2023-09-06,0001730168-23-000077,
NetCashProvidedByUsedInOperatingActivities,USD,13257000000.0,2022-10-31,2023-07-30,10-Q,2024.0,Q3,2024-09-11,0001730168-24-000099,
NetCashProvidedByUsedInOperatingActivities,USD,18085000000.0,2022-10-31,2023-10-29,10-K,2023.0,FY,2023-12-14,0001730168-23-000096,
NetCashProvidedByUsedInOperatingActivities,USD,18085000000.0,2022-10-31,2023-10-29,10-K,2024.0,FY,2024-12-20,0001730168-24-000139,
NetCashProvidedByUsedInOperatingActivities,USD,18085000000.0,2022-10-31,2023-10-29,10-K,2025.0,FY,2025-12-18,0001730168-25-000121,CY2023
NetCashProvidedByUsedInOperatingActivities,USD,4815000000.0,2023-10-30,2024-02-04,10-Q,2024.0,Q1,2024-03-14,0001730168-24-000023,
NetCashProvidedByUsedInOperatingActivities,USD,4815000000.0,2023-10-30,2024-02-04,10-Q,2025.0,Q1,2025-03-12,0001730168-25-000021,CY2023Q4
NetCashProvidedByUsedInOperatingActivities,USD,9395000000.0,2023-10-30,2024-05-05,10-Q,2024.0,Q2,2024-06-13,0001730168-24-000080,
NetCashProvidedByUsedInOperatingActivities,USD,9395000000.0,2023-10-30,2024-05-05,10-Q,2025.0,Q2,2025-06-11,0001730168-25-000064,
NetCashProvidedByUsedInOperatingActivities,USD,14358000000.0,2023-10-30,2024-08-04,10-Q,2024.0,Q3,2024-09-11,0001730168-24-000099,
NetCashProvidedByUsedInOperatingActivities,USD,14358000000.0,2023-10-30,2024-08-04,10-Q,2025.0,Q3,2025-09-10,0001730168-25-000098,
NetCashProvidedByUsedInOperatingActivities,USD,19962000000.0,2023-10-30,2024-11-03,10-K,2024.0,FY,2024-12-20,0001730168-24-000139,
NetCashProvidedByUsedInOperatingActivities,USD,19962000000.0,2023-10-30,2024-11-03,10-K,2025.0,FY,2025-12-18,0001730168-25-000121,CY2024
NetCashProvidedByUsedInOperatingActivities,USD,6113000000.0,2024-11-04,2025-02-02,10-Q,2025.0,Q1,2025-03-12,0001730168-25-000021,
NetCashProvidedByUsedInOperatingActivities,USD,6113000000.0,2024-11-04,2025-02-02,10-Q,2026.0,Q1,2026-03-11,0001730168-26-000016,CY2024Q4
NetCashProvidedByUsedInOperatingActivities,USD,12668000000.0,2024-11-04,2025-05-04,10-Q,2025.0,Q2,2025-06-11,0001730168-25-000064,
NetCashProvidedByUsedInOperatingActivities,USD,12668000000.0,2024-11-04,2025-05-04,10-Q,2026.0,Q2,2026-06-09,0001730168-26-000054,
NetCashProvidedByUsedInOperatingActivities,USD,19834000000.0,2024-11-04,2025-08-03,10-Q,2025.0,Q3,2025-09-10,0001730168-25-000098,
NetCashProvidedByUsedInOperatingActivities,USD,19834000000.0,2024-11-04,2025-08-03,10-Q,2026.0,Q3,2026-09-10,0001730168-26-000080,
NetCashProvidedByUsedInOperatingActivities,USD,27537000000.0,2024-11-04,2025-11-02,10-K,2025.0,FY,2025-12-18,0001730168-25-000121,CY2025
NetCashProvidedByUsedInOperatingActivities,USD,8260000000.0,2025-11-03,2026-02-01,10-Q,2026.0,Q1,2026-03-11,0001730168-26-000016,CY2025Q4
NetCashProvidedByUsedInOperatingActivities,USD,18753000000.0,2025-11-03,2026-05-03,10-Q,2026.0,Q2,2026-06-09,0001730168-26-000054,
NetCashProvidedByUsedInOperatingActivities,USD,32950000000.0,2025-11-03,2026-08-02,10-Q,2026.0,Q3,2026-09-10,0001730168-26-000080,
NetIncomeLoss,USD,-1739000000.0,2015-11-02,2016-10-30,10-K,2018.0,FY,2018-12-21,0001730168-18-000084,CY2016
NetIncomeLoss,USD,239000000.0,2016-10-31,2017-01-29,10-K,2018.0,FY,2018-12-21,0001730168-18-000084,CY2016Q4
NetIncomeLoss,USD,679000000.0,2016-10-31,2017-04-30,10-Q,2018.0,Q2,2018-06-14,0001730168-18-000019,
NetIncomeLoss,USD,440000000.0,2017-01-30,2017-04-30,10-Q,2018.0,Q2,2018-06-14,0001730168-18-000019,
NetIncomeLoss,USD,440000000.0,2017-01-30,2017-04-30,10-K,2018.0,FY,2018-12-21,0001730168-18-000084,CY2017Q1
NetIncomeLoss,USD,1160000000.0,2016-10-31,2017-07-30,10-Q,2018.0,Q3,2018-09-13,0001730168-18-000039,
NetIncomeLoss,USD,481000000.0,2017-05-01,2017-07-30,10-Q,2018.0,Q3,2018-09-13,0001730168-18-000039,
NetIncomeLoss,USD,481000000.0,2017-05-01,2017-07-30,10-K,2018.0,FY,2018-12-21,0001730168-18-000084,CY2017Q2
NetIncomeLoss,USD,1692000000.0,2016-10-31,2017-10-29,10-K,2018.0,FY,2018-12-21,0001730168-18-000084,CY2017
NetIncomeLoss,USD,532000000.0,2017-07-31,2017-10-29,10-K,2018.0,FY,2018-12-21,0001730168-18-000084,CY2017Q3
NetIncomeLoss,USD,6230000000.0,2017-10-30,2018-02-04,10-K,2018.0,FY,2018-12-21,0001730168-18-000084,
NetIncomeLoss,USD,6230000000.0,2017-10-30,2018-02-04,10-Q,2019.0,Q1,2019-03-15,0001730168-19-000036,CY2017Q4
NetIncomeLoss,USD,9948000000.0,2017-10-30,2018-05-06,10-Q,2018.0,Q2,2018-06-14,0001730168-18-000019,
NetIncomeLoss,USD,9948000000.0,2017-10-30,2018-05-06,10-Q,2019.0,Q2,2019-06-14,0001730168-19-000101,
NetIncomeLoss,USD,3718000000.0,2018-02-05,2018-05-06,10-Q,2018.0,Q2,2018-06-14,0001730168-18-000019,
NetIncomeLoss,USD,3718000000.0,2018-02-05,2018-05-06,10-K,2018.0,FY,2018-12-21,0001730168-18-000084,
NetIncomeLoss,USD,3718000000.0,2018-02-05,2018-05-06,10-Q,2019.0,Q2,2019-06-14,0001730168-19-000101,CY2018Q1
NetIncomeLoss,USD,11144000000.0,2017-10-30,2018-08-05,10-Q,2018.0,Q3,2018-09-13,0001730168-18-000039,
NetIncomeLoss,USD,11144000000.0,2017-10-30,2018-08-05,10-Q,2019.0,Q3,2019-09-13,0001730168-19-000118,
NetIncomeLoss,USD,1196000000.0,2018-05-07,2018-08-05,10-Q,2018.0,Q3,2018-09-13,0001730168-18-000039,
NetIncomeLoss,USD,1196000000.0,2018-05-07,2018-08-05,10-K,2018.0,FY,2018-12-21,0001730168-18-000084,
NetIncomeLoss,USD,1196000000.0,2018-05-07,2018-08-05,10-Q,2019.0,Q3,2019-09-13,0001730168-19-000118,CY2018Q2
NetIncomeLoss,USD,12259000000.0,2017-10-30,2018-11-04,10-K,2018.0,FY,2018-12-21,0001730168-18-000084,CY2018
NetIncomeLoss,USD,1115000000.0,2018-08-06,2018-11-04,10-K,2018.0,FY,2018-12-21,0001730168-18-000084,CY2018Q3
NetIncomeLoss,USD,471000000.0,2018-11-05,2019-02-03,10-Q,2019.0,Q1,2019-03-15,0001730168-19-000036,CY2018Q4
NetIncomeLoss,USD,1162000000.0,2018-11-05,2019-05-05,10-Q,2019.0,Q2,2019-06-14,0001730168-19-000101,
NetIncomeLoss,USD,691000000.0,2019-02-04,2019-05-05,10-Q,2019.0,Q2,2019-06-14,0001730168-19-000101,CY2019Q1
NetIncomeLoss,USD,1877000000.0,2018-11-05,2019-08-04,10-Q,2019.0,Q3,2019-09-13,0001730168-19-000118,
NetIncomeLoss,USD,715000000.0,2019-05-06,2019-08-04,10-Q,2019.0,Q3,2019-09-13,0001730168-19-000118,CY2019Q2
NetIncomeLoss,USD,11495000000.0,2021-11-01,2022-10-30,10-K,2024.0,FY,2024-12-20,0001730168-24-000139,CY2022
NetIncomeLoss,USD,14082000000.0,2022-10-31,2023-10-29,10-K,2024.0,FY,2024-12-20,0001730168-24-000139,CY2023
NetIncomeLoss,USD,5895000000.0,2023-10-30,2024-11-03,10-K,2024.0,FY,2024-12-20,0001730168-24-000139,CY2024
OperatingIncomeLoss,USD,-409000000.0,2015-11-02,2016-10-30,10-K,2018.0,FY,2018-12-21,0001730168-18-000084,CY2016
OperatingIncomeLoss,USD,506000000.0,2016-10-31,2017-01-29,10-K,2018.0,FY,2018-12-21,0001730168-18-000084,CY2016Q4
OperatingIncomeLoss,USD,980000000.0,2016-10-31,2017-04-30,10-Q,2018.0,Q2,2018-06-14,0001730168-18-000019,
OperatingIncomeLoss,USD,474000000.0,2017-01-30,2017-04-30,10-Q,2018.0,Q2,2018-06-14,0001730168-18-000019,
OperatingIncomeLoss,USD,474000000.0,2017-01-30,2017-04-30,10-K,2018.0,FY,2018-12-21,0001730168-18-000084,CY2017Q1
OperatingIncomeLoss,USD,1628000000.0,2016-10-31,2017-07-30,10-Q,2018.0,Q3,2018-09-13,0001730168-18-000039,
OperatingIncomeLoss,USD,648000000.0,2017-05-01,2017-07-30,10-Q,2018.0,Q3,2018-09-13,0001730168-18-000039,
OperatingIncomeLoss,USD,648000000.0,2017-05-01,2017-07-30,10-K,2018.0,FY,2018-12-21,0001730168-18-000084,CY2017Q2
OperatingIncomeLoss,USD,2383000000.0,2016-10-31,2017-10-29,10-K,2018.0,FY,2018-12-21,0001730168-18-000084,
OperatingIncomeLoss,USD,2371000000.0,2016-10-31,2017-10-29,10-K,2019.0,FY,2019-12-20,0001730168-19-000144,
OperatingIncomeLoss,USD,2371000000.0,2016-10-31,2017-10-29,8-K,,,2020-06-26,0001730168-20-000126,CY2017
OperatingIncomeLoss,USD,755000000.0,2017-07-31,2017-10-29,10-K,2018.0,FY,2018-12-21,0001730168-18-000084,CY2017Q3
OperatingIncomeLoss,USD,943000000.0,2017-10-30,2018-02-04,10-K,2018.0,FY,2018-12-21,0001730168-18-000084,
OperatingIncomeLoss,USD,943000000.0,2017-10-30,2018-02-04,10-Q,2019.0,Q1,2019-03-15,0001730168-19-000036,
OperatingIncomeLoss,USD,943000000.0,2017-10-30,2018-02-04,10-K,2019.0,FY,2019-12-20,0001730168-19-000144,
OperatingIncomeLoss,USD,943000000.0,2017-10-30,2018-02-04,8-K,,,2020-06-26,0001730168-20-000126,CY2017Q4
OperatingIncomeLoss,USD,2144000000.0,2017-10-30,2018-05-06,10-Q,2018.0,Q2,2018-06-14,0001730168-18-000019,
OperatingIncomeLoss,USD,2144000000.0,2017-10-30,2018-05-06,10-Q,2019.0,Q2,2019-06-14,0001730168-19-000101,
OperatingIncomeLoss,USD,1201000000.0,2018-02-05,2018-05-06,10-Q,2018.0,Q2,2018-06-14,0001730168-18-000019,
OperatingIncomeLoss,USD,1201000000.0,2018-02-05,2018-05-06,10-K,2018.0,FY,2018-12-21,0001730168-18-000084,
OperatingIncomeLoss,USD,1201000000.0,2018-02-05,2018-05-06,10-Q,2019.0,Q2,2019-06-14,0001730168-19-000101,
OperatingIncomeLoss,USD,1201000000.0,2018-02-05,2018-05-06,10-K,2019.0,FY,2019-12-20,0001730168-19-000144,
OperatingIncomeLoss,USD,1201000000.0,2018-02-05,2018-05-06,8-K,,,2020-06-26,0001730168-20-000126,CY2018Q1
OperatingIncomeLoss,USD,3483000000.0,2017-10-30,2018-08-05,10-Q,2018.0,Q3,2018-09-13,0001730168-18-000039,
OperatingIncomeLoss,USD,3483000000.0,2017-10-30,2018-08-05,10-Q,2019.0,Q3,2019-09-13,0001730168-19-000118,
OperatingIncomeLoss,USD,1339000000.0,2018-05-07,2018-08-05,10-Q,2018.0,Q3,2018-09-13,0001730168-18-000039,
OperatingIncomeLoss,USD,1339000000.0,2018-05-07,2018-08-05,10-K,2018.0,FY,2018-12-21,0001730168-18-000084,
OperatingIncomeLoss,USD,1339000000.0,2018-05-07,2018-08-05,10-Q,2019.0,Q3,2019-09-13,0001730168-19-000118,
OperatingIncomeLoss,USD,1339000000.0,2018-05-07,2018-08-05,10-K,2019.0,FY,2019-12-20,0001730168-19-000144,
OperatingIncomeLoss,USD,1339000000.0,2018-05-07,2018-08-05,8-K,,,2020-06-26,0001730168-20-000126,CY2018Q2
OperatingIncomeLoss,USD,5135000000.0,2017-10-30,2018-11-04,10-K,2018.0,FY,2018-12-21,0001730168-18-000084,
OperatingIncomeLoss,USD,5135000000.0,2017-10-30,2018-11-04,10-K,2019.0,FY,2019-12-20,0001730168-19-000144,
OperatingIncomeLoss,USD,5135000000.0,2017-10-30,2018-11-04,8-K,,,2020-06-26,0001730168-20-000126,
OperatingIncomeLoss,USD,5135000000.0,2017-10-30,2018-11-04,10-K,2020.0,FY,2020-12-18,0001730168-20-000226,CY2018
OperatingIncomeLoss,USD,1652000000.0,2018-08-06,2018-11-04,10-K,2018.0,FY,2018-12-21,0001730168-18-000084,
OperatingIncomeLoss,USD,1652000000.0,2018-08-06,2018-11-04,10-K,2019.0,FY,2019-12-20,0001730168-19-000144,
OperatingIncomeLoss,USD,1652000000.0,2018-08-06,2018-11-04,8-K,,,2020-06-26,0001730168-20-000126,CY2018Q3
OperatingIncomeLoss,USD,555000000.0,2018-11-05,2019-02-03,10-Q,2019.0,Q1,2019-03-15,0001730168-19-000036,
OperatingIncomeLoss,USD,555000000.0,2018-11-05,2019-02-03,10-K,2019.0,FY,2019-12-20,0001730168-19-000144,
OperatingIncomeLoss,USD,555000000.0,2018-11-05,2019-02-03,10-Q,2020.0,Q1,2020-03-13,0001730168-20-000045,
OperatingIncomeLoss,USD,555000000.0,2018-11-05,2019-02-03,8-K,,,2020-06-26,0001730168-20-000126,
OperatingIncomeLoss,USD,555000000.0,2018-11-05,2019-02-03,10-K,2020.0,FY,2020-12-18,0001730168-20-000226,CY2018Q4
OperatingIncomeLoss,USD,1525000000.0,2018-11-05,2019-05-05,10-Q,2019.0,Q2,2019-06-14,0001730168-19-000101,
OperatingIncomeLoss,USD,1525000000.0,2018-11-05,2019-05-05,10-Q,2020.0,Q2,2020-06-12,0001730168-20-000109,
OperatingIncomeLoss,USD,970000000.0,2019-02-04,2019-05-05,10-Q,2019.0,Q2,2019-06-14,0001730168-19-000101,
OperatingIncomeLoss,USD,970000000.0,2019-02-04,2019-05-05,10-K,2019.0,FY,2019-12-20,0001730168-19-000144,
OperatingIncomeLoss,USD,970000000.0,2019-02-04,2019-05-05,10-Q,2020.0,Q2,2020-06-12,0001730168-20-000109,
OperatingIncomeLoss,USD,970000000.0,2019-02-04,2019-05-05,8-K,,,2020-06-26,0001730168-20-000126,
OperatingIncomeLoss,USD,970000000.0,2019-02-04,2019-05-05,10-K,2020.0,FY,2020-12-18,0001730168-20-000226,CY2019Q1
OperatingIncomeLoss,USD,2390000000.0,2018-11-05,2019-08-04,10-Q,2019.0,Q3,2019-09-13,0001730168-19-000118,
OperatingIncomeLoss,USD,2390000000.0,2018-11-05,2019-08-04,10-Q,2020.0,Q3,2020-09-11,0001730168-20-000164,
OperatingIncomeLoss,USD,865000000.0,2019-05-06,2019-08-04,10-Q,2019.0,Q3,2019-09-13,0001730168-19-000118,
OperatingIncomeLoss,USD,865000000.0,2019-05-06,2019-08-04,10-K,2019.0,FY,2019-12-20,0001730168-19-000144,
OperatingIncomeLoss,USD,865000000.0,2019-05-06,2019-08-04,8-K,,,2020-06-26,0001730168-20-000126,
OperatingIncomeLoss,USD,865000000.0,2019-05-06,2019-08-04,10-Q,2020.0,Q3,2020-09-11,0001730168-20-000164,
OperatingIncomeLoss,USD,865000000.0,2019-05-06,2019-08-04,10-K,2020.0,FY,2020-12-18,0001730168-20-000226,CY2019Q2
OperatingIncomeLoss,USD,3444000000.0,2018-11-05,2019-11-03,10-K,2019.0,FY,2019-12-20,0001730168-19-000144,
OperatingIncomeLoss,USD,3444000000.0,2018-11-05,2019-11-03,8-K,,,2020-06-26,0001730168-20-000126,
OperatingIncomeLoss,USD,3444000000.0,2018-11-05,2019-11-03,10-K,2020.0,FY,2020-12-18,0001730168-20-000226,
OperatingIncomeLoss,USD,3444000000.0,2018-11-05,2019-11-03,10-K,2021.0,FY,2021-12-17,0001730168-21-000153,CY2019
OperatingIncomeLoss,USD,1054000000.0,2019-08-05,2019-11-03,10-K,2019.0,FY,2019-12-20,0001730168-19-000144,
OperatingIncomeLoss,USD,1054000000.0,2019-08-05,2019-11-03,8-K,,,2020-06-26,0001730168-20-000126,
OperatingIncomeLoss,USD,1054000000.0,2019-08-05,2019-11-03,10-K,2020.0,FY,2020-12-18,0001730168-20-000226,CY2019Q3
OperatingIncomeLoss,USD,714000000.0,2019-11-04,2020-02-02,10-Q,2020.0,Q1,2020-03-13,0001730168-20-000045,
OperatingIncomeLoss,USD,714000000.0,2019-11-04,2020-02-02,10-K,2020.0,FY,2020-12-18,0001730168-20-000226,
OperatingIncomeLoss,USD,714000000.0,2019-11-04,2020-02-02,10-Q,2021.0,Q1,2021-03-12,0001730168-21-000045,CY2019Q4
OperatingIncomeLoss,USD,1480000000.0,2019-11-04,2020-05-03,10-Q,2020.0,Q2,2020-06-12,0001730168-20-000109,
OperatingIncomeLoss,USD,1480000000.0,2019-11-04,2020-05-03,10-Q,2021.0,Q2,2021-06-11,0001730168-21-000116,
OperatingIncomeLoss,USD,766000000.0,2020-02-03,2020-05-03,10-Q,2020.0,Q2,2020-06-12,0001730168-20-000109,
OperatingIncomeLoss,USD,766000000.0,2020-02-03,2020-05-03,10-K,2020.0,FY,2020-12-18,0001730168-20-000226,
OperatingIncomeLoss,USD,766000000.0,2020-02-03,2020-05-03,10-Q,2021.0,Q2,2021-06-11,0001730168-21-000116,CY2020Q1
OperatingIncomeLoss,USD,2488000000.0,2019-11-04,2020-08-02,10-Q,2020.0,Q3,2020-09-11,0001730168-20-000164,
OperatingIncomeLoss,USD,2488000000.0,2019-11-04,2020-08-02,10-Q,2021.0,Q3,2021-09-09,0001730168-21-000123,
OperatingIncomeLoss,USD,1008000000.0,2020-05-04,2020-08-02,10-Q,2020.0,Q3,2020-09-11,0001730168-20-000164,
OperatingIncomeLoss,USD,1008000000.0,2020-05-04,2020-08-02,10-K,2020.0,FY,2020-12-18,0001730168-20-000226,
OperatingIncomeLoss,USD,1008000000.0,2020-05-04,2020-08-02,10-Q,2021.0,Q3,2021-09-09,0001730168-21-000123,CY2020Q2
OperatingIncomeLoss,USD,4014000000.0,2019-11-04,2020-11-01,10-K,2020.0,FY,2020-12-18,0001730168-20-000226,
OperatingIncomeLoss,USD,4014000000.0,2019-11-04,2020-11-01,10-K,2021.0,FY,2021-12-17,0001730168-21-000153,
OperatingIncomeLoss,USD,4014000000.0,2019-11-04,2020-11-01,10-K,2022.0,FY,2022-12-16,0001730168-22-000118,CY2020
OperatingIncomeLoss,USD,1526000000.0,2020-08-03,2020-11-01,10-K,2020.0,FY,2020-12-18,0001730168-20-000226,CY2020Q3
OperatingIncomeLoss,USD,1837000000.0,2020-11-02,2021-01-31,10-Q,2021.0,Q1,2021-03-12,0001730168-21-000045,
OperatingIncomeLoss,USD,1837000000.0,2020-11-02,2021-01-31,10-Q,2022.0,Q1,2022-03-10,0001730168-22-000029,CY2020Q4
OperatingIncomeLoss,USD,3812000000.0,2020-11-02,2021-05-02,10-Q,2021.0,Q2,2021-06-11,0001730168-21-000116,
OperatingIncomeLoss,USD,3812000000.0,2020-11-02,2021-05-02,10-Q,2022.0,Q2,2022-06-09,0001730168-22-000081,
OperatingIncomeLoss,USD,1975000000.0,2021-02-01,2021-05-02,10-Q,2021.0,Q2,2021-06-11,0001730168-21-000116,
OperatingIncomeLoss,USD,1975000000.0,2021-02-01,2021-05-02,10-Q,2022.0,Q2,2022-06-09,0001730168-22-000081,CY2021Q1
OperatingIncomeLoss,USD,5938000000.0,2020-11-02,2021-08-01,10-Q,2021.0,Q3,2021-09-09,0001730168-21-000123,
OperatingIncomeLoss,USD,5938000000.0,2020-11-02,2021-08-01,10-Q,2022.0,Q3,2022-09-08,0001730168-22-000094,
OperatingIncomeLoss,USD,2126000000.0,2021-05-03,2021-08-01,10-Q,2021.0,Q3,2021-09-09,0001730168-21-000123,
OperatingIncomeLoss,USD,2126000000.0,2021-05-03,2021-08-01,10-Q,2022.0,Q3,2022-09-08,0001730168-22-000094,CY2021Q2
OperatingIncomeLoss,USD,8519000000.0,2020-11-02,2021-10-31,10-K,2021.0,FY,2021-12-17,0001730168-21-000153,
OperatingIncomeLoss,USD,8519000000.0,2020-11-02,2021-10-31,10-K,2022.0,FY,2022-12-16,0001730168-22-000118,
OperatingIncomeLoss,USD,8519000000.0,2020-11-02,2021-10-31,10-K,2023.0,FY,2023-12-14,0001730168-23-000096,CY2021
OperatingIncomeLoss,USD,3108000000.0,2021-11-01,2022-01-30,10-Q,2022.0,Q1,2022-03-10,0001730168-22-000029,
OperatingIncomeLoss,USD,3108000000.0,2021-11-01,2022-01-30,10-Q,2023.0,Q1,2023-03-08,0001730168-23-000008,CY2021Q4
OperatingIncomeLoss,USD,6502000000.0,2021-11-01,2022-05-01,10-Q,2022.0,Q2,2022-06-09,0001730168-22-000081,
OperatingIncomeLoss,USD,6502000000.0,2021-11-01,2022-05-01,10-Q,2023.0,Q2,2023-06-07,0001730168-23-000064,
OperatingIncomeLoss,USD,3394000000.0,2022-01-31,2022-05-01,10-Q,2022.0,Q2,2022-06-09,0001730168-22-000081,
OperatingIncomeLoss,USD,3394000000.0,2022-01-31,2022-05-01,10-Q,2023.0,Q2,2023-06-07,0001730168-23-000064,CY2022Q1
OperatingIncomeLoss,USD,10239000000.0,2021-11-01,2022-07-31,10-Q,2022.0,Q3,2022-09-08,0001730168-22-000094,
OperatingIncomeLoss,USD,10239000000.0,2021-11-01,2022-07-31,10-Q,2023.0,Q3,2023-09-06,0001730168-23-000077,
OperatingIncomeLoss,USD,3737000000.0,2022-05-02,2022-07-31,10-Q,2022.0,Q3,2022-09-08,0001730168-22-000094,
OperatingIncomeLoss,USD,3737000000.0,2022-05-02,2022-07-31,10-Q,2023.0,Q3,2023-09-06,0001730168-23-000077,CY2022Q2
OperatingIncomeLoss,USD,14225000000.0,2021-11-01,2022-10-30,10-K,2022.0,FY,2022-12-16,0001730168-22-000118,
OperatingIncomeLoss,USD,14225000000.0,2021-11-01,2022-10-30,10-K,2023.0,FY,2023-12-14,0001730168-23-000096,
OperatingIncomeLoss,USD,14225000000.0,2021-11-01,2022-10-30,10-K,2024.0,FY,2024-12-20,0001730168-24-000139,CY2022
OperatingIncomeLoss,USD,4103000000.0,2022-10-31,2023-01-29,10-Q,2023.0,Q1,2023-03-08,0001730168-23-000008,
OperatingIncomeLoss,USD,4103000000.0,2022-10-31,2023-01-29,10-Q,2024.0,Q1,2024-03-14,0001730168-24-000023,CY2022Q4
OperatingIncomeLoss,USD,8111000000.0,2022-10-31,2023-04-30,10-Q,2023.0,Q2,2023-06-07,0001730168-23-000064,
OperatingIncomeLoss,USD,8111000000.0,2022-10-31,2023-04-30,10-Q,2024.0,Q2,2024-06-13,0001730168-24-000080,
OperatingIncomeLoss,USD,4008000000.0,2023-01-30,2023-04-30,10-Q,2023.0,Q2,2023-06-07,0001730168-23-000064,
OperatingIncomeLoss,USD,4008000000.0,2023-01-30,2023-04-30,10-Q,2024.0,Q2,2024-06-13,0001730168-24-000080,CY2023Q1
OperatingIncomeLoss,USD,11967000000.0,2022-10-31,2023-07-30,10-Q,2023.0,Q3,2023-09-06,0001730168-23-000077,
OperatingIncomeLoss,USD,11967000000.0,2022-10-31,2023-07-30,10-Q,2024.0,Q3,2024-09-11,0001730168-24-000099,
OperatingIncomeLoss,USD,3856000000.0,2023-05-01,2023-07-30,10-Q,2023.0,Q3,2023-09-06,0001730168-23-000077,
OperatingIncomeLoss,USD,3856000000.0,2023-05-01,2023-07-30,10-Q,2024.0,Q3,2024-09-11,0001730168-24-000099,CY2023Q2
OperatingIncomeLoss,USD,16207000000.0,2022-10-31,2023-10-29,10-K,2023.0,FY,2023-12-14,0001730168-23-000096,
OperatingIncomeLoss,USD,16207000000.0,2022-10-31,2023-10-29,10-K,2024.0,FY,2024-12-20,0001730168-24-000139,
OperatingIncomeLoss,USD,16207000000.0,2022-10-31,2023-10-29,10-K,2025.0,FY,2025-12-18,0001730168-25-000121,CY2023
OperatingIncomeLoss,USD,2083000000.0,2023-10-30,2024-02-04,10-Q,2024.0,Q1,2024-03-14,0001730168-24-000023,
OperatingIncomeLoss,USD,2083000000.0,2023-10-30,2024-02-04,10-Q,2025.0,Q1,2025-03-12,0001730168-25-000021,CY2023Q4
OperatingIncomeLoss,USD,5048000000.0,2023-10-30,2024-05-05,10-Q,2024.0,Q2,2024-06-13,0001730168-24-000080,
OperatingIncomeLoss,USD,5048000000.0,2023-10-30,2024-05-05,10-Q,2025.0,Q2,2025-06-11,0001730168-25-000064,
OperatingIncomeLoss,USD,2965000000.0,2024-02-05,2024-05-05,10-Q,2024.0,Q2,2024-06-13,0001730168-24-000080,
OperatingIncomeLoss,USD,2965000000.0,2024-02-05,2024-05-05,10-Q,2025.0,Q2,2025-06-11,0001730168-25-000064,CY2024Q1
OperatingIncomeLoss,USD,8836000000.0,2023-10-30,2024-08-04,10-Q,2024.0,Q3,2024-09-11,0001730168-24-000099,
OperatingIncomeLoss,USD,8836000000.0,2023-10-30,2024-08-04,10-Q,2025.0,Q3,2025-09-10,0001730168-25-000098,
OperatingIncomeLoss,USD,3788000000.0,2024-05-06,2024-08-04,10-Q,2024.0,Q3,2024-09-11,0001730168-24-000099,
OperatingIncomeLoss,USD,3788000000.0,2024-05-06,2024-08-04,10-Q,2025.0,Q3,2025-09-10,0001730168-25-000098,CY2024Q2
OperatingIncomeLoss,USD,13463000000.0,2023-10-30,2024-11-03,10-K,2024.0,FY,2024-12-20,0001730168-24-000139,
OperatingIncomeLoss,USD,13463000000.0,2023-10-30,2024-11-03,10-K,2025.0,FY,2025-12-18,0001730168-25-000121,CY2024
OperatingIncomeLoss,USD,6260000000.0,2024-11-04,2025-02-02,10-Q,2025.0,Q1,2025-03-12,0001730168-25-000021,
OperatingIncomeLoss,USD,6260000000.0,2024-11-04,2025-02-02,10-Q,2026.0,Q1,2026-03-11,0001730168-26-000016,CY2024Q4
OperatingIncomeLoss,USD,12089000000.0,2024-11-04,2025-05-04,10-Q,2025.0,Q2,2025-06-11,0001730168-25-000064,
OperatingIncomeLoss,USD,12089000000.0,2024-11-04,2025-05-04,10-Q,2026.0,Q2,2026-06-09,0001730168-26-000054,
OperatingIncomeLoss,USD,5829000000.0,2025-02-03,2025-05-04,10-Q,2025.0,Q2,2025-06-11,0001730168-25-000064,
OperatingIncomeLoss,USD,5829000000.0,2025-02-03,2025-05-04,10-Q,2026.0,Q2,2026-06-09,0001730168-26-000054,CY2025Q1
OperatingIncomeLoss,USD,17976000000.0,2024-11-04,2025-08-03,10-Q,2025.0,Q3,2025-09-10,0001730168-25-000098,
OperatingIncomeLoss,USD,17976000000.0,2024-11-04,2025-08-03,10-Q,2026.0,Q3,2026-09-10,0001730168-26-000080,
OperatingIncomeLoss,USD,5887000000.0,2025-05-05,2025-08-03,10-Q,2025.0,Q3,2025-09-10,0001730168-25-000098,
OperatingIncomeLoss,USD,5887000000.0,2025-05-05,2025-08-03,10-Q,2026.0,Q3,2026-09-10,0001730168-26-000080,CY2025Q2
OperatingIncomeLoss,USD,25484000000.0,2024-11-04,2025-11-02,10-K,2025.0,FY,2025-12-18,0001730168-25-000121,CY2025
OperatingIncomeLoss,USD,8563000000.0,2025-11-03,2026-02-01,10-Q,2026.0,Q1,2026-03-11,0001730168-26-000016,CY2025Q4
OperatingIncomeLoss,USD,19351000000.0,2025-11-03,2026-05-03,10-Q,2026.0,Q2,2026-06-09,0001730168-26-000054,
OperatingIncomeLoss,USD,10788000000.0,2026-02-02,2026-05-03,10-Q,2026.0,Q2,2026-06-09,0001730168-26-000054,CY2026Q1
OperatingIncomeLoss,USD,35306000000.0,2025-11-03,2026-08-02,10-Q,2026.0,Q3,2026-09-10,0001730168-26-000080,
OperatingIncomeLoss,USD,15955000000.0,2026-05-04,2026-08-02,10-Q,2026.0,Q3,2026-09-10,0001730168-26-000080,CY2026Q2
PaymentsToAcquirePropertyPlantAndEquipment,USD,723000000.0,2015-11-02,2016-10-30,10-K,2018.0,FY,2018-12-21,0001730168-18-000084,CY2016
PaymentsToAcquirePropertyPlantAndEquipment,USD,581000000.0,2016-10-31,2017-04-30,10-Q,2018.0,Q2,2018-06-14,0001730168-18-000019,
PaymentsToAcquirePropertyPlantAndEquipment,USD,836000000.0,2016-10-31,2017-07-30,10-Q,2018.0,Q3,2018-09-13,0001730168-18-000039,
PaymentsToAcquirePropertyPlantAndEquipment,USD,1069000000.0,2016-10-31,2017-10-29,10-K,2018.0,FY,2018-12-21,0001730168-18-000084,
PaymentsToAcquirePropertyPlantAndEquipment,USD,1069000000.0,2016-10-31,2017-10-29,10-K,2019.0,FY,2019-12-20,0001730168-19-000144,
PaymentsToAcquirePropertyPlantAndEquipment,USD,1069000000.0,2016-10-31,2017-10-29,8-K,,,2020-06-26,0001730168-20-000126,CY2017
PaymentsToAcquirePropertyPlantAndEquipment,USD,220000000.0,2017-10-30,2018-02-04,10-Q,2019.0,Q1,2019-03-15,0001730168-19-000036,CY2017Q4
PaymentsToAcquirePropertyPlantAndEquipment,USD,409000000.0,2017-10-30,2018-05-06,10-Q,2018.0,Q2,2018-06-14,0001730168-18-000019,
PaymentsToAcquirePropertyPlantAndEquipment,USD,409000000.0,2017-10-30,2018-05-06,10-Q,2019.0,Q2,2019-06-14,0001730168-19-000101,
PaymentsToAcquirePropertyPlantAndEquipment,USD,529000000.0,2017-10-30,2018-08-05,10-Q,2018.0,Q3,2018-09-13,0001730168-18-000039,
PaymentsToAcquirePropertyPlantAndEquipment,USD,529000000.0,2017-10-30,2018-08-05,10-Q,2019.0,Q3,2019-09-13,0001730168-19-000118,
PaymentsToAcquirePropertyPlantAndEquipment,USD,635000000.0,2017-10-30,2018-11-04,10-K,2018.0,FY,2018-12-21,0001730168-18-000084,
PaymentsToAcquirePropertyPlantAndEquipment,USD,635000000.0,2017-10-30,2018-11-04,10-K,2019.0,FY,2019-12-20,0001730168-19-000144,
PaymentsToAcquirePropertyPlantAndEquipment,USD,635000000.0,2017-10-30,2018-11-04,8-K,,,2020-06-26,0001730168-20-000126,
PaymentsToAcquirePropertyPlantAndEquipment,USD,635000000.0,2017-10-30,2018-11-04,10-K,2020.0,FY,2020-12-18,0001730168-20-000226,CY2018
PaymentsToAcquirePropertyPlantAndEquipment,USD,99000000.0,2018-11-05,2019-02-03,10-Q,2019.0,Q1,2019-03-15,0001730168-19-000036,
PaymentsToAcquirePropertyPlantAndEquipment,USD,99000000.0,2018-11-05,2019-02-03,10-Q,2020.0,Q1,2020-03-13,0001730168-20-000045,CY2018Q4
PaymentsToAcquirePropertyPlantAndEquipment,USD,224000000.0,2018-11-05,2019-05-05,10-Q,2019.0,Q2,2019-06-14,0001730168-19-000101,
PaymentsToAcquirePropertyPlantAndEquipment,USD,224000000.0,2018-11-05,2019-05-05,10-Q,2020.0,Q2,2020-06-12,0001730168-20-000109,
PaymentsToAcquirePropertyPlantAndEquipment,USD,336000000.0,2018-11-05,2019-08-04,10-Q,2019.0,Q3,2019-09-13,0001730168-19-000118,
PaymentsToAcquirePropertyPlantAndEquipment,USD,336000000.0,2018-11-05,2019-08-04,10-Q,2020.0,Q3,2020-09-11,0001730168-20-000164,
PaymentsToAcquirePropertyPlantAndEquipment,USD,432000000.0,2018-11-05,2019-11-03,10-K,2019.0,FY,2019-12-20,0001730168-19-000144,
PaymentsToAcquirePropertyPlantAndEquipment,USD,432000000.0,2018-11-05,2019-11-03,8-K,,,2020-06-26,0001730168-20-000126,
PaymentsToAcquirePropertyPlantAndEquipment,USD,432000000.0,2018-11-05,2019-11-03,10-K,2020.0,FY,2020-12-18,0001730168-20-000226,
PaymentsToAcquirePropertyPlantAndEquipment,USD,432000000.0,2018-11-05,2019-11-03,10-K,2021.0,FY,2021-12-17,0001730168-21-000153,CY2019
PaymentsToAcquirePropertyPlantAndEquipment,USD,108000000.0,2019-11-04,2020-02-02,10-Q,2020.0,Q1,2020-03-13,0001730168-20-000045,
PaymentsToAcquirePropertyPlantAndEquipment,USD,108000000.0,2019-11-04,2020-02-02,10-Q,2021.0,Q1,2021-03-12,0001730168-21-000045,CY2019Q4
PaymentsToAcquirePropertyPlantAndEquipment,USD,256000000.0,2019-11-04,2020-05-03,10-Q,2020.0,Q2,2020-06-12,0001730168-20-000109,
PaymentsToAcquirePropertyPlantAndEquipment,USD,256000000.0,2019-11-04,2020-05-03,10-Q,2021.0,Q2,2021-06-11,0001730168-21-000116,
PaymentsToAcquirePropertyPlantAndEquipment,USD,361000000.0,2019-11-04,2020-08-02,10-Q,2020.0,Q3,2020-09-11,0001730168-20-000164,
PaymentsToAcquirePropertyPlantAndEquipment,USD,361000000.0,2019-11-04,2020-08-02,10-Q,2021.0,Q3,2021-09-09,0001730168-21-000123,
PaymentsToAcquirePropertyPlantAndEquipment,USD,463000000.0,2019-11-04,2020-11-01,10-K,2020.0,FY,2020-12-18,0001730168-20-000226,
PaymentsToAcquirePropertyPlantAndEquipment,USD,463000000.0,2019-11-04,2020-11-01,10-K,2021.0,FY,2021-12-17,0001730168-21-000153,
PaymentsToAcquirePropertyPlantAndEquipment,USD,463000000.0,2019-11-04,2020-11-01,10-K,2022.0,FY,2022-12-16,0001730168-22-000118,CY2020
PaymentsToAcquirePropertyPlantAndEquipment,USD,114000000.0,2020-11-02,2021-01-31,10-Q,2021.0,Q1,2021-03-12,0001730168-21-000045,
PaymentsToAcquirePropertyPlantAndEquipment,USD,114000000.0,2020-11-02,2021-01-31,10-Q,2022.0,Q1,2022-03-10,0001730168-22-000029,CY2020Q4
PaymentsToAcquirePropertyPlantAndEquipment,USD,240000000.0,2020-11-02,2021-05-02,10-Q,2021.0,Q2,2021-06-11,0001730168-21-000116,
PaymentsToAcquirePropertyPlantAndEquipment,USD,240000000.0,2020-11-02,2021-05-02,10-Q,2022.0,Q2,2022-06-09,0001730168-22-000081,
PaymentsToAcquirePropertyPlantAndEquipment,USD,355000000.0,2020-11-02,2021-08-01,10-Q,2021.0,Q3,2021-09-09,0001730168-21-000123,
PaymentsToAcquirePropertyPlantAndEquipment,USD,355000000.0,2020-11-02,2021-08-01,10-Q,2022.0,Q3,2022-09-08,0001730168-22-000094,
PaymentsToAcquirePropertyPlantAndEquipment,USD,443000000.0,2020-11-02,2021-10-31,10-K,2021.0,FY,2021-12-17,0001730168-21-000153,
PaymentsToAcquirePropertyPlantAndEquipment,USD,443000000.0,2020-11-02,2021-10-31,10-K,2022.0,FY,2022-12-16,0001730168-22-000118,
PaymentsToAcquirePropertyPlantAndEquipment,USD,443000000.0,2020-11-02,2021-10-31,10-K,2023.0,FY,2023-12-14,0001730168-23-000096,CY2021
PaymentsToAcquirePropertyPlantAndEquipment,USD,101000000.0,2021-11-01,2022-01-30,10-Q,2022.0,Q1,2022-03-10,0001730168-22-000029,
PaymentsToAcquirePropertyPlantAndEquipment,USD,101000000.0,2021-11-01,2022-01-30,10-Q,2023.0,Q1,2023-03-08,0001730168-23-000008,CY2021Q4
PaymentsToAcquirePropertyPlantAndEquipment,USD,186000000.0,2021-11-01,2022-05-01,10-Q,2022.0,Q2,2022-06-09,0001730168-22-000081,
PaymentsToAcquirePropertyPlantAndEquipment,USD,186000000.0,2021-11-01,2022-05-01,10-Q,2023.0,Q2,2023-06-07,0001730168-23-000064,
PaymentsToAcquirePropertyPlantAndEquipment,USD,302000000.0,2021-11-01,2022-07-31,10-Q,2022.0,Q3,2022-09-08,0001730168-22-000094,
PaymentsToAcquirePropertyPlantAndEquipment,USD,302000000.0,2021-11-01,2022-07-31,10-Q,2023.0,Q3,2023-09-06,0001730168-23-000077,
PaymentsToAcquirePropertyPlantAndEquipment,USD,424000000.0,2021-11-01,2022-10-30,10-K,2022.0,FY,2022-12-16,0001730168-22-000118,
PaymentsToAcquirePropertyPlantAndEquipment,USD,424000000.0,2021-11-01,2022-10-30,10-K,2023.0,FY,2023-12-14,0001730168-23-000096,
PaymentsToAcquirePropertyPlantAndEquipment,USD,424000000.0,2021-11-01,2022-10-30,10-K,2024.0,FY,2024-12-20,0001730168-24-000139,CY2022
PaymentsToAcquirePropertyPlantAndEquipment,USD,103000000.0,2022-10-31,2023-01-29,10-Q,2023.0,Q1,2023-03-08,0001730168-23-000008,
PaymentsToAcquirePropertyPlantAndEquipment,USD,103000000.0,2022-10-31,2023-01-29,10-Q,2024.0,Q1,2024-03-14,0001730168-24-000023,CY2022Q4
PaymentsToAcquirePropertyPlantAndEquipment,USD,225000000.0,2022-10-31,2023-04-30,10-Q,2023.0,Q2,2023-06-07,0001730168-23-000064,
PaymentsToAcquirePropertyPlantAndEquipment,USD,225000000.0,2022-10-31,2023-04-30,10-Q,2024.0,Q2,2024-06-13,0001730168-24-000080,
PaymentsToAcquirePropertyPlantAndEquipment,USD,347000000.0,2022-10-31,2023-07-30,10-Q,2023.0,Q3,2023-09-06,0001730168-23-000077,
PaymentsToAcquirePropertyPlantAndEquipment,USD,347000000.0,2022-10-31,2023-07-30,10-Q,2024.0,Q3,2024-09-11,0001730168-24-000099,
PaymentsToAcquirePropertyPlantAndEquipment,USD,452000000.0,2022-10-31,2023-10-29,10-K,2023.0,FY,2023-12-14,0001730168-23-000096,
PaymentsToAcquirePropertyPlantAndEquipment,USD,452000000.0,2022-10-31,2023-10-29,10-K,2024.0,FY,2024-12-20,0001730168-24-000139,
PaymentsToAcquirePropertyPlantAndEquipment,USD,452000000.0,2022-10-31,2023-10-29,10-K,2025.0,FY,2025-12-18,0001730168-25-000121,CY2023
PaymentsToAcquirePropertyPlantAndEquipment,USD,122000000.0,2023-10-30,2024-02-04,10-Q,2024.0,Q1,2024-03-14,0001730168-24-000023,
PaymentsToAcquirePropertyPlantAndEquipment,USD,122000000.0,2023-10-30,2024-02-04,10-Q,2025.0,Q1,2025-03-12,0001730168-25-000021,CY2023Q4
PaymentsToAcquirePropertyPlantAndEquipment,USD,254000000.0,2023-10-30,2024-05-05,10-Q,2024.0,Q2,2024-06-13,0001730168-24-000080,
PaymentsToAcquirePropertyPlantAndEquipment,USD,254000000.0,2023-10-30,2024-05-05,10-Q,2025.0,Q2,2025-06-11,0001730168-25-000064,
PaymentsToAcquirePropertyPlantAndEquipment,USD,426000000.0,2023-10-30,2024-08-04,10-Q,2024.0,Q3,2024-09-11,0001730168-24-000099,
PaymentsToAcquirePropertyPlantAndEquipment,USD,426000000.0,2023-10-30,2024-08-04,10-Q,2025.0,Q3,2025-09-10,0001730168-25-000098,
PaymentsToAcquirePropertyPlantAndEquipment,USD,548000000.0,2023-10-30,2024-11-03,10-K,2024.0,FY,2024-12-20,0001730168-24-000139,
PaymentsToAcquirePropertyPlantAndEquipment,USD,548000000.0,2023-10-30,2024-11-03,10-K,2025.0,FY,2025-12-18,0001730168-25-000121,CY2024
PaymentsToAcquirePropertyPlantAndEquipment,USD,100000000.0,2024-11-04,2025-02-02,10-Q,2025.0,Q1,2025-03-12,0001730168-25-000021,
PaymentsToAcquirePropertyPlantAndEquipment,USD,100000000.0,2024-11-04,2025-02-02,10-Q,2026.0,Q1,2026-03-11,0001730168-26-000016,CY2024Q4
PaymentsToAcquirePropertyPlantAndEquipment,USD,244000000.0,2024-11-04,2025-05-04,10-Q,2025.0,Q2,2025-06-11,0001730168-25-000064,
PaymentsToAcquirePropertyPlantAndEquipment,USD,244000000.0,2024-11-04,2025-05-04,10-Q,2026.0,Q2,2026-06-09,0001730168-26-000054,
PaymentsToAcquirePropertyPlantAndEquipment,USD,386000000.0,2024-11-04,2025-08-03,10-Q,2025.0,Q3,2025-09-10,0001730168-25-000098,
PaymentsToAcquirePropertyPlantAndEquipment,USD,386000000.0,2024-11-04,2025-08-03,10-Q,2026.0,Q3,2026-09-10,0001730168-26-000080,
PaymentsToAcquirePropertyPlantAndEquipment,USD,623000000.0,2024-11-04,2025-11-02,10-K,2025.0,FY,2025-12-18,0001730168-25-000121,CY2025
PaymentsToAcquirePropertyPlantAndEquipment,USD,250000000.0,2025-11-03,2026-02-01,10-Q,2026.0,Q1,2026-03-11,0001730168-26-000016,CY2025Q4
PaymentsToAcquirePropertyPlantAndEquipment,USD,481000000.0,2025-11-03,2026-05-03,10-Q,2026.0,Q2,2026-06-09,0001730168-26-000054,
PaymentsToAcquirePropertyPlantAndEquipment,USD,1013000000.0,2025-11-03,2026-08-02,10-Q,2026.0,Q3,2026-09-10,0001730168-26-000080,
ResearchAndDevelopmentExpense,USD,2674000000.0,2015-11-02,2016-10-30,10-K,2018.0,FY,2018-12-21,0001730168-18-000084,CY2016
ResearchAndDevelopmentExpense,USD,1637000000.0,2016-10-31,2017-04-30,10-Q,2018.0,Q2,2018-06-14,0001730168-18-000019,
ResearchAndDevelopmentExpense,USD,829000000.0,2017-01-30,2017-04-30,10-Q,2018.0,Q2,2018-06-14,0001730168-18-000019,CY2017Q1
ResearchAndDevelopmentExpense,USD,2464000000.0,2016-10-31,2017-07-30,10-Q,2018.0,Q3,2018-09-13,0001730168-18-000039,
ResearchAndDevelopmentExpense,USD,827000000.0,2017-05-01,2017-07-30,10-Q,2018.0,Q3,2018-09-13,0001730168-18-000039,CY2017Q2
ResearchAndDevelopmentExpense,USD,3292000000.0,2016-10-31,2017-10-29,10-K,2018.0,FY,2018-12-21,0001730168-18-000084,
ResearchAndDevelopmentExpense,USD,3302000000.0,2016-10-31,2017-10-29,10-K,2019.0,FY,2019-12-20,0001730168-19-000144,
ResearchAndDevelopmentExpense,USD,3302000000.0,2016-10-31,2017-10-29,8-K,,,2020-06-26,0001730168-20-000126,CY2017
ResearchAndDevelopmentExpense,USD,925000000.0,2017-10-30,2018-02-04,10-Q,2019.0,Q1,2019-03-15,0001730168-19-000036,CY2017Q4
ResearchAndDevelopmentExpense,USD,1861000000.0,2017-10-30,2018-05-06,10-Q,2018.0,Q2,2018-06-14,0001730168-18-000019,
ResearchAndDevelopmentExpense,USD,1861000000.0,2017-10-30,2018-05-06,10-Q,2019.0,Q2,2019-06-14,0001730168-19-000101,
ResearchAndDevelopmentExpense,USD,936000000.0,2018-02-05,2018-05-06,10-Q,2018.0,Q2,2018-06-14,0001730168-18-000019,
ResearchAndDevelopmentExpense,USD,936000000.0,2018-02-05,2018-05-06,10-Q,2019.0,Q2,2019-06-14,0001730168-19-000101,CY2018Q1
ResearchAndDevelopmentExpense,USD,2820000000.0,2017-10-30,2018-08-05,10-Q,2018.0,Q3,2018-09-13,0001730168-18-000039,
ResearchAndDevelopmentExpense,USD,2820000000.0,2017-10-30,2018-08-05,10-Q,2019.0,Q3,2019-09-13,0001730168-19-000118,
ResearchAndDevelopmentExpense,USD,959000000.0,2018-05-07,2018-08-05,10-Q,2018.0,Q3,2018-09-13,0001730168-18-000039,
ResearchAndDevelopmentExpense,USD,959000000.0,2018-05-07,2018-08-05,10-Q,2019.0,Q3,2019-09-13,0001730168-19-000118,CY2018Q2
ResearchAndDevelopmentExpense,USD,3768000000.0,2017-10-30,2018-11-04,10-K,2018.0,FY,2018-12-21,0001730168-18-000084,
ResearchAndDevelopmentExpense,USD,3768000000.0,2017-10-30,2018-11-04,10-K,2019.0,FY,2019-12-20,0001730168-19-000144,
ResearchAndDevelopmentExpense,USD,3768000000.0,2017-10-30,2018-11-04,8-K,,,2020-06-26,0001730168-20-000126,
ResearchAndDevelopmentExpense,USD,3768000000.0,2017-10-30,2018-11-04,10-K,2020.0,FY,2020-12-18,0001730168-20-000226,CY2018
ResearchAndDevelopmentExpense,USD,1133000000.0,2018-11-05,2019-02-03,10-Q,2019.0,Q1,2019-03-15,0001730168-19-000036,
ResearchAndDevelopmentExpense,USD,1133000000.0,2018-11-05,2019-02-03,10-Q,2020.0,Q1,2020-03-13,0001730168-20-000045,CY2018Q4
ResearchAndDevelopmentExpense,USD,2284000000.0,2018-11-05,2019-05-05,10-Q,2019.0,Q2,2019-06-14,0001730168-19-000101,
ResearchAndDevelopmentExpense,USD,2284000000.0,2018-11-05,2019-05-05,10-Q,2020.0,Q2,2020-06-12,0001730168-20-000109,
ResearchAndDevelopmentExpense,USD,1151000000.0,2019-02-04,2019-05-05,10-Q,2019.0,Q2,2019-06-14,0001730168-19-000101,
ResearchAndDevelopmentExpense,USD,1151000000.0,2019-02-04,2019-05-05,10-Q,2020.0,Q2,2020-06-12,0001730168-20-000109,CY2019Q1
ResearchAndDevelopmentExpense,USD,3519000000.0,2018-11-05,2019-08-04,10-Q,2019.0,Q3,2019-09-13,0001730168-19-000118,
ResearchAndDevelopmentExpense,USD,3519000000.0,2018-11-05,2019-08-04,10-Q,2020.0,Q3,2020-09-11,0001730168-20-000164,
ResearchAndDevelopmentExpense,USD,1235000000.0,2019-05-06,2019-08-04,10-Q,2019.0,Q3,2019-09-13,0001730168-19-000118,
ResearchAndDevelopmentExpense,USD,1235000000.0,2019-05-06,2019-08-04,10-Q,2020.0,Q3,2020-09-11,0001730168-20-000164,CY2019Q2
ResearchAndDevelopmentExpense,USD,4696000000.0,2018-11-05,2019-11-03,10-K,2019.0,FY,2019-12-20,0001730168-19-000144,
ResearchAndDevelopmentExpense,USD,4696000000.0,2018-11-05,2019-11-03,8-K,,,2020-06-26,0001730168-20-000126,
ResearchAndDevelopmentExpense,USD,4696000000.0,2018-11-05,2019-11-03,10-K,2020.0,FY,2020-12-18,0001730168-20-000226,
ResearchAndDevelopmentExpense,USD,4696000000.0,2018-11-05,2019-11-03,10-K,2021.0,FY,2021-12-17,0001730168-21-000153,CY2019
ResearchAndDevelopmentExpense,USD,1289000000.0,2019-11-04,2020-02-02,10-Q,2020.0,Q1,2020-03-13,0001730168-20-000045,
ResearchAndDevelopmentExpense,USD,1289000000.0,2019-11-04,2020-02-02,10-Q,2021.0,Q1,2021-03-12,0001730168-21-000045,CY2019Q4
ResearchAndDevelopmentExpense,USD,2558000000.0,2019-11-04,2020-05-03,10-Q,2020.0,Q2,2020-06-12,0001730168-20-000109,
ResearchAndDevelopmentExpense,USD,2558000000.0,2019-11-04,2020-05-03,10-Q,2021.0,Q2,2021-06-11,0001730168-21-000116,
ResearchAndDevelopmentExpense,USD,1269000000.0,2020-02-03,2020-05-03,10-Q,2020.0,Q2,2020-06-12,0001730168-20-000109,
ResearchAndDevelopmentExpense,USD,1269000000.0,2020-02-03,2020-05-03,10-Q,2021.0,Q2,2021-06-11,0001730168-21-000116,CY2020Q1
ResearchAndDevelopmentExpense,USD,3786000000.0,2019-11-04,2020-08-02,10-Q,2020.0,Q3,2020-09-11,0001730168-20-000164,
ResearchAndDevelopmentExpense,USD,3786000000.0,2019-11-04,2020-08-02,10-Q,2021.0,Q3,2021-09-09,0001730168-21-000123,
ResearchAndDevelopmentExpense,USD,1228000000.0,2020-05-04,2020-08-02,10-Q,2020.0,Q3,2020-09-11,0001730168-20-000164,
ResearchAndDevelopmentExpense,USD,1228000000.0,2020-05-04,2020-08-02,10-Q,2021.0,Q3,2021-09-09,0001730168-21-000123,CY2020Q2
ResearchAndDevelopmentExpense,USD,4968000000.0,2019-11-04,2020-11-01,10-K,2020.0,FY,2020-12-18,0001730168-20-000226,
ResearchAndDevelopmentExpense,USD,4968000000.0,2019-11-04,2020-11-01,10-K,2021.0,FY,2021-12-17,0001730168-21-000153,
ResearchAndDevelopmentExpense,USD,4968000000.0,2019-11-04,2020-11-01,10-K,2022.0,FY,2022-12-16,0001730168-22-000118,CY2020
ResearchAndDevelopmentExpense,USD,1211000000.0,2020-11-02,2021-01-31,10-Q,2021.0,Q1,2021-03-12,0001730168-21-000045,
ResearchAndDevelopmentExpense,USD,1211000000.0,2020-11-02,2021-01-31,10-Q,2022.0,Q1,2022-03-10,0001730168-22-000029,CY2020Q4
ResearchAndDevelopmentExpense,USD,2449000000.0,2020-11-02,2021-05-02,10-Q,2021.0,Q2,2021-06-11,0001730168-21-000116,
ResearchAndDevelopmentExpense,USD,2449000000.0,2020-11-02,2021-05-02,10-Q,2022.0,Q2,2022-06-09,0001730168-22-000081,
ResearchAndDevelopmentExpense,USD,1238000000.0,2021-02-01,2021-05-02,10-Q,2021.0,Q2,2021-06-11,0001730168-21-000116,
ResearchAndDevelopmentExpense,USD,1238000000.0,2021-02-01,2021-05-02,10-Q,2022.0,Q2,2022-06-09,0001730168-22-000081,CY2021Q1
ResearchAndDevelopmentExpense,USD,3654000000.0,2020-11-02,2021-08-01,10-Q,2021.0,Q3,2021-09-09,0001730168-21-000123,
ResearchAndDevelopmentExpense,USD,3654000000.0,2020-11-02,2021-08-01,10-Q,2022.0,Q3,2022-09-08,0001730168-22-000094,
ResearchAndDevelopmentExpense,USD,1205000000.0,2021-05-03,2021-08-01,10-Q,2021.0,Q3,2021-09-09,0001730168-21-000123,
ResearchAndDevelopmentExpense,USD,1205000000.0,2021-05-03,2021-08-01,10-Q,2022.0,Q3,2022-09-08,0001730168-22-000094,CY2021Q2
ResearchAndDevelopmentExpense,USD,4854000000.0,2020-11-02,2021-10-31,10-K,2021.0,FY,2021-12-17,0001730168-21-000153,
ResearchAndDevelopmentExpense,USD,4854000000.0,2020-11-02,2021-10-31,10-K,2022.0,FY,2022-12-16,0001730168-22-000118,
ResearchAndDevelopmentExpense,USD,4854000000.0,2020-11-02,2021-10-31,10-K,2023.0,FY,2023-12-14,0001730168-23-000096,CY2021
ResearchAndDevelopmentExpense,USD,1206000000.0,2021-11-01,2022-01-30,10-Q,2022.0,Q1,2022-03-10,0001730168-22-000029,
ResearchAndDevelopmentExpense,USD,1206000000.0,2021-11-01,2022-01-30,10-Q,2023.0,Q1,2023-03-08,0001730168-23-000008,CY2021Q4
ResearchAndDevelopmentExpense,USD,2467000000.0,2021-11-01,2022-05-01,10-Q,2022.0,Q2,2022-06-09,0001730168-22-000081,
ResearchAndDevelopmentExpense,USD,2467000000.0,2021-11-01,2022-05-01,10-Q,2023.0,Q2,2023-06-07,0001730168-23-000064,
ResearchAndDevelopmentExpense,USD,1261000000.0,2022-01-31,2022-05-01,10-Q,2022.0,Q2,2022-06-09,0001730168-22-000081,
ResearchAndDevelopmentExpense,USD,1261000000.0,2022-01-31,2022-05-01,10-Q,2023.0,Q2,2023-06-07,0001730168-23-000064,CY2022Q1
ResearchAndDevelopmentExpense,USD,3722000000.0,2021-11-01,2022-07-31,10-Q,2022.0,Q3,2022-09-08,0001730168-22-000094,
ResearchAndDevelopmentExpense,USD,3722000000.0,2021-11-01,2022-07-31,10-Q,2023.0,Q3,2023-09-06,0001730168-23-000077,
ResearchAndDevelopmentExpense,USD,1255000000.0,2022-05-02,2022-07-31,10-Q,2022.0,Q3,2022-09-08,0001730168-22-000094,
ResearchAndDevelopmentExpense,USD,1255000000.0,2022-05-02,2022-07-31,10-Q,2023.0,Q3,2023-09-06,0001730168-23-000077,CY2022Q2
ResearchAndDevelopmentExpense,USD,4919000000.0,2021-11-01,2022-10-30,10-K,2022.0,FY,2022-12-16,0001730168-22-000118,
ResearchAndDevelopmentExpense,USD,4919000000.0,2021-11-01,2022-10-30,10-K,2023.0,FY,2023-12-14,0001730168-23-000096,
ResearchAndDevelopmentExpense,USD,4919000000.0,2021-11-01,2022-10-30,10-K,2024.0,FY,2024-12-20,0001730168-24-000139,CY2022
ResearchAndDevelopmentExpense,USD,1195000000.0,2022-10-31,2023-01-29,10-Q,2023.0,Q1,2023-03-08,0001730168-23-000008,
ResearchAndDevelopmentExpense,USD,1195000000.0,2022-10-31,2023-01-29,10-Q,2024.0,Q1,2024-03-14,0001730168-24-000023,CY2022Q4
ResearchAndDevelopmentExpense,USD,2507000000.0,2022-10-31,2023-04-30,10-Q,2023.0,Q2,2023-06-07,0001730168-23-000064,
ResearchAndDevelopmentExpense,USD,2507000000.0,2022-10-31,2023-04-30,10-Q,2024.0,Q2,2024-06-13,0001730168-24-000080,
ResearchAndDevelopmentExpense,USD,1312000000.0,2023-01-30,2023-04-30,10-Q,2023.0,Q2,2023-06-07,0001730168-23-000064,
ResearchAndDevelopmentExpense,USD,1312000000.0,2023-01-30,2023-04-30,10-Q,2024.0,Q2,2024-06-13,0001730168-24-000080,CY2023Q1
ResearchAndDevelopmentExpense,USD,3865000000.0,2022-10-31,2023-07-30,10-Q,2023.0,Q3,2023-09-06,0001730168-23-000077,
ResearchAndDevelopmentExpense,USD,3865000000.0,2022-10-31,2023-07-30,10-Q,2024.0,Q3,2024-09-11,0001730168-24-000099,
ResearchAndDevelopmentExpense,USD,1358000000.0,2023-05-01,2023-07-30,10-Q,2023.0,Q3,2023-09-06,0001730168-23-000077,
ResearchAndDevelopmentExpense,USD,1358000000.0,2023-05-01,2023-07-30,10-Q,2024.0,Q3,2024-09-11,0001730168-24-000099,CY2023Q2
ResearchAndDevelopmentExpense,USD,5253000000.0,2022-10-31,2023-10-29,10-K,2023.0,FY,2023-12-14,0001730168-23-000096,
ResearchAndDevelopmentExpense,USD,5253000000.0,2022-10-31,2023-10-29,10-K,2024.0,FY,2024-12-20,0001730168-24-000139,
ResearchAndDevelopmentExpense,USD,5253000000.0,2022-10-31,2023-10-29,10-K,2025.0,FY,2025-12-18,0001730168-25-000121,CY2023
ResearchAndDevelopmentExpense,USD,2308000000.0,2023-10-30,2024-02-04,10-Q,2024.0,Q1,2024-03-14,0001730168-24-000023,
ResearchAndDevelopmentExpense,USD,2308000000.0,2023-10-30,2024-02-04,10-Q,2025.0,Q1,2025-03-12,0001730168-25-000021,CY2023Q4
ResearchAndDevelopmentExpense,USD,4723000000.0,2023-10-30,2024-05-05,10-Q,2024.0,Q2,2024-06-13,0001730168-24-000080,
ResearchAndDevelopmentExpense,USD,4723000000.0,2023-10-30,2024-05-05,10-Q,2025.0,Q2,2025-06-11,0001730168-25-000064,
ResearchAndDevelopmentExpense,USD,2415000000.0,2024-02-05,2024-05-05,10-Q,2024.0,Q2,2024-06-13,0001730168-24-000080,
ResearchAndDevelopmentExpense,USD,2415000000.0,2024-02-05,2024-05-05,10-Q,2025.0,Q2,2025-06-11,0001730168-25-000064,CY2024Q1
ResearchAndDevelopmentExpense,USD,7076000000.0,2023-10-30,2024-08-04,10-Q,2024.0,Q3,2024-09-11,0001730168-24-000099,
ResearchAndDevelopmentExpense,USD,7076000000.0,2023-10-30,2024-08-04,10-Q,2025.0,Q3,2025-09-10,0001730168-25-000098,
ResearchAndDevelopmentExpense,USD,2353000000.0,2024-05-06,2024-08-04,10-Q,2024.0,Q3,2024-09-11,0001730168-24-000099,
ResearchAndDevelopmentExpense,USD,2353000000.0,2024-05-06,2024-08-04,10-Q,2025.0,Q3,2025-09-10,0001730168-25-000098,CY2024Q2
ResearchAndDevelopmentExpense,USD,9310000000.0,2023-10-30,2024-11-03,10-K,2024.0,FY,2024-12-20,0001730168-24-000139,
ResearchAndDevelopmentExpense,USD,9310000000.0,2023-10-30,2024-11-03,10-K,2025.0,FY,2025-12-18,0001730168-25-000121,CY2024
ResearchAndDevelopmentExpense,USD,2253000000.0,2024-11-04,2025-02-02,10-Q,2025.0,Q1,2025-03-12,0001730168-25-000021,
ResearchAndDevelopmentExpense,USD,2253000000.0,2024-11-04,2025-02-02,10-Q,2026.0,Q1,2026-03-11,0001730168-26-000016,CY2024Q4
ResearchAndDevelopmentExpense,USD,4946000000.0,2024-11-04,2025-05-04,10-Q,2025.0,Q2,2025-06-11,0001730168-25-000064,
ResearchAndDevelopmentExpense,USD,4946000000.0,2024-11-04,2025-05-04,10-Q,2026.0,Q2,2026-06-09,0001730168-26-000054,
ResearchAndDevelopmentExpense,USD,2693000000.0,2025-02-03,2025-05-04,10-Q,2025.0,Q2,2025-06-11,0001730168-25-000064,
ResearchAndDevelopmentExpense,USD,2693000000.0,2025-02-03,2025-05-04,10-Q,2026.0,Q2,2026-06-09,0001730168-26-000054,CY2025Q1
ResearchAndDevelopmentExpense,USD,7996000000.0,2024-11-04,2025-08-03,10-Q,2025.0,Q3,2025-09-10,0001730168-25-000098,
ResearchAndDevelopmentExpense,USD,7996000000.0,2024-11-04,2025-08-03,10-Q,2026.0,Q3,2026-09-10,0001730168-26-000080,
ResearchAndDevelopmentExpense,USD,3050000000.0,2025-05-05,2025-08-03,10-Q,2025.0,Q3,2025-09-10,0001730168-25-000098,
ResearchAndDevelopmentExpense,USD,3050000000.0,2025-05-05,2025-08-03,10-Q,2026.0,Q3,2026-09-10,0001730168-26-000080,CY2025Q2
ResearchAndDevelopmentExpense,USD,10977000000.0,2024-11-04,2025-11-02,10-K,2025.0,FY,2025-12-18,0001730168-25-000121,CY2025
ResearchAndDevelopmentExpense,USD,2965000000.0,2025-11-03,2026-02-01,10-Q,2026.0,Q1,2026-03-11,0001730168-26-000016,CY2025Q4
ResearchAndDevelopmentExpense,USD,5960000000.0,2025-11-03,2026-05-03,10-Q,2026.0,Q2,2026-06-09,0001730168-26-000054,
ResearchAndDevelopmentExpense,USD,2995000000.0,2026-02-02,2026-05-03,10-Q,2026.0,Q2,2026-06-09,0001730168-26-000054,CY2026Q1
ResearchAndDevelopmentExpense,USD,8855000000.0,2025-11-03,2026-08-02,10-Q,2026.0,Q3,2026-09-10,0001730168-26-000080,
ResearchAndDevelopmentExpense,USD,2895000000.0,2026-05-04,2026-08-02,10-Q,2026.0,Q3,2026-09-10,0001730168-26-000080,CY2026Q2
RevenueFromContractWithCustomerExcludingAssessedTax,USD,17636000000.0,2016-10-31,2017-10-29,10-K,2019.0,FY,2019-12-20,0001730168-19-000144,
RevenueFromContractWithCustomerExcludingAssessedTax,USD,17636000000.0,2016-10-31,2017-10-29,8-K,,,2020-06-26,0001730168-20-000126,CY2017
RevenueFromContractWithCustomerExcludingAssessedTax,USD,5327000000.0,2017-10-30,2018-02-04,10-Q,2019.0,Q1,2019-03-15,0001730168-19-000036,
RevenueFromContractWithCustomerExcludingAssessedTax,USD,5327000000.0,2017-10-30,2018-02-04,10-K,2019.0,FY,2019-12-20,0001730168-19-000144,
RevenueFromContractWithCustomerExcludingAssessedTax,USD,5327000000.0,2017-10-30,2018-02-04,8-K,,,2020-06-26,0001730168-20-000126,CY2017Q4
RevenueFromContractWithCustomerExcludingAssessedTax,USD,10341000000.0,2017-10-30,2018-05-06,10-Q,2019.0,Q2,2019-06-14,0001730168-19-000101,
RevenueFromContractWithCustomerExcludingAssessedTax,USD,5014000000.0,2018-02-05,2018-05-06,10-Q,2019.0,Q2,2019-06-14,0001730168-19-000101,
RevenueFromContractWithCustomerExcludingAssessedTax,USD,5014000000.0,2018-02-05,2018-05-06,10-K,2019.0,FY,2019-12-20,0001730168-19-000144,
RevenueFromContractWithCustomerExcludingAssessedTax,USD,5014000000.0,2018-02-05,2018-05-06,8-K,,,2020-06-26,0001730168-20-000126,CY2018Q1
RevenueFromContractWithCustomerExcludingAssessedTax,USD,15404000000.0,2017-10-30,2018-08-05,10-Q,2019.0,Q3,2019-09-13,0001730168-19-000118,
RevenueFromContractWithCustomerExcludingAssessedTax,USD,5063000000.0,2018-05-07,2018-08-05,10-Q,2019.0,Q3,2019-09-13,0001730168-19-000118,
RevenueFromContractWithCustomerExcludingAssessedTax,USD,5063000000.0,2018-05-07,2018-08-05,10-K,2019.0,FY,2019-12-20,0001730168-19-000144,
RevenueFromContractWithCustomerExcludingAssessedTax,USD,5063000000.0,2018-05-07,2018-08-05,8-K,,,2020-06-26,0001730168-20-000126,CY2018Q2
RevenueFromContractWithCustomerExcludingAssessedTax,USD,20848000000.0,2017-10-30,2018-11-04,10-K,2019.0,FY,2019-12-20,0001730168-19-000144,
RevenueFromContractWithCustomerExcludingAssessedTax,USD,20848000000.0,2017-10-30,2018-11-04,8-K,,,2020-06-26,0001730168-20-000126,
RevenueFromContractWithCustomerExcludingAssessedTax,USD,20848000000.0,2017-10-30,2018-11-04,10-K,2020.0,FY,2020-12-18,0001730168-20-000226,CY2018
RevenueFromContractWithCustomerExcludingAssessedTax,USD,5444000000.0,2018-08-06,2018-11-04,10-K,2019.0,FY,2019-12-20,0001730168-19-000144,
RevenueFromContractWithCustomerExcludingAssessedTax,USD,5444000000.0,2018-08-06,2018-11-04,8-K,,,2020-06-26,0001730168-20-000126,CY2018Q3
RevenueFromContractWithCustomerExcludingAssessedTax,USD,5789000000.0,2018-11-05,2019-02-03,10-Q,2019.0,Q1,2019-03-15,0001730168-19-000036,
RevenueFromContractWithCustomerExcludingAssessedTax,USD,5789000000.0,2018-11-05,2019-02-03,10-K,2019.0,FY,2019-12-20,0001730168-19-000144,
RevenueFromContractWithCustomerExcludingAssessedTax,USD,5789000000.0,2018-11-05,2019-02-03,10-Q,2020.0,Q1,2020-03-13,0001730168-20-000045,
RevenueFromContractWithCustomerExcludingAssessedTax,USD,5789000000.0,2018-11-05,2019-02-03,8-K,,,2020-06-26,0001730168-20-000126,
RevenueFromContractWithCustomerExcludingAssessedTax,USD,5789000000.0,2018-11-05,2019-02-03,10-K,2020.0,FY,2020-12-18,0001730168-20-000226,CY2018Q4
RevenueFromContractWithCustomerExcludingAssessedTax,USD,11306000000.0,2018-11-05,2019-05-05,10-Q,2019.0,Q2,2019-06-14,0001730168-19-000101,
RevenueFromContractWithCustomerExcludingAssessedTax,USD,11306000000.0,2018-11-05,2019-05-05,10-Q,2020.0,Q2,2020-06-12,0001730168-20-000109,
RevenueFromContractWithCustomerExcludingAssessedTax,USD,5517000000.0,2019-02-04,2019-05-05,10-Q,2019.0,Q2,2019-06-14,0001730168-19-000101,
RevenueFromContractWithCustomerExcludingAssessedTax,USD,5517000000.0,2019-02-04,2019-05-05,10-K,2019.0,FY,2019-12-20,0001730168-19-000144,
RevenueFromContractWithCustomerExcludingAssessedTax,USD,5517000000.0,2019-02-04,2019-05-05,10-Q,2020.0,Q2,2020-06-12,0001730168-20-000109,
RevenueFromContractWithCustomerExcludingAssessedTax,USD,5517000000.0,2019-02-04,2019-05-05,8-K,,,2020-06-26,0001730168-20-000126,
RevenueFromContractWithCustomerExcludingAssessedTax,USD,5517000000.0,2019-02-04,2019-05-05,10-K,2020.0,FY,2020-12-18,0001730168-20-000226,CY2019Q1
RevenueFromContractWithCustomerExcludingAssessedTax,USD,16821000000.0,2018-11-05,2019-08-04,10-Q,2019.0,Q3,2019-09-13,0001730168-19-000118,
RevenueFromContractWithCustomerExcludingAssessedTax,USD,16821000000.0,2018-11-05,2019-08-04,10-Q,2020.0,Q3,2020-09-11,0001730168-20-000164,
RevenueFromContractWithCustomerExcludingAssessedTax,USD,5515000000.0,2019-05-06,2019-08-04,10-Q,2019.0,Q3,2019-09-13,0001730168-19-000118,
RevenueFromContractWithCustomerExcludingAssessedTax,USD,5515000000.0,2019-05-06,2019-08-04,10-K,2019.0,FY,2019-12-20,0001730168-19-000144,
RevenueFromContractWithCustomerExcludingAssessedTax,USD,5515000000.0,2019-05-06,2019-08-04,8-K,,,2020-06-26,0001730168-20-000126,
RevenueFromContractWithCustomerExcludingAssessedTax,USD,5515000000.0,2019-05-06,2019-08-04,10-Q,2020.0,Q3,2020-09-11,0001730168-20-000164,
RevenueFromContractWithCustomerExcludingAssessedTax,USD,5515000000.0,2019-05-06,2019-08-04,10-K,2020.0,FY,2020-12-18,0001730168-20-000226,CY2019Q2
RevenueFromContractWithCustomerExcludingAssessedTax,USD,22597000000.0,2018-11-05,2019-11-03,10-K,2019.0,FY,2019-12-20,0001730168-19-000144,
RevenueFromContractWithCustomerExcludingAssessedTax,USD,22597000000.0,2018-11-05,2019-11-03,8-K,,,2020-06-26,0001730168-20-000126,
RevenueFromContractWithCustomerExcludingAssessedTax,USD,22597000000.0,2018-11-05,2019-11-03,10-K,2020.0,FY,2020-12-18,0001730168-20-000226,
RevenueFromContractWithCustomerExcludingAssessedTax,USD,22597000000.0,2018-11-05,2019-11-03,10-K,2021.0,FY,2021-12-17,0001730168-21-000153,CY2019
RevenueFromContractWithCustomerExcludingAssessedTax,USD,5776000000.0,2019-08-05,2019-11-03,10-K,2019.0,FY,2019-12-20,0001730168-19-000144,
RevenueFromContractWithCustomerExcludingAssessedTax,USD,5776000000.0,2019-08-05,2019-11-03,8-K,,,2020-06-26,0001730168-20-000126,
RevenueFromContractWithCustomerExcludingAssessedTax,USD,5776000000.0,2019-08-05,2019-11-03,10-K,2020.0,FY,2020-12-18,0001730168-20-000226,CY2019Q3
RevenueFromContractWithCustomerExcludingAssessedTax,USD,5858000000.0,2019-11-04,2020-02-02,10-Q,2020.0,Q1,2020-03-13,0001730168-20-000045,
RevenueFromContractWithCustomerExcludingAssessedTax,USD,5858000000.0,2019-11-04,2020-02-02,10-K,2020.0,FY,2020-12-18,0001730168-20-000226,
RevenueFromContractWithCustomerExcludingAssessedTax,USD,5858000000.0,2019-11-04,2020-02-02,10-Q,2021.0,Q1,2021-03-12,0001730168-21-000045,CY2019Q4
RevenueFromContractWithCustomerExcludingAssessedTax,USD,11600000000.0,2019-11-04,2020-05-03,10-Q,2020.0,Q2,2020-06-12,0001730168-20-000109,
RevenueFromContractWithCustomerExcludingAssessedTax,USD,11600000000.0,2019-11-04,2020-05-03,10-Q,2021.0,Q2,2021-06-11,0001730168-21-000116,
RevenueFromContractWithCustomerExcludingAssessedTax,USD,5742000000.0,2020-02-03,2020-05-03,10-Q,2020.0,Q2,2020-06-12,0001730168-20-000109,
RevenueFromContractWithCustomerExcludingAssessedTax,USD,5742000000.0,2020-02-03,2020-05-03,10-K,2020.0,FY,2020-12-18,0001730168-20-000226,
RevenueFromContractWithCustomerExcludingAssessedTax,USD,5742000000.0,2020-02-03,2020-05-03,10-Q,2021.0,Q2,2021-06-11,0001730168-21-000116,CY2020Q1
RevenueFromContractWithCustomerExcludingAssessedTax,USD,17421000000.0,2019-11-04,2020-08-02,10-Q,2020.0,Q3,2020-09-11,0001730168-20-000164,
RevenueFromContractWithCustomerExcludingAssessedTax,USD,17421000000.0,2019-11-04,2020-08-02,10-Q,2021.0,Q3,2021-09-09,0001730168-21-000123,
RevenueFromContractWithCustomerExcludingAssessedTax,USD,5821000000.0,2020-05-04,2020-08-02,10-Q,2020.0,Q3,2020-09-11,0001730168-20-000164,
RevenueFromContractWithCustomerExcludingAssessedTax,USD,5821000000.0,2020-05-04,2020-08-02,10-K,2020.0,FY,2020-12-18,0001730168-20-000226,
RevenueFromContractWithCustomerExcludingAssessedTax,USD,5821000000.0,2020-05-04,2020-08-02,10-Q,2021.0,Q3,2021-09-09,0001730168-21-000123,CY2020Q2
RevenueFromContractWithCustomerExcludingAssessedTax,USD,23888000000.0,2019-11-04,2020-11-01,10-K,2020.0,FY,2020-12-18,0001730168-20-000226,
RevenueFromContractWithCustomerExcludingAssessedTax,USD,23888000000.0,2019-11-04,2020-11-01,10-K,2021.0,FY,2021-12-17,0001730168-21-000153,
RevenueFromContractWithCustomerExcludingAssessedTax,USD,23888000000.0,2019-11-04,2020-11-01,10-K,2022.0,FY,2022-12-16,0001730168-22-000118,CY2020
RevenueFromContractWithCustomerExcludingAssessedTax,USD,6467000000.0,2020-08-03,2020-11-01,10-K,2020.0,FY,2020-12-18,0001730168-20-000226,CY2020Q3
RevenueFromContractWithCustomerExcludingAssessedTax,USD,6655000000.0,2020-11-02,2021-01-31,10-Q,2021.0,Q1,2021-03-12,0001730168-21-000045,
RevenueFromContractWithCustomerExcludingAssessedTax,USD,6655000000.0,2020-11-02,2021-01-31,10-Q,2022.0,Q1,2022-03-10,0001730168-22-000029,CY2020Q4
RevenueFromContractWithCustomerExcludingAssessedTax,USD,13265000000.0,2020-11-02,2021-05-02,10-Q,2021.0,Q2,2021-06-11,0001730168-21-000116,
RevenueFromContractWithCustomerExcludingAssessedTax,USD,13265000000.0,2020-11-02,2021-05-02,10-Q,2022.0,Q2,2022-06-09,0001730168-22-000081,
RevenueFromContractWithCustomerExcludingAssessedTax,USD,6610000000.0,2021-02-01,2021-05-02,10-Q,2021.0,Q2,2021-06-11,0001730168-21-000116,
RevenueFromContractWithCustomerExcludingAssessedTax,USD,6610000000.0,2021-02-01,2021-05-02,10-Q,2022.0,Q2,2022-06-09,0001730168-22-000081,CY2021Q1
RevenueFromContractWithCustomerExcludingAssessedTax,USD,20043000000.0,2020-11-02,2021-08-01,10-Q,2021.0,Q3,2021-09-09,0001730168-21-000123,
RevenueFromContractWithCustomerExcludingAssessedTax,USD,20043000000.0,2020-11-02,2021-08-01,10-Q,2022.0,Q3,2022-09-08,0001730168-22-000094,
RevenueFromContractWithCustomerExcludingAssessedTax,USD,6778000000.0,2021-05-03,2021-08-01,10-Q,2021.0,Q3,2021-09-09,0001730168-21-000123,
RevenueFromContractWithCustomerExcludingAssessedTax,USD,6778000000.0,2021-05-03,2021-08-01,10-Q,2022.0,Q3,2022-09-08,0001730168-22-000094,CY2021Q2
RevenueFromContractWithCustomerExcludingAssessedTax,USD,27450000000.0,2020-11-02,2021-10-31,10-K,2021.0,FY,2021-12-17,0001730168-21-000153,
RevenueFromContractWithCustomerExcludingAssessedTax,USD,27450000000.0,2020-11-02,2021-10-31,10-K,2022.0,FY,2022-12-16,0001730168-22-000118,
RevenueFromContractWithCustomerExcludingAssessedTax,USD,27450000000.0,2020-11-02,2021-10-31,10-K,2023.0,FY,2023-12-14,0001730168-23-000096,CY2021
RevenueFromContractWithCustomerExcludingAssessedTax,USD,7706000000.0,2021-11-01,2022-01-30,10-Q,2022.0,Q1,2022-03-10,0001730168-22-000029,
RevenueFromContractWithCustomerExcludingAssessedTax,USD,7706000000.0,2021-11-01,2022-01-30,10-Q,2023.0,Q1,2023-03-08,0001730168-23-000008,CY2021Q4
RevenueFromContractWithCustomerExcludingAssessedTax,USD,15809000000.0,2021-11-01,2022-05-01,10-Q,2022.0,Q2,2022-06-09,0001730168-22-000081,
RevenueFromContractWithCustomerExcludingAssessedTax,USD,15809000000.0,2021-11-01,2022-05-01,10-Q,2023.0,Q2,2023-06-07,0001730168-23-000064,
RevenueFromContractWithCustomerExcludingAssessedTax,USD,8103000000.0,2022-01-31,2022-05-01,10-Q,2022.0,Q2,2022-06-09,0001730168-22-000081,
RevenueFromContractWithCustomerExcludingAssessedTax,USD,8103000000.0,2022-01-31,2022-05-01,10-Q,2023.0,Q2,2023-06-07,0001730168-23-000064,CY2022Q1
RevenueFromContractWithCustomerExcludingAssessedTax,USD,24273000000.0,2021-11-01,2022-07-31,10-Q,2022.0,Q3,2022-09-08,0001730168-22-000094,
RevenueFromContractWithCustomerExcludingAssessedTax,USD,24273000000.0,2021-11-01,2022-07-31,10-Q,2023.0,Q3,2023-09-06,0001730168-23-000077,
RevenueFromContractWithCustomerExcludingAssessedTax,USD,8464000000.0,2022-05-02,2022-07-31,10-Q,2022.0,Q3,2022-09-08,0001730168-22-000094,
RevenueFromContractWithCustomerExcludingAssessedTax,USD,8464000000.0,2022-05-02,2022-07-31,10-Q,2023.0,Q3,2023-09-06,0001730168-23-000077,CY2022Q2
RevenueFromContractWithCustomerExcludingAssessedTax,USD,33203000000.0,2021-11-01,2022-10-30,10-K,2022.0,FY,2022-12-16,0001730168-22-000118,
RevenueFromContractWithCustomerExcludingAssessedTax,USD,33203000000.0,2021-11-01,2022-10-30,10-K,2023.0,FY,2023-12-14,0001730168-23-000096,
RevenueFromContractWithCustomerExcludingAssessedTax,USD,33203000000.0,2021-11-01,2022-10-30,10-K,2024.0,FY,2024-12-20,0001730168-24-000139,CY2022
RevenueFromContractWithCustomerExcludingAssessedTax,USD,8915000000.0,2022-10-31,2023-01-29,10-Q,2023.0,Q1,2023-03-08,0001730168-23-000008,
RevenueFromContractWithCustomerExcludingAssessedTax,USD,8915000000.0,2022-10-31,2023-01-29,10-Q,2024.0,Q1,2024-03-14,0001730168-24-000023,CY2022Q4
RevenueFromContractWithCustomerExcludingAssessedTax,USD,17648000000.0,2022-10-31,2023-04-30,10-Q,2023.0,Q2,2023-06-07,0001730168-23-000064,
RevenueFromContractWithCustomerExcludingAssessedTax,USD,17648000000.0,2022-10-31,2023-04-30,10-Q,2024.0,Q2,2024-06-13,0001730168-24-000080,
RevenueFromContractWithCustomerExcludingAssessedTax,USD,8733000000.0,2023-01-30,2023-04-30,10-Q,2023.0,Q2,2023-06-07,0001730168-23-000064,
RevenueFromContractWithCustomerExcludingAssessedTax,USD,8733000000.0,2023-01-30,2023-04-30,10-Q,2024.0,Q2,2024-06-13,0001730168-24-000080,CY2023Q1
RevenueFromContractWithCustomerExcludingAssessedTax,USD,26524000000.0,2022-10-31,2023-07-30,10-Q,2023.0,Q3,2023-09-06,0001730168-23-000077,
RevenueFromContractWithCustomerExcludingAssessedTax,USD,26524000000.0,2022-10-31,2023-07-30,10-Q,2024.0,Q3,2024-09-11,0001730168-24-000099,
RevenueFromContractWithCustomerExcludingAssessedTax,USD,8876000000.0,2023-05-01,2023-07-30,10-Q,2023.0,Q3,2023-09-06,0001730168-23-000077,
RevenueFromContractWithCustomerExcludingAssessedTax,USD,8876000000.0,2023-05-01,2023-07-30,10-Q,2024.0,Q3,2024-09-11,0001730168-24-000099,CY2023Q2
RevenueFromContractWithCustomerExcludingAssessedTax,USD,35819000000.0,2022-10-31,2023-10-29,10-K,2023.0,FY,2023-12-14,0001730168-23-000096,
RevenueFromContractWithCustomerExcludingAssessedTax,USD,35819000000.0,2022-10-31,2023-10-29,10-K,2024.0,FY,2024-12-20,0001730168-24-000139,
RevenueFromContractWithCustomerExcludingAssessedTax,USD,35819000000.0,2022-10-31,2023-10-29,10-K,2025.0,FY,2025-12-18,0001730168-25-000121,CY2023
RevenueFromContractWithCustomerExcludingAssessedTax,USD,11961000000.0,2023-10-30,2024-02-04,10-Q,2024.0,Q1,2024-03-14,0001730168-24-000023,
RevenueFromContractWithCustomerExcludingAssessedTax,USD,11961000000.0,2023-10-30,2024-02-04,10-Q,2025.0,Q1,2025-03-12,0001730168-25-000021,CY2023Q4
RevenueFromContractWithCustomerExcludingAssessedTax,USD,24448000000.0,2023-10-30,2024-05-05,10-Q,2024.0,Q2,2024-06-13,0001730168-24-000080,
RevenueFromContractWithCustomerExcludingAssessedTax,USD,24448000000.0,2023-10-30,2024-05-05,10-Q,2025.0,Q2,2025-06-11,0001730168-25-000064,
RevenueFromContractWithCustomerExcludingAssessedTax,USD,12487000000.0,2024-02-05,2024-05-05,10-Q,2024.0,Q2,2024-06-13,0001730168-24-000080,
RevenueFromContractWithCustomerExcludingAssessedTax,USD,12487000000.0,2024-02-05,2024-05-05,10-Q,2025.0,Q2,2025-06-11,0001730168-25-000064,CY2024Q1
RevenueFromContractWithCustomerExcludingAssessedTax,USD,37520000000.0,2023-10-30,2024-08-04,10-Q,2024.0,Q3,2024-09-11,0001730168-24-000099,
RevenueFromContractWithCustomerExcludingAssessedTax,USD,37520000000.0,2023-10-30,2024-08-04,10-Q,2025.0,Q3,2025-09-10,0001730168-25-000098,
RevenueFromContractWithCustomerExcludingAssessedTax,USD,13072000000.0,2024-05-06,2024-08-04,10-Q,2024.0,Q3,2024-09-11,0001730168-24-000099,
RevenueFromContractWithCustomerExcludingAssessedTax,USD,13072000000.0,2024-05-06,2024-08-04,10-Q,2025.0,Q3,2025-09-10,0001730168-25-000098,CY2024Q2
RevenueFromContractWithCustomerExcludingAssessedTax,USD,51574000000.0,2023-10-30,2024-11-03,10-K,2024.0,FY,2024-12-20,0001730168-24-000139,
RevenueFromContractWithCustomerExcludingAssessedTax,USD,51574000000.0,2023-10-30,2024-11-03,10-K,2025.0,FY,2025-12-18,0001730168-25-000121,CY2024
RevenueFromContractWithCustomerExcludingAssessedTax,USD,14916000000.0,2024-11-04,2025-02-02,10-Q,2025.0,Q1,2025-03-12,0001730168-25-000021,
RevenueFromContractWithCustomerExcludingAssessedTax,USD,14916000000.0,2024-11-04,2025-02-02,10-Q,2026.0,Q1,2026-03-11,0001730168-26-000016,CY2024Q4
RevenueFromContractWithCustomerExcludingAssessedTax,USD,29920000000.0,2024-11-04,2025-05-04,10-Q,2025.0,Q2,2025-06-11,0001730168-25-000064,
RevenueFromContractWithCustomerExcludingAssessedTax,USD,29920000000.0,2024-11-04,2025-05-04,10-Q,2026.0,Q2,2026-06-09,0001730168-26-000054,
RevenueFromContractWithCustomerExcludingAssessedTax,USD,15004000000.0,2025-02-03,2025-05-04,10-Q,2025.0,Q2,2025-06-11,0001730168-25-000064,
RevenueFromContractWithCustomerExcludingAssessedTax,USD,15004000000.0,2025-02-03,2025-05-04,10-Q,2026.0,Q2,2026-06-09,0001730168-26-000054,CY2025Q1
RevenueFromContractWithCustomerExcludingAssessedTax,USD,45872000000.0,2024-11-04,2025-08-03,10-Q,2025.0,Q3,2025-09-10,0001730168-25-000098,
RevenueFromContractWithCustomerExcludingAssessedTax,USD,45872000000.0,2024-11-04,2025-08-03,10-Q,2026.0,Q3,2026-09-10,0001730168-26-000080,
RevenueFromContractWithCustomerExcludingAssessedTax,USD,15952000000.0,2025-05-05,2025-08-03,10-Q,2025.0,Q3,2025-09-10,0001730168-25-000098,
RevenueFromContractWithCustomerExcludingAssessedTax,USD,15952000000.0,2025-05-05,2025-08-03,10-Q,2026.0,Q3,2026-09-10,0001730168-26-000080,CY2025Q2
RevenueFromContractWithCustomerExcludingAssessedTax,USD,63887000000.0,2024-11-04,2025-11-02,10-K,2025.0,FY,2025-12-18,0001730168-25-000121,CY2025
RevenueFromContractWithCustomerExcludingAssessedTax,USD,19311000000.0,2025-11-03,2026-02-01,10-Q,2026.0,Q1,2026-03-11,0001730168-26-000016,CY2025Q4
RevenueFromContractWithCustomerExcludingAssessedTax,USD,41498000000.0,2025-11-03,2026-05-03,10-Q,2026.0,Q2,2026-06-09,0001730168-26-000054,
RevenueFromContractWithCustomerExcludingAssessedTax,USD,22187000000.0,2026-02-02,2026-05-03,10-Q,2026.0,Q2,2026-06-09,0001730168-26-000054,CY2026Q1
RevenueFromContractWithCustomerExcludingAssessedTax,USD,71089000000.0,2025-11-03,2026-08-02,10-Q,2026.0,Q3,2026-09-10,0001730168-26-000080,
RevenueFromContractWithCustomerExcludingAssessedTax,USD,29591000000.0,2026-05-04,2026-08-02,10-Q,2026.0,Q3,2026-09-10,0001730168-26-000080,CY2026Q2
Revenues,USD,13240000000.0,2015-11-02,2016-10-30,10-K,2018.0,FY,2018-12-21,0001730168-18-000084,CY2016
Revenues,USD,4139000000.0,2016-10-31,2017-01-29,10-K,2018.0,FY,2018-12-21,0001730168-18-000084,CY2016Q4
Revenues,USD,8329000000.0,2016-10-31,2017-04-30,10-Q,2018.0,Q2,2018-06-14,0001730168-18-000019,
Revenues,USD,4190000000.0,2017-01-30,2017-04-30,10-Q,2018.0,Q2,2018-06-14,0001730168-18-000019,
Revenues,USD,4190000000.0,2017-01-30,2017-04-30,10-K,2018.0,FY,2018-12-21,0001730168-18-000084,CY2017Q1
Revenues,USD,12792000000.0,2016-10-31,2017-07-30,10-Q,2018.0,Q3,2018-09-13,0001730168-18-000039,
Revenues,USD,4463000000.0,2017-05-01,2017-07-30,10-Q,2018.0,Q3,2018-09-13,0001730168-18-000039,
Revenues,USD,4463000000.0,2017-05-01,2017-07-30,10-K,2018.0,FY,2018-12-21,0001730168-18-000084,CY2017Q2
Revenues,USD,17636000000.0,2016-10-31,2017-10-29,10-K,2018.0,FY,2018-12-21,0001730168-18-000084,CY2017
Revenues,USD,4844000000.0,2017-07-31,2017-10-29,10-K,2018.0,FY,2018-12-21,0001730168-18-000084,CY2017Q3
Revenues,USD,5327000000.0,2017-10-30,2018-02-04,10-K,2018.0,FY,2018-12-21,0001730168-18-000084,CY2017Q4
Revenues,USD,10341000000.0,2017-10-30,2018-05-06,10-Q,2018.0,Q2,2018-06-14,0001730168-18-000019,
Revenues,USD,5014000000.0,2018-02-05,2018-05-06,10-Q,2018.0,Q2,2018-06-14,0001730168-18-000019,
Revenues,USD,5014000000.0,2018-02-05,2018-05-06,10-K,2018.0,FY,2018-12-21,0001730168-18-000084,CY2018Q1
Revenues,USD,15404000000.0,2017-10-30,2018-08-05,10-Q,2018.0,Q3,2018-09-13,0001730168-18-000039,
Revenues,USD,5063000000.0,2018-05-07,2018-08-05,10-Q,2018.0,Q3,2018-09-13,0001730168-18-000039,
Revenues,USD,5063000000.0,2018-05-07,2018-08-05,10-K,2018.0,FY,2018-12-21,0001730168-18-000084,CY2018Q2
Revenues,USD,20848000000.0,2017-10-30,2018-11-04,10-K,2018.0,FY,2018-12-21,0001730168-18-000084,CY2018
Revenues,USD,5444000000.0,2018-08-06,2018-11-04,10-K,2018.0,FY,2018-12-21,0001730168-18-000084,CY2018Q3
StockholdersEquity,USD,20285000000.0,,2017-10-29,10-Q,2018.0,Q2,2018-06-14,0001730168-18-000019,
StockholdersEquity,USD,20285000000.0,,2017-10-29,10-Q,2018.0,Q3,2018-09-13,0001730168-18-000039,
StockholdersEquity,USD,20285000000.0,,2017-10-29,10-K,2018.0,FY,2018-12-21,0001730168-18-000084,CY2017Q3I
StockholdersEquity,USD,32067000000.0,,2018-05-06,10-Q,2018.0,Q2,2018-06-14,0001730168-18-000019,CY2018Q1I
StockholdersEquity,USD,27452000000.0,,2018-08-05,10-Q,2018.0,Q3,2018-09-13,0001730168-18-000039,CY2018Q2I
StockholdersEquity,USD,26657000000.0,,2018-11-04,10-K,2018.0,FY,2018-12-21,0001730168-18-000084,
StockholdersEquity,USD,26657000000.0,,2018-11-04,10-Q,2019.0,Q1,2019-03-15,0001730168-19-000036,
StockholdersEquity,USD,26657000000.0,,2018-11-04,10-Q,2019.0,Q2,2019-06-14,0001730168-19-000101,
StockholdersEquity,USD,26657000000.0,,2018-11-04,10-Q,2019.0,Q3,2019-09-13,0001730168-19-000118,
StockholdersEquity,USD,26657000000.0,,2018-11-04,10-K,2019.0,FY,2019-12-20,0001730168-19-000144,
StockholdersEquity,USD,26657000000.0,,2018-11-04,8-K,,,2020-06-26,0001730168-20-000126,CY2018Q3I
StockholdersEquity,USD,23224000000.0,,2019-02-03,10-Q,2019.0,Q1,2019-03-15,0001730168-19-000036,CY2018Q4I
StockholdersEquity,USD,22172000000.0,,2019-05-05,10-Q,2019.0,Q2,2019-06-14,0001730168-19-000101,CY2019Q1I
StockholdersEquity,USD,21503000000.0,,2019-08-04,10-Q,2019.0,Q3,2019-09-13,0001730168-19-000118,CY2019Q2I
StockholdersEquity,USD,24941000000.0,,2019-11-03,10-K,2019.0,FY,2019-12-20,0001730168-19-000144,
StockholdersEquity,USD,24941000000.0,,2019-11-03,8-K,,,2020-06-26,0001730168-20-000126,CY2019Q3I
