concept,unit,value,start,end,form,fy,fp,filed,accn,frame
Assets,USD,2981000000.0,,2016-03-26,10-Q,2016,Q1,2016-04-28,0000002488-16-000124,CY2016Q1I
Assets,USD,3316000000.0,,2016-06-25,10-Q,2016,Q2,2016-07-26,0000002488-16-000213,CY2016Q2I
Assets,USD,3616000000.0,,2016-09-24,10-Q,2016,Q3,2016-10-26,0000002488-16-000263,CY2016Q3I
Assets,USD,3321000000.0,,2016-12-31,10-K,2016,FY,2017-02-21,0000002488-17-000043,
Assets,USD,3321000000.0,,2016-12-31,10-Q,2017,Q1,2017-05-08,0000002488-17-000107,
Assets,USD,3321000000.0,,2016-12-31,10-Q,2017,Q2,2017-08-03,0000002488-17-000156,
Assets,USD,3321000000.0,,2016-12-31,10-Q,2017,Q3,2017-11-02,0000002488-17-000227,
Assets,USD,3321000000.0,,2016-12-31,10-K,2017,FY,2018-02-27,0000002488-18-000042,CY2016Q4I
Assets,USD,3299000000.0,,2017-04-01,10-Q,2017,Q1,2017-05-08,0000002488-17-000107,CY2017Q1I
Assets,USD,3370000000.0,,2017-07-01,10-Q,2017,Q2,2017-08-03,0000002488-17-000156,CY2017Q2I
Assets,USD,3586000000.0,,2017-09-30,10-Q,2017,Q3,2017-11-02,0000002488-17-000227,CY2017Q3I
Assets,USD,3540000000.0,,2017-12-30,10-K,2017,FY,2018-02-27,0000002488-18-000042,
Assets,USD,3552000000.0,,2017-12-30,10-Q,2018,Q1,2018-05-03,0000002488-18-000068,
Assets,USD,3552000000.0,,2017-12-30,10-Q,2018,Q2,2018-08-02,0000002488-18-000128,
Assets,USD,3552000000.0,,2017-12-30,10-Q,2018,Q3,2018-10-31,0000002488-18-000189,
Assets,USD,3552000000.0,,2017-12-30,10-K,2018,FY,2019-02-08,0000002488-19-000011,CY2017Q4I
Assets,USD,3763000000.0,,2018-03-31,10-Q,2018,Q1,2018-05-03,0000002488-18-000068,CY2018Q1I
Assets,USD,4103000000.0,,2018-06-30,10-Q,2018,Q2,2018-08-02,0000002488-18-000128,CY2018Q2I
Assets,USD,4347000000.0,,2018-09-29,10-Q,2018,Q3,2018-10-31,0000002488-18-000189,CY2018Q3I
Assets,USD,4556000000.0,,2018-12-29,10-K,2018,FY,2019-02-08,0000002488-19-000011,
Assets,USD,4556000000.0,,2018-12-29,10-Q,2019,Q1,2019-05-01,0000002488-19-000045,
Assets,USD,4556000000.0,,2018-12-29,10-Q,2019,Q2,2019-07-31,0000002488-19-000104,
Assets,USD,4556000000.0,,2018-12-29,10-Q,2019,Q3,2019-10-30,0000002488-19-000159,
Assets,USD,4556000000.0,,2018-12-29,10-K,2019,FY,2020-02-04,0000002488-20-000008,CY2018Q4I
Assets,USD,4931000000.0,,2019-03-30,10-Q,2019,Q1,2019-05-01,0000002488-19-000045,CY2019Q1I
Assets,USD,5102000000.0,,2019-06-29,10-Q,2019,Q2,2019-07-31,0000002488-19-000104,CY2019Q2I
Assets,USD,5253000000.0,,2019-09-28,10-Q,2019,Q3,2019-10-30,0000002488-19-000159,CY2019Q3I
Assets,USD,6028000000.0,,2019-12-28,10-K,2019,FY,2020-02-04,0000002488-20-000008,
Assets,USD,6028000000.0,,2019-12-28,10-Q,2020,Q1,2020-04-29,0000002488-20-000051,
Assets,USD,6028000000.0,,2019-12-28,10-Q,2020,Q2,2020-07-29,0000002488-20-000103,
Assets,USD,6028000000.0,,2019-12-28,10-Q,2020,Q3,2020-10-28,0000002488-20-000164,
Assets,USD,6028000000.0,,2019-12-28,10-K,2020,FY,2021-01-29,0001628280-21-001185,CY2019Q4I
Assets,USD,5864000000.0,,2020-03-28,10-Q,2020,Q1,2020-04-29,0000002488-20-000051,CY2020Q1I
Assets,USD,6583000000.0,,2020-06-27,10-Q,2020,Q2,2020-07-29,0000002488-20-000103,CY2020Q2I
Assets,USD,7023000000.0,,2020-09-26,10-Q,2020,Q3,2020-10-28,0000002488-20-000164,CY2020Q3I
Assets,USD,8962000000.0,,2020-12-26,10-K,2020,FY,2021-01-29,0001628280-21-001185,
Assets,USD,8962000000.0,,2020-12-26,10-Q,2021,Q1,2021-04-28,0000002488-21-000056,
Assets,USD,8962000000.0,,2020-12-26,10-Q,2021,Q2,2021-07-28,0000002488-21-000116,
Assets,USD,8962000000.0,,2020-12-26,10-Q,2021,Q3,2021-10-27,0000002488-21-000178,
Assets,USD,8962000000.0,,2020-12-26,10-K,2021,FY,2022-02-03,0000002488-22-000016,CY2020Q4I
Assets,USD,10047000000.0,,2021-03-27,10-Q,2021,Q1,2021-04-28,0000002488-21-000056,CY2021Q1I
Assets,USD,10691000000.0,,2021-06-26,10-Q,2021,Q2,2021-07-28,0000002488-21-000116,CY2021Q2I
Assets,USD,11153000000.0,,2021-09-25,10-Q,2021,Q3,2021-10-27,0000002488-21-000178,CY2021Q3I
Assets,USD,12419000000.0,,2021-12-25,10-K,2021,FY,2022-02-03,0000002488-22-000016,
Assets,USD,12419000000.0,,2021-12-25,10-Q,2022,Q1,2022-05-04,0000002488-22-000078,
Assets,USD,12419000000.0,,2021-12-25,10-Q,2022,Q2,2022-08-03,0000002488-22-000123,
Assets,USD,12419000000.0,,2021-12-25,10-Q,2022,Q3,2022-11-02,0000002488-22-000170,
Assets,USD,12419000000.0,,2021-12-25,10-K,2022,FY,2023-02-27,0000002488-23-000047,CY2021Q4I
Assets,USD,66915000000.0,,2022-03-26,10-Q,2022,Q1,2022-05-04,0000002488-22-000078,CY2022Q1I
Assets,USD,67502000000.0,,2022-06-25,10-Q,2022,Q2,2022-08-03,0000002488-22-000123,CY2022Q2I
Assets,USD,67811000000.0,,2022-09-24,10-Q,2022,Q3,2022-11-02,0000002488-22-000170,CY2022Q3I
Assets,USD,67580000000.0,,2022-12-31,10-K,2022,FY,2023-02-27,0000002488-23-000047,
Assets,USD,67580000000.0,,2022-12-31,10-Q,2023,Q1,2023-05-03,0000002488-23-000076,
Assets,USD,67580000000.0,,2022-12-31,10-Q,2023,Q2,2023-08-02,0000002488-23-000139,
Assets,USD,67580000000.0,,2022-12-31,10-Q,2023,Q3,2023-11-01,0000002488-23-000195,
Assets,USD,67580000000.0,,2022-12-31,10-K,2023,FY,2024-01-31,0000002488-24-000012,CY2022Q4I
Assets,USD,67634000000.0,,2023-04-01,10-Q,2023,Q1,2023-05-03,0000002488-23-000076,CY2023Q1I
Assets,USD,67967000000.0,,2023-07-01,10-Q,2023,Q2,2023-08-02,0000002488-23-000139,CY2023Q2I
Assets,USD,67626000000.0,,2023-09-30,10-Q,2023,Q3,2023-11-01,0000002488-23-000195,CY2023Q3I
Assets,USD,67885000000.0,,2023-12-30,10-K,2023,FY,2024-01-31,0000002488-24-000012,
Assets,USD,67885000000.0,,2023-12-30,10-Q,2024,Q1,2024-05-01,0000002488-24-000056,
Assets,USD,67885000000.0,,2023-12-30,10-Q,2024,Q2,2024-07-31,0000002488-24-000123,
Assets,USD,67885000000.0,,2023-12-30,10-Q,2024,Q3,2024-10-30,0000002488-24-000163,
Assets,USD,67885000000.0,,2023-12-30,10-K,2024,FY,2025-02-05,0000002488-25-000012,CY2023Q4I
Assets,USD,67895000000.0,,2024-03-30,10-Q,2024,Q1,2024-05-01,0000002488-24-000056,CY2024Q1I
Assets,USD,67886000000.0,,2024-06-29,10-Q,2024,Q2,2024-07-31,0000002488-24-000123,CY2024Q2I
Assets,USD,69636000000.0,,2024-09-28,10-Q,2024,Q3,2024-10-30,0000002488-24-000163,CY2024Q3I
Assets,USD,69226000000.0,,2024-12-28,10-K,2024,FY,2025-02-05,0000002488-25-000012,
Assets,USD,69226000000.0,,2024-12-28,10-Q,2025,Q1,2025-05-07,0000002488-25-000047,
Assets,USD,69226000000.0,,2024-12-28,10-Q,2025,Q2,2025-08-06,0000002488-25-000108,
Assets,USD,69226000000.0,,2024-12-28,10-Q,2025,Q3,2025-11-05,0000002488-25-000166,
Assets,USD,69226000000.0,,2024-12-28,10-K,2025,FY,2026-02-04,0000002488-26-000018,CY2024Q4I
Assets,USD,71550000000.0,,2025-03-29,10-Q,2025,Q1,2025-05-07,0000002488-25-000047,CY2025Q1I
Assets,USD,74820000000.0,,2025-06-28,10-Q,2025,Q2,2025-08-06,0000002488-25-000108,CY2025Q2I
Assets,USD,76891000000.0,,2025-09-27,10-Q,2025,Q3,2025-11-05,0000002488-25-000166,CY2025Q3I
Assets,USD,76926000000.0,,2025-12-27,10-K,2025,FY,2026-02-04,0000002488-26-000018,
Assets,USD,76926000000.0,,2025-12-27,10-Q,2026,Q1,2026-05-06,0000002488-26-000076,
Assets,USD,76926000000.0,,2025-12-27,10-Q,2026,Q2,2026-08-05,0000002488-26-000123,CY2025Q4I
Assets,USD,79642000000.0,,2026-03-28,10-Q,2026,Q1,2026-05-06,0000002488-26-000076,CY2026Q1I
Assets,USD,84464000000.0,,2026-06-27,10-Q,2026,Q2,2026-08-05,0000002488-26-000123,CY2026Q2I
CashAndCashEquivalentsAtCarryingValue,USD,716000000.0,,2016-03-26,10-Q,2016,Q1,2016-04-28,0000002488-16-000124,
CashAndCashEquivalentsAtCarryingValue,USD,716000000.0,,2016-03-26,10-Q,2017,Q1,2017-05-08,0000002488-17-000107,CY2016Q1I
CashAndCashEquivalentsAtCarryingValue,USD,957000000.0,,2016-06-25,10-Q,2016,Q2,2016-07-26,0000002488-16-000213,
CashAndCashEquivalentsAtCarryingValue,USD,957000000.0,,2016-06-25,10-Q,2017,Q2,2017-08-03,0000002488-17-000156,CY2016Q2I
CashAndCashEquivalentsAtCarryingValue,USD,1258000000.0,,2016-09-24,10-Q,2016,Q3,2016-10-26,0000002488-16-000263,
CashAndCashEquivalentsAtCarryingValue,USD,1258000000.0,,2016-09-24,10-Q,2017,Q3,2017-11-02,0000002488-17-000227,CY2016Q3I
CashAndCashEquivalentsAtCarryingValue,USD,1264000000.0,,2016-12-31,10-K,2016,FY,2017-02-21,0000002488-17-000043,
CashAndCashEquivalentsAtCarryingValue,USD,1264000000.0,,2016-12-31,10-Q,2017,Q1,2017-05-08,0000002488-17-000107,
CashAndCashEquivalentsAtCarryingValue,USD,1264000000.0,,2016-12-31,10-Q,2017,Q2,2017-08-03,0000002488-17-000156,
CashAndCashEquivalentsAtCarryingValue,USD,1264000000.0,,2016-12-31,10-Q,2017,Q3,2017-11-02,0000002488-17-000227,
CashAndCashEquivalentsAtCarryingValue,USD,1264000000.0,,2016-12-31,10-K,2017,FY,2018-02-27,0000002488-18-000042,
CashAndCashEquivalentsAtCarryingValue,USD,1264000000.0,,2016-12-31,10-K,2018,FY,2019-02-08,0000002488-19-000011,CY2016Q4I
CashAndCashEquivalentsAtCarryingValue,USD,722000000.0,,2017-04-01,10-Q,2017,Q1,2017-05-08,0000002488-17-000107,
CashAndCashEquivalentsAtCarryingValue,USD,722000000.0,,2017-04-01,10-Q,2018,Q1,2018-05-03,0000002488-18-000068,CY2017Q1I
CashAndCashEquivalentsAtCarryingValue,USD,760000000.0,,2017-07-01,10-Q,2017,Q2,2017-08-03,0000002488-17-000156,
CashAndCashEquivalentsAtCarryingValue,USD,760000000.0,,2017-07-01,10-Q,2018,Q2,2018-08-02,0000002488-18-000128,CY2017Q2I
CashAndCashEquivalentsAtCarryingValue,USD,879000000.0,,2017-09-30,10-Q,2017,Q3,2017-11-02,0000002488-17-000227,
CashAndCashEquivalentsAtCarryingValue,USD,879000000.0,,2017-09-30,10-Q,2018,Q3,2018-10-31,0000002488-18-000189,CY2017Q3I
CashAndCashEquivalentsAtCarryingValue,USD,1185000000.0,,2017-12-30,10-K,2017,FY,2018-02-27,0000002488-18-000042,
CashAndCashEquivalentsAtCarryingValue,USD,1185000000.0,,2017-12-30,10-Q,2018,Q1,2018-05-03,0000002488-18-000068,
CashAndCashEquivalentsAtCarryingValue,USD,1185000000.0,,2017-12-30,10-Q,2018,Q2,2018-08-02,0000002488-18-000128,
CashAndCashEquivalentsAtCarryingValue,USD,1185000000.0,,2017-12-30,10-Q,2018,Q3,2018-10-31,0000002488-18-000189,
CashAndCashEquivalentsAtCarryingValue,USD,1185000000.0,,2017-12-30,10-K,2018,FY,2019-02-08,0000002488-19-000011,
CashAndCashEquivalentsAtCarryingValue,USD,1185000000.0,,2017-12-30,10-K,2019,FY,2020-02-04,0000002488-20-000008,CY2017Q4I
CashAndCashEquivalentsAtCarryingValue,USD,1045000000.0,,2018-03-31,10-Q,2018,Q1,2018-05-03,0000002488-18-000068,
CashAndCashEquivalentsAtCarryingValue,USD,1045000000.0,,2018-03-31,10-Q,2019,Q1,2019-05-01,0000002488-19-000045,CY2018Q1I
CashAndCashEquivalentsAtCarryingValue,USD,948000000.0,,2018-06-30,10-Q,2018,Q2,2018-08-02,0000002488-18-000128,
CashAndCashEquivalentsAtCarryingValue,USD,948000000.0,,2018-06-30,10-Q,2019,Q2,2019-07-31,0000002488-19-000104,CY2018Q2I
CashAndCashEquivalentsAtCarryingValue,USD,1046000000.0,,2018-09-29,10-Q,2018,Q3,2018-10-31,0000002488-18-000189,
CashAndCashEquivalentsAtCarryingValue,USD,1046000000.0,,2018-09-29,10-Q,2019,Q3,2019-10-30,0000002488-19-000159,CY2018Q3I
CashAndCashEquivalentsAtCarryingValue,USD,1078000000.0,,2018-12-29,10-K,2018,FY,2019-02-08,0000002488-19-000011,
CashAndCashEquivalentsAtCarryingValue,USD,1078000000.0,,2018-12-29,10-Q,2019,Q1,2019-05-01,0000002488-19-000045,
CashAndCashEquivalentsAtCarryingValue,USD,1078000000.0,,2018-12-29,10-Q,2019,Q2,2019-07-31,0000002488-19-000104,
CashAndCashEquivalentsAtCarryingValue,USD,1078000000.0,,2018-12-29,10-Q,2019,Q3,2019-10-30,0000002488-19-000159,
CashAndCashEquivalentsAtCarryingValue,USD,1078000000.0,,2018-12-29,10-K,2019,FY,2020-02-04,0000002488-20-000008,
CashAndCashEquivalentsAtCarryingValue,USD,1078000000.0,,2018-12-29,10-K,2020,FY,2021-01-29,0001628280-21-001185,CY2018Q4I
CashAndCashEquivalentsAtCarryingValue,USD,978000000.0,,2019-03-30,10-Q,2019,Q1,2019-05-01,0000002488-19-000045,
CashAndCashEquivalentsAtCarryingValue,USD,978000000.0,,2019-03-30,10-Q,2020,Q1,2020-04-29,0000002488-20-000051,CY2019Q1I
CashAndCashEquivalentsAtCarryingValue,USD,963000000.0,,2019-06-29,10-Q,2019,Q2,2019-07-31,0000002488-19-000104,
CashAndCashEquivalentsAtCarryingValue,USD,963000000.0,,2019-06-29,10-Q,2020,Q2,2020-07-29,0000002488-20-000103,CY2019Q2I
CashAndCashEquivalentsAtCarryingValue,USD,1156000000.0,,2019-09-28,10-Q,2019,Q3,2019-10-30,0000002488-19-000159,
CashAndCashEquivalentsAtCarryingValue,USD,1156000000.0,,2019-09-28,10-Q,2020,Q3,2020-10-28,0000002488-20-000164,CY2019Q3I
CashAndCashEquivalentsAtCarryingValue,USD,1466000000.0,,2019-12-28,10-K,2019,FY,2020-02-04,0000002488-20-000008,
CashAndCashEquivalentsAtCarryingValue,USD,1466000000.0,,2019-12-28,10-Q,2020,Q1,2020-04-29,0000002488-20-000051,
CashAndCashEquivalentsAtCarryingValue,USD,1466000000.0,,2019-12-28,10-Q,2020,Q2,2020-07-29,0000002488-20-000103,
CashAndCashEquivalentsAtCarryingValue,USD,1466000000.0,,2019-12-28,10-Q,2020,Q3,2020-10-28,0000002488-20-000164,
CashAndCashEquivalentsAtCarryingValue,USD,1466000000.0,,2019-12-28,10-K,2020,FY,2021-01-29,0001628280-21-001185,
CashAndCashEquivalentsAtCarryingValue,USD,1466000000.0,,2019-12-28,10-K,2021,FY,2022-02-03,0000002488-22-000016,CY2019Q4I
CashAndCashEquivalentsAtCarryingValue,USD,1330000000.0,,2020-03-28,10-Q,2020,Q1,2020-04-29,0000002488-20-000051,
CashAndCashEquivalentsAtCarryingValue,USD,1330000000.0,,2020-03-28,10-Q,2021,Q1,2021-04-28,0000002488-21-000056,CY2020Q1I
CashAndCashEquivalentsAtCarryingValue,USD,1775000000.0,,2020-06-27,10-Q,2020,Q2,2020-07-29,0000002488-20-000103,
CashAndCashEquivalentsAtCarryingValue,USD,1775000000.0,,2020-06-27,10-Q,2021,Q2,2021-07-28,0000002488-21-000116,CY2020Q2I
CashAndCashEquivalentsAtCarryingValue,USD,1296000000.0,,2020-09-26,10-Q,2020,Q3,2020-10-28,0000002488-20-000164,
CashAndCashEquivalentsAtCarryingValue,USD,1296000000.0,,2020-09-26,10-Q,2021,Q3,2021-10-27,0000002488-21-000178,CY2020Q3I
CashAndCashEquivalentsAtCarryingValue,USD,1595000000.0,,2020-12-26,10-K,2020,FY,2021-01-29,0001628280-21-001185,
CashAndCashEquivalentsAtCarryingValue,USD,1595000000.0,,2020-12-26,10-Q,2021,Q1,2021-04-28,0000002488-21-000056,
CashAndCashEquivalentsAtCarryingValue,USD,1595000000.0,,2020-12-26,10-Q,2021,Q2,2021-07-28,0000002488-21-000116,
CashAndCashEquivalentsAtCarryingValue,USD,1595000000.0,,2020-12-26,10-Q,2021,Q3,2021-10-27,0000002488-21-000178,
CashAndCashEquivalentsAtCarryingValue,USD,1595000000.0,,2020-12-26,10-K,2021,FY,2022-02-03,0000002488-22-000016,CY2020Q4I
CashAndCashEquivalentsAtCarryingValue,USD,1763000000.0,,2021-03-27,10-Q,2021,Q1,2021-04-28,0000002488-21-000056,CY2021Q1I
CashAndCashEquivalentsAtCarryingValue,USD,2623000000.0,,2021-06-26,10-Q,2021,Q2,2021-07-28,0000002488-21-000116,CY2021Q2I
CashAndCashEquivalentsAtCarryingValue,USD,2440000000.0,,2021-09-25,10-Q,2021,Q3,2021-10-27,0000002488-21-000178,CY2021Q3I
CashAndCashEquivalentsAtCarryingValue,USD,2535000000.0,,2021-12-25,10-K,2021,FY,2022-02-03,0000002488-22-000016,
CashAndCashEquivalentsAtCarryingValue,USD,2535000000.0,,2021-12-25,10-Q,2022,Q1,2022-05-04,0000002488-22-000078,
CashAndCashEquivalentsAtCarryingValue,USD,2535000000.0,,2021-12-25,10-Q,2022,Q2,2022-08-03,0000002488-22-000123,
CashAndCashEquivalentsAtCarryingValue,USD,2535000000.0,,2021-12-25,10-Q,2022,Q3,2022-11-02,0000002488-22-000170,
CashAndCashEquivalentsAtCarryingValue,USD,2535000000.0,,2021-12-25,10-K,2022,FY,2023-02-27,0000002488-23-000047,CY2021Q4I
CashAndCashEquivalentsAtCarryingValue,USD,4740000000.0,,2022-03-26,10-Q,2022,Q1,2022-05-04,0000002488-22-000078,CY2022Q1I
CashAndCashEquivalentsAtCarryingValue,USD,4964000000.0,,2022-06-25,10-Q,2022,Q2,2022-08-03,0000002488-22-000123,CY2022Q2I
CashAndCashEquivalentsAtCarryingValue,USD,3398000000.0,,2022-09-24,10-Q,2022,Q3,2022-11-02,0000002488-22-000170,CY2022Q3I
CashAndCashEquivalentsAtCarryingValue,USD,4835000000.0,,2022-12-31,10-K,2022,FY,2023-02-27,0000002488-23-000047,
CashAndCashEquivalentsAtCarryingValue,USD,4835000000.0,,2022-12-31,10-Q,2023,Q1,2023-05-03,0000002488-23-000076,
CashAndCashEquivalentsAtCarryingValue,USD,4835000000.0,,2022-12-31,10-Q,2023,Q2,2023-08-02,0000002488-23-000139,
CashAndCashEquivalentsAtCarryingValue,USD,4835000000.0,,2022-12-31,10-Q,2023,Q3,2023-11-01,0000002488-23-000195,
CashAndCashEquivalentsAtCarryingValue,USD,4835000000.0,,2022-12-31,10-K,2023,FY,2024-01-31,0000002488-24-000012,
CashAndCashEquivalentsAtCarryingValue,USD,4835000000.0,,2022-12-31,10-K,2024,FY,2025-02-05,0000002488-25-000012,CY2022Q4I
CashAndCashEquivalentsAtCarryingValue,USD,3825000000.0,,2023-04-01,10-Q,2023,Q1,2023-05-03,0000002488-23-000076,CY2023Q1I
CashAndCashEquivalentsAtCarryingValue,USD,3841000000.0,,2023-07-01,10-Q,2023,Q2,2023-08-02,0000002488-23-000139,CY2023Q2I
CashAndCashEquivalentsAtCarryingValue,USD,3561000000.0,,2023-09-30,10-Q,2023,Q3,2023-11-01,0000002488-23-000195,CY2023Q3I
CashAndCashEquivalentsAtCarryingValue,USD,3933000000.0,,2023-12-30,10-K,2023,FY,2024-01-31,0000002488-24-000012,
CashAndCashEquivalentsAtCarryingValue,USD,3933000000.0,,2023-12-30,10-Q,2024,Q1,2024-05-01,0000002488-24-000056,
CashAndCashEquivalentsAtCarryingValue,USD,3933000000.0,,2023-12-30,10-Q,2024,Q2,2024-07-31,0000002488-24-000123,
CashAndCashEquivalentsAtCarryingValue,USD,3933000000.0,,2023-12-30,10-Q,2024,Q3,2024-10-30,0000002488-24-000163,
CashAndCashEquivalentsAtCarryingValue,USD,3933000000.0,,2023-12-30,10-K,2024,FY,2025-02-05,0000002488-25-000012,
CashAndCashEquivalentsAtCarryingValue,USD,3933000000.0,,2023-12-30,10-K,2025,FY,2026-02-04,0000002488-26-000018,CY2023Q4I
CashAndCashEquivalentsAtCarryingValue,USD,4190000000.0,,2024-03-30,10-Q,2024,Q1,2024-05-01,0000002488-24-000056,CY2024Q1I
CashAndCashEquivalentsAtCarryingValue,USD,4113000000.0,,2024-06-29,10-Q,2024,Q2,2024-07-31,0000002488-24-000123,CY2024Q2I
CashAndCashEquivalentsAtCarryingValue,USD,3897000000.0,,2024-09-28,10-Q,2024,Q3,2024-10-30,0000002488-24-000163,CY2024Q3I
CashAndCashEquivalentsAtCarryingValue,USD,3787000000.0,,2024-12-28,10-K,2024,FY,2025-02-05,0000002488-25-000012,
CashAndCashEquivalentsAtCarryingValue,USD,3787000000.0,,2024-12-28,10-Q,2025,Q1,2025-05-07,0000002488-25-000047,
CashAndCashEquivalentsAtCarryingValue,USD,3787000000.0,,2024-12-28,10-Q,2025,Q2,2025-08-06,0000002488-25-000108,
CashAndCashEquivalentsAtCarryingValue,USD,3787000000.0,,2024-12-28,10-Q,2025,Q3,2025-11-05,0000002488-25-000166,
CashAndCashEquivalentsAtCarryingValue,USD,3787000000.0,,2024-12-28,10-K,2025,FY,2026-02-04,0000002488-26-000018,CY2024Q4I
CashAndCashEquivalentsAtCarryingValue,USD,6049000000.0,,2025-03-29,10-Q,2025,Q1,2025-05-07,0000002488-25-000047,CY2025Q1I
CashAndCashEquivalentsAtCarryingValue,USD,4442000000.0,,2025-06-28,10-Q,2025,Q2,2025-08-06,0000002488-25-000108,CY2025Q2I
CashAndCashEquivalentsAtCarryingValue,USD,4808000000.0,,2025-09-27,10-Q,2025,Q3,2025-11-05,0000002488-25-000166,CY2025Q3I
CashAndCashEquivalentsAtCarryingValue,USD,5539000000.0,,2025-12-27,10-K,2025,FY,2026-02-04,0000002488-26-000018,
CashAndCashEquivalentsAtCarryingValue,USD,5539000000.0,,2025-12-27,10-Q,2026,Q1,2026-05-06,0000002488-26-000076,
CashAndCashEquivalentsAtCarryingValue,USD,5539000000.0,,2025-12-27,10-Q,2026,Q2,2026-08-05,0000002488-26-000123,CY2025Q4I
CashAndCashEquivalentsAtCarryingValue,USD,5585000000.0,,2026-03-28,10-Q,2026,Q1,2026-05-06,0000002488-26-000076,CY2026Q1I
CashAndCashEquivalentsAtCarryingValue,USD,5086000000.0,,2026-06-27,10-Q,2026,Q2,2026-08-05,0000002488-26-000123,CY2026Q2I
CostOfGoodsAndServicesSold,USD,3316000000.0,2015-12-27,2016-12-31,10-K,2018,FY,2019-02-08,0000002488-19-000011,CY2016
CostOfGoodsAndServicesSold,USD,800000000.0,2017-01-01,2017-04-01,10-K,2018,FY,2019-02-08,0000002488-19-000011,CY2017Q1
CostOfGoodsAndServicesSold,USD,1565000000.0,2017-01-01,2017-07-01,10-Q,2018,Q2,2018-08-02,0000002488-18-000128,
CostOfGoodsAndServicesSold,USD,765000000.0,2017-04-02,2017-07-01,10-Q,2018,Q2,2018-08-02,0000002488-18-000128,
CostOfGoodsAndServicesSold,USD,765000000.0,2017-04-02,2017-07-01,10-K,2018,FY,2019-02-08,0000002488-19-000011,CY2017Q2
CostOfGoodsAndServicesSold,USD,2578000000.0,2017-01-01,2017-09-30,10-Q,2018,Q3,2018-10-31,0000002488-18-000189,
CostOfGoodsAndServicesSold,USD,1013000000.0,2017-07-02,2017-09-30,10-Q,2018,Q3,2018-10-31,0000002488-18-000189,
CostOfGoodsAndServicesSold,USD,1013000000.0,2017-07-02,2017-09-30,10-K,2018,FY,2019-02-08,0000002488-19-000011,CY2017Q3
CostOfGoodsAndServicesSold,USD,3466000000.0,2017-01-01,2017-12-30,10-K,2018,FY,2019-02-08,0000002488-19-000011,
CostOfGoodsAndServicesSold,USD,3466000000.0,2017-01-01,2017-12-30,10-K,2019,FY,2020-02-04,0000002488-20-000008,CY2017
CostOfGoodsAndServicesSold,USD,888000000.0,2017-10-01,2017-12-30,10-K,2018,FY,2019-02-08,0000002488-19-000011,CY2017Q4
CostOfGoodsAndServicesSold,USD,1050000000.0,2017-12-31,2018-03-31,10-K,2018,FY,2019-02-08,0000002488-19-000011,
CostOfGoodsAndServicesSold,USD,1050000000.0,2017-12-31,2018-03-31,10-Q,2019,Q1,2019-05-01,0000002488-19-000045,
CostOfGoodsAndServicesSold,USD,1050000000.0,2017-12-31,2018-03-31,10-K,2019,FY,2020-02-04,0000002488-20-000008,CY2018Q1
CostOfGoodsAndServicesSold,USD,2154000000.0,2017-12-31,2018-06-30,10-Q,2018,Q2,2018-08-02,0000002488-18-000128,
CostOfGoodsAndServicesSold,USD,2154000000.0,2017-12-31,2018-06-30,10-Q,2019,Q2,2019-07-31,0000002488-19-000104,
CostOfGoodsAndServicesSold,USD,1104000000.0,2018-04-01,2018-06-30,10-Q,2018,Q2,2018-08-02,0000002488-18-000128,
CostOfGoodsAndServicesSold,USD,1104000000.0,2018-04-01,2018-06-30,10-K,2018,FY,2019-02-08,0000002488-19-000011,
CostOfGoodsAndServicesSold,USD,1104000000.0,2018-04-01,2018-06-30,10-Q,2019,Q2,2019-07-31,0000002488-19-000104,
CostOfGoodsAndServicesSold,USD,1104000000.0,2018-04-01,2018-06-30,10-K,2019,FY,2020-02-04,0000002488-20-000008,CY2018Q2
CostOfGoodsAndServicesSold,USD,3146000000.0,2017-12-31,2018-09-29,10-Q,2018,Q3,2018-10-31,0000002488-18-000189,
CostOfGoodsAndServicesSold,USD,3146000000.0,2017-12-31,2018-09-29,10-Q,2019,Q3,2019-10-30,0000002488-19-000159,
CostOfGoodsAndServicesSold,USD,992000000.0,2018-07-01,2018-09-29,10-Q,2018,Q3,2018-10-31,0000002488-18-000189,
CostOfGoodsAndServicesSold,USD,992000000.0,2018-07-01,2018-09-29,10-K,2018,FY,2019-02-08,0000002488-19-000011,
CostOfGoodsAndServicesSold,USD,992000000.0,2018-07-01,2018-09-29,10-Q,2019,Q3,2019-10-30,0000002488-19-000159,
CostOfGoodsAndServicesSold,USD,992000000.0,2018-07-01,2018-09-29,10-K,2019,FY,2020-02-04,0000002488-20-000008,CY2018Q3
CostOfGoodsAndServicesSold,USD,4028000000.0,2017-12-31,2018-12-29,10-K,2018,FY,2019-02-08,0000002488-19-000011,
CostOfGoodsAndServicesSold,USD,4028000000.0,2017-12-31,2018-12-29,10-K,2019,FY,2020-02-04,0000002488-20-000008,
CostOfGoodsAndServicesSold,USD,4028000000.0,2017-12-31,2018-12-29,10-K,2020,FY,2021-01-29,0001628280-21-001185,CY2018
CostOfGoodsAndServicesSold,USD,882000000.0,2018-09-30,2018-12-29,10-K,2018,FY,2019-02-08,0000002488-19-000011,
CostOfGoodsAndServicesSold,USD,882000000.0,2018-09-30,2018-12-29,10-K,2019,FY,2020-02-04,0000002488-20-000008,CY2018Q4
CostOfGoodsAndServicesSold,USD,751000000.0,2018-12-30,2019-03-30,10-Q,2019,Q1,2019-05-01,0000002488-19-000045,
CostOfGoodsAndServicesSold,USD,751000000.0,2018-12-30,2019-03-30,10-K,2019,FY,2020-02-04,0000002488-20-000008,
CostOfGoodsAndServicesSold,USD,751000000.0,2018-12-30,2019-03-30,10-Q,2020,Q1,2020-04-29,0000002488-20-000051,
CostOfGoodsAndServicesSold,USD,751000000.0,2018-12-30,2019-03-30,10-K,2020,FY,2021-01-29,0001628280-21-001185,CY2019Q1
CostOfGoodsAndServicesSold,USD,1661000000.0,2018-12-30,2019-06-29,10-Q,2019,Q2,2019-07-31,0000002488-19-000104,
CostOfGoodsAndServicesSold,USD,1661000000.0,2018-12-30,2019-06-29,10-Q,2020,Q2,2020-07-29,0000002488-20-000103,
CostOfGoodsAndServicesSold,USD,910000000.0,2019-03-31,2019-06-29,10-Q,2019,Q2,2019-07-31,0000002488-19-000104,
CostOfGoodsAndServicesSold,USD,910000000.0,2019-03-31,2019-06-29,10-K,2019,FY,2020-02-04,0000002488-20-000008,
CostOfGoodsAndServicesSold,USD,910000000.0,2019-03-31,2019-06-29,10-Q,2020,Q2,2020-07-29,0000002488-20-000103,
CostOfGoodsAndServicesSold,USD,910000000.0,2019-03-31,2019-06-29,10-K,2020,FY,2021-01-29,0001628280-21-001185,CY2019Q2
CostOfGoodsAndServicesSold,USD,2685000000.0,2018-12-30,2019-09-28,10-Q,2019,Q3,2019-10-30,0000002488-19-000159,
CostOfGoodsAndServicesSold,USD,2685000000.0,2018-12-30,2019-09-28,10-Q,2020,Q3,2020-10-28,0000002488-20-000164,
CostOfGoodsAndServicesSold,USD,1024000000.0,2019-06-30,2019-09-28,10-Q,2019,Q3,2019-10-30,0000002488-19-000159,
CostOfGoodsAndServicesSold,USD,1024000000.0,2019-06-30,2019-09-28,10-K,2019,FY,2020-02-04,0000002488-20-000008,
CostOfGoodsAndServicesSold,USD,1024000000.0,2019-06-30,2019-09-28,10-Q,2020,Q3,2020-10-28,0000002488-20-000164,
CostOfGoodsAndServicesSold,USD,1024000000.0,2019-06-30,2019-09-28,10-K,2020,FY,2021-01-29,0001628280-21-001185,CY2019Q3
CostOfGoodsAndServicesSold,USD,3863000000.0,2018-12-30,2019-12-28,10-K,2019,FY,2020-02-04,0000002488-20-000008,
CostOfGoodsAndServicesSold,USD,3863000000.0,2018-12-30,2019-12-28,10-K,2020,FY,2021-01-29,0001628280-21-001185,
CostOfGoodsAndServicesSold,USD,3863000000.0,2018-12-30,2019-12-28,10-K,2021,FY,2022-02-03,0000002488-22-000016,CY2019
CostOfGoodsAndServicesSold,USD,1178000000.0,2019-09-29,2019-12-28,10-K,2019,FY,2020-02-04,0000002488-20-000008,
CostOfGoodsAndServicesSold,USD,1178000000.0,2019-09-29,2019-12-28,10-K,2020,FY,2021-01-29,0001628280-21-001185,CY2019Q4
CostOfGoodsAndServicesSold,USD,968000000.0,2019-12-29,2020-03-28,10-Q,2020,Q1,2020-04-29,0000002488-20-000051,
CostOfGoodsAndServicesSold,USD,968000000.0,2019-12-29,2020-03-28,10-K,2020,FY,2021-01-29,0001628280-21-001185,
CostOfGoodsAndServicesSold,USD,968000000.0,2019-12-29,2020-03-28,10-Q,2021,Q1,2021-04-28,0000002488-21-000056,CY2020Q1
CostOfGoodsAndServicesSold,USD,2052000000.0,2019-12-29,2020-06-27,10-Q,2020,Q2,2020-07-29,0000002488-20-000103,
CostOfGoodsAndServicesSold,USD,2052000000.0,2019-12-29,2020-06-27,10-Q,2021,Q2,2021-07-28,0000002488-21-000116,
CostOfGoodsAndServicesSold,USD,1084000000.0,2020-03-29,2020-06-27,10-Q,2020,Q2,2020-07-29,0000002488-20-000103,
CostOfGoodsAndServicesSold,USD,1084000000.0,2020-03-29,2020-06-27,10-K,2020,FY,2021-01-29,0001628280-21-001185,
CostOfGoodsAndServicesSold,USD,1084000000.0,2020-03-29,2020-06-27,10-Q,2021,Q2,2021-07-28,0000002488-21-000116,CY2020Q2
CostOfGoodsAndServicesSold,USD,3623000000.0,2019-12-29,2020-09-26,10-Q,2020,Q3,2020-10-28,0000002488-20-000164,
CostOfGoodsAndServicesSold,USD,3623000000.0,2019-12-29,2020-09-26,10-Q,2021,Q3,2021-10-27,0000002488-21-000178,
CostOfGoodsAndServicesSold,USD,1571000000.0,2020-06-28,2020-09-26,10-Q,2020,Q3,2020-10-28,0000002488-20-000164,
CostOfGoodsAndServicesSold,USD,1571000000.0,2020-06-28,2020-09-26,10-K,2020,FY,2021-01-29,0001628280-21-001185,
CostOfGoodsAndServicesSold,USD,1571000000.0,2020-06-28,2020-09-26,10-Q,2021,Q3,2021-10-27,0000002488-21-000178,CY2020Q3
CostOfGoodsAndServicesSold,USD,5416000000.0,2019-12-29,2020-12-26,10-K,2020,FY,2021-01-29,0001628280-21-001185,
CostOfGoodsAndServicesSold,USD,5416000000.0,2019-12-29,2020-12-26,10-K,2021,FY,2022-02-03,0000002488-22-000016,
CostOfGoodsAndServicesSold,USD,5416000000.0,2019-12-29,2020-12-26,10-K,2022,FY,2023-02-27,0000002488-23-000047,CY2020
CostOfGoodsAndServicesSold,USD,1793000000.0,2020-09-27,2020-12-26,10-K,2020,FY,2021-01-29,0001628280-21-001185,CY2020Q4
CostOfGoodsAndServicesSold,USD,1858000000.0,2020-12-27,2021-03-27,10-Q,2021,Q1,2021-04-28,0000002488-21-000056,
CostOfGoodsAndServicesSold,USD,1858000000.0,2020-12-27,2021-03-27,10-Q,2022,Q1,2022-05-04,0000002488-22-000078,CY2021Q1
CostOfGoodsAndServicesSold,USD,3878000000.0,2020-12-27,2021-06-26,10-Q,2021,Q2,2021-07-28,0000002488-21-000116,
CostOfGoodsAndServicesSold,USD,3878000000.0,2020-12-27,2021-06-26,10-Q,2022,Q2,2022-08-03,0000002488-22-000123,
CostOfGoodsAndServicesSold,USD,2020000000.0,2021-03-28,2021-06-26,10-Q,2021,Q2,2021-07-28,0000002488-21-000116,
CostOfGoodsAndServicesSold,USD,2020000000.0,2021-03-28,2021-06-26,10-Q,2022,Q2,2022-08-03,0000002488-22-000123,CY2021Q2
CostOfGoodsAndServicesSold,USD,6105000000.0,2020-12-27,2021-09-25,10-Q,2021,Q3,2021-10-27,0000002488-21-000178,
CostOfGoodsAndServicesSold,USD,6105000000.0,2020-12-27,2021-09-25,10-Q,2022,Q3,2022-11-02,0000002488-22-000170,
CostOfGoodsAndServicesSold,USD,2227000000.0,2021-06-27,2021-09-25,10-Q,2021,Q3,2021-10-27,0000002488-21-000178,
CostOfGoodsAndServicesSold,USD,2227000000.0,2021-06-27,2021-09-25,10-Q,2022,Q3,2022-11-02,0000002488-22-000170,CY2021Q3
CostOfGoodsAndServicesSold,USD,8505000000.0,2020-12-27,2021-12-25,10-K,2021,FY,2022-02-03,0000002488-22-000016,
CostOfGoodsAndServicesSold,USD,8505000000.0,2020-12-27,2021-12-25,10-K,2022,FY,2023-02-27,0000002488-23-000047,
CostOfGoodsAndServicesSold,USD,8505000000.0,2020-12-27,2021-12-25,10-K,2023,FY,2024-01-31,0000002488-24-000012,CY2021
CostOfGoodsAndServicesSold,USD,3069000000.0,2021-12-26,2022-03-26,10-Q,2022,Q1,2022-05-04,0000002488-22-000078,
CostOfGoodsAndServicesSold,USD,3069000000.0,2021-12-26,2022-03-26,10-Q,2023,Q1,2023-05-03,0000002488-23-000076,CY2022Q1
CostOfGoodsAndServicesSold,USD,6591000000.0,2021-12-26,2022-06-25,10-Q,2022,Q2,2022-08-03,0000002488-22-000123,
CostOfGoodsAndServicesSold,USD,6591000000.0,2021-12-26,2022-06-25,10-Q,2023,Q2,2023-08-02,0000002488-23-000139,
CostOfGoodsAndServicesSold,USD,3522000000.0,2022-03-27,2022-06-25,10-Q,2022,Q2,2022-08-03,0000002488-22-000123,
CostOfGoodsAndServicesSold,USD,3522000000.0,2022-03-27,2022-06-25,10-Q,2023,Q2,2023-08-02,0000002488-23-000139,CY2022Q2
CostOfGoodsAndServicesSold,USD,9802000000.0,2021-12-26,2022-09-24,10-Q,2022,Q3,2022-11-02,0000002488-22-000170,
CostOfGoodsAndServicesSold,USD,9802000000.0,2021-12-26,2022-09-24,10-Q,2023,Q3,2023-11-01,0000002488-23-000195,
CostOfGoodsAndServicesSold,USD,3211000000.0,2022-06-26,2022-09-24,10-Q,2022,Q3,2022-11-02,0000002488-22-000170,
CostOfGoodsAndServicesSold,USD,3211000000.0,2022-06-26,2022-09-24,10-Q,2023,Q3,2023-11-01,0000002488-23-000195,CY2022Q3
CostOfGoodsAndServicesSold,USD,12998000000.0,2021-12-26,2022-12-31,10-K,2022,FY,2023-02-27,0000002488-23-000047,
CostOfGoodsAndServicesSold,USD,12998000000.0,2021-12-26,2022-12-31,10-K,2023,FY,2024-01-31,0000002488-24-000012,
CostOfGoodsAndServicesSold,USD,12998000000.0,2021-12-26,2022-12-31,10-K,2024,FY,2025-02-05,0000002488-25-000012,CY2022
CostOfGoodsAndServicesSold,USD,2994000000.0,2023-01-01,2023-04-01,10-Q,2023,Q1,2023-05-03,0000002488-23-000076,
CostOfGoodsAndServicesSold,USD,2994000000.0,2023-01-01,2023-04-01,10-Q,2024,Q1,2024-05-01,0000002488-24-000056,CY2023Q1
CostOfGoodsAndServicesSold,USD,5910000000.0,2023-01-01,2023-07-01,10-Q,2023,Q2,2023-08-02,0000002488-23-000139,
CostOfGoodsAndServicesSold,USD,5910000000.0,2023-01-01,2023-07-01,10-Q,2024,Q2,2024-07-31,0000002488-24-000123,
CostOfGoodsAndServicesSold,USD,2916000000.0,2023-04-02,2023-07-01,10-Q,2023,Q2,2023-08-02,0000002488-23-000139,
CostOfGoodsAndServicesSold,USD,2916000000.0,2023-04-02,2023-07-01,10-Q,2024,Q2,2024-07-31,0000002488-24-000123,CY2023Q2
CostOfGoodsAndServicesSold,USD,8963000000.0,2023-01-01,2023-09-30,10-Q,2023,Q3,2023-11-01,0000002488-23-000195,
CostOfGoodsAndServicesSold,USD,8963000000.0,2023-01-01,2023-09-30,10-Q,2024,Q3,2024-10-30,0000002488-24-000163,
CostOfGoodsAndServicesSold,USD,3053000000.0,2023-07-02,2023-09-30,10-Q,2023,Q3,2023-11-01,0000002488-23-000195,
CostOfGoodsAndServicesSold,USD,3053000000.0,2023-07-02,2023-09-30,10-Q,2024,Q3,2024-10-30,0000002488-24-000163,CY2023Q3
CostOfGoodsAndServicesSold,USD,12220000000.0,2023-01-01,2023-12-30,10-K,2023,FY,2024-01-31,0000002488-24-000012,
CostOfGoodsAndServicesSold,USD,12220000000.0,2023-01-01,2023-12-30,10-K,2024,FY,2025-02-05,0000002488-25-000012,
CostOfGoodsAndServicesSold,USD,12220000000.0,2023-01-01,2023-12-30,10-K,2025,FY,2026-02-04,0000002488-26-000018,CY2023
CostOfGoodsAndServicesSold,USD,2913000000.0,2023-12-31,2024-03-30,10-Q,2024,Q1,2024-05-01,0000002488-24-000056,
CostOfGoodsAndServicesSold,USD,2913000000.0,2023-12-31,2024-03-30,10-Q,2025,Q1,2025-05-07,0000002488-25-000047,CY2024Q1
CostOfGoodsAndServicesSold,USD,5884000000.0,2023-12-31,2024-06-29,10-Q,2024,Q2,2024-07-31,0000002488-24-000123,
CostOfGoodsAndServicesSold,USD,5884000000.0,2023-12-31,2024-06-29,10-Q,2025,Q2,2025-08-06,0000002488-25-000108,
CostOfGoodsAndServicesSold,USD,2971000000.0,2024-03-31,2024-06-29,10-Q,2024,Q2,2024-07-31,0000002488-24-000123,
CostOfGoodsAndServicesSold,USD,2971000000.0,2024-03-31,2024-06-29,10-Q,2025,Q2,2025-08-06,0000002488-25-000108,CY2024Q2
CostOfGoodsAndServicesSold,USD,9284000000.0,2023-12-31,2024-09-28,10-Q,2024,Q3,2024-10-30,0000002488-24-000163,
CostOfGoodsAndServicesSold,USD,9284000000.0,2023-12-31,2024-09-28,10-Q,2025,Q3,2025-11-05,0000002488-25-000166,
CostOfGoodsAndServicesSold,USD,3400000000.0,2024-06-30,2024-09-28,10-Q,2024,Q3,2024-10-30,0000002488-24-000163,
CostOfGoodsAndServicesSold,USD,3400000000.0,2024-06-30,2024-09-28,10-Q,2025,Q3,2025-11-05,0000002488-25-000166,CY2024Q3
CostOfGoodsAndServicesSold,USD,13060000000.0,2023-12-31,2024-12-28,10-K,2024,FY,2025-02-05,0000002488-25-000012,
CostOfGoodsAndServicesSold,USD,13060000000.0,2023-12-31,2024-12-28,10-K,2025,FY,2026-02-04,0000002488-26-000018,CY2024
CostOfGoodsAndServicesSold,USD,3702000000.0,2024-12-29,2025-03-29,10-Q,2025,Q1,2025-05-07,0000002488-25-000047,
CostOfGoodsAndServicesSold,USD,3702000000.0,2024-12-29,2025-03-29,10-Q,2026,Q1,2026-05-06,0000002488-26-000076,CY2025Q1
CostOfGoodsAndServicesSold,USD,8328000000.0,2024-12-29,2025-06-28,10-Q,2025,Q2,2025-08-06,0000002488-25-000108,
CostOfGoodsAndServicesSold,USD,8328000000.0,2024-12-29,2025-06-28,10-Q,2026,Q2,2026-08-05,0000002488-26-000123,
CostOfGoodsAndServicesSold,USD,4626000000.0,2025-03-30,2025-06-28,10-Q,2025,Q2,2025-08-06,0000002488-25-000108,
CostOfGoodsAndServicesSold,USD,4626000000.0,2025-03-30,2025-06-28,10-Q,2026,Q2,2026-08-05,0000002488-26-000123,CY2025Q2
CostOfGoodsAndServicesSold,USD,12794000000.0,2024-12-29,2025-09-27,10-Q,2025,Q3,2025-11-05,0000002488-25-000166,
CostOfGoodsAndServicesSold,USD,4466000000.0,2025-06-29,2025-09-27,10-Q,2025,Q3,2025-11-05,0000002488-25-000166,CY2025Q3
CostOfGoodsAndServicesSold,USD,17487000000.0,2024-12-29,2025-12-27,10-K,2025,FY,2026-02-04,0000002488-26-000018,CY2025
CostOfGoodsAndServicesSold,USD,4837000000.0,2025-12-28,2026-03-28,10-Q,2026,Q1,2026-05-06,0000002488-26-000076,CY2026Q1
CostOfGoodsAndServicesSold,USD,10170000000.0,2025-12-28,2026-06-27,10-Q,2026,Q2,2026-08-05,0000002488-26-000123,
CostOfGoodsAndServicesSold,USD,5333000000.0,2026-03-29,2026-06-27,10-Q,2026,Q2,2026-08-05,0000002488-26-000123,CY2026Q2
EarningsPerShareBasic,USD/shares,-0.14,2015-12-27,2016-03-26,10-Q,2016,Q1,2016-04-28,0000002488-16-000124,
EarningsPerShareBasic,USD/shares,-0.14,2015-12-27,2016-03-26,10-K,2016,FY,2017-02-21,0000002488-17-000043,
EarningsPerShareBasic,USD/shares,-0.14,2015-12-27,2016-03-26,10-Q,2017,Q1,2017-05-08,0000002488-17-000107,
EarningsPerShareBasic,USD/shares,-0.14,2015-12-27,2016-03-26,10-K,2017,FY,2018-02-27,0000002488-18-000042,CY2016Q1
EarningsPerShareBasic,USD/shares,-0.05,2015-12-27,2016-06-25,10-Q,2016,Q2,2016-07-26,0000002488-16-000213,
EarningsPerShareBasic,USD/shares,-0.05,2015-12-27,2016-06-25,10-Q,2017,Q2,2017-08-03,0000002488-17-000156,
EarningsPerShareBasic,USD/shares,0.09,2016-03-27,2016-06-25,10-Q,2016,Q2,2016-07-26,0000002488-16-000213,
EarningsPerShareBasic,USD/shares,0.09,2016-03-27,2016-06-25,10-K,2016,FY,2017-02-21,0000002488-17-000043,
EarningsPerShareBasic,USD/shares,0.09,2016-03-27,2016-06-25,10-Q,2017,Q2,2017-08-03,0000002488-17-000156,
EarningsPerShareBasic,USD/shares,0.09,2016-03-27,2016-06-25,10-K,2017,FY,2018-02-27,0000002488-18-000042,CY2016Q2
EarningsPerShareBasic,USD/shares,-0.56,2015-12-27,2016-09-24,10-Q,2016,Q3,2016-10-26,0000002488-16-000263,
EarningsPerShareBasic,USD/shares,-0.56,2015-12-27,2016-09-24,10-Q,2017,Q3,2017-11-02,0000002488-17-000227,
EarningsPerShareBasic,USD/shares,-0.5,2016-06-26,2016-09-24,10-Q,2016,Q3,2016-10-26,0000002488-16-000263,
EarningsPerShareBasic,USD/shares,-0.5,2016-06-26,2016-09-24,10-K,2016,FY,2017-02-21,0000002488-17-000043,
EarningsPerShareBasic,USD/shares,-0.5,2016-06-26,2016-09-24,10-Q,2017,Q3,2017-11-02,0000002488-17-000227,
EarningsPerShareBasic,USD/shares,-0.5,2016-06-26,2016-09-24,10-K,2017,FY,2018-02-27,0000002488-18-000042,CY2016Q3
EarningsPerShareBasic,USD/shares,-0.6,2015-12-27,2016-12-31,10-K,2016,FY,2017-02-21,0000002488-17-000043,
EarningsPerShareBasic,USD/shares,-0.6,2015-12-27,2016-12-31,10-K,2017,FY,2018-02-27,0000002488-18-000042,
EarningsPerShareBasic,USD/shares,-0.6,2015-12-27,2016-12-31,10-K,2018,FY,2019-02-08,0000002488-19-000011,CY2016
EarningsPerShareBasic,USD/shares,-0.06,2016-09-25,2016-12-31,10-K,2016,FY,2017-02-21,0000002488-17-000043,
EarningsPerShareBasic,USD/shares,-0.06,2016-09-25,2016-12-31,10-K,2017,FY,2018-02-27,0000002488-18-000042,CY2016Q4
EarningsPerShareBasic,USD/shares,-0.08,2017-01-01,2017-04-01,10-Q,2017,Q1,2017-05-08,0000002488-17-000107,
EarningsPerShareBasic,USD/shares,-0.08,2017-01-01,2017-04-01,10-K,2017,FY,2018-02-27,0000002488-18-000042,
EarningsPerShareBasic,USD/shares,-0.04,2017-01-01,2017-04-01,10-Q,2018,Q1,2018-05-03,0000002488-18-000068,
EarningsPerShareBasic,USD/shares,-0.04,2017-01-01,2017-04-01,10-K,2018,FY,2019-02-08,0000002488-19-000011,CY2017Q1
EarningsPerShareBasic,USD/shares,-0.09,2017-01-01,2017-07-01,10-Q,2017,Q2,2017-08-03,0000002488-17-000156,
EarningsPerShareBasic,USD/shares,-0.08,2017-01-01,2017-07-01,10-Q,2018,Q2,2018-08-02,0000002488-18-000128,
EarningsPerShareBasic,USD/shares,-0.02,2017-04-02,2017-07-01,10-Q,2017,Q2,2017-08-03,0000002488-17-000156,
EarningsPerShareBasic,USD/shares,-0.02,2017-04-02,2017-07-01,10-K,2017,FY,2018-02-27,0000002488-18-000042,
EarningsPerShareBasic,USD/shares,-0.04,2017-04-02,2017-07-01,10-Q,2018,Q2,2018-08-02,0000002488-18-000128,
EarningsPerShareBasic,USD/shares,-0.04,2017-04-02,2017-07-01,10-K,2018,FY,2019-02-08,0000002488-19-000011,CY2017Q2
EarningsPerShareBasic,USD/shares,-0.02,2017-01-01,2017-09-30,10-Q,2017,Q3,2017-11-02,0000002488-17-000227,
EarningsPerShareBasic,USD/shares,-0.01,2017-01-01,2017-09-30,10-Q,2018,Q3,2018-10-31,0000002488-18-000189,
EarningsPerShareBasic,USD/shares,0.07,2017-07-02,2017-09-30,10-Q,2017,Q3,2017-11-02,0000002488-17-000227,
EarningsPerShareBasic,USD/shares,0.07,2017-07-02,2017-09-30,10-K,2017,FY,2018-02-27,0000002488-18-000042,
EarningsPerShareBasic,USD/shares,0.06,2017-07-02,2017-09-30,10-Q,2018,Q3,2018-10-31,0000002488-18-000189,
EarningsPerShareBasic,USD/shares,0.06,2017-07-02,2017-09-30,10-K,2018,FY,2019-02-08,0000002488-19-000011,CY2017Q3
EarningsPerShareBasic,USD/shares,0.04,2017-01-01,2017-12-30,10-K,2017,FY,2018-02-27,0000002488-18-000042,
EarningsPerShareBasic,USD/shares,-0.03,2017-01-01,2017-12-30,10-K,2018,FY,2019-02-08,0000002488-19-000011,
EarningsPerShareBasic,USD/shares,-0.03,2017-01-01,2017-12-30,10-K,2019,FY,2020-02-04,0000002488-20-000008,CY2017
EarningsPerShareBasic,USD/shares,0.06,2017-10-01,2017-12-30,10-K,2017,FY,2018-02-27,0000002488-18-000042,
EarningsPerShareBasic,USD/shares,-0.02,2017-10-01,2017-12-30,10-K,2018,FY,2019-02-08,0000002488-19-000011,CY2017Q4
EarningsPerShareBasic,USD/shares,0.08,2017-12-31,2018-03-31,10-Q,2018,Q1,2018-05-03,0000002488-18-000068,
EarningsPerShareBasic,USD/shares,0.08,2017-12-31,2018-03-31,10-K,2018,FY,2019-02-08,0000002488-19-000011,
EarningsPerShareBasic,USD/shares,0.08,2017-12-31,2018-03-31,10-Q,2019,Q1,2019-05-01,0000002488-19-000045,
EarningsPerShareBasic,USD/shares,0.08,2017-12-31,2018-03-31,10-K,2019,FY,2020-02-04,0000002488-20-000008,CY2018Q1
EarningsPerShareBasic,USD/shares,0.2,2017-12-31,2018-06-30,10-Q,2018,Q2,2018-08-02,0000002488-18-000128,
EarningsPerShareBasic,USD/shares,0.2,2017-12-31,2018-06-30,10-Q,2019,Q2,2019-07-31,0000002488-19-000104,
EarningsPerShareBasic,USD/shares,0.12,2018-04-01,2018-06-30,10-Q,2018,Q2,2018-08-02,0000002488-18-000128,
EarningsPerShareBasic,USD/shares,0.12,2018-04-01,2018-06-30,10-K,2018,FY,2019-02-08,0000002488-19-000011,
EarningsPerShareBasic,USD/shares,0.12,2018-04-01,2018-06-30,10-Q,2019,Q2,2019-07-31,0000002488-19-000104,
EarningsPerShareBasic,USD/shares,0.12,2018-04-01,2018-06-30,10-K,2019,FY,2020-02-04,0000002488-20-000008,CY2018Q2
EarningsPerShareBasic,USD/shares,0.31,2017-12-31,2018-09-29,10-Q,2018,Q3,2018-10-31,0000002488-18-000189,
EarningsPerShareBasic,USD/shares,0.31,2017-12-31,2018-09-29,10-Q,2019,Q3,2019-10-30,0000002488-19-000159,
EarningsPerShareBasic,USD/shares,0.1,2018-07-01,2018-09-29,10-Q,2018,Q3,2018-10-31,0000002488-18-000189,
EarningsPerShareBasic,USD/shares,0.1,2018-07-01,2018-09-29,10-K,2018,FY,2019-02-08,0000002488-19-000011,
EarningsPerShareBasic,USD/shares,0.1,2018-07-01,2018-09-29,10-Q,2019,Q3,2019-10-30,0000002488-19-000159,
EarningsPerShareBasic,USD/shares,0.1,2018-07-01,2018-09-29,10-K,2019,FY,2020-02-04,0000002488-20-000008,CY2018Q3
EarningsPerShareBasic,USD/shares,0.34,2017-12-31,2018-12-29,10-K,2018,FY,2019-02-08,0000002488-19-000011,
EarningsPerShareBasic,USD/shares,0.34,2017-12-31,2018-12-29,10-K,2019,FY,2020-02-04,0000002488-20-000008,
EarningsPerShareBasic,USD/shares,0.34,2017-12-31,2018-12-29,10-K,2020,FY,2021-01-29,0001628280-21-001185,CY2018
EarningsPerShareBasic,USD/shares,0.04,2018-09-30,2018-12-29,10-K,2018,FY,2019-02-08,0000002488-19-000011,
EarningsPerShareBasic,USD/shares,0.04,2018-09-30,2018-12-29,10-K,2019,FY,2020-02-04,0000002488-20-000008,CY2018Q4
EarningsPerShareBasic,USD/shares,0.01,2018-12-30,2019-03-30,10-Q,2019,Q1,2019-05-01,0000002488-19-000045,
EarningsPerShareBasic,USD/shares,0.01,2018-12-30,2019-03-30,10-K,2019,FY,2020-02-04,0000002488-20-000008,
EarningsPerShareBasic,USD/shares,0.01,2018-12-30,2019-03-30,10-Q,2020,Q1,2020-04-29,0000002488-20-000051,
EarningsPerShareBasic,USD/shares,0.01,2018-12-30,2019-03-30,10-K,2020,FY,2021-01-29,0001628280-21-001185,CY2019Q1
EarningsPerShareBasic,USD/shares,0.05,2018-12-30,2019-06-29,10-Q,2019,Q2,2019-07-31,0000002488-19-000104,
EarningsPerShareBasic,USD/shares,0.05,2018-12-30,2019-06-29,10-Q,2020,Q2,2020-07-29,0000002488-20-000103,
EarningsPerShareBasic,USD/shares,0.03,2019-03-31,2019-06-29,10-Q,2019,Q2,2019-07-31,0000002488-19-000104,
EarningsPerShareBasic,USD/shares,0.03,2019-03-31,2019-06-29,10-K,2019,FY,2020-02-04,0000002488-20-000008,
EarningsPerShareBasic,USD/shares,0.03,2019-03-31,2019-06-29,10-Q,2020,Q2,2020-07-29,0000002488-20-000103,
EarningsPerShareBasic,USD/shares,0.03,2019-03-31,2019-06-29,10-K,2020,FY,2021-01-29,0001628280-21-001185,CY2019Q2
EarningsPerShareBasic,USD/shares,0.16,2018-12-30,2019-09-28,10-Q,2019,Q3,2019-10-30,0000002488-19-000159,
EarningsPerShareBasic,USD/shares,0.16,2018-12-30,2019-09-28,10-Q,2020,Q3,2020-10-28,0000002488-20-000164,
EarningsPerShareBasic,USD/shares,0.11,2019-06-30,2019-09-28,10-Q,2019,Q3,2019-10-30,0000002488-19-000159,
EarningsPerShareBasic,USD/shares,0.11,2019-06-30,2019-09-28,10-K,2019,FY,2020-02-04,0000002488-20-000008,
EarningsPerShareBasic,USD/shares,0.11,2019-06-30,2019-09-28,10-Q,2020,Q3,2020-10-28,0000002488-20-000164,
EarningsPerShareBasic,USD/shares,0.11,2019-06-30,2019-09-28,10-K,2020,FY,2021-01-29,0001628280-21-001185,CY2019Q3
EarningsPerShareBasic,USD/shares,0.31,2018-12-30,2019-12-28,10-K,2019,FY,2020-02-04,0000002488-20-000008,
EarningsPerShareBasic,USD/shares,0.31,2018-12-30,2019-12-28,10-K,2020,FY,2021-01-29,0001628280-21-001185,
EarningsPerShareBasic,USD/shares,0.31,2018-12-30,2019-12-28,10-K,2021,FY,2022-02-03,0000002488-22-000016,CY2019
EarningsPerShareBasic,USD/shares,0.15,2019-09-29,2019-12-28,10-K,2019,FY,2020-02-04,0000002488-20-000008,
EarningsPerShareBasic,USD/shares,0.15,2019-09-29,2019-12-28,10-K,2020,FY,2021-01-29,0001628280-21-001185,CY2019Q4
EarningsPerShareBasic,USD/shares,0.14,2019-12-29,2020-03-28,10-Q,2020,Q1,2020-04-29,0000002488-20-000051,
EarningsPerShareBasic,USD/shares,0.14,2019-12-29,2020-03-28,10-K,2020,FY,2021-01-29,0001628280-21-001185,
EarningsPerShareBasic,USD/shares,0.14,2019-12-29,2020-03-28,10-Q,2021,Q1,2021-04-28,0000002488-21-000056,CY2020Q1
EarningsPerShareBasic,USD/shares,0.27,2019-12-29,2020-06-27,10-Q,2020,Q2,2020-07-29,0000002488-20-000103,
EarningsPerShareBasic,USD/shares,0.27,2019-12-29,2020-06-27,10-Q,2021,Q2,2021-07-28,0000002488-21-000116,
EarningsPerShareBasic,USD/shares,0.13,2020-03-29,2020-06-27,10-Q,2020,Q2,2020-07-29,0000002488-20-000103,
EarningsPerShareBasic,USD/shares,0.13,2020-03-29,2020-06-27,10-K,2020,FY,2021-01-29,0001628280-21-001185,
EarningsPerShareBasic,USD/shares,0.13,2020-03-29,2020-06-27,10-Q,2021,Q2,2021-07-28,0000002488-21-000116,CY2020Q2
EarningsPerShareBasic,USD/shares,0.6,2019-12-29,2020-09-26,10-Q,2020,Q3,2020-10-28,0000002488-20-000164,
EarningsPerShareBasic,USD/shares,0.6,2019-12-29,2020-09-26,10-Q,2021,Q3,2021-10-27,0000002488-21-000178,
EarningsPerShareBasic,USD/shares,0.33,2020-06-28,2020-09-26,10-Q,2020,Q3,2020-10-28,0000002488-20-000164,
EarningsPerShareBasic,USD/shares,0.33,2020-06-28,2020-09-26,10-K,2020,FY,2021-01-29,0001628280-21-001185,
EarningsPerShareBasic,USD/shares,0.33,2020-06-28,2020-09-26,10-Q,2021,Q3,2021-10-27,0000002488-21-000178,CY2020Q3
EarningsPerShareBasic,USD/shares,2.1,2019-12-29,2020-12-26,10-K,2020,FY,2021-01-29,0001628280-21-001185,
EarningsPerShareBasic,USD/shares,2.1,2019-12-29,2020-12-26,10-K,2021,FY,2022-02-03,0000002488-22-000016,
EarningsPerShareBasic,USD/shares,2.1,2019-12-29,2020-12-26,10-K,2022,FY,2023-02-27,0000002488-23-000047,CY2020
EarningsPerShareBasic,USD/shares,1.48,2020-09-27,2020-12-26,10-K,2020,FY,2021-01-29,0001628280-21-001185,CY2020Q4
EarningsPerShareBasic,USD/shares,0.46,2020-12-27,2021-03-27,10-Q,2021,Q1,2021-04-28,0000002488-21-000056,
EarningsPerShareBasic,USD/shares,0.46,2020-12-27,2021-03-27,10-Q,2022,Q1,2022-05-04,0000002488-22-000078,CY2021Q1
EarningsPerShareBasic,USD/shares,1.04,2020-12-27,2021-06-26,10-Q,2021,Q2,2021-07-28,0000002488-21-000116,
EarningsPerShareBasic,USD/shares,1.04,2020-12-27,2021-06-26,10-Q,2022,Q2,2022-08-03,0000002488-22-000123,
EarningsPerShareBasic,USD/shares,0.58,2021-03-28,2021-06-26,10-Q,2021,Q2,2021-07-28,0000002488-21-000116,
EarningsPerShareBasic,USD/shares,0.58,2021-03-28,2021-06-26,10-Q,2022,Q2,2022-08-03,0000002488-22-000123,CY2021Q2
EarningsPerShareBasic,USD/shares,1.8,2020-12-27,2021-09-25,10-Q,2021,Q3,2021-10-27,0000002488-21-000178,
EarningsPerShareBasic,USD/shares,1.8,2020-12-27,2021-09-25,10-Q,2022,Q3,2022-11-02,0000002488-22-000170,
EarningsPerShareBasic,USD/shares,0.76,2021-06-27,2021-09-25,10-Q,2021,Q3,2021-10-27,0000002488-21-000178,
EarningsPerShareBasic,USD/shares,0.76,2021-06-27,2021-09-25,10-Q,2022,Q3,2022-11-02,0000002488-22-000170,CY2021Q3
EarningsPerShareBasic,USD/shares,2.61,2020-12-27,2021-12-25,10-K,2021,FY,2022-02-03,0000002488-22-000016,
EarningsPerShareBasic,USD/shares,2.61,2020-12-27,2021-12-25,10-K,2022,FY,2023-02-27,0000002488-23-000047,
EarningsPerShareBasic,USD/shares,2.61,2020-12-27,2021-12-25,10-K,2023,FY,2024-01-31,0000002488-24-000012,CY2021
EarningsPerShareBasic,USD/shares,0.56,2021-12-26,2022-03-26,10-Q,2022,Q1,2022-05-04,0000002488-22-000078,
EarningsPerShareBasic,USD/shares,0.56,2021-12-26,2022-03-26,10-Q,2023,Q1,2023-05-03,0000002488-23-000076,CY2022Q1
EarningsPerShareBasic,USD/shares,0.82,2021-12-26,2022-06-25,10-Q,2022,Q2,2022-08-03,0000002488-22-000123,
EarningsPerShareBasic,USD/shares,0.82,2021-12-26,2022-06-25,10-Q,2023,Q2,2023-08-02,0000002488-23-000139,
EarningsPerShareBasic,USD/shares,0.28,2022-03-27,2022-06-25,10-Q,2022,Q2,2022-08-03,0000002488-22-000123,
EarningsPerShareBasic,USD/shares,0.28,2022-03-27,2022-06-25,10-Q,2023,Q2,2023-08-02,0000002488-23-000139,CY2022Q2
EarningsPerShareBasic,USD/shares,0.84,2021-12-26,2022-09-24,10-Q,2022,Q3,2022-11-02,0000002488-22-000170,
EarningsPerShareBasic,USD/shares,0.84,2021-12-26,2022-09-24,10-Q,2023,Q3,2023-11-01,0000002488-23-000195,
EarningsPerShareBasic,USD/shares,0.04,2022-06-26,2022-09-24,10-Q,2022,Q3,2022-11-02,0000002488-22-000170,
EarningsPerShareBasic,USD/shares,0.04,2022-06-26,2022-09-24,10-Q,2023,Q3,2023-11-01,0000002488-23-000195,CY2022Q3
EarningsPerShareBasic,USD/shares,0.85,2021-12-26,2022-12-31,10-K,2022,FY,2023-02-27,0000002488-23-000047,
EarningsPerShareBasic,USD/shares,0.85,2021-12-26,2022-12-31,10-K,2023,FY,2024-01-31,0000002488-24-000012,
EarningsPerShareBasic,USD/shares,0.85,2021-12-26,2022-12-31,10-K,2024,FY,2025-02-05,0000002488-25-000012,CY2022
EarningsPerShareBasic,USD/shares,-0.09,2023-01-01,2023-04-01,10-Q,2023,Q1,2023-05-03,0000002488-23-000076,
EarningsPerShareBasic,USD/shares,-0.09,2023-01-01,2023-04-01,10-Q,2024,Q1,2024-05-01,0000002488-24-000056,CY2023Q1
EarningsPerShareBasic,USD/shares,-0.07,2023-01-01,2023-07-01,10-Q,2023,Q2,2023-08-02,0000002488-23-000139,
EarningsPerShareBasic,USD/shares,-0.07,2023-01-01,2023-07-01,10-Q,2024,Q2,2024-07-31,0000002488-24-000123,
EarningsPerShareBasic,USD/shares,0.02,2023-04-02,2023-07-01,10-Q,2023,Q2,2023-08-02,0000002488-23-000139,
EarningsPerShareBasic,USD/shares,0.02,2023-04-02,2023-07-01,10-Q,2024,Q2,2024-07-31,0000002488-24-000123,CY2023Q2
EarningsPerShareBasic,USD/shares,0.12,2023-01-01,2023-09-30,10-Q,2023,Q3,2023-11-01,0000002488-23-000195,
EarningsPerShareBasic,USD/shares,0.12,2023-01-01,2023-09-30,10-Q,2024,Q3,2024-10-30,0000002488-24-000163,
EarningsPerShareBasic,USD/shares,0.18,2023-07-02,2023-09-30,10-Q,2023,Q3,2023-11-01,0000002488-23-000195,
EarningsPerShareBasic,USD/shares,0.18,2023-07-02,2023-09-30,10-Q,2024,Q3,2024-10-30,0000002488-24-000163,CY2023Q3
EarningsPerShareBasic,USD/shares,0.53,2023-01-01,2023-12-30,10-K,2023,FY,2024-01-31,0000002488-24-000012,
EarningsPerShareBasic,USD/shares,0.53,2023-01-01,2023-12-30,10-K,2024,FY,2025-02-05,0000002488-25-000012,
EarningsPerShareBasic,USD/shares,0.53,2023-01-01,2023-12-30,10-K,2025,FY,2026-02-04,0000002488-26-000018,CY2023
EarningsPerShareBasic,USD/shares,0.08,2023-12-31,2024-03-30,10-Q,2024,Q1,2024-05-01,0000002488-24-000056,
EarningsPerShareBasic,USD/shares,0.08,2023-12-31,2024-03-30,10-Q,2025,Q1,2025-05-07,0000002488-25-000047,CY2024Q1
EarningsPerShareBasic,USD/shares,0.24,2023-12-31,2024-06-29,10-Q,2024,Q2,2024-07-31,0000002488-24-000123,
EarningsPerShareBasic,USD/shares,0.24,2023-12-31,2024-06-29,10-Q,2025,Q2,2025-08-06,0000002488-25-000108,
EarningsPerShareBasic,USD/shares,0.16,2024-03-31,2024-06-29,10-Q,2024,Q2,2024-07-31,0000002488-24-000123,
EarningsPerShareBasic,USD/shares,0.16,2024-03-31,2024-06-29,10-Q,2025,Q2,2025-08-06,0000002488-25-000108,CY2024Q2
EarningsPerShareBasic,USD/shares,0.72,2023-12-31,2024-09-28,10-Q,2024,Q3,2024-10-30,0000002488-24-000163,
EarningsPerShareBasic,USD/shares,0.72,2023-12-31,2024-09-28,10-Q,2025,Q3,2025-11-05,0000002488-25-000166,
EarningsPerShareBasic,USD/shares,0.48,2024-06-30,2024-09-28,10-Q,2024,Q3,2024-10-30,0000002488-24-000163,
EarningsPerShareBasic,USD/shares,0.48,2024-06-30,2024-09-28,10-Q,2025,Q3,2025-11-05,0000002488-25-000166,CY2024Q3
EarningsPerShareBasic,USD/shares,1.01,2023-12-31,2024-12-28,10-K,2024,FY,2025-02-05,0000002488-25-000012,
EarningsPerShareBasic,USD/shares,1.01,2023-12-31,2024-12-28,10-K,2025,FY,2026-02-04,0000002488-26-000018,CY2024
EarningsPerShareBasic,USD/shares,0.44,2024-12-29,2025-03-29,10-Q,2025,Q1,2025-05-07,0000002488-25-000047,
EarningsPerShareBasic,USD/shares,0.44,2024-12-29,2025-03-29,10-Q,2026,Q1,2026-05-06,0000002488-26-000076,CY2025Q1
EarningsPerShareBasic,USD/shares,0.98,2024-12-29,2025-06-28,10-Q,2025,Q2,2025-08-06,0000002488-25-000108,
EarningsPerShareBasic,USD/shares,0.98,2024-12-29,2025-06-28,10-Q,2026,Q2,2026-08-05,0000002488-26-000123,
EarningsPerShareBasic,USD/shares,0.54,2025-03-30,2025-06-28,10-Q,2025,Q2,2025-08-06,0000002488-25-000108,
EarningsPerShareBasic,USD/shares,0.54,2025-03-30,2025-06-28,10-Q,2026,Q2,2026-08-05,0000002488-26-000123,CY2025Q2
EarningsPerShareBasic,USD/shares,1.74,2024-12-29,2025-09-27,10-Q,2025,Q3,2025-11-05,0000002488-25-000166,
EarningsPerShareBasic,USD/shares,0.76,2025-06-29,2025-09-27,10-Q,2025,Q3,2025-11-05,0000002488-25-000166,CY2025Q3
EarningsPerShareBasic,USD/shares,2.67,2024-12-29,2025-12-27,10-K,2025,FY,2026-02-04,0000002488-26-000018,CY2025
EarningsPerShareBasic,USD/shares,0.85,2025-12-28,2026-03-28,10-Q,2026,Q1,2026-05-06,0000002488-26-000076,CY2026Q1
EarningsPerShareBasic,USD/shares,2.26,2025-12-28,2026-06-27,10-Q,2026,Q2,2026-08-05,0000002488-26-000123,
EarningsPerShareBasic,USD/shares,1.4,2026-03-29,2026-06-27,10-Q,2026,Q2,2026-08-05,0000002488-26-000123,CY2026Q2
EarningsPerShareDiluted,USD/shares,-0.14,2015-12-27,2016-03-26,10-Q,2016,Q1,2016-04-28,0000002488-16-000124,
EarningsPerShareDiluted,USD/shares,-0.14,2015-12-27,2016-03-26,10-K,2016,FY,2017-02-21,0000002488-17-000043,
EarningsPerShareDiluted,USD/shares,-0.14,2015-12-27,2016-03-26,10-Q,2017,Q1,2017-05-08,0000002488-17-000107,
EarningsPerShareDiluted,USD/shares,-0.14,2015-12-27,2016-03-26,10-K,2017,FY,2018-02-27,0000002488-18-000042,CY2016Q1
EarningsPerShareDiluted,USD/shares,-0.05,2015-12-27,2016-06-25,10-Q,2016,Q2,2016-07-26,0000002488-16-000213,
EarningsPerShareDiluted,USD/shares,-0.05,2015-12-27,2016-06-25,10-Q,2017,Q2,2017-08-03,0000002488-17-000156,
EarningsPerShareDiluted,USD/shares,0.08,2016-03-27,2016-06-25,10-Q,2016,Q2,2016-07-26,0000002488-16-000213,
EarningsPerShareDiluted,USD/shares,0.08,2016-03-27,2016-06-25,10-K,2016,FY,2017-02-21,0000002488-17-000043,
EarningsPerShareDiluted,USD/shares,0.08,2016-03-27,2016-06-25,10-Q,2017,Q2,2017-08-03,0000002488-17-000156,
EarningsPerShareDiluted,USD/shares,0.08,2016-03-27,2016-06-25,10-K,2017,FY,2018-02-27,0000002488-18-000042,CY2016Q2
EarningsPerShareDiluted,USD/shares,-0.56,2015-12-27,2016-09-24,10-Q,2016,Q3,2016-10-26,0000002488-16-000263,
EarningsPerShareDiluted,USD/shares,-0.56,2015-12-27,2016-09-24,10-Q,2017,Q3,2017-11-02,0000002488-17-000227,
EarningsPerShareDiluted,USD/shares,-0.5,2016-06-26,2016-09-24,10-Q,2016,Q3,2016-10-26,0000002488-16-000263,
EarningsPerShareDiluted,USD/shares,-0.5,2016-06-26,2016-09-24,10-K,2016,FY,2017-02-21,0000002488-17-000043,
EarningsPerShareDiluted,USD/shares,-0.5,2016-06-26,2016-09-24,10-Q,2017,Q3,2017-11-02,0000002488-17-000227,
EarningsPerShareDiluted,USD/shares,-0.5,2016-06-26,2016-09-24,10-K,2017,FY,2018-02-27,0000002488-18-000042,CY2016Q3
EarningsPerShareDiluted,USD/shares,-0.6,2015-12-27,2016-12-31,10-K,2016,FY,2017-02-21,0000002488-17-000043,
EarningsPerShareDiluted,USD/shares,-0.6,2015-12-27,2016-12-31,10-K,2017,FY,2018-02-27,0000002488-18-000042,
EarningsPerShareDiluted,USD/shares,-0.6,2015-12-27,2016-12-31,10-K,2018,FY,2019-02-08,0000002488-19-000011,CY2016
EarningsPerShareDiluted,USD/shares,-0.06,2016-09-25,2016-12-31,10-K,2016,FY,2017-02-21,0000002488-17-000043,
EarningsPerShareDiluted,USD/shares,-0.06,2016-09-25,2016-12-31,10-K,2017,FY,2018-02-27,0000002488-18-000042,CY2016Q4
EarningsPerShareDiluted,USD/shares,-0.08,2017-01-01,2017-04-01,10-Q,2017,Q1,2017-05-08,0000002488-17-000107,
EarningsPerShareDiluted,USD/shares,-0.08,2017-01-01,2017-04-01,10-K,2017,FY,2018-02-27,0000002488-18-000042,
EarningsPerShareDiluted,USD/shares,-0.04,2017-01-01,2017-04-01,10-Q,2018,Q1,2018-05-03,0000002488-18-000068,
EarningsPerShareDiluted,USD/shares,-0.04,2017-01-01,2017-04-01,10-K,2018,FY,2019-02-08,0000002488-19-000011,CY2017Q1
EarningsPerShareDiluted,USD/shares,-0.09,2017-01-01,2017-07-01,10-Q,2017,Q2,2017-08-03,0000002488-17-000156,
EarningsPerShareDiluted,USD/shares,-0.08,2017-01-01,2017-07-01,10-Q,2018,Q2,2018-08-02,0000002488-18-000128,
EarningsPerShareDiluted,USD/shares,-0.02,2017-04-02,2017-07-01,10-Q,2017,Q2,2017-08-03,0000002488-17-000156,
EarningsPerShareDiluted,USD/shares,-0.02,2017-04-02,2017-07-01,10-K,2017,FY,2018-02-27,0000002488-18-000042,
EarningsPerShareDiluted,USD/shares,-0.04,2017-04-02,2017-07-01,10-Q,2018,Q2,2018-08-02,0000002488-18-000128,
EarningsPerShareDiluted,USD/shares,-0.04,2017-04-02,2017-07-01,10-K,2018,FY,2019-02-08,0000002488-19-000011,CY2017Q2
EarningsPerShareDiluted,USD/shares,-0.02,2017-01-01,2017-09-30,10-Q,2017,Q3,2017-11-02,0000002488-17-000227,
EarningsPerShareDiluted,USD/shares,-0.01,2017-01-01,2017-09-30,10-Q,2018,Q3,2018-10-31,0000002488-18-000189,
EarningsPerShareDiluted,USD/shares,0.07,2017-07-02,2017-09-30,10-Q,2017,Q3,2017-11-02,0000002488-17-000227,
EarningsPerShareDiluted,USD/shares,0.07,2017-07-02,2017-09-30,10-K,2017,FY,2018-02-27,0000002488-18-000042,
EarningsPerShareDiluted,USD/shares,0.06,2017-07-02,2017-09-30,10-Q,2018,Q3,2018-10-31,0000002488-18-000189,
EarningsPerShareDiluted,USD/shares,0.06,2017-07-02,2017-09-30,10-K,2018,FY,2019-02-08,0000002488-19-000011,CY2017Q3
EarningsPerShareDiluted,USD/shares,0.04,2017-01-01,2017-12-30,10-K,2017,FY,2018-02-27,0000002488-18-000042,
EarningsPerShareDiluted,USD/shares,-0.03,2017-01-01,2017-12-30,10-K,2018,FY,2019-02-08,0000002488-19-000011,
EarningsPerShareDiluted,USD/shares,-0.03,2017-01-01,2017-12-30,10-K,2019,FY,2020-02-04,0000002488-20-000008,CY2017
EarningsPerShareDiluted,USD/shares,0.06,2017-10-01,2017-12-30,10-K,2017,FY,2018-02-27,0000002488-18-000042,
EarningsPerShareDiluted,USD/shares,-0.02,2017-10-01,2017-12-30,10-K,2018,FY,2019-02-08,0000002488-19-000011,CY2017Q4
EarningsPerShareDiluted,USD/shares,0.08,2017-12-31,2018-03-31,10-Q,2018,Q1,2018-05-03,0000002488-18-000068,
EarningsPerShareDiluted,USD/shares,0.08,2017-12-31,2018-03-31,10-K,2018,FY,2019-02-08,0000002488-19-000011,
EarningsPerShareDiluted,USD/shares,0.08,2017-12-31,2018-03-31,10-Q,2019,Q1,2019-05-01,0000002488-19-000045,
EarningsPerShareDiluted,USD/shares,0.08,2017-12-31,2018-03-31,10-K,2019,FY,2020-02-04,0000002488-20-000008,CY2018Q1
EarningsPerShareDiluted,USD/shares,0.19,2017-12-31,2018-06-30,10-Q,2018,Q2,2018-08-02,0000002488-18-000128,
EarningsPerShareDiluted,USD/shares,0.19,2017-12-31,2018-06-30,10-Q,2019,Q2,2019-07-31,0000002488-19-000104,
EarningsPerShareDiluted,USD/shares,0.11,2018-04-01,2018-06-30,10-Q,2018,Q2,2018-08-02,0000002488-18-000128,
EarningsPerShareDiluted,USD/shares,0.11,2018-04-01,2018-06-30,10-K,2018,FY,2019-02-08,0000002488-19-000011,
EarningsPerShareDiluted,USD/shares,0.11,2018-04-01,2018-06-30,10-Q,2019,Q2,2019-07-31,0000002488-19-000104,
EarningsPerShareDiluted,USD/shares,0.11,2018-04-01,2018-06-30,10-K,2019,FY,2020-02-04,0000002488-20-000008,CY2018Q2
EarningsPerShareDiluted,USD/shares,0.28,2017-12-31,2018-09-29,10-Q,2018,Q3,2018-10-31,0000002488-18-000189,
EarningsPerShareDiluted,USD/shares,0.28,2017-12-31,2018-09-29,10-Q,2019,Q3,2019-10-30,0000002488-19-000159,
EarningsPerShareDiluted,USD/shares,0.09,2018-07-01,2018-09-29,10-Q,2018,Q3,2018-10-31,0000002488-18-000189,
EarningsPerShareDiluted,USD/shares,0.09,2018-07-01,2018-09-29,10-K,2018,FY,2019-02-08,0000002488-19-000011,
EarningsPerShareDiluted,USD/shares,0.09,2018-07-01,2018-09-29,10-Q,2019,Q3,2019-10-30,0000002488-19-000159,
EarningsPerShareDiluted,USD/shares,0.09,2018-07-01,2018-09-29,10-K,2019,FY,2020-02-04,0000002488-20-000008,CY2018Q3
EarningsPerShareDiluted,USD/shares,0.32,2017-12-31,2018-12-29,10-K,2018,FY,2019-02-08,0000002488-19-000011,
EarningsPerShareDiluted,USD/shares,0.32,2017-12-31,2018-12-29,10-K,2019,FY,2020-02-04,0000002488-20-000008,
EarningsPerShareDiluted,USD/shares,0.32,2017-12-31,2018-12-29,10-K,2020,FY,2021-01-29,0001628280-21-001185,CY2018
EarningsPerShareDiluted,USD/shares,0.04,2018-09-30,2018-12-29,10-K,2018,FY,2019-02-08,0000002488-19-000011,
EarningsPerShareDiluted,USD/shares,0.04,2018-09-30,2018-12-29,10-K,2019,FY,2020-02-04,0000002488-20-000008,CY2018Q4
EarningsPerShareDiluted,USD/shares,0.01,2018-12-30,2019-03-30,10-Q,2019,Q1,2019-05-01,0000002488-19-000045,
EarningsPerShareDiluted,USD/shares,0.01,2018-12-30,2019-03-30,10-K,2019,FY,2020-02-04,0000002488-20-000008,
EarningsPerShareDiluted,USD/shares,0.01,2018-12-30,2019-03-30,10-Q,2020,Q1,2020-04-29,0000002488-20-000051,
EarningsPerShareDiluted,USD/shares,0.01,2018-12-30,2019-03-30,10-K,2020,FY,2021-01-29,0001628280-21-001185,CY2019Q1
EarningsPerShareDiluted,USD/shares,0.05,2018-12-30,2019-06-29,10-Q,2019,Q2,2019-07-31,0000002488-19-000104,
EarningsPerShareDiluted,USD/shares,0.05,2018-12-30,2019-06-29,10-Q,2020,Q2,2020-07-29,0000002488-20-000103,
EarningsPerShareDiluted,USD/shares,0.03,2019-03-31,2019-06-29,10-Q,2019,Q2,2019-07-31,0000002488-19-000104,
EarningsPerShareDiluted,USD/shares,0.03,2019-03-31,2019-06-29,10-K,2019,FY,2020-02-04,0000002488-20-000008,
EarningsPerShareDiluted,USD/shares,0.03,2019-03-31,2019-06-29,10-Q,2020,Q2,2020-07-29,0000002488-20-000103,
EarningsPerShareDiluted,USD/shares,0.03,2019-03-31,2019-06-29,10-K,2020,FY,2021-01-29,0001628280-21-001185,CY2019Q2
EarningsPerShareDiluted,USD/shares,0.15,2018-12-30,2019-09-28,10-Q,2019,Q3,2019-10-30,0000002488-19-000159,
EarningsPerShareDiluted,USD/shares,0.15,2018-12-30,2019-09-28,10-Q,2020,Q3,2020-10-28,0000002488-20-000164,
EarningsPerShareDiluted,USD/shares,0.11,2019-06-30,2019-09-28,10-Q,2019,Q3,2019-10-30,0000002488-19-000159,
EarningsPerShareDiluted,USD/shares,0.11,2019-06-30,2019-09-28,10-K,2019,FY,2020-02-04,0000002488-20-000008,
EarningsPerShareDiluted,USD/shares,0.11,2019-06-30,2019-09-28,10-Q,2020,Q3,2020-10-28,0000002488-20-000164,
EarningsPerShareDiluted,USD/shares,0.11,2019-06-30,2019-09-28,10-K,2020,FY,2021-01-29,0001628280-21-001185,CY2019Q3
EarningsPerShareDiluted,USD/shares,0.3,2018-12-30,2019-12-28,10-K,2019,FY,2020-02-04,0000002488-20-000008,
EarningsPerShareDiluted,USD/shares,0.3,2018-12-30,2019-12-28,10-K,2020,FY,2021-01-29,0001628280-21-001185,
EarningsPerShareDiluted,USD/shares,0.3,2018-12-30,2019-12-28,10-K,2021,FY,2022-02-03,0000002488-22-000016,CY2019
EarningsPerShareDiluted,USD/shares,0.15,2019-09-29,2019-12-28,10-K,2019,FY,2020-02-04,0000002488-20-000008,
EarningsPerShareDiluted,USD/shares,0.15,2019-09-29,2019-12-28,10-K,2020,FY,2021-01-29,0001628280-21-001185,CY2019Q4
EarningsPerShareDiluted,USD/shares,0.14,2019-12-29,2020-03-28,10-Q,2020,Q1,2020-04-29,0000002488-20-000051,
EarningsPerShareDiluted,USD/shares,0.14,2019-12-29,2020-03-28,10-K,2020,FY,2021-01-29,0001628280-21-001185,
EarningsPerShareDiluted,USD/shares,0.14,2019-12-29,2020-03-28,10-Q,2021,Q1,2021-04-28,0000002488-21-000056,CY2020Q1
EarningsPerShareDiluted,USD/shares,0.27,2019-12-29,2020-06-27,10-Q,2020,Q2,2020-07-29,0000002488-20-000103,
EarningsPerShareDiluted,USD/shares,0.27,2019-12-29,2020-06-27,10-Q,2021,Q2,2021-07-28,0000002488-21-000116,
EarningsPerShareDiluted,USD/shares,0.13,2020-03-29,2020-06-27,10-Q,2020,Q2,2020-07-29,0000002488-20-000103,
EarningsPerShareDiluted,USD/shares,0.13,2020-03-29,2020-06-27,10-K,2020,FY,2021-01-29,0001628280-21-001185,
EarningsPerShareDiluted,USD/shares,0.13,2020-03-29,2020-06-27,10-Q,2021,Q2,2021-07-28,0000002488-21-000116,CY2020Q2
EarningsPerShareDiluted,USD/shares,0.59,2019-12-29,2020-09-26,10-Q,2020,Q3,2020-10-28,0000002488-20-000164,
EarningsPerShareDiluted,USD/shares,0.59,2019-12-29,2020-09-26,10-Q,2021,Q3,2021-10-27,0000002488-21-000178,
EarningsPerShareDiluted,USD/shares,0.32,2020-06-28,2020-09-26,10-Q,2020,Q3,2020-10-28,0000002488-20-000164,
EarningsPerShareDiluted,USD/shares,0.32,2020-06-28,2020-09-26,10-K,2020,FY,2021-01-29,0001628280-21-001185,
EarningsPerShareDiluted,USD/shares,0.32,2020-06-28,2020-09-26,10-Q,2021,Q3,2021-10-27,0000002488-21-000178,CY2020Q3
EarningsPerShareDiluted,USD/shares,2.06,2019-12-29,2020-12-26,10-K,2020,FY,2021-01-29,0001628280-21-001185,
EarningsPerShareDiluted,USD/shares,2.06,2019-12-29,2020-12-26,10-K,2021,FY,2022-02-03,0000002488-22-000016,
EarningsPerShareDiluted,USD/shares,2.06,2019-12-29,2020-12-26,10-K,2022,FY,2023-02-27,0000002488-23-000047,CY2020
EarningsPerShareDiluted,USD/shares,1.45,2020-09-27,2020-12-26,10-K,2020,FY,2021-01-29,0001628280-21-001185,CY2020Q4
EarningsPerShareDiluted,USD/shares,0.45,2020-12-27,2021-03-27,10-Q,2021,Q1,2021-04-28,0000002488-21-000056,
EarningsPerShareDiluted,USD/shares,0.45,2020-12-27,2021-03-27,10-Q,2022,Q1,2022-05-04,0000002488-22-000078,CY2021Q1
EarningsPerShareDiluted,USD/shares,1.03,2020-12-27,2021-06-26,10-Q,2021,Q2,2021-07-28,0000002488-21-000116,
EarningsPerShareDiluted,USD/shares,1.03,2020-12-27,2021-06-26,10-Q,2022,Q2,2022-08-03,0000002488-22-000123,
EarningsPerShareDiluted,USD/shares,0.58,2021-03-28,2021-06-26,10-Q,2021,Q2,2021-07-28,0000002488-21-000116,
EarningsPerShareDiluted,USD/shares,0.58,2021-03-28,2021-06-26,10-Q,2022,Q2,2022-08-03,0000002488-22-000123,CY2021Q2
EarningsPerShareDiluted,USD/shares,1.78,2020-12-27,2021-09-25,10-Q,2021,Q3,2021-10-27,0000002488-21-000178,
EarningsPerShareDiluted,USD/shares,1.78,2020-12-27,2021-09-25,10-Q,2022,Q3,2022-11-02,0000002488-22-000170,
EarningsPerShareDiluted,USD/shares,0.75,2021-06-27,2021-09-25,10-Q,2021,Q3,2021-10-27,0000002488-21-000178,
EarningsPerShareDiluted,USD/shares,0.75,2021-06-27,2021-09-25,10-Q,2022,Q3,2022-11-02,0000002488-22-000170,CY2021Q3
EarningsPerShareDiluted,USD/shares,2.57,2020-12-27,2021-12-25,10-K,2021,FY,2022-02-03,0000002488-22-000016,
EarningsPerShareDiluted,USD/shares,2.57,2020-12-27,2021-12-25,10-K,2022,FY,2023-02-27,0000002488-23-000047,
EarningsPerShareDiluted,USD/shares,2.57,2020-12-27,2021-12-25,10-K,2023,FY,2024-01-31,0000002488-24-000012,CY2021
EarningsPerShareDiluted,USD/shares,0.56,2021-12-26,2022-03-26,10-Q,2022,Q1,2022-05-04,0000002488-22-000078,
EarningsPerShareDiluted,USD/shares,0.56,2021-12-26,2022-03-26,10-Q,2023,Q1,2023-05-03,0000002488-23-000076,CY2022Q1
EarningsPerShareDiluted,USD/shares,0.81,2021-12-26,2022-06-25,10-Q,2022,Q2,2022-08-03,0000002488-22-000123,
EarningsPerShareDiluted,USD/shares,0.81,2021-12-26,2022-06-25,10-Q,2023,Q2,2023-08-02,0000002488-23-000139,
EarningsPerShareDiluted,USD/shares,0.27,2022-03-27,2022-06-25,10-Q,2022,Q2,2022-08-03,0000002488-22-000123,
EarningsPerShareDiluted,USD/shares,0.27,2022-03-27,2022-06-25,10-Q,2023,Q2,2023-08-02,0000002488-23-000139,CY2022Q2
EarningsPerShareDiluted,USD/shares,0.84,2021-12-26,2022-09-24,10-Q,2022,Q3,2022-11-02,0000002488-22-000170,
EarningsPerShareDiluted,USD/shares,0.84,2021-12-26,2022-09-24,10-Q,2023,Q3,2023-11-01,0000002488-23-000195,
EarningsPerShareDiluted,USD/shares,0.04,2022-06-26,2022-09-24,10-Q,2022,Q3,2022-11-02,0000002488-22-000170,
EarningsPerShareDiluted,USD/shares,0.04,2022-06-26,2022-09-24,10-Q,2023,Q3,2023-11-01,0000002488-23-000195,CY2022Q3
EarningsPerShareDiluted,USD/shares,0.84,2021-12-26,2022-12-31,10-K,2022,FY,2023-02-27,0000002488-23-000047,
EarningsPerShareDiluted,USD/shares,0.84,2021-12-26,2022-12-31,10-K,2023,FY,2024-01-31,0000002488-24-000012,
EarningsPerShareDiluted,USD/shares,0.84,2021-12-26,2022-12-31,10-K,2024,FY,2025-02-05,0000002488-25-000012,CY2022
EarningsPerShareDiluted,USD/shares,-0.09,2023-01-01,2023-04-01,10-Q,2023,Q1,2023-05-03,0000002488-23-000076,
EarningsPerShareDiluted,USD/shares,-0.09,2023-01-01,2023-04-01,10-Q,2024,Q1,2024-05-01,0000002488-24-000056,CY2023Q1
EarningsPerShareDiluted,USD/shares,-0.07,2023-01-01,2023-07-01,10-Q,2023,Q2,2023-08-02,0000002488-23-000139,
EarningsPerShareDiluted,USD/shares,-0.07,2023-01-01,2023-07-01,10-Q,2024,Q2,2024-07-31,0000002488-24-000123,
EarningsPerShareDiluted,USD/shares,0.02,2023-04-02,2023-07-01,10-Q,2023,Q2,2023-08-02,0000002488-23-000139,
EarningsPerShareDiluted,USD/shares,0.02,2023-04-02,2023-07-01,10-Q,2024,Q2,2024-07-31,0000002488-24-000123,CY2023Q2
EarningsPerShareDiluted,USD/shares,0.11,2023-01-01,2023-09-30,10-Q,2023,Q3,2023-11-01,0000002488-23-000195,
EarningsPerShareDiluted,USD/shares,0.11,2023-01-01,2023-09-30,10-Q,2024,Q3,2024-10-30,0000002488-24-000163,
EarningsPerShareDiluted,USD/shares,0.18,2023-07-02,2023-09-30,10-Q,2023,Q3,2023-11-01,0000002488-23-000195,
EarningsPerShareDiluted,USD/shares,0.18,2023-07-02,2023-09-30,10-Q,2024,Q3,2024-10-30,0000002488-24-000163,CY2023Q3
EarningsPerShareDiluted,USD/shares,0.53,2023-01-01,2023-12-30,10-K,2023,FY,2024-01-31,0000002488-24-000012,
EarningsPerShareDiluted,USD/shares,0.53,2023-01-01,2023-12-30,10-K,2024,FY,2025-02-05,0000002488-25-000012,
EarningsPerShareDiluted,USD/shares,0.53,2023-01-01,2023-12-30,10-K,2025,FY,2026-02-04,0000002488-26-000018,CY2023
EarningsPerShareDiluted,USD/shares,0.07,2023-12-31,2024-03-30,10-Q,2024,Q1,2024-05-01,0000002488-24-000056,
EarningsPerShareDiluted,USD/shares,0.07,2023-12-31,2024-03-30,10-Q,2025,Q1,2025-05-07,0000002488-25-000047,CY2024Q1
EarningsPerShareDiluted,USD/shares,0.24,2023-12-31,2024-06-29,10-Q,2024,Q2,2024-07-31,0000002488-24-000123,
EarningsPerShareDiluted,USD/shares,0.24,2023-12-31,2024-06-29,10-Q,2025,Q2,2025-08-06,0000002488-25-000108,
EarningsPerShareDiluted,USD/shares,0.16,2024-03-31,2024-06-29,10-Q,2024,Q2,2024-07-31,0000002488-24-000123,
EarningsPerShareDiluted,USD/shares,0.16,2024-03-31,2024-06-29,10-Q,2025,Q2,2025-08-06,0000002488-25-000108,CY2024Q2
EarningsPerShareDiluted,USD/shares,0.71,2023-12-31,2024-09-28,10-Q,2024,Q3,2024-10-30,0000002488-24-000163,
EarningsPerShareDiluted,USD/shares,0.71,2023-12-31,2024-09-28,10-Q,2025,Q3,2025-11-05,0000002488-25-000166,
EarningsPerShareDiluted,USD/shares,0.47,2024-06-30,2024-09-28,10-Q,2024,Q3,2024-10-30,0000002488-24-000163,
EarningsPerShareDiluted,USD/shares,0.47,2024-06-30,2024-09-28,10-Q,2025,Q3,2025-11-05,0000002488-25-000166,CY2024Q3
EarningsPerShareDiluted,USD/shares,1.0,2023-12-31,2024-12-28,10-K,2024,FY,2025-02-05,0000002488-25-000012,
EarningsPerShareDiluted,USD/shares,1.0,2023-12-31,2024-12-28,10-K,2025,FY,2026-02-04,0000002488-26-000018,CY2024
EarningsPerShareDiluted,USD/shares,0.44,2024-12-29,2025-03-29,10-Q,2025,Q1,2025-05-07,0000002488-25-000047,
EarningsPerShareDiluted,USD/shares,0.44,2024-12-29,2025-03-29,10-Q,2026,Q1,2026-05-06,0000002488-26-000076,CY2025Q1
EarningsPerShareDiluted,USD/shares,0.97,2024-12-29,2025-06-28,10-Q,2025,Q2,2025-08-06,0000002488-25-000108,
EarningsPerShareDiluted,USD/shares,0.97,2024-12-29,2025-06-28,10-Q,2026,Q2,2026-08-05,0000002488-26-000123,
EarningsPerShareDiluted,USD/shares,0.54,2025-03-30,2025-06-28,10-Q,2025,Q2,2025-08-06,0000002488-25-000108,
EarningsPerShareDiluted,USD/shares,0.54,2025-03-30,2025-06-28,10-Q,2026,Q2,2026-08-05,0000002488-26-000123,CY2025Q2
EarningsPerShareDiluted,USD/shares,1.73,2024-12-29,2025-09-27,10-Q,2025,Q3,2025-11-05,0000002488-25-000166,
EarningsPerShareDiluted,USD/shares,0.75,2025-06-29,2025-09-27,10-Q,2025,Q3,2025-11-05,0000002488-25-000166,CY2025Q3
EarningsPerShareDiluted,USD/shares,2.65,2024-12-29,2025-12-27,10-K,2025,FY,2026-02-04,0000002488-26-000018,CY2025
EarningsPerShareDiluted,USD/shares,0.84,2025-12-28,2026-03-28,10-Q,2026,Q1,2026-05-06,0000002488-26-000076,CY2026Q1
EarningsPerShareDiluted,USD/shares,2.22,2025-12-28,2026-06-27,10-Q,2026,Q2,2026-08-05,0000002488-26-000123,
EarningsPerShareDiluted,USD/shares,1.38,2026-03-29,2026-06-27,10-Q,2026,Q2,2026-08-05,0000002488-26-000123,CY2026Q2
GrossProfit,USD,269000000.0,2015-12-27,2016-03-26,10-Q,2016,Q1,2016-04-28,0000002488-16-000124,
GrossProfit,USD,269000000.0,2015-12-27,2016-03-26,10-K,2016,FY,2017-02-21,0000002488-17-000043,
GrossProfit,USD,269000000.0,2015-12-27,2016-03-26,10-Q,2017,Q1,2017-05-08,0000002488-17-000107,
GrossProfit,USD,269000000.0,2015-12-27,2016-03-26,10-K,2017,FY,2018-02-27,0000002488-18-000042,CY2016Q1
GrossProfit,USD,588000000.0,2015-12-27,2016-06-25,10-Q,2016,Q2,2016-07-26,0000002488-16-000213,
GrossProfit,USD,588000000.0,2015-12-27,2016-06-25,10-Q,2017,Q2,2017-08-03,0000002488-17-000156,
GrossProfit,USD,319000000.0,2016-03-27,2016-06-25,10-Q,2016,Q2,2016-07-26,0000002488-16-000213,
GrossProfit,USD,319000000.0,2016-03-27,2016-06-25,10-K,2016,FY,2017-02-21,0000002488-17-000043,
GrossProfit,USD,319000000.0,2016-03-27,2016-06-25,10-Q,2017,Q2,2017-08-03,0000002488-17-000156,
GrossProfit,USD,319000000.0,2016-03-27,2016-06-25,10-K,2017,FY,2018-02-27,0000002488-18-000042,CY2016Q2
GrossProfit,USD,647000000.0,2015-12-27,2016-09-24,10-Q,2016,Q3,2016-10-26,0000002488-16-000263,
GrossProfit,USD,647000000.0,2015-12-27,2016-09-24,10-Q,2017,Q3,2017-11-02,0000002488-17-000227,
GrossProfit,USD,59000000.0,2016-06-26,2016-09-24,10-Q,2016,Q3,2016-10-26,0000002488-16-000263,
GrossProfit,USD,59000000.0,2016-06-26,2016-09-24,10-K,2016,FY,2017-02-21,0000002488-17-000043,
GrossProfit,USD,59000000.0,2016-06-26,2016-09-24,10-Q,2017,Q3,2017-11-02,0000002488-17-000227,
GrossProfit,USD,59000000.0,2016-06-26,2016-09-24,10-K,2017,FY,2018-02-27,0000002488-18-000042,CY2016Q3
GrossProfit,USD,998000000.0,2015-12-27,2016-12-31,10-K,2016,FY,2017-02-21,0000002488-17-000043,
GrossProfit,USD,998000000.0,2015-12-27,2016-12-31,10-K,2017,FY,2018-02-27,0000002488-18-000042,
GrossProfit,USD,1003000000.0,2015-12-27,2016-12-31,10-K,2018,FY,2019-02-08,0000002488-19-000011,CY2016
GrossProfit,USD,351000000.0,2016-09-25,2016-12-31,10-K,2016,FY,2017-02-21,0000002488-17-000043,
GrossProfit,USD,351000000.0,2016-09-25,2016-12-31,10-K,2017,FY,2018-02-27,0000002488-18-000042,CY2016Q4
GrossProfit,USD,331000000.0,2017-01-01,2017-04-01,10-Q,2017,Q1,2017-05-08,0000002488-17-000107,
GrossProfit,USD,331000000.0,2017-01-01,2017-04-01,10-K,2017,FY,2018-02-27,0000002488-18-000042,
GrossProfit,USD,378000000.0,2017-01-01,2017-04-01,10-Q,2018,Q1,2018-05-03,0000002488-18-000068,
GrossProfit,USD,378000000.0,2017-01-01,2017-04-01,10-K,2018,FY,2019-02-08,0000002488-19-000011,CY2017Q1
GrossProfit,USD,735000000.0,2017-01-01,2017-07-01,10-Q,2017,Q2,2017-08-03,0000002488-17-000156,
GrossProfit,USD,764000000.0,2017-01-01,2017-07-01,10-Q,2018,Q2,2018-08-02,0000002488-18-000128,
GrossProfit,USD,404000000.0,2017-04-02,2017-07-01,10-Q,2017,Q2,2017-08-03,0000002488-17-000156,
GrossProfit,USD,404000000.0,2017-04-02,2017-07-01,10-K,2017,FY,2018-02-27,0000002488-18-000042,
GrossProfit,USD,386000000.0,2017-04-02,2017-07-01,10-Q,2018,Q2,2018-08-02,0000002488-18-000128,
GrossProfit,USD,386000000.0,2017-04-02,2017-07-01,10-K,2018,FY,2019-02-08,0000002488-19-000011,CY2017Q2
GrossProfit,USD,1308000000.0,2017-01-01,2017-09-30,10-Q,2017,Q3,2017-11-02,0000002488-17-000227,
GrossProfit,USD,1335000000.0,2017-01-01,2017-09-30,10-Q,2018,Q3,2018-10-31,0000002488-18-000189,
GrossProfit,USD,573000000.0,2017-07-02,2017-09-30,10-Q,2017,Q3,2017-11-02,0000002488-17-000227,
GrossProfit,USD,573000000.0,2017-07-02,2017-09-30,10-K,2017,FY,2018-02-27,0000002488-18-000042,
GrossProfit,USD,571000000.0,2017-07-02,2017-09-30,10-Q,2018,Q3,2018-10-31,0000002488-18-000189,
GrossProfit,USD,571000000.0,2017-07-02,2017-09-30,10-K,2018,FY,2019-02-08,0000002488-19-000011,CY2017Q3
GrossProfit,USD,1823000000.0,2017-01-01,2017-12-30,10-K,2017,FY,2018-02-27,0000002488-18-000042,
GrossProfit,USD,1787000000.0,2017-01-01,2017-12-30,10-K,2018,FY,2019-02-08,0000002488-19-000011,
GrossProfit,USD,1787000000.0,2017-01-01,2017-12-30,10-K,2019,FY,2020-02-04,0000002488-20-000008,CY2017
GrossProfit,USD,515000000.0,2017-10-01,2017-12-30,10-K,2017,FY,2018-02-27,0000002488-18-000042,
GrossProfit,USD,452000000.0,2017-10-01,2017-12-30,10-K,2018,FY,2019-02-08,0000002488-19-000011,CY2017Q4
GrossProfit,USD,597000000.0,2017-12-31,2018-03-31,10-Q,2018,Q1,2018-05-03,0000002488-18-000068,
GrossProfit,USD,597000000.0,2017-12-31,2018-03-31,10-K,2018,FY,2019-02-08,0000002488-19-000011,
GrossProfit,USD,597000000.0,2017-12-31,2018-03-31,10-Q,2019,Q1,2019-05-01,0000002488-19-000045,
GrossProfit,USD,597000000.0,2017-12-31,2018-03-31,10-K,2019,FY,2020-02-04,0000002488-20-000008,CY2018Q1
GrossProfit,USD,1249000000.0,2017-12-31,2018-06-30,10-Q,2018,Q2,2018-08-02,0000002488-18-000128,
GrossProfit,USD,1249000000.0,2017-12-31,2018-06-30,10-Q,2019,Q2,2019-07-31,0000002488-19-000104,
GrossProfit,USD,652000000.0,2018-04-01,2018-06-30,10-Q,2018,Q2,2018-08-02,0000002488-18-000128,
GrossProfit,USD,652000000.0,2018-04-01,2018-06-30,10-K,2018,FY,2019-02-08,0000002488-19-000011,
GrossProfit,USD,652000000.0,2018-04-01,2018-06-30,10-Q,2019,Q2,2019-07-31,0000002488-19-000104,
GrossProfit,USD,652000000.0,2018-04-01,2018-06-30,10-K,2019,FY,2020-02-04,0000002488-20-000008,CY2018Q2
GrossProfit,USD,1910000000.0,2017-12-31,2018-09-29,10-Q,2018,Q3,2018-10-31,0000002488-18-000189,
GrossProfit,USD,1910000000.0,2017-12-31,2018-09-29,10-Q,2019,Q3,2019-10-30,0000002488-19-000159,
GrossProfit,USD,661000000.0,2018-07-01,2018-09-29,10-Q,2018,Q3,2018-10-31,0000002488-18-000189,
GrossProfit,USD,661000000.0,2018-07-01,2018-09-29,10-K,2018,FY,2019-02-08,0000002488-19-000011,
GrossProfit,USD,661000000.0,2018-07-01,2018-09-29,10-Q,2019,Q3,2019-10-30,0000002488-19-000159,
GrossProfit,USD,661000000.0,2018-07-01,2018-09-29,10-K,2019,FY,2020-02-04,0000002488-20-000008,CY2018Q3
GrossProfit,USD,2447000000.0,2017-12-31,2018-12-29,10-K,2018,FY,2019-02-08,0000002488-19-000011,
GrossProfit,USD,2447000000.0,2017-12-31,2018-12-29,10-K,2019,FY,2020-02-04,0000002488-20-000008,
GrossProfit,USD,2447000000.0,2017-12-31,2018-12-29,10-K,2020,FY,2021-01-29,0001628280-21-001185,CY2018
GrossProfit,USD,537000000.0,2018-09-30,2018-12-29,10-K,2018,FY,2019-02-08,0000002488-19-000011,
GrossProfit,USD,537000000.0,2018-09-30,2018-12-29,10-K,2019,FY,2020-02-04,0000002488-20-000008,CY2018Q4
GrossProfit,USD,521000000.0,2018-12-30,2019-03-30,10-Q,2019,Q1,2019-05-01,0000002488-19-000045,
GrossProfit,USD,521000000.0,2018-12-30,2019-03-30,10-K,2019,FY,2020-02-04,0000002488-20-000008,
GrossProfit,USD,521000000.0,2018-12-30,2019-03-30,10-Q,2020,Q1,2020-04-29,0000002488-20-000051,
GrossProfit,USD,521000000.0,2018-12-30,2019-03-30,10-K,2020,FY,2021-01-29,0001628280-21-001185,CY2019Q1
GrossProfit,USD,1142000000.0,2018-12-30,2019-06-29,10-Q,2019,Q2,2019-07-31,0000002488-19-000104,
GrossProfit,USD,1142000000.0,2018-12-30,2019-06-29,10-Q,2020,Q2,2020-07-29,0000002488-20-000103,
GrossProfit,USD,621000000.0,2019-03-31,2019-06-29,10-Q,2019,Q2,2019-07-31,0000002488-19-000104,
GrossProfit,USD,621000000.0,2019-03-31,2019-06-29,10-K,2019,FY,2020-02-04,0000002488-20-000008,
GrossProfit,USD,621000000.0,2019-03-31,2019-06-29,10-Q,2020,Q2,2020-07-29,0000002488-20-000103,
GrossProfit,USD,621000000.0,2019-03-31,2019-06-29,10-K,2020,FY,2021-01-29,0001628280-21-001185,CY2019Q2
GrossProfit,USD,1919000000.0,2018-12-30,2019-09-28,10-Q,2019,Q3,2019-10-30,0000002488-19-000159,
GrossProfit,USD,1919000000.0,2018-12-30,2019-09-28,10-Q,2020,Q3,2020-10-28,0000002488-20-000164,
GrossProfit,USD,777000000.0,2019-06-30,2019-09-28,10-Q,2019,Q3,2019-10-30,0000002488-19-000159,
GrossProfit,USD,777000000.0,2019-06-30,2019-09-28,10-K,2019,FY,2020-02-04,0000002488-20-000008,
GrossProfit,USD,777000000.0,2019-06-30,2019-09-28,10-Q,2020,Q3,2020-10-28,0000002488-20-000164,
GrossProfit,USD,777000000.0,2019-06-30,2019-09-28,10-K,2020,FY,2021-01-29,0001628280-21-001185,CY2019Q3
GrossProfit,USD,2868000000.0,2018-12-30,2019-12-28,10-K,2019,FY,2020-02-04,0000002488-20-000008,
GrossProfit,USD,2868000000.0,2018-12-30,2019-12-28,10-K,2020,FY,2021-01-29,0001628280-21-001185,
GrossProfit,USD,2868000000.0,2018-12-30,2019-12-28,10-K,2021,FY,2022-02-03,0000002488-22-000016,CY2019
GrossProfit,USD,949000000.0,2019-09-29,2019-12-28,10-K,2019,FY,2020-02-04,0000002488-20-000008,
GrossProfit,USD,949000000.0,2019-09-29,2019-12-28,10-K,2020,FY,2021-01-29,0001628280-21-001185,CY2019Q4
GrossProfit,USD,818000000.0,2019-12-29,2020-03-28,10-Q,2020,Q1,2020-04-29,0000002488-20-000051,
GrossProfit,USD,818000000.0,2019-12-29,2020-03-28,10-K,2020,FY,2021-01-29,0001628280-21-001185,
GrossProfit,USD,818000000.0,2019-12-29,2020-03-28,10-Q,2021,Q1,2021-04-28,0000002488-21-000056,CY2020Q1
GrossProfit,USD,1666000000.0,2019-12-29,2020-06-27,10-Q,2020,Q2,2020-07-29,0000002488-20-000103,
GrossProfit,USD,1666000000.0,2019-12-29,2020-06-27,10-Q,2021,Q2,2021-07-28,0000002488-21-000116,
GrossProfit,USD,848000000.0,2020-03-29,2020-06-27,10-Q,2020,Q2,2020-07-29,0000002488-20-000103,
GrossProfit,USD,848000000.0,2020-03-29,2020-06-27,10-K,2020,FY,2021-01-29,0001628280-21-001185,
GrossProfit,USD,848000000.0,2020-03-29,2020-06-27,10-Q,2021,Q2,2021-07-28,0000002488-21-000116,CY2020Q2
GrossProfit,USD,2896000000.0,2019-12-29,2020-09-26,10-Q,2020,Q3,2020-10-28,0000002488-20-000164,
GrossProfit,USD,2896000000.0,2019-12-29,2020-09-26,10-Q,2021,Q3,2021-10-27,0000002488-21-000178,
GrossProfit,USD,1230000000.0,2020-06-28,2020-09-26,10-Q,2020,Q3,2020-10-28,0000002488-20-000164,
GrossProfit,USD,1230000000.0,2020-06-28,2020-09-26,10-K,2020,FY,2021-01-29,0001628280-21-001185,
GrossProfit,USD,1230000000.0,2020-06-28,2020-09-26,10-Q,2021,Q3,2021-10-27,0000002488-21-000178,CY2020Q3
GrossProfit,USD,4347000000.0,2019-12-29,2020-12-26,10-K,2020,FY,2021-01-29,0001628280-21-001185,
GrossProfit,USD,4347000000.0,2019-12-29,2020-12-26,10-K,2021,FY,2022-02-03,0000002488-22-000016,
GrossProfit,USD,4347000000.0,2019-12-29,2020-12-26,10-K,2022,FY,2023-02-27,0000002488-23-000047,CY2020
GrossProfit,USD,1451000000.0,2020-09-27,2020-12-26,10-K,2020,FY,2021-01-29,0001628280-21-001185,CY2020Q4
GrossProfit,USD,1587000000.0,2020-12-27,2021-03-27,10-Q,2021,Q1,2021-04-28,0000002488-21-000056,
GrossProfit,USD,1587000000.0,2020-12-27,2021-03-27,10-Q,2022,Q1,2022-05-04,0000002488-22-000078,CY2021Q1
GrossProfit,USD,3417000000.0,2020-12-27,2021-06-26,10-Q,2021,Q2,2021-07-28,0000002488-21-000116,
GrossProfit,USD,3417000000.0,2020-12-27,2021-06-26,10-Q,2022,Q2,2022-08-03,0000002488-22-000123,
GrossProfit,USD,1830000000.0,2021-03-28,2021-06-26,10-Q,2021,Q2,2021-07-28,0000002488-21-000116,
GrossProfit,USD,1830000000.0,2021-03-28,2021-06-26,10-Q,2022,Q2,2022-08-03,0000002488-22-000123,CY2021Q2
GrossProfit,USD,5503000000.0,2020-12-27,2021-09-25,10-Q,2021,Q3,2021-10-27,0000002488-21-000178,
GrossProfit,USD,5503000000.0,2020-12-27,2021-09-25,10-Q,2022,Q3,2022-11-02,0000002488-22-000170,
GrossProfit,USD,2086000000.0,2021-06-27,2021-09-25,10-Q,2021,Q3,2021-10-27,0000002488-21-000178,
GrossProfit,USD,2086000000.0,2021-06-27,2021-09-25,10-Q,2022,Q3,2022-11-02,0000002488-22-000170,CY2021Q3
GrossProfit,USD,7929000000.0,2020-12-27,2021-12-25,10-K,2021,FY,2022-02-03,0000002488-22-000016,
GrossProfit,USD,7929000000.0,2020-12-27,2021-12-25,10-K,2022,FY,2023-02-27,0000002488-23-000047,
GrossProfit,USD,7929000000.0,2020-12-27,2021-12-25,10-K,2023,FY,2024-01-31,0000002488-24-000012,CY2021
GrossProfit,USD,2818000000.0,2021-12-26,2022-03-26,10-Q,2022,Q1,2022-05-04,0000002488-22-000078,
GrossProfit,USD,2818000000.0,2021-12-26,2022-03-26,10-Q,2023,Q1,2023-05-03,0000002488-23-000076,CY2022Q1
GrossProfit,USD,5846000000.0,2021-12-26,2022-06-25,10-Q,2022,Q2,2022-08-03,0000002488-22-000123,
GrossProfit,USD,5846000000.0,2021-12-26,2022-06-25,10-Q,2023,Q2,2023-08-02,0000002488-23-000139,
GrossProfit,USD,3028000000.0,2022-03-27,2022-06-25,10-Q,2022,Q2,2022-08-03,0000002488-22-000123,
GrossProfit,USD,3028000000.0,2022-03-27,2022-06-25,10-Q,2023,Q2,2023-08-02,0000002488-23-000139,CY2022Q2
GrossProfit,USD,8200000000.0,2021-12-26,2022-09-24,10-Q,2022,Q3,2022-11-02,0000002488-22-000170,
GrossProfit,USD,8200000000.0,2021-12-26,2022-09-24,10-Q,2023,Q3,2023-11-01,0000002488-23-000195,
GrossProfit,USD,2354000000.0,2022-06-26,2022-09-24,10-Q,2022,Q3,2022-11-02,0000002488-22-000170,
GrossProfit,USD,2354000000.0,2022-06-26,2022-09-24,10-Q,2023,Q3,2023-11-01,0000002488-23-000195,CY2022Q3
GrossProfit,USD,10603000000.0,2021-12-26,2022-12-31,10-K,2022,FY,2023-02-27,0000002488-23-000047,
GrossProfit,USD,10603000000.0,2021-12-26,2022-12-31,10-K,2023,FY,2024-01-31,0000002488-24-000012,
GrossProfit,USD,10603000000.0,2021-12-26,2022-12-31,10-K,2024,FY,2025-02-05,0000002488-25-000012,CY2022
GrossProfit,USD,2359000000.0,2023-01-01,2023-04-01,10-Q,2023,Q1,2023-05-03,0000002488-23-000076,
GrossProfit,USD,2359000000.0,2023-01-01,2023-04-01,10-Q,2024,Q1,2024-05-01,0000002488-24-000056,CY2023Q1
GrossProfit,USD,4802000000.0,2023-01-01,2023-07-01,10-Q,2023,Q2,2023-08-02,0000002488-23-000139,
GrossProfit,USD,4802000000.0,2023-01-01,2023-07-01,10-Q,2024,Q2,2024-07-31,0000002488-24-000123,
GrossProfit,USD,2443000000.0,2023-04-02,2023-07-01,10-Q,2023,Q2,2023-08-02,0000002488-23-000139,
GrossProfit,USD,2443000000.0,2023-04-02,2023-07-01,10-Q,2024,Q2,2024-07-31,0000002488-24-000123,CY2023Q2
GrossProfit,USD,7549000000.0,2023-01-01,2023-09-30,10-Q,2023,Q3,2023-11-01,0000002488-23-000195,
GrossProfit,USD,7549000000.0,2023-01-01,2023-09-30,10-Q,2024,Q3,2024-10-30,0000002488-24-000163,
GrossProfit,USD,2747000000.0,2023-07-02,2023-09-30,10-Q,2023,Q3,2023-11-01,0000002488-23-000195,
GrossProfit,USD,2747000000.0,2023-07-02,2023-09-30,10-Q,2024,Q3,2024-10-30,0000002488-24-000163,CY2023Q3
GrossProfit,USD,10460000000.0,2023-01-01,2023-12-30,10-K,2023,FY,2024-01-31,0000002488-24-000012,
GrossProfit,USD,10460000000.0,2023-01-01,2023-12-30,10-K,2024,FY,2025-02-05,0000002488-25-000012,
GrossProfit,USD,10460000000.0,2023-01-01,2023-12-30,10-K,2025,FY,2026-02-04,0000002488-26-000018,CY2023
GrossProfit,USD,2560000000.0,2023-12-31,2024-03-30,10-Q,2024,Q1,2024-05-01,0000002488-24-000056,
GrossProfit,USD,2560000000.0,2023-12-31,2024-03-30,10-Q,2025,Q1,2025-05-07,0000002488-25-000047,CY2024Q1
GrossProfit,USD,5424000000.0,2023-12-31,2024-06-29,10-Q,2024,Q2,2024-07-31,0000002488-24-000123,
GrossProfit,USD,5424000000.0,2023-12-31,2024-06-29,10-Q,2025,Q2,2025-08-06,0000002488-25-000108,
GrossProfit,USD,2864000000.0,2024-03-31,2024-06-29,10-Q,2024,Q2,2024-07-31,0000002488-24-000123,
GrossProfit,USD,2864000000.0,2024-03-31,2024-06-29,10-Q,2025,Q2,2025-08-06,0000002488-25-000108,CY2024Q2
GrossProfit,USD,8843000000.0,2023-12-31,2024-09-28,10-Q,2024,Q3,2024-10-30,0000002488-24-000163,
GrossProfit,USD,8843000000.0,2023-12-31,2024-09-28,10-Q,2025,Q3,2025-11-05,0000002488-25-000166,
GrossProfit,USD,3419000000.0,2024-06-30,2024-09-28,10-Q,2024,Q3,2024-10-30,0000002488-24-000163,
GrossProfit,USD,3419000000.0,2024-06-30,2024-09-28,10-Q,2025,Q3,2025-11-05,0000002488-25-000166,CY2024Q3
GrossProfit,USD,12725000000.0,2023-12-31,2024-12-28,10-K,2024,FY,2025-02-05,0000002488-25-000012,
GrossProfit,USD,12725000000.0,2023-12-31,2024-12-28,10-K,2025,FY,2026-02-04,0000002488-26-000018,CY2024
GrossProfit,USD,3736000000.0,2024-12-29,2025-03-29,10-Q,2025,Q1,2025-05-07,0000002488-25-000047,
GrossProfit,USD,3736000000.0,2024-12-29,2025-03-29,10-Q,2026,Q1,2026-05-06,0000002488-26-000076,CY2025Q1
GrossProfit,USD,6795000000.0,2024-12-29,2025-06-28,10-Q,2025,Q2,2025-08-06,0000002488-25-000108,
GrossProfit,USD,6795000000.0,2024-12-29,2025-06-28,10-Q,2026,Q2,2026-08-05,0000002488-26-000123,
GrossProfit,USD,3059000000.0,2025-03-30,2025-06-28,10-Q,2025,Q2,2025-08-06,0000002488-25-000108,
GrossProfit,USD,3059000000.0,2025-03-30,2025-06-28,10-Q,2026,Q2,2026-08-05,0000002488-26-000123,CY2025Q2
GrossProfit,USD,11575000000.0,2024-12-29,2025-09-27,10-Q,2025,Q3,2025-11-05,0000002488-25-000166,
GrossProfit,USD,4780000000.0,2025-06-29,2025-09-27,10-Q,2025,Q3,2025-11-05,0000002488-25-000166,CY2025Q3
GrossProfit,USD,17152000000.0,2024-12-29,2025-12-27,10-K,2025,FY,2026-02-04,0000002488-26-000018,CY2025
GrossProfit,USD,5416000000.0,2025-12-28,2026-03-28,10-Q,2026,Q1,2026-05-06,0000002488-26-000076,CY2026Q1
GrossProfit,USD,11619000000.0,2025-12-28,2026-06-27,10-Q,2026,Q2,2026-08-05,0000002488-26-000123,
GrossProfit,USD,6203000000.0,2026-03-29,2026-06-27,10-Q,2026,Q2,2026-08-05,0000002488-26-000123,CY2026Q2
LongTermDebtNoncurrent,USD,2002000000.0,,2016-03-26,10-Q,2016,Q1,2016-04-28,0000002488-16-000124,CY2016Q1I
LongTermDebtNoncurrent,USD,2002000000.0,,2016-06-25,10-Q,2016,Q2,2016-07-26,0000002488-16-000213,CY2016Q2I
LongTermDebtNoncurrent,USD,1630000000.0,,2016-09-24,10-Q,2016,Q3,2016-10-26,0000002488-16-000263,CY2016Q3I
LongTermDebtNoncurrent,USD,1435000000.0,,2016-12-31,10-K,2016,FY,2017-02-21,0000002488-17-000043,
LongTermDebtNoncurrent,USD,1435000000.0,,2016-12-31,10-Q,2017,Q1,2017-05-08,0000002488-17-000107,
LongTermDebtNoncurrent,USD,1435000000.0,,2016-12-31,10-Q,2017,Q2,2017-08-03,0000002488-17-000156,
LongTermDebtNoncurrent,USD,1435000000.0,,2016-12-31,10-Q,2017,Q3,2017-11-02,0000002488-17-000227,
LongTermDebtNoncurrent,USD,1435000000.0,,2016-12-31,10-K,2017,FY,2018-02-27,0000002488-18-000042,CY2016Q4I
LongTermDebtNoncurrent,USD,1408000000.0,,2017-04-01,10-Q,2017,Q1,2017-05-08,0000002488-17-000107,CY2017Q1I
LongTermDebtNoncurrent,USD,1375000000.0,,2017-07-01,10-Q,2017,Q2,2017-08-03,0000002488-17-000156,CY2017Q2I
LongTermDebtNoncurrent,USD,1356000000.0,,2017-09-30,10-Q,2017,Q3,2017-11-02,0000002488-17-000227,CY2017Q3I
LongTermDebtNoncurrent,USD,1325000000.0,,2017-12-30,10-K,2017,FY,2018-02-27,0000002488-18-000042,
LongTermDebtNoncurrent,USD,1325000000.0,,2017-12-30,10-Q,2018,Q1,2018-05-03,0000002488-18-000068,
LongTermDebtNoncurrent,USD,1325000000.0,,2017-12-30,10-Q,2018,Q2,2018-08-02,0000002488-18-000128,
LongTermDebtNoncurrent,USD,1325000000.0,,2017-12-30,10-Q,2018,Q3,2018-10-31,0000002488-18-000189,
LongTermDebtNoncurrent,USD,1325000000.0,,2017-12-30,10-K,2018,FY,2019-02-08,0000002488-19-000011,CY2017Q4I
LongTermDebtNoncurrent,USD,1165000000.0,,2018-03-31,10-Q,2018,Q1,2018-05-03,0000002488-18-000068,CY2018Q1I
LongTermDebtNoncurrent,USD,1170000000.0,,2018-06-30,10-Q,2018,Q2,2018-08-02,0000002488-18-000128,CY2018Q2I
LongTermDebtNoncurrent,USD,1167000000.0,,2018-09-29,10-Q,2018,Q3,2018-10-31,0000002488-18-000189,CY2018Q3I
LongTermDebtNoncurrent,USD,1114000000.0,,2018-12-29,10-K,2018,FY,2019-02-08,0000002488-19-000011,
LongTermDebtNoncurrent,USD,1114000000.0,,2018-12-29,10-Q,2019,Q1,2019-05-01,0000002488-19-000045,
LongTermDebtNoncurrent,USD,1114000000.0,,2018-12-29,10-Q,2019,Q2,2019-07-31,0000002488-19-000104,
LongTermDebtNoncurrent,USD,1114000000.0,,2018-12-29,10-Q,2019,Q3,2019-10-30,0000002488-19-000159,
LongTermDebtNoncurrent,USD,1114000000.0,,2018-12-29,10-K,2019,FY,2020-02-04,0000002488-20-000008,CY2018Q4I
LongTermDebtNoncurrent,USD,1024000000.0,,2019-03-30,10-Q,2019,Q1,2019-05-01,0000002488-19-000045,CY2019Q1I
LongTermDebtNoncurrent,USD,1031000000.0,,2019-06-29,10-Q,2019,Q2,2019-07-31,0000002488-19-000104,CY2019Q2I
LongTermDebtNoncurrent,USD,872000000.0,,2019-09-28,10-Q,2019,Q3,2019-10-30,0000002488-19-000159,CY2019Q3I
LongTermDebtNoncurrent,USD,486000000.0,,2019-12-28,10-K,2019,FY,2020-02-04,0000002488-20-000008,
LongTermDebtNoncurrent,USD,486000000.0,,2019-12-28,10-Q,2020,Q1,2020-04-29,0000002488-20-000051,
LongTermDebtNoncurrent,USD,486000000.0,,2019-12-28,10-Q,2020,Q2,2020-07-29,0000002488-20-000103,
LongTermDebtNoncurrent,USD,486000000.0,,2019-12-28,10-Q,2020,Q3,2020-10-28,0000002488-20-000164,
LongTermDebtNoncurrent,USD,486000000.0,,2019-12-28,10-K,2020,FY,2021-01-29,0001628280-21-001185,CY2019Q4I
LongTermDebtNoncurrent,USD,488000000.0,,2020-03-28,10-Q,2020,Q1,2020-04-29,0000002488-20-000051,CY2020Q1I
LongTermDebtNoncurrent,USD,490000000.0,,2020-06-27,10-Q,2020,Q2,2020-07-29,0000002488-20-000103,CY2020Q2I
LongTermDebtNoncurrent,USD,373000000.0,,2020-09-26,10-Q,2020,Q3,2020-10-28,0000002488-20-000164,CY2020Q3I
LongTermDebtNoncurrent,USD,330000000.0,,2020-12-26,10-K,2020,FY,2021-01-29,0001628280-21-001185,
LongTermDebtNoncurrent,USD,330000000.0,,2020-12-26,10-Q,2021,Q1,2021-04-28,0000002488-21-000056,
LongTermDebtNoncurrent,USD,330000000.0,,2020-12-26,10-Q,2021,Q2,2021-07-28,0000002488-21-000116,
LongTermDebtNoncurrent,USD,330000000.0,,2020-12-26,10-Q,2021,Q3,2021-10-27,0000002488-21-000178,
LongTermDebtNoncurrent,USD,330000000.0,,2020-12-26,10-K,2021,FY,2022-02-03,0000002488-22-000016,CY2020Q4I
LongTermDebtNoncurrent,USD,313000000.0,,2021-03-27,10-Q,2021,Q1,2021-04-28,0000002488-21-000056,CY2021Q1I
LongTermDebtNoncurrent,USD,313000000.0,,2021-06-26,10-Q,2021,Q2,2021-07-28,0000002488-21-000116,CY2021Q2I
LongTermDebtNoncurrent,USD,1000000.0,,2021-09-25,10-Q,2021,Q3,2021-10-27,0000002488-21-000178,CY2021Q3I
LongTermDebtNoncurrent,USD,1000000.0,,2021-12-25,10-K,2021,FY,2022-02-03,0000002488-22-000016,
LongTermDebtNoncurrent,USD,1000000.0,,2021-12-25,10-Q,2022,Q1,2022-05-04,0000002488-22-000078,
LongTermDebtNoncurrent,USD,1000000.0,,2021-12-25,10-Q,2022,Q2,2022-08-03,0000002488-22-000123,
LongTermDebtNoncurrent,USD,1000000.0,,2021-12-25,10-Q,2022,Q3,2022-11-02,0000002488-22-000170,
LongTermDebtNoncurrent,USD,1000000.0,,2021-12-25,10-K,2022,FY,2023-02-27,0000002488-23-000047,CY2021Q4I
LongTermDebtNoncurrent,USD,1475000000.0,,2022-03-26,10-Q,2022,Q1,2022-05-04,0000002488-22-000078,CY2022Q1I
LongTermDebtNoncurrent,USD,2465000000.0,,2022-06-25,10-Q,2022,Q2,2022-08-03,0000002488-22-000123,CY2022Q2I
LongTermDebtNoncurrent,USD,2466000000.0,,2022-09-24,10-Q,2022,Q3,2022-11-02,0000002488-22-000170,CY2022Q3I
LongTermDebtNoncurrent,USD,2467000000.0,,2022-12-31,10-K,2022,FY,2023-02-27,0000002488-23-000047,
LongTermDebtNoncurrent,USD,2467000000.0,,2022-12-31,10-Q,2023,Q1,2023-05-03,0000002488-23-000076,
LongTermDebtNoncurrent,USD,2467000000.0,,2022-12-31,10-Q,2023,Q2,2023-08-02,0000002488-23-000139,
LongTermDebtNoncurrent,USD,2467000000.0,,2022-12-31,10-Q,2023,Q3,2023-11-01,0000002488-23-000195,
LongTermDebtNoncurrent,USD,2467000000.0,,2022-12-31,10-K,2023,FY,2024-01-31,0000002488-24-000012,CY2022Q4I
LongTermDebtNoncurrent,USD,2467000000.0,,2023-04-01,10-Q,2023,Q1,2023-05-03,0000002488-23-000076,CY2023Q1I
LongTermDebtNoncurrent,USD,1714000000.0,,2023-07-01,10-Q,2023,Q2,2023-08-02,0000002488-23-000139,CY2023Q2I
LongTermDebtNoncurrent,USD,1715000000.0,,2023-09-30,10-Q,2023,Q3,2023-11-01,0000002488-23-000195,CY2023Q3I
LongTermDebtNoncurrent,USD,1717000000.0,,2023-12-30,10-K,2023,FY,2024-01-31,0000002488-24-000012,
LongTermDebtNoncurrent,USD,1717000000.0,,2023-12-30,10-Q,2024,Q1,2024-05-01,0000002488-24-000056,
LongTermDebtNoncurrent,USD,1717000000.0,,2023-12-30,10-Q,2024,Q2,2024-07-31,0000002488-24-000123,
LongTermDebtNoncurrent,USD,1717000000.0,,2023-12-30,10-Q,2024,Q3,2024-10-30,0000002488-24-000163,
LongTermDebtNoncurrent,USD,1717000000.0,,2023-12-30,10-K,2024,FY,2025-02-05,0000002488-25-000012,CY2023Q4I
LongTermDebtNoncurrent,USD,1718000000.0,,2024-03-30,10-Q,2024,Q1,2024-05-01,0000002488-24-000056,CY2024Q1I
LongTermDebtNoncurrent,USD,1719000000.0,,2024-06-29,10-Q,2024,Q2,2024-07-31,0000002488-24-000123,CY2024Q2I
LongTermDebtNoncurrent,USD,1720000000.0,,2024-09-28,10-Q,2024,Q3,2024-10-30,0000002488-24-000163,CY2024Q3I
LongTermDebtNoncurrent,USD,1721000000.0,,2024-12-28,10-K,2024,FY,2025-02-05,0000002488-25-000012,
LongTermDebtNoncurrent,USD,1721000000.0,,2024-12-28,10-Q,2025,Q1,2025-05-07,0000002488-25-000047,
LongTermDebtNoncurrent,USD,1721000000.0,,2024-12-28,10-Q,2025,Q2,2025-08-06,0000002488-25-000108,
LongTermDebtNoncurrent,USD,1721000000.0,,2024-12-28,10-Q,2025,Q3,2025-11-05,0000002488-25-000166,
LongTermDebtNoncurrent,USD,1721000000.0,,2024-12-28,10-K,2025,FY,2026-02-04,0000002488-26-000018,CY2024Q4I
LongTermDebtNoncurrent,USD,3217000000.0,,2025-03-29,10-Q,2025,Q1,2025-05-07,0000002488-25-000047,CY2025Q1I
LongTermDebtNoncurrent,USD,3218000000.0,,2025-06-28,10-Q,2025,Q2,2025-08-06,0000002488-25-000108,CY2025Q2I
LongTermDebtNoncurrent,USD,2347000000.0,,2025-09-27,10-Q,2025,Q3,2025-11-05,0000002488-25-000166,CY2025Q3I
LongTermDebtNoncurrent,USD,2348000000.0,,2025-12-27,10-K,2025,FY,2026-02-04,0000002488-26-000018,
LongTermDebtNoncurrent,USD,2348000000.0,,2025-12-27,10-Q,2026,Q1,2026-05-06,0000002488-26-000076,
LongTermDebtNoncurrent,USD,2348000000.0,,2025-12-27,10-Q,2026,Q2,2026-08-05,0000002488-26-000123,CY2025Q4I
LongTermDebtNoncurrent,USD,2350000000.0,,2026-03-28,10-Q,2026,Q1,2026-05-06,0000002488-26-000076,CY2026Q1I
LongTermDebtNoncurrent,USD,2351000000.0,,2026-06-27,10-Q,2026,Q2,2026-08-05,0000002488-26-000123,CY2026Q2I
NetCashProvidedByUsedInOperatingActivities,USD,-42000000.0,2015-12-27,2016-03-26,10-Q,2016,Q1,2016-04-28,0000002488-16-000124,
NetCashProvidedByUsedInOperatingActivities,USD,-42000000.0,2015-12-27,2016-03-26,10-Q,2017,Q1,2017-05-08,0000002488-17-000107,CY2016Q1
NetCashProvidedByUsedInOperatingActivities,USD,-127000000.0,2015-12-27,2016-06-25,10-Q,2016,Q2,2016-07-26,0000002488-16-000213,
NetCashProvidedByUsedInOperatingActivities,USD,-127000000.0,2015-12-27,2016-06-25,10-Q,2017,Q2,2017-08-03,0000002488-17-000156,
NetCashProvidedByUsedInOperatingActivities,USD,-98000000.0,2015-12-27,2016-09-24,10-Q,2016,Q3,2016-10-26,0000002488-16-000263,
NetCashProvidedByUsedInOperatingActivities,USD,-98000000.0,2015-12-27,2016-09-24,10-Q,2017,Q3,2017-11-02,0000002488-17-000227,
NetCashProvidedByUsedInOperatingActivities,USD,90000000.0,2015-12-27,2016-12-31,10-K,2016,FY,2017-02-21,0000002488-17-000043,
NetCashProvidedByUsedInOperatingActivities,USD,90000000.0,2015-12-27,2016-12-31,10-K,2017,FY,2018-02-27,0000002488-18-000042,
NetCashProvidedByUsedInOperatingActivities,USD,81000000.0,2015-12-27,2016-12-31,10-K,2018,FY,2019-02-08,0000002488-19-000011,CY2016
NetCashProvidedByUsedInOperatingActivities,USD,-299000000.0,2017-01-01,2017-04-01,10-Q,2017,Q1,2017-05-08,0000002488-17-000107,
NetCashProvidedByUsedInOperatingActivities,USD,-299000000.0,2017-01-01,2017-04-01,10-Q,2018,Q1,2018-05-03,0000002488-18-000068,CY2017Q1
NetCashProvidedByUsedInOperatingActivities,USD,-381000000.0,2017-01-01,2017-07-01,10-Q,2017,Q2,2017-08-03,0000002488-17-000156,
NetCashProvidedByUsedInOperatingActivities,USD,-381000000.0,2017-01-01,2017-07-01,10-Q,2018,Q2,2018-08-02,0000002488-18-000128,
NetCashProvidedByUsedInOperatingActivities,USD,-315000000.0,2017-01-01,2017-09-30,10-Q,2017,Q3,2017-11-02,0000002488-17-000227,
NetCashProvidedByUsedInOperatingActivities,USD,-312000000.0,2017-01-01,2017-09-30,10-Q,2018,Q3,2018-10-31,0000002488-18-000189,
NetCashProvidedByUsedInOperatingActivities,USD,68000000.0,2017-01-01,2017-12-30,10-K,2017,FY,2018-02-27,0000002488-18-000042,
NetCashProvidedByUsedInOperatingActivities,USD,12000000.0,2017-01-01,2017-12-30,10-K,2018,FY,2019-02-08,0000002488-19-000011,
NetCashProvidedByUsedInOperatingActivities,USD,12000000.0,2017-01-01,2017-12-30,10-K,2019,FY,2020-02-04,0000002488-20-000008,CY2017
NetCashProvidedByUsedInOperatingActivities,USD,-86000000.0,2017-12-31,2018-03-31,10-Q,2018,Q1,2018-05-03,0000002488-18-000068,
NetCashProvidedByUsedInOperatingActivities,USD,-107000000.0,2017-12-31,2018-03-31,10-Q,2019,Q1,2019-05-01,0000002488-19-000045,CY2018Q1
NetCashProvidedByUsedInOperatingActivities,USD,-131000000.0,2017-12-31,2018-06-30,10-Q,2018,Q2,2018-08-02,0000002488-18-000128,
NetCashProvidedByUsedInOperatingActivities,USD,-162000000.0,2017-12-31,2018-06-30,10-Q,2019,Q2,2019-07-31,0000002488-19-000104,
NetCashProvidedByUsedInOperatingActivities,USD,-36000000.0,2017-12-31,2018-09-29,10-Q,2018,Q3,2018-10-31,0000002488-18-000189,
NetCashProvidedByUsedInOperatingActivities,USD,-86000000.0,2017-12-31,2018-09-29,10-Q,2019,Q3,2019-10-30,0000002488-19-000159,
NetCashProvidedByUsedInOperatingActivities,USD,34000000.0,2017-12-31,2018-12-29,10-K,2018,FY,2019-02-08,0000002488-19-000011,
NetCashProvidedByUsedInOperatingActivities,USD,34000000.0,2017-12-31,2018-12-29,10-K,2019,FY,2020-02-04,0000002488-20-000008,
NetCashProvidedByUsedInOperatingActivities,USD,34000000.0,2017-12-31,2018-12-29,10-K,2020,FY,2021-01-29,0001628280-21-001185,CY2018
NetCashProvidedByUsedInOperatingActivities,USD,-213000000.0,2018-12-30,2019-03-30,10-Q,2019,Q1,2019-05-01,0000002488-19-000045,
NetCashProvidedByUsedInOperatingActivities,USD,-213000000.0,2018-12-30,2019-03-30,10-Q,2020,Q1,2020-04-29,0000002488-20-000051,CY2019Q1
NetCashProvidedByUsedInOperatingActivities,USD,-183000000.0,2018-12-30,2019-06-29,10-Q,2019,Q2,2019-07-31,0000002488-19-000104,
NetCashProvidedByUsedInOperatingActivities,USD,-183000000.0,2018-12-30,2019-06-29,10-Q,2020,Q2,2020-07-29,0000002488-20-000103,
NetCashProvidedByUsedInOperatingActivities,USD,51000000.0,2018-12-30,2019-09-28,10-Q,2019,Q3,2019-10-30,0000002488-19-000159,
NetCashProvidedByUsedInOperatingActivities,USD,51000000.0,2018-12-30,2019-09-28,10-Q,2020,Q3,2020-10-28,0000002488-20-000164,
NetCashProvidedByUsedInOperatingActivities,USD,493000000.0,2018-12-30,2019-12-28,10-K,2019,FY,2020-02-04,0000002488-20-000008,
NetCashProvidedByUsedInOperatingActivities,USD,493000000.0,2018-12-30,2019-12-28,10-K,2020,FY,2021-01-29,0001628280-21-001185,
NetCashProvidedByUsedInOperatingActivities,USD,493000000.0,2018-12-30,2019-12-28,10-K,2021,FY,2022-02-03,0000002488-22-000016,CY2019
NetCashProvidedByUsedInOperatingActivities,USD,-65000000.0,2019-12-29,2020-03-28,10-Q,2020,Q1,2020-04-29,0000002488-20-000051,
NetCashProvidedByUsedInOperatingActivities,USD,-65000000.0,2019-12-29,2020-03-28,10-Q,2021,Q1,2021-04-28,0000002488-21-000056,CY2020Q1
NetCashProvidedByUsedInOperatingActivities,USD,178000000.0,2019-12-29,2020-06-27,10-Q,2020,Q2,2020-07-29,0000002488-20-000103,
NetCashProvidedByUsedInOperatingActivities,USD,178000000.0,2019-12-29,2020-06-27,10-Q,2021,Q2,2021-07-28,0000002488-21-000116,
NetCashProvidedByUsedInOperatingActivities,USD,517000000.0,2019-12-29,2020-09-26,10-Q,2020,Q3,2020-10-28,0000002488-20-000164,
NetCashProvidedByUsedInOperatingActivities,USD,517000000.0,2019-12-29,2020-09-26,10-Q,2021,Q3,2021-10-27,0000002488-21-000178,
NetCashProvidedByUsedInOperatingActivities,USD,1071000000.0,2019-12-29,2020-12-26,10-K,2020,FY,2021-01-29,0001628280-21-001185,
NetCashProvidedByUsedInOperatingActivities,USD,1071000000.0,2019-12-29,2020-12-26,10-K,2021,FY,2022-02-03,0000002488-22-000016,
NetCashProvidedByUsedInOperatingActivities,USD,1071000000.0,2019-12-29,2020-12-26,10-K,2022,FY,2023-02-27,0000002488-23-000047,CY2020
NetCashProvidedByUsedInOperatingActivities,USD,898000000.0,2020-12-27,2021-03-27,10-Q,2021,Q1,2021-04-28,0000002488-21-000056,
NetCashProvidedByUsedInOperatingActivities,USD,898000000.0,2020-12-27,2021-03-27,10-Q,2022,Q1,2022-05-04,0000002488-22-000078,CY2021Q1
NetCashProvidedByUsedInOperatingActivities,USD,1850000000.0,2020-12-27,2021-06-26,10-Q,2021,Q2,2021-07-28,0000002488-21-000116,
NetCashProvidedByUsedInOperatingActivities,USD,1850000000.0,2020-12-27,2021-06-26,10-Q,2022,Q2,2022-08-03,0000002488-22-000123,
NetCashProvidedByUsedInOperatingActivities,USD,2699000000.0,2020-12-27,2021-09-25,10-Q,2021,Q3,2021-10-27,0000002488-21-000178,
NetCashProvidedByUsedInOperatingActivities,USD,2699000000.0,2020-12-27,2021-09-25,10-Q,2022,Q3,2022-11-02,0000002488-22-000170,
NetCashProvidedByUsedInOperatingActivities,USD,3521000000.0,2020-12-27,2021-12-25,10-K,2021,FY,2022-02-03,0000002488-22-000016,
NetCashProvidedByUsedInOperatingActivities,USD,3521000000.0,2020-12-27,2021-12-25,10-K,2022,FY,2023-02-27,0000002488-23-000047,
NetCashProvidedByUsedInOperatingActivities,USD,3521000000.0,2020-12-27,2021-12-25,10-K,2023,FY,2024-01-31,0000002488-24-000012,CY2021
NetCashProvidedByUsedInOperatingActivities,USD,995000000.0,2021-12-26,2022-03-26,10-Q,2022,Q1,2022-05-04,0000002488-22-000078,
NetCashProvidedByUsedInOperatingActivities,USD,995000000.0,2021-12-26,2022-03-26,10-Q,2023,Q1,2023-05-03,0000002488-23-000076,CY2022Q1
NetCashProvidedByUsedInOperatingActivities,USD,2033000000.0,2021-12-26,2022-06-25,10-Q,2022,Q2,2022-08-03,0000002488-22-000123,
NetCashProvidedByUsedInOperatingActivities,USD,2033000000.0,2021-12-26,2022-06-25,10-Q,2023,Q2,2023-08-02,0000002488-23-000139,
NetCashProvidedByUsedInOperatingActivities,USD,2998000000.0,2021-12-26,2022-09-24,10-Q,2022,Q3,2022-11-02,0000002488-22-000170,
NetCashProvidedByUsedInOperatingActivities,USD,2998000000.0,2021-12-26,2022-09-24,10-Q,2023,Q3,2023-11-01,0000002488-23-000195,
NetCashProvidedByUsedInOperatingActivities,USD,3565000000.0,2021-12-26,2022-12-31,10-K,2022,FY,2023-02-27,0000002488-23-000047,
NetCashProvidedByUsedInOperatingActivities,USD,3565000000.0,2021-12-26,2022-12-31,10-K,2023,FY,2024-01-31,0000002488-24-000012,
NetCashProvidedByUsedInOperatingActivities,USD,3565000000.0,2021-12-26,2022-12-31,10-K,2024,FY,2025-02-05,0000002488-25-000012,CY2022
NetCashProvidedByUsedInOperatingActivities,USD,486000000.0,2023-01-01,2023-04-01,10-Q,2023,Q1,2023-05-03,0000002488-23-000076,
NetCashProvidedByUsedInOperatingActivities,USD,486000000.0,2023-01-01,2023-04-01,10-Q,2024,Q1,2024-05-01,0000002488-24-000056,CY2023Q1
NetCashProvidedByUsedInOperatingActivities,USD,865000000.0,2023-01-01,2023-07-01,10-Q,2023,Q2,2023-08-02,0000002488-23-000139,
NetCashProvidedByUsedInOperatingActivities,USD,865000000.0,2023-01-01,2023-07-01,10-Q,2024,Q2,2024-07-31,0000002488-24-000123,
NetCashProvidedByUsedInOperatingActivities,USD,1286000000.0,2023-01-01,2023-09-30,10-Q,2023,Q3,2023-11-01,0000002488-23-000195,
NetCashProvidedByUsedInOperatingActivities,USD,1286000000.0,2023-01-01,2023-09-30,10-Q,2024,Q3,2024-10-30,0000002488-24-000163,
NetCashProvidedByUsedInOperatingActivities,USD,1667000000.0,2023-01-01,2023-12-30,10-K,2023,FY,2024-01-31,0000002488-24-000012,
NetCashProvidedByUsedInOperatingActivities,USD,1667000000.0,2023-01-01,2023-12-30,10-K,2024,FY,2025-02-05,0000002488-25-000012,
NetCashProvidedByUsedInOperatingActivities,USD,1667000000.0,2023-01-01,2023-12-30,10-K,2025,FY,2026-02-04,0000002488-26-000018,CY2023
NetCashProvidedByUsedInOperatingActivities,USD,521000000.0,2023-12-31,2024-03-30,10-Q,2024,Q1,2024-05-01,0000002488-24-000056,
NetCashProvidedByUsedInOperatingActivities,USD,521000000.0,2023-12-31,2024-03-30,10-Q,2025,Q1,2025-05-07,0000002488-25-000047,CY2024Q1
NetCashProvidedByUsedInOperatingActivities,USD,1114000000.0,2023-12-31,2024-06-29,10-Q,2024,Q2,2024-07-31,0000002488-24-000123,
NetCashProvidedByUsedInOperatingActivities,USD,1114000000.0,2023-12-31,2024-06-29,10-Q,2025,Q2,2025-08-06,0000002488-25-000108,
NetCashProvidedByUsedInOperatingActivities,USD,1742000000.0,2023-12-31,2024-09-28,10-Q,2024,Q3,2024-10-30,0000002488-24-000163,
NetCashProvidedByUsedInOperatingActivities,USD,1742000000.0,2023-12-31,2024-09-28,10-Q,2025,Q3,2025-11-05,0000002488-25-000166,
NetCashProvidedByUsedInOperatingActivities,USD,3041000000.0,2023-12-31,2024-12-28,10-K,2024,FY,2025-02-05,0000002488-25-000012,
NetCashProvidedByUsedInOperatingActivities,USD,3041000000.0,2023-12-31,2024-12-28,10-K,2025,FY,2026-02-04,0000002488-26-000018,CY2024
NetCashProvidedByUsedInOperatingActivities,USD,939000000.0,2024-12-29,2025-03-29,10-Q,2025,Q1,2025-05-07,0000002488-25-000047,
NetCashProvidedByUsedInOperatingActivities,USD,939000000.0,2024-12-29,2025-03-29,10-Q,2026,Q1,2026-05-06,0000002488-26-000076,CY2025Q1
NetCashProvidedByUsedInOperatingActivities,USD,2950000000.0,2024-12-29,2025-06-28,10-Q,2025,Q2,2025-08-06,0000002488-25-000108,
NetCashProvidedByUsedInOperatingActivities,USD,2950000000.0,2024-12-29,2025-06-28,10-Q,2026,Q2,2026-08-05,0000002488-26-000123,
NetCashProvidedByUsedInOperatingActivities,USD,5109000000.0,2024-12-29,2025-09-27,10-Q,2025,Q3,2025-11-05,0000002488-25-000166,
NetCashProvidedByUsedInOperatingActivities,USD,7709000000.0,2024-12-29,2025-12-27,10-K,2025,FY,2026-02-04,0000002488-26-000018,CY2025
NetCashProvidedByUsedInOperatingActivities,USD,2955000000.0,2025-12-28,2026-03-28,10-Q,2026,Q1,2026-05-06,0000002488-26-000076,CY2026Q1
NetCashProvidedByUsedInOperatingActivities,USD,5321000000.0,2025-12-28,2026-06-27,10-Q,2026,Q2,2026-08-05,0000002488-26-000123,
NetIncomeLoss,USD,-109000000.0,2015-12-27,2016-03-26,10-Q,2016,Q1,2016-04-28,0000002488-16-000124,
NetIncomeLoss,USD,-109000000.0,2015-12-27,2016-03-26,10-Q,2017,Q1,2017-05-08,0000002488-17-000107,
NetIncomeLoss,USD,-109000000.0,2015-12-27,2016-03-26,10-K,2017,FY,2018-02-27,0000002488-18-000042,CY2016Q1
NetIncomeLoss,USD,-40000000.0,2015-12-27,2016-06-25,10-Q,2016,Q2,2016-07-26,0000002488-16-000213,
NetIncomeLoss,USD,-40000000.0,2015-12-27,2016-06-25,10-Q,2017,Q2,2017-08-03,0000002488-17-000156,
NetIncomeLoss,USD,69000000.0,2016-03-27,2016-06-25,10-Q,2016,Q2,2016-07-26,0000002488-16-000213,
NetIncomeLoss,USD,69000000.0,2016-03-27,2016-06-25,10-Q,2017,Q2,2017-08-03,0000002488-17-000156,
NetIncomeLoss,USD,69000000.0,2016-03-27,2016-06-25,10-K,2017,FY,2018-02-27,0000002488-18-000042,CY2016Q2
NetIncomeLoss,USD,-446000000.0,2015-12-27,2016-09-24,10-Q,2016,Q3,2016-10-26,0000002488-16-000263,
NetIncomeLoss,USD,-446000000.0,2015-12-27,2016-09-24,10-Q,2017,Q3,2017-11-02,0000002488-17-000227,
NetIncomeLoss,USD,-406000000.0,2016-06-26,2016-09-24,10-Q,2016,Q3,2016-10-26,0000002488-16-000263,
NetIncomeLoss,USD,-406000000.0,2016-06-26,2016-09-24,10-Q,2017,Q3,2017-11-02,0000002488-17-000227,
NetIncomeLoss,USD,-406000000.0,2016-06-26,2016-09-24,10-K,2017,FY,2018-02-27,0000002488-18-000042,CY2016Q3
NetIncomeLoss,USD,-497000000.0,2015-12-27,2016-12-31,10-K,2016,FY,2017-02-21,0000002488-17-000043,
NetIncomeLoss,USD,-497000000.0,2015-12-27,2016-12-31,10-K,2017,FY,2018-02-27,0000002488-18-000042,
NetIncomeLoss,USD,-498000000.0,2015-12-27,2016-12-31,10-K,2018,FY,2019-02-08,0000002488-19-000011,CY2016
NetIncomeLoss,USD,-51000000.0,2016-09-25,2016-12-31,10-K,2017,FY,2018-02-27,0000002488-18-000042,CY2016Q4
NetIncomeLoss,USD,-73000000.0,2017-01-01,2017-04-01,10-Q,2017,Q1,2017-05-08,0000002488-17-000107,
NetIncomeLoss,USD,-73000000.0,2017-01-01,2017-04-01,10-K,2017,FY,2018-02-27,0000002488-18-000042,
NetIncomeLoss,USD,-33000000.0,2017-01-01,2017-04-01,10-Q,2018,Q1,2018-05-03,0000002488-18-000068,
NetIncomeLoss,USD,-33000000.0,2017-01-01,2017-04-01,10-K,2018,FY,2019-02-08,0000002488-19-000011,CY2017Q1
NetIncomeLoss,USD,-89000000.0,2017-01-01,2017-07-01,10-Q,2017,Q2,2017-08-03,0000002488-17-000156,
NetIncomeLoss,USD,-75000000.0,2017-01-01,2017-07-01,10-Q,2018,Q2,2018-08-02,0000002488-18-000128,
NetIncomeLoss,USD,-16000000.0,2017-04-02,2017-07-01,10-Q,2017,Q2,2017-08-03,0000002488-17-000156,
NetIncomeLoss,USD,-16000000.0,2017-04-02,2017-07-01,10-K,2017,FY,2018-02-27,0000002488-18-000042,
NetIncomeLoss,USD,-42000000.0,2017-04-02,2017-07-01,10-Q,2018,Q2,2018-08-02,0000002488-18-000128,
NetIncomeLoss,USD,-42000000.0,2017-04-02,2017-07-01,10-K,2018,FY,2019-02-08,0000002488-19-000011,CY2017Q2
NetIncomeLoss,USD,-18000000.0,2017-01-01,2017-09-30,10-Q,2017,Q3,2017-11-02,0000002488-17-000227,
NetIncomeLoss,USD,-14000000.0,2017-01-01,2017-09-30,10-Q,2018,Q3,2018-10-31,0000002488-18-000189,
NetIncomeLoss,USD,71000000.0,2017-07-02,2017-09-30,10-Q,2017,Q3,2017-11-02,0000002488-17-000227,
NetIncomeLoss,USD,71000000.0,2017-07-02,2017-09-30,10-K,2017,FY,2018-02-27,0000002488-18-000042,
NetIncomeLoss,USD,61000000.0,2017-07-02,2017-09-30,10-Q,2018,Q3,2018-10-31,0000002488-18-000189,
NetIncomeLoss,USD,61000000.0,2017-07-02,2017-09-30,10-K,2018,FY,2019-02-08,0000002488-19-000011,CY2017Q3
NetIncomeLoss,USD,43000000.0,2017-01-01,2017-12-30,10-K,2017,FY,2018-02-27,0000002488-18-000042,
NetIncomeLoss,USD,-33000000.0,2017-01-01,2017-12-30,10-K,2018,FY,2019-02-08,0000002488-19-000011,
NetIncomeLoss,USD,-33000000.0,2017-01-01,2017-12-30,10-K,2019,FY,2020-02-04,0000002488-20-000008,CY2017
NetIncomeLoss,USD,61000000.0,2017-10-01,2017-12-30,10-K,2017,FY,2018-02-27,0000002488-18-000042,
NetIncomeLoss,USD,-19000000.0,2017-10-01,2017-12-30,10-K,2018,FY,2019-02-08,0000002488-19-000011,CY2017Q4
NetIncomeLoss,USD,81000000.0,2017-12-31,2018-03-31,10-Q,2018,Q1,2018-05-03,0000002488-18-000068,
NetIncomeLoss,USD,81000000.0,2017-12-31,2018-03-31,10-K,2018,FY,2019-02-08,0000002488-19-000011,
NetIncomeLoss,USD,81000000.0,2017-12-31,2018-03-31,10-Q,2019,Q1,2019-05-01,0000002488-19-000045,
NetIncomeLoss,USD,81000000.0,2017-12-31,2018-03-31,10-K,2019,FY,2020-02-04,0000002488-20-000008,CY2018Q1
NetIncomeLoss,USD,197000000.0,2017-12-31,2018-06-30,10-Q,2018,Q2,2018-08-02,0000002488-18-000128,
NetIncomeLoss,USD,197000000.0,2017-12-31,2018-06-30,10-Q,2019,Q2,2019-07-31,0000002488-19-000104,
NetIncomeLoss,USD,116000000.0,2018-04-01,2018-06-30,10-Q,2018,Q2,2018-08-02,0000002488-18-000128,
NetIncomeLoss,USD,116000000.0,2018-04-01,2018-06-30,10-K,2018,FY,2019-02-08,0000002488-19-000011,
NetIncomeLoss,USD,116000000.0,2018-04-01,2018-06-30,10-Q,2019,Q2,2019-07-31,0000002488-19-000104,
NetIncomeLoss,USD,116000000.0,2018-04-01,2018-06-30,10-K,2019,FY,2020-02-04,0000002488-20-000008,CY2018Q2
NetIncomeLoss,USD,299000000.0,2017-12-31,2018-09-29,10-Q,2018,Q3,2018-10-31,0000002488-18-000189,
NetIncomeLoss,USD,299000000.0,2017-12-31,2018-09-29,10-Q,2019,Q3,2019-10-30,0000002488-19-000159,
NetIncomeLoss,USD,102000000.0,2018-07-01,2018-09-29,10-Q,2018,Q3,2018-10-31,0000002488-18-000189,
NetIncomeLoss,USD,102000000.0,2018-07-01,2018-09-29,10-K,2018,FY,2019-02-08,0000002488-19-000011,
NetIncomeLoss,USD,102000000.0,2018-07-01,2018-09-29,10-Q,2019,Q3,2019-10-30,0000002488-19-000159,
NetIncomeLoss,USD,102000000.0,2018-07-01,2018-09-29,10-K,2019,FY,2020-02-04,0000002488-20-000008,CY2018Q3
NetIncomeLoss,USD,337000000.0,2017-12-31,2018-12-29,10-K,2018,FY,2019-02-08,0000002488-19-000011,
NetIncomeLoss,USD,337000000.0,2017-12-31,2018-12-29,10-K,2019,FY,2020-02-04,0000002488-20-000008,
NetIncomeLoss,USD,337000000.0,2017-12-31,2018-12-29,10-K,2020,FY,2021-01-29,0001628280-21-001185,CY2018
NetIncomeLoss,USD,38000000.0,2018-09-30,2018-12-29,10-K,2018,FY,2019-02-08,0000002488-19-000011,
NetIncomeLoss,USD,38000000.0,2018-09-30,2018-12-29,10-K,2019,FY,2020-02-04,0000002488-20-000008,CY2018Q4
NetIncomeLoss,USD,16000000.0,2018-12-30,2019-03-30,10-Q,2019,Q1,2019-05-01,0000002488-19-000045,
NetIncomeLoss,USD,16000000.0,2018-12-30,2019-03-30,10-K,2019,FY,2020-02-04,0000002488-20-000008,
NetIncomeLoss,USD,16000000.0,2018-12-30,2019-03-30,10-Q,2020,Q1,2020-04-29,0000002488-20-000051,
NetIncomeLoss,USD,16000000.0,2018-12-30,2019-03-30,10-K,2020,FY,2021-01-29,0001628280-21-001185,CY2019Q1
NetIncomeLoss,USD,51000000.0,2018-12-30,2019-06-29,10-Q,2019,Q2,2019-07-31,0000002488-19-000104,
NetIncomeLoss,USD,51000000.0,2018-12-30,2019-06-29,10-Q,2020,Q2,2020-07-29,0000002488-20-000103,
NetIncomeLoss,USD,35000000.0,2019-03-31,2019-06-29,10-Q,2019,Q2,2019-07-31,0000002488-19-000104,
NetIncomeLoss,USD,35000000.0,2019-03-31,2019-06-29,10-K,2019,FY,2020-02-04,0000002488-20-000008,
NetIncomeLoss,USD,35000000.0,2019-03-31,2019-06-29,10-Q,2020,Q2,2020-07-29,0000002488-20-000103,
NetIncomeLoss,USD,35000000.0,2019-03-31,2019-06-29,10-K,2020,FY,2021-01-29,0001628280-21-001185,CY2019Q2
NetIncomeLoss,USD,171000000.0,2018-12-30,2019-09-28,10-Q,2019,Q3,2019-10-30,0000002488-19-000159,
NetIncomeLoss,USD,171000000.0,2018-12-30,2019-09-28,10-Q,2020,Q3,2020-10-28,0000002488-20-000164,
NetIncomeLoss,USD,120000000.0,2019-06-30,2019-09-28,10-Q,2019,Q3,2019-10-30,0000002488-19-000159,
NetIncomeLoss,USD,120000000.0,2019-06-30,2019-09-28,10-K,2019,FY,2020-02-04,0000002488-20-000008,
NetIncomeLoss,USD,120000000.0,2019-06-30,2019-09-28,10-Q,2020,Q3,2020-10-28,0000002488-20-000164,
NetIncomeLoss,USD,120000000.0,2019-06-30,2019-09-28,10-K,2020,FY,2021-01-29,0001628280-21-001185,CY2019Q3
NetIncomeLoss,USD,341000000.0,2018-12-30,2019-12-28,10-K,2019,FY,2020-02-04,0000002488-20-000008,
NetIncomeLoss,USD,341000000.0,2018-12-30,2019-12-28,10-K,2020,FY,2021-01-29,0001628280-21-001185,
NetIncomeLoss,USD,341000000.0,2018-12-30,2019-12-28,10-K,2021,FY,2022-02-03,0000002488-22-000016,CY2019
NetIncomeLoss,USD,170000000.0,2019-09-29,2019-12-28,10-K,2019,FY,2020-02-04,0000002488-20-000008,
NetIncomeLoss,USD,170000000.0,2019-09-29,2019-12-28,10-K,2020,FY,2021-01-29,0001628280-21-001185,CY2019Q4
NetIncomeLoss,USD,162000000.0,2019-12-29,2020-03-28,10-Q,2020,Q1,2020-04-29,0000002488-20-000051,
NetIncomeLoss,USD,162000000.0,2019-12-29,2020-03-28,10-K,2020,FY,2021-01-29,0001628280-21-001185,
NetIncomeLoss,USD,162000000.0,2019-12-29,2020-03-28,10-Q,2021,Q1,2021-04-28,0000002488-21-000056,CY2020Q1
NetIncomeLoss,USD,319000000.0,2019-12-29,2020-06-27,10-Q,2020,Q2,2020-07-29,0000002488-20-000103,
NetIncomeLoss,USD,319000000.0,2019-12-29,2020-06-27,10-Q,2021,Q2,2021-07-28,0000002488-21-000116,
NetIncomeLoss,USD,157000000.0,2020-03-29,2020-06-27,10-Q,2020,Q2,2020-07-29,0000002488-20-000103,
NetIncomeLoss,USD,157000000.0,2020-03-29,2020-06-27,10-K,2020,FY,2021-01-29,0001628280-21-001185,
NetIncomeLoss,USD,157000000.0,2020-03-29,2020-06-27,10-Q,2021,Q2,2021-07-28,0000002488-21-000116,CY2020Q2
NetIncomeLoss,USD,709000000.0,2019-12-29,2020-09-26,10-Q,2020,Q3,2020-10-28,0000002488-20-000164,
NetIncomeLoss,USD,709000000.0,2019-12-29,2020-09-26,10-Q,2021,Q3,2021-10-27,0000002488-21-000178,
NetIncomeLoss,USD,390000000.0,2020-06-28,2020-09-26,10-Q,2020,Q3,2020-10-28,0000002488-20-000164,
NetIncomeLoss,USD,390000000.0,2020-06-28,2020-09-26,10-K,2020,FY,2021-01-29,0001628280-21-001185,
NetIncomeLoss,USD,390000000.0,2020-06-28,2020-09-26,10-Q,2021,Q3,2021-10-27,0000002488-21-000178,CY2020Q3
NetIncomeLoss,USD,2490000000.0,2019-12-29,2020-12-26,10-K,2020,FY,2021-01-29,0001628280-21-001185,
NetIncomeLoss,USD,2490000000.0,2019-12-29,2020-12-26,10-K,2021,FY,2022-02-03,0000002488-22-000016,
NetIncomeLoss,USD,2490000000.0,2019-12-29,2020-12-26,10-K,2022,FY,2023-02-27,0000002488-23-000047,CY2020
NetIncomeLoss,USD,1781000000.0,2020-09-27,2020-12-26,10-K,2020,FY,2021-01-29,0001628280-21-001185,CY2020Q4
NetIncomeLoss,USD,555000000.0,2020-12-27,2021-03-27,10-Q,2021,Q1,2021-04-28,0000002488-21-000056,
NetIncomeLoss,USD,555000000.0,2020-12-27,2021-03-27,10-Q,2022,Q1,2022-05-04,0000002488-22-000078,CY2021Q1
NetIncomeLoss,USD,1265000000.0,2020-12-27,2021-06-26,10-Q,2021,Q2,2021-07-28,0000002488-21-000116,
NetIncomeLoss,USD,1265000000.0,2020-12-27,2021-06-26,10-Q,2022,Q2,2022-08-03,0000002488-22-000123,
NetIncomeLoss,USD,710000000.0,2021-03-28,2021-06-26,10-Q,2021,Q2,2021-07-28,0000002488-21-000116,
NetIncomeLoss,USD,710000000.0,2021-03-28,2021-06-26,10-Q,2022,Q2,2022-08-03,0000002488-22-000123,CY2021Q2
NetIncomeLoss,USD,2188000000.0,2020-12-27,2021-09-25,10-Q,2021,Q3,2021-10-27,0000002488-21-000178,
NetIncomeLoss,USD,2188000000.0,2020-12-27,2021-09-25,10-Q,2022,Q3,2022-11-02,0000002488-22-000170,
NetIncomeLoss,USD,923000000.0,2021-06-27,2021-09-25,10-Q,2021,Q3,2021-10-27,0000002488-21-000178,
NetIncomeLoss,USD,923000000.0,2021-06-27,2021-09-25,10-Q,2022,Q3,2022-11-02,0000002488-22-000170,CY2021Q3
NetIncomeLoss,USD,3162000000.0,2020-12-27,2021-12-25,10-K,2021,FY,2022-02-03,0000002488-22-000016,
NetIncomeLoss,USD,3162000000.0,2020-12-27,2021-12-25,10-K,2022,FY,2023-02-27,0000002488-23-000047,
NetIncomeLoss,USD,3162000000.0,2020-12-27,2021-12-25,10-K,2023,FY,2024-01-31,0000002488-24-000012,CY2021
NetIncomeLoss,USD,786000000.0,2021-12-26,2022-03-26,10-Q,2022,Q1,2022-05-04,0000002488-22-000078,
NetIncomeLoss,USD,786000000.0,2021-12-26,2022-03-26,10-Q,2023,Q1,2023-05-03,0000002488-23-000076,CY2022Q1
NetIncomeLoss,USD,1233000000.0,2021-12-26,2022-06-25,10-Q,2022,Q2,2022-08-03,0000002488-22-000123,
NetIncomeLoss,USD,1233000000.0,2021-12-26,2022-06-25,10-Q,2023,Q2,2023-08-02,0000002488-23-000139,
NetIncomeLoss,USD,447000000.0,2022-03-27,2022-06-25,10-Q,2022,Q2,2022-08-03,0000002488-22-000123,
NetIncomeLoss,USD,447000000.0,2022-03-27,2022-06-25,10-Q,2023,Q2,2023-08-02,0000002488-23-000139,CY2022Q2
NetIncomeLoss,USD,1299000000.0,2021-12-26,2022-09-24,10-Q,2022,Q3,2022-11-02,0000002488-22-000170,
NetIncomeLoss,USD,1299000000.0,2021-12-26,2022-09-24,10-Q,2023,Q3,2023-11-01,0000002488-23-000195,
NetIncomeLoss,USD,66000000.0,2022-06-26,2022-09-24,10-Q,2022,Q3,2022-11-02,0000002488-22-000170,
NetIncomeLoss,USD,66000000.0,2022-06-26,2022-09-24,10-Q,2023,Q3,2023-11-01,0000002488-23-000195,CY2022Q3
NetIncomeLoss,USD,1320000000.0,2021-12-26,2022-12-31,10-K,2022,FY,2023-02-27,0000002488-23-000047,
NetIncomeLoss,USD,1320000000.0,2021-12-26,2022-12-31,10-K,2023,FY,2024-01-31,0000002488-24-000012,
NetIncomeLoss,USD,1320000000.0,2021-12-26,2022-12-31,10-K,2024,FY,2025-02-05,0000002488-25-000012,CY2022
NetIncomeLoss,USD,-139000000.0,2023-01-01,2023-04-01,10-Q,2023,Q1,2023-05-03,0000002488-23-000076,
NetIncomeLoss,USD,-139000000.0,2023-01-01,2023-04-01,10-Q,2024,Q1,2024-05-01,0000002488-24-000056,CY2023Q1
NetIncomeLoss,USD,-112000000.0,2023-01-01,2023-07-01,10-Q,2023,Q2,2023-08-02,0000002488-23-000139,
NetIncomeLoss,USD,-112000000.0,2023-01-01,2023-07-01,10-Q,2024,Q2,2024-07-31,0000002488-24-000123,
NetIncomeLoss,USD,27000000.0,2023-04-02,2023-07-01,10-Q,2023,Q2,2023-08-02,0000002488-23-000139,
NetIncomeLoss,USD,27000000.0,2023-04-02,2023-07-01,10-Q,2024,Q2,2024-07-31,0000002488-24-000123,CY2023Q2
NetIncomeLoss,USD,187000000.0,2023-01-01,2023-09-30,10-Q,2023,Q3,2023-11-01,0000002488-23-000195,
NetIncomeLoss,USD,187000000.0,2023-01-01,2023-09-30,10-Q,2024,Q3,2024-10-30,0000002488-24-000163,
NetIncomeLoss,USD,299000000.0,2023-07-02,2023-09-30,10-Q,2023,Q3,2023-11-01,0000002488-23-000195,
NetIncomeLoss,USD,299000000.0,2023-07-02,2023-09-30,10-Q,2024,Q3,2024-10-30,0000002488-24-000163,CY2023Q3
NetIncomeLoss,USD,854000000.0,2023-01-01,2023-12-30,10-K,2023,FY,2024-01-31,0000002488-24-000012,
NetIncomeLoss,USD,854000000.0,2023-01-01,2023-12-30,10-K,2024,FY,2025-02-05,0000002488-25-000012,
NetIncomeLoss,USD,854000000.0,2023-01-01,2023-12-30,10-K,2025,FY,2026-02-04,0000002488-26-000018,CY2023
NetIncomeLoss,USD,123000000.0,2023-12-31,2024-03-30,10-Q,2024,Q1,2024-05-01,0000002488-24-000056,
NetIncomeLoss,USD,123000000.0,2023-12-31,2024-03-30,10-Q,2025,Q1,2025-05-07,0000002488-25-000047,CY2024Q1
NetIncomeLoss,USD,388000000.0,2023-12-31,2024-06-29,10-Q,2024,Q2,2024-07-31,0000002488-24-000123,
NetIncomeLoss,USD,388000000.0,2023-12-31,2024-06-29,10-Q,2025,Q2,2025-08-06,0000002488-25-000108,
NetIncomeLoss,USD,265000000.0,2024-03-31,2024-06-29,10-Q,2024,Q2,2024-07-31,0000002488-24-000123,
NetIncomeLoss,USD,265000000.0,2024-03-31,2024-06-29,10-Q,2025,Q2,2025-08-06,0000002488-25-000108,CY2024Q2
NetIncomeLoss,USD,1159000000.0,2023-12-31,2024-09-28,10-Q,2024,Q3,2024-10-30,0000002488-24-000163,
NetIncomeLoss,USD,1159000000.0,2023-12-31,2024-09-28,10-Q,2025,Q3,2025-11-05,0000002488-25-000166,
NetIncomeLoss,USD,771000000.0,2024-06-30,2024-09-28,10-Q,2024,Q3,2024-10-30,0000002488-24-000163,
NetIncomeLoss,USD,771000000.0,2024-06-30,2024-09-28,10-Q,2025,Q3,2025-11-05,0000002488-25-000166,CY2024Q3
NetIncomeLoss,USD,1641000000.0,2023-12-31,2024-12-28,10-K,2024,FY,2025-02-05,0000002488-25-000012,
NetIncomeLoss,USD,1641000000.0,2023-12-31,2024-12-28,10-K,2025,FY,2026-02-04,0000002488-26-000018,CY2024
NetIncomeLoss,USD,709000000.0,2024-12-29,2025-03-29,10-Q,2025,Q1,2025-05-07,0000002488-25-000047,
NetIncomeLoss,USD,709000000.0,2024-12-29,2025-03-29,10-Q,2026,Q1,2026-05-06,0000002488-26-000076,CY2025Q1
NetIncomeLoss,USD,1581000000.0,2024-12-29,2025-06-28,10-Q,2025,Q2,2025-08-06,0000002488-25-000108,
NetIncomeLoss,USD,1581000000.0,2024-12-29,2025-06-28,10-Q,2026,Q2,2026-08-05,0000002488-26-000123,
NetIncomeLoss,USD,872000000.0,2025-03-30,2025-06-28,10-Q,2025,Q2,2025-08-06,0000002488-25-000108,
NetIncomeLoss,USD,872000000.0,2025-03-30,2025-06-28,10-Q,2026,Q2,2026-08-05,0000002488-26-000123,CY2025Q2
NetIncomeLoss,USD,2824000000.0,2024-12-29,2025-09-27,10-Q,2025,Q3,2025-11-05,0000002488-25-000166,
NetIncomeLoss,USD,1243000000.0,2025-06-29,2025-09-27,10-Q,2025,Q3,2025-11-05,0000002488-25-000166,CY2025Q3
NetIncomeLoss,USD,4335000000.0,2024-12-29,2025-12-27,10-K,2025,FY,2026-02-04,0000002488-26-000018,CY2025
NetIncomeLoss,USD,1383000000.0,2025-12-28,2026-03-28,10-Q,2026,Q1,2026-05-06,0000002488-26-000076,CY2026Q1
NetIncomeLoss,USD,3680000000.0,2025-12-28,2026-06-27,10-Q,2026,Q2,2026-08-05,0000002488-26-000123,
NetIncomeLoss,USD,2297000000.0,2026-03-29,2026-06-27,10-Q,2026,Q2,2026-08-05,0000002488-26-000123,CY2026Q2
OperatingIncomeLoss,USD,-68000000.0,2015-12-27,2016-03-26,10-Q,2016,Q1,2016-04-28,0000002488-16-000124,
OperatingIncomeLoss,USD,-68000000.0,2015-12-27,2016-03-26,10-K,2016,FY,2017-02-21,0000002488-17-000043,
OperatingIncomeLoss,USD,-68000000.0,2015-12-27,2016-03-26,10-Q,2017,Q1,2017-05-08,0000002488-17-000107,
OperatingIncomeLoss,USD,-68000000.0,2015-12-27,2016-03-26,10-K,2017,FY,2018-02-27,0000002488-18-000042,CY2016Q1
OperatingIncomeLoss,USD,-76000000.0,2015-12-27,2016-06-25,10-Q,2016,Q2,2016-07-26,0000002488-16-000213,
OperatingIncomeLoss,USD,-76000000.0,2015-12-27,2016-06-25,10-Q,2017,Q2,2017-08-03,0000002488-17-000156,
OperatingIncomeLoss,USD,-8000000.0,2016-03-27,2016-06-25,10-Q,2016,Q2,2016-07-26,0000002488-16-000213,
OperatingIncomeLoss,USD,-8000000.0,2016-03-27,2016-06-25,10-K,2016,FY,2017-02-21,0000002488-17-000043,
OperatingIncomeLoss,USD,-8000000.0,2016-03-27,2016-06-25,10-Q,2017,Q2,2017-08-03,0000002488-17-000156,
OperatingIncomeLoss,USD,-8000000.0,2016-03-27,2016-06-25,10-K,2017,FY,2018-02-27,0000002488-18-000042,CY2016Q2
OperatingIncomeLoss,USD,-369000000.0,2015-12-27,2016-09-24,10-Q,2016,Q3,2016-10-26,0000002488-16-000263,
OperatingIncomeLoss,USD,-369000000.0,2015-12-27,2016-09-24,10-Q,2017,Q3,2017-11-02,0000002488-17-000227,
OperatingIncomeLoss,USD,-293000000.0,2016-06-26,2016-09-24,10-Q,2016,Q3,2016-10-26,0000002488-16-000263,
OperatingIncomeLoss,USD,-293000000.0,2016-06-26,2016-09-24,10-K,2016,FY,2017-02-21,0000002488-17-000043,
OperatingIncomeLoss,USD,-293000000.0,2016-06-26,2016-09-24,10-Q,2017,Q3,2017-11-02,0000002488-17-000227,
OperatingIncomeLoss,USD,-293000000.0,2016-06-26,2016-09-24,10-K,2017,FY,2018-02-27,0000002488-18-000042,CY2016Q3
OperatingIncomeLoss,USD,-372000000.0,2015-12-27,2016-12-31,10-K,2016,FY,2017-02-21,0000002488-17-000043,
OperatingIncomeLoss,USD,-372000000.0,2015-12-27,2016-12-31,10-K,2017,FY,2018-02-27,0000002488-18-000042,
OperatingIncomeLoss,USD,-373000000.0,2015-12-27,2016-12-31,10-K,2018,FY,2019-02-08,0000002488-19-000011,CY2016
OperatingIncomeLoss,USD,-3000000.0,2016-09-25,2016-12-31,10-K,2016,FY,2017-02-21,0000002488-17-000043,
OperatingIncomeLoss,USD,-3000000.0,2016-09-25,2016-12-31,10-K,2017,FY,2018-02-27,0000002488-18-000042,CY2016Q4
OperatingIncomeLoss,USD,-29000000.0,2017-01-01,2017-04-01,10-Q,2017,Q1,2017-05-08,0000002488-17-000107,
OperatingIncomeLoss,USD,-29000000.0,2017-01-01,2017-04-01,10-K,2017,FY,2018-02-27,0000002488-18-000042,
OperatingIncomeLoss,USD,11000000.0,2017-01-01,2017-04-01,10-Q,2018,Q1,2018-05-03,0000002488-18-000068,
OperatingIncomeLoss,USD,11000000.0,2017-01-01,2017-04-01,10-K,2018,FY,2019-02-08,0000002488-19-000011,CY2017Q1
OperatingIncomeLoss,USD,-4000000.0,2017-01-01,2017-07-01,10-Q,2017,Q2,2017-08-03,0000002488-17-000156,
OperatingIncomeLoss,USD,10000000.0,2017-01-01,2017-07-01,10-Q,2018,Q2,2018-08-02,0000002488-18-000128,
OperatingIncomeLoss,USD,25000000.0,2017-04-02,2017-07-01,10-Q,2017,Q2,2017-08-03,0000002488-17-000156,
OperatingIncomeLoss,USD,25000000.0,2017-04-02,2017-07-01,10-K,2017,FY,2018-02-27,0000002488-18-000042,
OperatingIncomeLoss,USD,-1000000.0,2017-04-02,2017-07-01,10-Q,2018,Q2,2018-08-02,0000002488-18-000128,
OperatingIncomeLoss,USD,-1000000.0,2017-04-02,2017-07-01,10-K,2018,FY,2019-02-08,0000002488-19-000011,CY2017Q2
OperatingIncomeLoss,USD,122000000.0,2017-01-01,2017-09-30,10-Q,2017,Q3,2017-11-02,0000002488-17-000227,
OperatingIncomeLoss,USD,129000000.0,2017-01-01,2017-09-30,10-Q,2018,Q3,2018-10-31,0000002488-18-000189,
OperatingIncomeLoss,USD,126000000.0,2017-07-02,2017-09-30,10-Q,2017,Q3,2017-11-02,0000002488-17-000227,
OperatingIncomeLoss,USD,126000000.0,2017-07-02,2017-09-30,10-K,2017,FY,2018-02-27,0000002488-18-000042,
OperatingIncomeLoss,USD,119000000.0,2017-07-02,2017-09-30,10-Q,2018,Q3,2018-10-31,0000002488-18-000189,
OperatingIncomeLoss,USD,119000000.0,2017-07-02,2017-09-30,10-K,2018,FY,2019-02-08,0000002488-19-000011,CY2017Q3
OperatingIncomeLoss,USD,204000000.0,2017-01-01,2017-12-30,10-K,2017,FY,2018-02-27,0000002488-18-000042,
OperatingIncomeLoss,USD,127000000.0,2017-01-01,2017-12-30,10-K,2018,FY,2019-02-08,0000002488-19-000011,
OperatingIncomeLoss,USD,127000000.0,2017-01-01,2017-12-30,10-K,2019,FY,2020-02-04,0000002488-20-000008,CY2017
OperatingIncomeLoss,USD,82000000.0,2017-10-01,2017-12-30,10-K,2017,FY,2018-02-27,0000002488-18-000042,
OperatingIncomeLoss,USD,-2000000.0,2017-10-01,2017-12-30,10-K,2018,FY,2019-02-08,0000002488-19-000011,CY2017Q4
OperatingIncomeLoss,USD,120000000.0,2017-12-31,2018-03-31,10-Q,2018,Q1,2018-05-03,0000002488-18-000068,
OperatingIncomeLoss,USD,120000000.0,2017-12-31,2018-03-31,10-K,2018,FY,2019-02-08,0000002488-19-000011,
OperatingIncomeLoss,USD,120000000.0,2017-12-31,2018-03-31,10-Q,2019,Q1,2019-05-01,0000002488-19-000045,
OperatingIncomeLoss,USD,120000000.0,2017-12-31,2018-03-31,10-K,2019,FY,2020-02-04,0000002488-20-000008,CY2018Q1
OperatingIncomeLoss,USD,273000000.0,2017-12-31,2018-06-30,10-Q,2018,Q2,2018-08-02,0000002488-18-000128,
OperatingIncomeLoss,USD,273000000.0,2017-12-31,2018-06-30,10-Q,2019,Q2,2019-07-31,0000002488-19-000104,
OperatingIncomeLoss,USD,153000000.0,2018-04-01,2018-06-30,10-Q,2018,Q2,2018-08-02,0000002488-18-000128,
OperatingIncomeLoss,USD,153000000.0,2018-04-01,2018-06-30,10-K,2018,FY,2019-02-08,0000002488-19-000011,
OperatingIncomeLoss,USD,153000000.0,2018-04-01,2018-06-30,10-Q,2019,Q2,2019-07-31,0000002488-19-000104,
OperatingIncomeLoss,USD,153000000.0,2018-04-01,2018-06-30,10-K,2019,FY,2020-02-04,0000002488-20-000008,CY2018Q2
OperatingIncomeLoss,USD,423000000.0,2017-12-31,2018-09-29,10-Q,2018,Q3,2018-10-31,0000002488-18-000189,
OperatingIncomeLoss,USD,423000000.0,2017-12-31,2018-09-29,10-Q,2019,Q3,2019-10-30,0000002488-19-000159,
OperatingIncomeLoss,USD,150000000.0,2018-07-01,2018-09-29,10-Q,2018,Q3,2018-10-31,0000002488-18-000189,
OperatingIncomeLoss,USD,150000000.0,2018-07-01,2018-09-29,10-K,2018,FY,2019-02-08,0000002488-19-000011,
OperatingIncomeLoss,USD,150000000.0,2018-07-01,2018-09-29,10-Q,2019,Q3,2019-10-30,0000002488-19-000159,
OperatingIncomeLoss,USD,150000000.0,2018-07-01,2018-09-29,10-K,2019,FY,2020-02-04,0000002488-20-000008,CY2018Q3
OperatingIncomeLoss,USD,451000000.0,2017-12-31,2018-12-29,10-K,2018,FY,2019-02-08,0000002488-19-000011,
OperatingIncomeLoss,USD,451000000.0,2017-12-31,2018-12-29,10-K,2019,FY,2020-02-04,0000002488-20-000008,
OperatingIncomeLoss,USD,451000000.0,2017-12-31,2018-12-29,10-K,2020,FY,2021-01-29,0001628280-21-001185,CY2018
OperatingIncomeLoss,USD,28000000.0,2018-09-30,2018-12-29,10-K,2018,FY,2019-02-08,0000002488-19-000011,
OperatingIncomeLoss,USD,28000000.0,2018-09-30,2018-12-29,10-K,2019,FY,2020-02-04,0000002488-20-000008,CY2018Q4
OperatingIncomeLoss,USD,38000000.0,2018-12-30,2019-03-30,10-Q,2019,Q1,2019-05-01,0000002488-19-000045,
OperatingIncomeLoss,USD,38000000.0,2018-12-30,2019-03-30,10-K,2019,FY,2020-02-04,0000002488-20-000008,
OperatingIncomeLoss,USD,38000000.0,2018-12-30,2019-03-30,10-Q,2020,Q1,2020-04-29,0000002488-20-000051,
OperatingIncomeLoss,USD,38000000.0,2018-12-30,2019-03-30,10-K,2020,FY,2021-01-29,0001628280-21-001185,CY2019Q1
OperatingIncomeLoss,USD,97000000.0,2018-12-30,2019-06-29,10-Q,2019,Q2,2019-07-31,0000002488-19-000104,
OperatingIncomeLoss,USD,97000000.0,2018-12-30,2019-06-29,10-Q,2020,Q2,2020-07-29,0000002488-20-000103,
OperatingIncomeLoss,USD,59000000.0,2019-03-31,2019-06-29,10-Q,2019,Q2,2019-07-31,0000002488-19-000104,
OperatingIncomeLoss,USD,59000000.0,2019-03-31,2019-06-29,10-K,2019,FY,2020-02-04,0000002488-20-000008,
OperatingIncomeLoss,USD,59000000.0,2019-03-31,2019-06-29,10-Q,2020,Q2,2020-07-29,0000002488-20-000103,
OperatingIncomeLoss,USD,59000000.0,2019-03-31,2019-06-29,10-K,2020,FY,2021-01-29,0001628280-21-001185,CY2019Q2
OperatingIncomeLoss,USD,283000000.0,2018-12-30,2019-09-28,10-Q,2019,Q3,2019-10-30,0000002488-19-000159,
OperatingIncomeLoss,USD,283000000.0,2018-12-30,2019-09-28,10-Q,2020,Q3,2020-10-28,0000002488-20-000164,
OperatingIncomeLoss,USD,186000000.0,2019-06-30,2019-09-28,10-Q,2019,Q3,2019-10-30,0000002488-19-000159,
OperatingIncomeLoss,USD,186000000.0,2019-06-30,2019-09-28,10-K,2019,FY,2020-02-04,0000002488-20-000008,
OperatingIncomeLoss,USD,186000000.0,2019-06-30,2019-09-28,10-Q,2020,Q3,2020-10-28,0000002488-20-000164,
OperatingIncomeLoss,USD,186000000.0,2019-06-30,2019-09-28,10-K,2020,FY,2021-01-29,0001628280-21-001185,CY2019Q3
OperatingIncomeLoss,USD,631000000.0,2018-12-30,2019-12-28,10-K,2019,FY,2020-02-04,0000002488-20-000008,
OperatingIncomeLoss,USD,631000000.0,2018-12-30,2019-12-28,10-K,2020,FY,2021-01-29,0001628280-21-001185,
OperatingIncomeLoss,USD,631000000.0,2018-12-30,2019-12-28,10-K,2021,FY,2022-02-03,0000002488-22-000016,CY2019
OperatingIncomeLoss,USD,348000000.0,2019-09-29,2019-12-28,10-K,2019,FY,2020-02-04,0000002488-20-000008,
OperatingIncomeLoss,USD,348000000.0,2019-09-29,2019-12-28,10-K,2020,FY,2021-01-29,0001628280-21-001185,CY2019Q4
OperatingIncomeLoss,USD,177000000.0,2019-12-29,2020-03-28,10-Q,2020,Q1,2020-04-29,0000002488-20-000051,
OperatingIncomeLoss,USD,177000000.0,2019-12-29,2020-03-28,10-K,2020,FY,2021-01-29,0001628280-21-001185,
OperatingIncomeLoss,USD,177000000.0,2019-12-29,2020-03-28,10-Q,2021,Q1,2021-04-28,0000002488-21-000056,CY2020Q1
OperatingIncomeLoss,USD,350000000.0,2019-12-29,2020-06-27,10-Q,2020,Q2,2020-07-29,0000002488-20-000103,
OperatingIncomeLoss,USD,350000000.0,2019-12-29,2020-06-27,10-Q,2021,Q2,2021-07-28,0000002488-21-000116,
OperatingIncomeLoss,USD,173000000.0,2020-03-29,2020-06-27,10-Q,2020,Q2,2020-07-29,0000002488-20-000103,
OperatingIncomeLoss,USD,173000000.0,2020-03-29,2020-06-27,10-K,2020,FY,2021-01-29,0001628280-21-001185,
OperatingIncomeLoss,USD,173000000.0,2020-03-29,2020-06-27,10-Q,2021,Q2,2021-07-28,0000002488-21-000116,CY2020Q2
OperatingIncomeLoss,USD,799000000.0,2019-12-29,2020-09-26,10-Q,2020,Q3,2020-10-28,0000002488-20-000164,
OperatingIncomeLoss,USD,799000000.0,2019-12-29,2020-09-26,10-Q,2021,Q3,2021-10-27,0000002488-21-000178,
OperatingIncomeLoss,USD,449000000.0,2020-06-28,2020-09-26,10-Q,2020,Q3,2020-10-28,0000002488-20-000164,
OperatingIncomeLoss,USD,449000000.0,2020-06-28,2020-09-26,10-K,2020,FY,2021-01-29,0001628280-21-001185,
OperatingIncomeLoss,USD,449000000.0,2020-06-28,2020-09-26,10-Q,2021,Q3,2021-10-27,0000002488-21-000178,CY2020Q3
OperatingIncomeLoss,USD,1369000000.0,2019-12-29,2020-12-26,10-K,2020,FY,2021-01-29,0001628280-21-001185,
OperatingIncomeLoss,USD,1369000000.0,2019-12-29,2020-12-26,10-K,2021,FY,2022-02-03,0000002488-22-000016,
OperatingIncomeLoss,USD,1369000000.0,2019-12-29,2020-12-26,10-K,2022,FY,2023-02-27,0000002488-23-000047,CY2020
OperatingIncomeLoss,USD,570000000.0,2020-09-27,2020-12-26,10-K,2020,FY,2021-01-29,0001628280-21-001185,CY2020Q4
OperatingIncomeLoss,USD,662000000.0,2020-12-27,2021-03-27,10-Q,2021,Q1,2021-04-28,0000002488-21-000056,
OperatingIncomeLoss,USD,662000000.0,2020-12-27,2021-03-27,10-Q,2022,Q1,2022-05-04,0000002488-22-000078,CY2021Q1
OperatingIncomeLoss,USD,1493000000.0,2020-12-27,2021-06-26,10-Q,2021,Q2,2021-07-28,0000002488-21-000116,
OperatingIncomeLoss,USD,1493000000.0,2020-12-27,2021-06-26,10-Q,2022,Q2,2022-08-03,0000002488-22-000123,
OperatingIncomeLoss,USD,831000000.0,2021-03-28,2021-06-26,10-Q,2021,Q2,2021-07-28,0000002488-21-000116,
OperatingIncomeLoss,USD,831000000.0,2021-03-28,2021-06-26,10-Q,2022,Q2,2022-08-03,0000002488-22-000123,CY2021Q2
OperatingIncomeLoss,USD,2441000000.0,2020-12-27,2021-09-25,10-Q,2021,Q3,2021-10-27,0000002488-21-000178,
OperatingIncomeLoss,USD,2441000000.0,2020-12-27,2021-09-25,10-Q,2022,Q3,2022-11-02,0000002488-22-000170,
OperatingIncomeLoss,USD,948000000.0,2021-06-27,2021-09-25,10-Q,2021,Q3,2021-10-27,0000002488-21-000178,
OperatingIncomeLoss,USD,948000000.0,2021-06-27,2021-09-25,10-Q,2022,Q3,2022-11-02,0000002488-22-000170,CY2021Q3
OperatingIncomeLoss,USD,3648000000.0,2020-12-27,2021-12-25,10-K,2021,FY,2022-02-03,0000002488-22-000016,
OperatingIncomeLoss,USD,3648000000.0,2020-12-27,2021-12-25,10-K,2022,FY,2023-02-27,0000002488-23-000047,
OperatingIncomeLoss,USD,3648000000.0,2020-12-27,2021-12-25,10-K,2023,FY,2024-01-31,0000002488-24-000012,CY2021
OperatingIncomeLoss,USD,951000000.0,2021-12-26,2022-03-26,10-Q,2022,Q1,2022-05-04,0000002488-22-000078,
OperatingIncomeLoss,USD,951000000.0,2021-12-26,2022-03-26,10-Q,2023,Q1,2023-05-03,0000002488-23-000076,CY2022Q1
OperatingIncomeLoss,USD,1477000000.0,2021-12-26,2022-06-25,10-Q,2022,Q2,2022-08-03,0000002488-22-000123,
OperatingIncomeLoss,USD,1477000000.0,2021-12-26,2022-06-25,10-Q,2023,Q2,2023-08-02,0000002488-23-000139,
OperatingIncomeLoss,USD,526000000.0,2022-03-27,2022-06-25,10-Q,2022,Q2,2022-08-03,0000002488-22-000123,
OperatingIncomeLoss,USD,526000000.0,2022-03-27,2022-06-25,10-Q,2023,Q2,2023-08-02,0000002488-23-000139,CY2022Q2
OperatingIncomeLoss,USD,1413000000.0,2021-12-26,2022-09-24,10-Q,2022,Q3,2022-11-02,0000002488-22-000170,
OperatingIncomeLoss,USD,1413000000.0,2021-12-26,2022-09-24,10-Q,2023,Q3,2023-11-01,0000002488-23-000195,
OperatingIncomeLoss,USD,-64000000.0,2022-06-26,2022-09-24,10-Q,2022,Q3,2022-11-02,0000002488-22-000170,
OperatingIncomeLoss,USD,-64000000.0,2022-06-26,2022-09-24,10-Q,2023,Q3,2023-11-01,0000002488-23-000195,CY2022Q3
OperatingIncomeLoss,USD,1264000000.0,2021-12-26,2022-12-31,10-K,2022,FY,2023-02-27,0000002488-23-000047,
OperatingIncomeLoss,USD,1264000000.0,2021-12-26,2022-12-31,10-K,2023,FY,2024-01-31,0000002488-24-000012,
OperatingIncomeLoss,USD,1264000000.0,2021-12-26,2022-12-31,10-K,2024,FY,2025-02-05,0000002488-25-000012,CY2022
OperatingIncomeLoss,USD,-145000000.0,2023-01-01,2023-04-01,10-Q,2023,Q1,2023-05-03,0000002488-23-000076,
OperatingIncomeLoss,USD,-145000000.0,2023-01-01,2023-04-01,10-Q,2024,Q1,2024-05-01,0000002488-24-000056,CY2023Q1
OperatingIncomeLoss,USD,-165000000.0,2023-01-01,2023-07-01,10-Q,2023,Q2,2023-08-02,0000002488-23-000139,
OperatingIncomeLoss,USD,-165000000.0,2023-01-01,2023-07-01,10-Q,2024,Q2,2024-07-31,0000002488-24-000123,
OperatingIncomeLoss,USD,-20000000.0,2023-04-02,2023-07-01,10-Q,2023,Q2,2023-08-02,0000002488-23-000139,
OperatingIncomeLoss,USD,-20000000.0,2023-04-02,2023-07-01,10-Q,2024,Q2,2024-07-31,0000002488-24-000123,CY2023Q2
OperatingIncomeLoss,USD,59000000.0,2023-01-01,2023-09-30,10-Q,2023,Q3,2023-11-01,0000002488-23-000195,
OperatingIncomeLoss,USD,59000000.0,2023-01-01,2023-09-30,10-Q,2024,Q3,2024-10-30,0000002488-24-000163,
OperatingIncomeLoss,USD,224000000.0,2023-07-02,2023-09-30,10-Q,2023,Q3,2023-11-01,0000002488-23-000195,
OperatingIncomeLoss,USD,224000000.0,2023-07-02,2023-09-30,10-Q,2024,Q3,2024-10-30,0000002488-24-000163,CY2023Q3
OperatingIncomeLoss,USD,401000000.0,2023-01-01,2023-12-30,10-K,2023,FY,2024-01-31,0000002488-24-000012,
OperatingIncomeLoss,USD,401000000.0,2023-01-01,2023-12-30,10-K,2024,FY,2025-02-05,0000002488-25-000012,
OperatingIncomeLoss,USD,401000000.0,2023-01-01,2023-12-30,10-K,2025,FY,2026-02-04,0000002488-26-000018,CY2023
OperatingIncomeLoss,USD,36000000.0,2023-12-31,2024-03-30,10-Q,2024,Q1,2024-05-01,0000002488-24-000056,
OperatingIncomeLoss,USD,36000000.0,2023-12-31,2024-03-30,10-Q,2025,Q1,2025-05-07,0000002488-25-000047,CY2024Q1
OperatingIncomeLoss,USD,305000000.0,2023-12-31,2024-06-29,10-Q,2024,Q2,2024-07-31,0000002488-24-000123,
OperatingIncomeLoss,USD,305000000.0,2023-12-31,2024-06-29,10-Q,2025,Q2,2025-08-06,0000002488-25-000108,
OperatingIncomeLoss,USD,269000000.0,2024-03-31,2024-06-29,10-Q,2024,Q2,2024-07-31,0000002488-24-000123,
OperatingIncomeLoss,USD,269000000.0,2024-03-31,2024-06-29,10-Q,2025,Q2,2025-08-06,0000002488-25-000108,CY2024Q2
OperatingIncomeLoss,USD,1029000000.0,2023-12-31,2024-09-28,10-Q,2024,Q3,2024-10-30,0000002488-24-000163,
OperatingIncomeLoss,USD,1029000000.0,2023-12-31,2024-09-28,10-Q,2025,Q3,2025-11-05,0000002488-25-000166,
OperatingIncomeLoss,USD,724000000.0,2024-06-30,2024-09-28,10-Q,2024,Q3,2024-10-30,0000002488-24-000163,
OperatingIncomeLoss,USD,724000000.0,2024-06-30,2024-09-28,10-Q,2025,Q3,2025-11-05,0000002488-25-000166,CY2024Q3
OperatingIncomeLoss,USD,1900000000.0,2023-12-31,2024-12-28,10-K,2024,FY,2025-02-05,0000002488-25-000012,
OperatingIncomeLoss,USD,1900000000.0,2023-12-31,2024-12-28,10-K,2025,FY,2026-02-04,0000002488-26-000018,CY2024
OperatingIncomeLoss,USD,806000000.0,2024-12-29,2025-03-29,10-Q,2025,Q1,2025-05-07,0000002488-25-000047,
OperatingIncomeLoss,USD,806000000.0,2024-12-29,2025-03-29,10-Q,2026,Q1,2026-05-06,0000002488-26-000076,CY2025Q1
OperatingIncomeLoss,USD,672000000.0,2024-12-29,2025-06-28,10-Q,2025,Q2,2025-08-06,0000002488-25-000108,
OperatingIncomeLoss,USD,672000000.0,2024-12-29,2025-06-28,10-Q,2026,Q2,2026-08-05,0000002488-26-000123,
OperatingIncomeLoss,USD,-134000000.0,2025-03-30,2025-06-28,10-Q,2025,Q2,2025-08-06,0000002488-25-000108,
OperatingIncomeLoss,USD,-134000000.0,2025-03-30,2025-06-28,10-Q,2026,Q2,2026-08-05,0000002488-26-000123,CY2025Q2
OperatingIncomeLoss,USD,1942000000.0,2024-12-29,2025-09-27,10-Q,2025,Q3,2025-11-05,0000002488-25-000166,
OperatingIncomeLoss,USD,1270000000.0,2025-06-29,2025-09-27,10-Q,2025,Q3,2025-11-05,0000002488-25-000166,CY2025Q3
OperatingIncomeLoss,USD,3694000000.0,2024-12-29,2025-12-27,10-K,2025,FY,2026-02-04,0000002488-26-000018,CY2025
OperatingIncomeLoss,USD,1476000000.0,2025-12-28,2026-03-28,10-Q,2026,Q1,2026-05-06,0000002488-26-000076,CY2026Q1
OperatingIncomeLoss,USD,3466000000.0,2025-12-28,2026-06-27,10-Q,2026,Q2,2026-08-05,0000002488-26-000123,
OperatingIncomeLoss,USD,1990000000.0,2026-03-29,2026-06-27,10-Q,2026,Q2,2026-08-05,0000002488-26-000123,CY2026Q2
PaymentsToAcquirePropertyPlantAndEquipment,USD,26000000.0,2015-12-27,2016-03-26,10-Q,2016,Q1,2016-04-28,0000002488-16-000124,
PaymentsToAcquirePropertyPlantAndEquipment,USD,26000000.0,2015-12-27,2016-03-26,10-Q,2017,Q1,2017-05-08,0000002488-17-000107,CY2016Q1
PaymentsToAcquirePropertyPlantAndEquipment,USD,47000000.0,2015-12-27,2016-06-25,10-Q,2016,Q2,2016-07-26,0000002488-16-000213,
PaymentsToAcquirePropertyPlantAndEquipment,USD,47000000.0,2015-12-27,2016-06-25,10-Q,2017,Q2,2017-08-03,0000002488-17-000156,
PaymentsToAcquirePropertyPlantAndEquipment,USD,56000000.0,2015-12-27,2016-09-24,10-Q,2016,Q3,2016-10-26,0000002488-16-000263,
PaymentsToAcquirePropertyPlantAndEquipment,USD,56000000.0,2015-12-27,2016-09-24,10-Q,2017,Q3,2017-11-02,0000002488-17-000227,
PaymentsToAcquirePropertyPlantAndEquipment,USD,77000000.0,2015-12-27,2016-12-31,10-K,2016,FY,2017-02-21,0000002488-17-000043,
PaymentsToAcquirePropertyPlantAndEquipment,USD,77000000.0,2015-12-27,2016-12-31,10-K,2017,FY,2018-02-27,0000002488-18-000042,
PaymentsToAcquirePropertyPlantAndEquipment,USD,77000000.0,2015-12-27,2016-12-31,10-K,2018,FY,2019-02-08,0000002488-19-000011,CY2016
PaymentsToAcquirePropertyPlantAndEquipment,USD,23000000.0,2017-01-01,2017-04-01,10-Q,2017,Q1,2017-05-08,0000002488-17-000107,
PaymentsToAcquirePropertyPlantAndEquipment,USD,23000000.0,2017-01-01,2017-04-01,10-Q,2018,Q1,2018-05-03,0000002488-18-000068,CY2017Q1
PaymentsToAcquirePropertyPlantAndEquipment,USD,35000000.0,2017-01-01,2017-07-01,10-Q,2017,Q2,2017-08-03,0000002488-17-000156,
PaymentsToAcquirePropertyPlantAndEquipment,USD,35000000.0,2017-01-01,2017-07-01,10-Q,2018,Q2,2018-08-02,0000002488-18-000128,
PaymentsToAcquirePropertyPlantAndEquipment,USD,69000000.0,2017-01-01,2017-09-30,10-Q,2017,Q3,2017-11-02,0000002488-17-000227,
PaymentsToAcquirePropertyPlantAndEquipment,USD,69000000.0,2017-01-01,2017-09-30,10-Q,2018,Q3,2018-10-31,0000002488-18-000189,
PaymentsToAcquirePropertyPlantAndEquipment,USD,113000000.0,2017-01-01,2017-12-30,10-K,2017,FY,2018-02-27,0000002488-18-000042,
PaymentsToAcquirePropertyPlantAndEquipment,USD,113000000.0,2017-01-01,2017-12-30,10-K,2018,FY,2019-02-08,0000002488-19-000011,
PaymentsToAcquirePropertyPlantAndEquipment,USD,113000000.0,2017-01-01,2017-12-30,10-K,2019,FY,2020-02-04,0000002488-20-000008,CY2017
PaymentsToAcquirePropertyPlantAndEquipment,USD,46000000.0,2017-12-31,2018-03-31,10-Q,2018,Q1,2018-05-03,0000002488-18-000068,
PaymentsToAcquirePropertyPlantAndEquipment,USD,46000000.0,2017-12-31,2018-03-31,10-Q,2019,Q1,2019-05-01,0000002488-19-000045,CY2018Q1
PaymentsToAcquirePropertyPlantAndEquipment,USD,89000000.0,2017-12-31,2018-06-30,10-Q,2018,Q2,2018-08-02,0000002488-18-000128,
PaymentsToAcquirePropertyPlantAndEquipment,USD,89000000.0,2017-12-31,2018-06-30,10-Q,2019,Q2,2019-07-31,0000002488-19-000104,
PaymentsToAcquirePropertyPlantAndEquipment,USD,122000000.0,2017-12-31,2018-09-29,10-Q,2018,Q3,2018-10-31,0000002488-18-000189,
PaymentsToAcquirePropertyPlantAndEquipment,USD,122000000.0,2017-12-31,2018-09-29,10-Q,2019,Q3,2019-10-30,0000002488-19-000159,
PaymentsToAcquirePropertyPlantAndEquipment,USD,163000000.0,2017-12-31,2018-12-29,10-K,2018,FY,2019-02-08,0000002488-19-000011,
PaymentsToAcquirePropertyPlantAndEquipment,USD,163000000.0,2017-12-31,2018-12-29,10-K,2019,FY,2020-02-04,0000002488-20-000008,
PaymentsToAcquirePropertyPlantAndEquipment,USD,163000000.0,2017-12-31,2018-12-29,10-K,2020,FY,2021-01-29,0001628280-21-001185,CY2018
PaymentsToAcquirePropertyPlantAndEquipment,USD,62000000.0,2018-12-30,2019-03-30,10-Q,2019,Q1,2019-05-01,0000002488-19-000045,
PaymentsToAcquirePropertyPlantAndEquipment,USD,62000000.0,2018-12-30,2019-03-30,10-Q,2020,Q1,2020-04-29,0000002488-20-000051,CY2019Q1
PaymentsToAcquirePropertyPlantAndEquipment,USD,120000000.0,2018-12-30,2019-06-29,10-Q,2019,Q2,2019-07-31,0000002488-19-000104,
PaymentsToAcquirePropertyPlantAndEquipment,USD,120000000.0,2018-12-30,2019-06-29,10-Q,2020,Q2,2020-07-29,0000002488-20-000103,
PaymentsToAcquirePropertyPlantAndEquipment,USD,175000000.0,2018-12-30,2019-09-28,10-Q,2019,Q3,2019-10-30,0000002488-19-000159,
PaymentsToAcquirePropertyPlantAndEquipment,USD,175000000.0,2018-12-30,2019-09-28,10-Q,2020,Q3,2020-10-28,0000002488-20-000164,
PaymentsToAcquirePropertyPlantAndEquipment,USD,217000000.0,2018-12-30,2019-12-28,10-K,2019,FY,2020-02-04,0000002488-20-000008,
PaymentsToAcquirePropertyPlantAndEquipment,USD,217000000.0,2018-12-30,2019-12-28,10-K,2020,FY,2021-01-29,0001628280-21-001185,
PaymentsToAcquirePropertyPlantAndEquipment,USD,217000000.0,2018-12-30,2019-12-28,10-K,2021,FY,2022-02-03,0000002488-22-000016,CY2019
PaymentsToAcquirePropertyPlantAndEquipment,USD,55000000.0,2019-12-29,2020-03-28,10-Q,2020,Q1,2020-04-29,0000002488-20-000051,
PaymentsToAcquirePropertyPlantAndEquipment,USD,55000000.0,2019-12-29,2020-03-28,10-Q,2021,Q1,2021-04-28,0000002488-21-000056,CY2020Q1
PaymentsToAcquirePropertyPlantAndEquipment,USD,146000000.0,2019-12-29,2020-06-27,10-Q,2020,Q2,2020-07-29,0000002488-20-000103,
PaymentsToAcquirePropertyPlantAndEquipment,USD,146000000.0,2019-12-29,2020-06-27,10-Q,2021,Q2,2021-07-28,0000002488-21-000116,
PaymentsToAcquirePropertyPlantAndEquipment,USD,220000000.0,2019-12-29,2020-09-26,10-Q,2020,Q3,2020-10-28,0000002488-20-000164,
PaymentsToAcquirePropertyPlantAndEquipment,USD,220000000.0,2019-12-29,2020-09-26,10-Q,2021,Q3,2021-10-27,0000002488-21-000178,
PaymentsToAcquirePropertyPlantAndEquipment,USD,294000000.0,2019-12-29,2020-12-26,10-K,2020,FY,2021-01-29,0001628280-21-001185,
PaymentsToAcquirePropertyPlantAndEquipment,USD,294000000.0,2019-12-29,2020-12-26,10-K,2021,FY,2022-02-03,0000002488-22-000016,
PaymentsToAcquirePropertyPlantAndEquipment,USD,294000000.0,2019-12-29,2020-12-26,10-K,2022,FY,2023-02-27,0000002488-23-000047,CY2020
PaymentsToAcquirePropertyPlantAndEquipment,USD,66000000.0,2020-12-27,2021-03-27,10-Q,2021,Q1,2021-04-28,0000002488-21-000056,
PaymentsToAcquirePropertyPlantAndEquipment,USD,66000000.0,2020-12-27,2021-03-27,10-Q,2022,Q1,2022-05-04,0000002488-22-000078,CY2021Q1
PaymentsToAcquirePropertyPlantAndEquipment,USD,130000000.0,2020-12-27,2021-06-26,10-Q,2021,Q2,2021-07-28,0000002488-21-000116,
PaymentsToAcquirePropertyPlantAndEquipment,USD,130000000.0,2020-12-27,2021-06-26,10-Q,2022,Q2,2022-08-03,0000002488-22-000123,
PaymentsToAcquirePropertyPlantAndEquipment,USD,215000000.0,2020-12-27,2021-09-25,10-Q,2021,Q3,2021-10-27,0000002488-21-000178,
PaymentsToAcquirePropertyPlantAndEquipment,USD,215000000.0,2020-12-27,2021-09-25,10-Q,2022,Q3,2022-11-02,0000002488-22-000170,
PaymentsToAcquirePropertyPlantAndEquipment,USD,301000000.0,2020-12-27,2021-12-25,10-K,2021,FY,2022-02-03,0000002488-22-000016,
PaymentsToAcquirePropertyPlantAndEquipment,USD,301000000.0,2020-12-27,2021-12-25,10-K,2022,FY,2023-02-27,0000002488-23-000047,
PaymentsToAcquirePropertyPlantAndEquipment,USD,301000000.0,2020-12-27,2021-12-25,10-K,2023,FY,2024-01-31,0000002488-24-000012,CY2021
PaymentsToAcquirePropertyPlantAndEquipment,USD,71000000.0,2021-12-26,2022-03-26,10-Q,2022,Q1,2022-05-04,0000002488-22-000078,
PaymentsToAcquirePropertyPlantAndEquipment,USD,71000000.0,2021-12-26,2022-03-26,10-Q,2023,Q1,2023-05-03,0000002488-23-000076,CY2022Q1
PaymentsToAcquirePropertyPlantAndEquipment,USD,203000000.0,2021-12-26,2022-06-25,10-Q,2022,Q2,2022-08-03,0000002488-22-000123,
PaymentsToAcquirePropertyPlantAndEquipment,USD,203000000.0,2021-12-26,2022-06-25,10-Q,2023,Q2,2023-08-02,0000002488-23-000139,
PaymentsToAcquirePropertyPlantAndEquipment,USD,326000000.0,2021-12-26,2022-09-24,10-Q,2022,Q3,2022-11-02,0000002488-22-000170,
PaymentsToAcquirePropertyPlantAndEquipment,USD,326000000.0,2021-12-26,2022-09-24,10-Q,2023,Q3,2023-11-01,0000002488-23-000195,
PaymentsToAcquirePropertyPlantAndEquipment,USD,450000000.0,2021-12-26,2022-12-31,10-K,2022,FY,2023-02-27,0000002488-23-000047,
PaymentsToAcquirePropertyPlantAndEquipment,USD,450000000.0,2021-12-26,2022-12-31,10-K,2023,FY,2024-01-31,0000002488-24-000012,
PaymentsToAcquirePropertyPlantAndEquipment,USD,450000000.0,2021-12-26,2022-12-31,10-K,2024,FY,2025-02-05,0000002488-25-000012,CY2022
PaymentsToAcquirePropertyPlantAndEquipment,USD,158000000.0,2023-01-01,2023-04-01,10-Q,2023,Q1,2023-05-03,0000002488-23-000076,
PaymentsToAcquirePropertyPlantAndEquipment,USD,158000000.0,2023-01-01,2023-04-01,10-Q,2024,Q1,2024-05-01,0000002488-24-000056,CY2023Q1
PaymentsToAcquirePropertyPlantAndEquipment,USD,283000000.0,2023-01-01,2023-07-01,10-Q,2023,Q2,2023-08-02,0000002488-23-000139,
PaymentsToAcquirePropertyPlantAndEquipment,USD,283000000.0,2023-01-01,2023-07-01,10-Q,2024,Q2,2024-07-31,0000002488-24-000123,
PaymentsToAcquirePropertyPlantAndEquipment,USD,407000000.0,2023-01-01,2023-09-30,10-Q,2023,Q3,2023-11-01,0000002488-23-000195,
PaymentsToAcquirePropertyPlantAndEquipment,USD,407000000.0,2023-01-01,2023-09-30,10-Q,2024,Q3,2024-10-30,0000002488-24-000163,
PaymentsToAcquirePropertyPlantAndEquipment,USD,546000000.0,2023-01-01,2023-12-30,10-K,2023,FY,2024-01-31,0000002488-24-000012,
PaymentsToAcquirePropertyPlantAndEquipment,USD,546000000.0,2023-01-01,2023-12-30,10-K,2024,FY,2025-02-05,0000002488-25-000012,
PaymentsToAcquirePropertyPlantAndEquipment,USD,546000000.0,2023-01-01,2023-12-30,10-K,2025,FY,2026-02-04,0000002488-26-000018,CY2023
PaymentsToAcquirePropertyPlantAndEquipment,USD,142000000.0,2023-12-31,2024-03-30,10-Q,2024,Q1,2024-05-01,0000002488-24-000056,
PaymentsToAcquirePropertyPlantAndEquipment,USD,142000000.0,2023-12-31,2024-03-30,10-Q,2025,Q1,2025-05-07,0000002488-25-000047,CY2024Q1
PaymentsToAcquirePropertyPlantAndEquipment,USD,296000000.0,2023-12-31,2024-06-29,10-Q,2024,Q2,2024-07-31,0000002488-24-000123,
PaymentsToAcquirePropertyPlantAndEquipment,USD,296000000.0,2023-12-31,2024-06-29,10-Q,2025,Q2,2025-08-06,0000002488-25-000108,
PaymentsToAcquirePropertyPlantAndEquipment,USD,428000000.0,2023-12-31,2024-09-28,10-Q,2024,Q3,2024-10-30,0000002488-24-000163,
PaymentsToAcquirePropertyPlantAndEquipment,USD,428000000.0,2023-12-31,2024-09-28,10-Q,2025,Q3,2025-11-05,0000002488-25-000166,
PaymentsToAcquirePropertyPlantAndEquipment,USD,636000000.0,2023-12-31,2024-12-28,10-K,2024,FY,2025-02-05,0000002488-25-000012,
PaymentsToAcquirePropertyPlantAndEquipment,USD,636000000.0,2023-12-31,2024-12-28,10-K,2025,FY,2026-02-04,0000002488-26-000018,CY2024
PaymentsToAcquirePropertyPlantAndEquipment,USD,212000000.0,2024-12-29,2025-03-29,10-Q,2025,Q1,2025-05-07,0000002488-25-000047,
PaymentsToAcquirePropertyPlantAndEquipment,USD,212000000.0,2024-12-29,2025-03-29,10-Q,2026,Q1,2026-05-06,0000002488-26-000076,CY2025Q1
PaymentsToAcquirePropertyPlantAndEquipment,USD,494000000.0,2024-12-29,2025-06-28,10-Q,2025,Q2,2025-08-06,0000002488-25-000108,
PaymentsToAcquirePropertyPlantAndEquipment,USD,494000000.0,2024-12-29,2025-06-28,10-Q,2026,Q2,2026-08-05,0000002488-26-000123,
PaymentsToAcquirePropertyPlantAndEquipment,USD,752000000.0,2024-12-29,2025-09-27,10-Q,2025,Q3,2025-11-05,0000002488-25-000166,
PaymentsToAcquirePropertyPlantAndEquipment,USD,974000000.0,2024-12-29,2025-12-27,10-K,2025,FY,2026-02-04,0000002488-26-000018,CY2025
PaymentsToAcquirePropertyPlantAndEquipment,USD,389000000.0,2025-12-28,2026-03-28,10-Q,2026,Q1,2026-05-06,0000002488-26-000076,CY2026Q1
PaymentsToAcquirePropertyPlantAndEquipment,USD,1197000000.0,2025-12-28,2026-06-27,10-Q,2026,Q2,2026-08-05,0000002488-26-000123,
ResearchAndDevelopmentExpense,USD,242000000.0,2015-12-27,2016-03-26,10-Q,2016,Q1,2016-04-28,0000002488-16-000124,
ResearchAndDevelopmentExpense,USD,242000000.0,2015-12-27,2016-03-26,10-K,2016,FY,2017-02-21,0000002488-17-000043,
ResearchAndDevelopmentExpense,USD,242000000.0,2015-12-27,2016-03-26,10-Q,2017,Q1,2017-05-08,0000002488-17-000107,
ResearchAndDevelopmentExpense,USD,242000000.0,2015-12-27,2016-03-26,10-K,2017,FY,2018-02-27,0000002488-18-000042,CY2016Q1
ResearchAndDevelopmentExpense,USD,485000000.0,2015-12-27,2016-06-25,10-Q,2016,Q2,2016-07-26,0000002488-16-000213,
ResearchAndDevelopmentExpense,USD,485000000.0,2015-12-27,2016-06-25,10-Q,2017,Q2,2017-08-03,0000002488-17-000156,
ResearchAndDevelopmentExpense,USD,243000000.0,2016-03-27,2016-06-25,10-Q,2016,Q2,2016-07-26,0000002488-16-000213,
ResearchAndDevelopmentExpense,USD,243000000.0,2016-03-27,2016-06-25,10-K,2016,FY,2017-02-21,0000002488-17-000043,
ResearchAndDevelopmentExpense,USD,243000000.0,2016-03-27,2016-06-25,10-Q,2017,Q2,2017-08-03,0000002488-17-000156,
ResearchAndDevelopmentExpense,USD,243000000.0,2016-03-27,2016-06-25,10-K,2017,FY,2018-02-27,0000002488-18-000042,CY2016Q2
ResearchAndDevelopmentExpense,USD,744000000.0,2015-12-27,2016-09-24,10-Q,2016,Q3,2016-10-26,0000002488-16-000263,
ResearchAndDevelopmentExpense,USD,744000000.0,2015-12-27,2016-09-24,10-Q,2017,Q3,2017-11-02,0000002488-17-000227,
ResearchAndDevelopmentExpense,USD,259000000.0,2016-06-26,2016-09-24,10-Q,2016,Q3,2016-10-26,0000002488-16-000263,
ResearchAndDevelopmentExpense,USD,259000000.0,2016-06-26,2016-09-24,10-K,2016,FY,2017-02-21,0000002488-17-000043,
ResearchAndDevelopmentExpense,USD,259000000.0,2016-06-26,2016-09-24,10-Q,2017,Q3,2017-11-02,0000002488-17-000227,
ResearchAndDevelopmentExpense,USD,259000000.0,2016-06-26,2016-09-24,10-K,2017,FY,2018-02-27,0000002488-18-000042,CY2016Q3
ResearchAndDevelopmentExpense,USD,1008000000.0,2015-12-27,2016-12-31,10-K,2016,FY,2017-02-21,0000002488-17-000043,
ResearchAndDevelopmentExpense,USD,1008000000.0,2015-12-27,2016-12-31,10-K,2017,FY,2018-02-27,0000002488-18-000042,
ResearchAndDevelopmentExpense,USD,1008000000.0,2015-12-27,2016-12-31,10-K,2018,FY,2019-02-08,0000002488-19-000011,CY2016
ResearchAndDevelopmentExpense,USD,264000000.0,2016-09-25,2016-12-31,10-K,2016,FY,2017-02-21,0000002488-17-000043,
ResearchAndDevelopmentExpense,USD,264000000.0,2016-09-25,2016-12-31,10-K,2017,FY,2018-02-27,0000002488-18-000042,CY2016Q4
ResearchAndDevelopmentExpense,USD,266000000.0,2017-01-01,2017-04-01,10-Q,2017,Q1,2017-05-08,0000002488-17-000107,
ResearchAndDevelopmentExpense,USD,266000000.0,2017-01-01,2017-04-01,10-K,2017,FY,2018-02-27,0000002488-18-000042,
ResearchAndDevelopmentExpense,USD,271000000.0,2017-01-01,2017-04-01,10-Q,2018,Q1,2018-05-03,0000002488-18-000068,
ResearchAndDevelopmentExpense,USD,271000000.0,2017-01-01,2017-04-01,10-K,2018,FY,2019-02-08,0000002488-19-000011,CY2017Q1
ResearchAndDevelopmentExpense,USD,545000000.0,2017-01-01,2017-07-01,10-Q,2017,Q2,2017-08-03,0000002488-17-000156,
ResearchAndDevelopmentExpense,USD,556000000.0,2017-01-01,2017-07-01,10-Q,2018,Q2,2018-08-02,0000002488-18-000128,
ResearchAndDevelopmentExpense,USD,279000000.0,2017-04-02,2017-07-01,10-Q,2017,Q2,2017-08-03,0000002488-17-000156,
ResearchAndDevelopmentExpense,USD,279000000.0,2017-04-02,2017-07-01,10-K,2017,FY,2018-02-27,0000002488-18-000042,
ResearchAndDevelopmentExpense,USD,285000000.0,2017-04-02,2017-07-01,10-Q,2018,Q2,2018-08-02,0000002488-18-000128,
ResearchAndDevelopmentExpense,USD,285000000.0,2017-04-02,2017-07-01,10-K,2018,FY,2019-02-08,0000002488-19-000011,CY2017Q2
ResearchAndDevelopmentExpense,USD,860000000.0,2017-01-01,2017-09-30,10-Q,2017,Q3,2017-11-02,0000002488-17-000227,
ResearchAndDevelopmentExpense,USD,876000000.0,2017-01-01,2017-09-30,10-Q,2018,Q3,2018-10-31,0000002488-18-000189,
ResearchAndDevelopmentExpense,USD,315000000.0,2017-07-02,2017-09-30,10-Q,2017,Q3,2017-11-02,0000002488-17-000227,
ResearchAndDevelopmentExpense,USD,315000000.0,2017-07-02,2017-09-30,10-K,2017,FY,2018-02-27,0000002488-18-000042,
ResearchAndDevelopmentExpense,USD,320000000.0,2017-07-02,2017-09-30,10-Q,2018,Q3,2018-10-31,0000002488-18-000189,
ResearchAndDevelopmentExpense,USD,320000000.0,2017-07-02,2017-09-30,10-K,2018,FY,2019-02-08,0000002488-19-000011,CY2017Q3
ResearchAndDevelopmentExpense,USD,1160000000.0,2017-01-01,2017-12-30,10-K,2017,FY,2018-02-27,0000002488-18-000042,
ResearchAndDevelopmentExpense,USD,1196000000.0,2017-01-01,2017-12-30,10-K,2018,FY,2019-02-08,0000002488-19-000011,
ResearchAndDevelopmentExpense,USD,1196000000.0,2017-01-01,2017-12-30,10-K,2019,FY,2020-02-04,0000002488-20-000008,CY2017
ResearchAndDevelopmentExpense,USD,300000000.0,2017-10-01,2017-12-30,10-K,2017,FY,2018-02-27,0000002488-18-000042,
ResearchAndDevelopmentExpense,USD,320000000.0,2017-10-01,2017-12-30,10-K,2018,FY,2019-02-08,0000002488-19-000011,CY2017Q4
ResearchAndDevelopmentExpense,USD,343000000.0,2017-12-31,2018-03-31,10-Q,2018,Q1,2018-05-03,0000002488-18-000068,
ResearchAndDevelopmentExpense,USD,343000000.0,2017-12-31,2018-03-31,10-K,2018,FY,2019-02-08,0000002488-19-000011,
ResearchAndDevelopmentExpense,USD,343000000.0,2017-12-31,2018-03-31,10-Q,2019,Q1,2019-05-01,0000002488-19-000045,
ResearchAndDevelopmentExpense,USD,343000000.0,2017-12-31,2018-03-31,10-K,2019,FY,2020-02-04,0000002488-20-000008,CY2018Q1
ResearchAndDevelopmentExpense,USD,700000000.0,2017-12-31,2018-06-30,10-Q,2018,Q2,2018-08-02,0000002488-18-000128,
ResearchAndDevelopmentExpense,USD,700000000.0,2017-12-31,2018-06-30,10-Q,2019,Q2,2019-07-31,0000002488-19-000104,
ResearchAndDevelopmentExpense,USD,357000000.0,2018-04-01,2018-06-30,10-Q,2018,Q2,2018-08-02,0000002488-18-000128,
ResearchAndDevelopmentExpense,USD,357000000.0,2018-04-01,2018-06-30,10-K,2018,FY,2019-02-08,0000002488-19-000011,
ResearchAndDevelopmentExpense,USD,357000000.0,2018-04-01,2018-06-30,10-Q,2019,Q2,2019-07-31,0000002488-19-000104,
ResearchAndDevelopmentExpense,USD,357000000.0,2018-04-01,2018-06-30,10-K,2019,FY,2020-02-04,0000002488-20-000008,CY2018Q2
ResearchAndDevelopmentExpense,USD,1063000000.0,2017-12-31,2018-09-29,10-Q,2018,Q3,2018-10-31,0000002488-18-000189,
ResearchAndDevelopmentExpense,USD,1063000000.0,2017-12-31,2018-09-29,10-Q,2019,Q3,2019-10-30,0000002488-19-000159,
ResearchAndDevelopmentExpense,USD,363000000.0,2018-07-01,2018-09-29,10-Q,2018,Q3,2018-10-31,0000002488-18-000189,
ResearchAndDevelopmentExpense,USD,363000000.0,2018-07-01,2018-09-29,10-K,2018,FY,2019-02-08,0000002488-19-000011,
ResearchAndDevelopmentExpense,USD,363000000.0,2018-07-01,2018-09-29,10-Q,2019,Q3,2019-10-30,0000002488-19-000159,
ResearchAndDevelopmentExpense,USD,363000000.0,2018-07-01,2018-09-29,10-K,2019,FY,2020-02-04,0000002488-20-000008,CY2018Q3
ResearchAndDevelopmentExpense,USD,1434000000.0,2017-12-31,2018-12-29,10-K,2018,FY,2019-02-08,0000002488-19-000011,
ResearchAndDevelopmentExpense,USD,1434000000.0,2017-12-31,2018-12-29,10-K,2019,FY,2020-02-04,0000002488-20-000008,
ResearchAndDevelopmentExpense,USD,1434000000.0,2017-12-31,2018-12-29,10-K,2020,FY,2021-01-29,0001628280-21-001185,CY2018
ResearchAndDevelopmentExpense,USD,371000000.0,2018-09-30,2018-12-29,10-K,2018,FY,2019-02-08,0000002488-19-000011,
ResearchAndDevelopmentExpense,USD,371000000.0,2018-09-30,2018-12-29,10-K,2019,FY,2020-02-04,0000002488-20-000008,CY2018Q4
ResearchAndDevelopmentExpense,USD,373000000.0,2018-12-30,2019-03-30,10-Q,2019,Q1,2019-05-01,0000002488-19-000045,
ResearchAndDevelopmentExpense,USD,373000000.0,2018-12-30,2019-03-30,10-K,2019,FY,2020-02-04,0000002488-20-000008,
ResearchAndDevelopmentExpense,USD,373000000.0,2018-12-30,2019-03-30,10-Q,2020,Q1,2020-04-29,0000002488-20-000051,
ResearchAndDevelopmentExpense,USD,373000000.0,2018-12-30,2019-03-30,10-K,2020,FY,2021-01-29,0001628280-21-001185,CY2019Q1
ResearchAndDevelopmentExpense,USD,746000000.0,2018-12-30,2019-06-29,10-Q,2019,Q2,2019-07-31,0000002488-19-000104,
ResearchAndDevelopmentExpense,USD,746000000.0,2018-12-30,2019-06-29,10-Q,2020,Q2,2020-07-29,0000002488-20-000103,
ResearchAndDevelopmentExpense,USD,373000000.0,2019-03-31,2019-06-29,10-Q,2019,Q2,2019-07-31,0000002488-19-000104,
ResearchAndDevelopmentExpense,USD,373000000.0,2019-03-31,2019-06-29,10-K,2019,FY,2020-02-04,0000002488-20-000008,
ResearchAndDevelopmentExpense,USD,373000000.0,2019-03-31,2019-06-29,10-Q,2020,Q2,2020-07-29,0000002488-20-000103,
ResearchAndDevelopmentExpense,USD,373000000.0,2019-03-31,2019-06-29,10-K,2020,FY,2021-01-29,0001628280-21-001185,CY2019Q2
ResearchAndDevelopmentExpense,USD,1152000000.0,2018-12-30,2019-09-28,10-Q,2019,Q3,2019-10-30,0000002488-19-000159,
ResearchAndDevelopmentExpense,USD,1152000000.0,2018-12-30,2019-09-28,10-Q,2020,Q3,2020-10-28,0000002488-20-000164,
ResearchAndDevelopmentExpense,USD,406000000.0,2019-06-30,2019-09-28,10-Q,2019,Q3,2019-10-30,0000002488-19-000159,
ResearchAndDevelopmentExpense,USD,406000000.0,2019-06-30,2019-09-28,10-K,2019,FY,2020-02-04,0000002488-20-000008,
ResearchAndDevelopmentExpense,USD,406000000.0,2019-06-30,2019-09-28,10-Q,2020,Q3,2020-10-28,0000002488-20-000164,
ResearchAndDevelopmentExpense,USD,406000000.0,2019-06-30,2019-09-28,10-K,2020,FY,2021-01-29,0001628280-21-001185,CY2019Q3
ResearchAndDevelopmentExpense,USD,1547000000.0,2018-12-30,2019-12-28,10-K,2019,FY,2020-02-04,0000002488-20-000008,
ResearchAndDevelopmentExpense,USD,1547000000.0,2018-12-30,2019-12-28,10-K,2020,FY,2021-01-29,0001628280-21-001185,
ResearchAndDevelopmentExpense,USD,1547000000.0,2018-12-30,2019-12-28,10-K,2021,FY,2022-02-03,0000002488-22-000016,CY2019
ResearchAndDevelopmentExpense,USD,395000000.0,2019-09-29,2019-12-28,10-K,2019,FY,2020-02-04,0000002488-20-000008,
ResearchAndDevelopmentExpense,USD,395000000.0,2019-09-29,2019-12-28,10-K,2020,FY,2021-01-29,0001628280-21-001185,CY2019Q4
ResearchAndDevelopmentExpense,USD,442000000.0,2019-12-29,2020-03-28,10-Q,2020,Q1,2020-04-29,0000002488-20-000051,
ResearchAndDevelopmentExpense,USD,442000000.0,2019-12-29,2020-03-28,10-K,2020,FY,2021-01-29,0001628280-21-001185,
ResearchAndDevelopmentExpense,USD,442000000.0,2019-12-29,2020-03-28,10-Q,2021,Q1,2021-04-28,0000002488-21-000056,CY2020Q1
ResearchAndDevelopmentExpense,USD,902000000.0,2019-12-29,2020-06-27,10-Q,2020,Q2,2020-07-29,0000002488-20-000103,
ResearchAndDevelopmentExpense,USD,902000000.0,2019-12-29,2020-06-27,10-Q,2021,Q2,2021-07-28,0000002488-21-000116,
ResearchAndDevelopmentExpense,USD,460000000.0,2020-03-29,2020-06-27,10-Q,2020,Q2,2020-07-29,0000002488-20-000103,
ResearchAndDevelopmentExpense,USD,460000000.0,2020-03-29,2020-06-27,10-K,2020,FY,2021-01-29,0001628280-21-001185,
ResearchAndDevelopmentExpense,USD,460000000.0,2020-03-29,2020-06-27,10-Q,2021,Q2,2021-07-28,0000002488-21-000116,CY2020Q2
ResearchAndDevelopmentExpense,USD,1410000000.0,2019-12-29,2020-09-26,10-Q,2020,Q3,2020-10-28,0000002488-20-000164,
ResearchAndDevelopmentExpense,USD,1410000000.0,2019-12-29,2020-09-26,10-Q,2021,Q3,2021-10-27,0000002488-21-000178,
ResearchAndDevelopmentExpense,USD,508000000.0,2020-06-28,2020-09-26,10-Q,2020,Q3,2020-10-28,0000002488-20-000164,
ResearchAndDevelopmentExpense,USD,508000000.0,2020-06-28,2020-09-26,10-K,2020,FY,2021-01-29,0001628280-21-001185,
ResearchAndDevelopmentExpense,USD,508000000.0,2020-06-28,2020-09-26,10-Q,2021,Q3,2021-10-27,0000002488-21-000178,CY2020Q3
ResearchAndDevelopmentExpense,USD,1983000000.0,2019-12-29,2020-12-26,10-K,2020,FY,2021-01-29,0001628280-21-001185,
ResearchAndDevelopmentExpense,USD,1983000000.0,2019-12-29,2020-12-26,10-K,2021,FY,2022-02-03,0000002488-22-000016,
ResearchAndDevelopmentExpense,USD,1983000000.0,2019-12-29,2020-12-26,10-K,2022,FY,2023-02-27,0000002488-23-000047,CY2020
ResearchAndDevelopmentExpense,USD,573000000.0,2020-09-27,2020-12-26,10-K,2020,FY,2021-01-29,0001628280-21-001185,CY2020Q4
ResearchAndDevelopmentExpense,USD,610000000.0,2020-12-27,2021-03-27,10-Q,2021,Q1,2021-04-28,0000002488-21-000056,
ResearchAndDevelopmentExpense,USD,610000000.0,2020-12-27,2021-03-27,10-Q,2022,Q1,2022-05-04,0000002488-22-000078,CY2021Q1
ResearchAndDevelopmentExpense,USD,1269000000.0,2020-12-27,2021-06-26,10-Q,2021,Q2,2021-07-28,0000002488-21-000116,
ResearchAndDevelopmentExpense,USD,1269000000.0,2020-12-27,2021-06-26,10-Q,2022,Q2,2022-08-03,0000002488-22-000123,
ResearchAndDevelopmentExpense,USD,659000000.0,2021-03-28,2021-06-26,10-Q,2021,Q2,2021-07-28,0000002488-21-000116,
ResearchAndDevelopmentExpense,USD,659000000.0,2021-03-28,2021-06-26,10-Q,2022,Q2,2022-08-03,0000002488-22-000123,CY2021Q2
ResearchAndDevelopmentExpense,USD,2034000000.0,2020-12-27,2021-09-25,10-Q,2021,Q3,2021-10-27,0000002488-21-000178,
ResearchAndDevelopmentExpense,USD,2034000000.0,2020-12-27,2021-09-25,10-Q,2022,Q3,2022-11-02,0000002488-22-000170,
ResearchAndDevelopmentExpense,USD,765000000.0,2021-06-27,2021-09-25,10-Q,2021,Q3,2021-10-27,0000002488-21-000178,
ResearchAndDevelopmentExpense,USD,765000000.0,2021-06-27,2021-09-25,10-Q,2022,Q3,2022-11-02,0000002488-22-000170,CY2021Q3
ResearchAndDevelopmentExpense,USD,2845000000.0,2020-12-27,2021-12-25,10-K,2021,FY,2022-02-03,0000002488-22-000016,
ResearchAndDevelopmentExpense,USD,2845000000.0,2020-12-27,2021-12-25,10-K,2022,FY,2023-02-27,0000002488-23-000047,
ResearchAndDevelopmentExpense,USD,2845000000.0,2020-12-27,2021-12-25,10-K,2023,FY,2024-01-31,0000002488-24-000012,CY2021
ResearchAndDevelopmentExpense,USD,1060000000.0,2021-12-26,2022-03-26,10-Q,2022,Q1,2022-05-04,0000002488-22-000078,
ResearchAndDevelopmentExpense,USD,1060000000.0,2021-12-26,2022-03-26,10-Q,2023,Q1,2023-05-03,0000002488-23-000076,CY2022Q1
ResearchAndDevelopmentExpense,USD,2360000000.0,2021-12-26,2022-06-25,10-Q,2022,Q2,2022-08-03,0000002488-22-000123,
ResearchAndDevelopmentExpense,USD,2360000000.0,2021-12-26,2022-06-25,10-Q,2023,Q2,2023-08-02,0000002488-23-000139,
ResearchAndDevelopmentExpense,USD,1300000000.0,2022-03-27,2022-06-25,10-Q,2022,Q2,2022-08-03,0000002488-22-000123,
ResearchAndDevelopmentExpense,USD,1300000000.0,2022-03-27,2022-06-25,10-Q,2023,Q2,2023-08-02,0000002488-23-000139,CY2022Q2
ResearchAndDevelopmentExpense,USD,3639000000.0,2021-12-26,2022-09-24,10-Q,2022,Q3,2022-11-02,0000002488-22-000170,
ResearchAndDevelopmentExpense,USD,3639000000.0,2021-12-26,2022-09-24,10-Q,2023,Q3,2023-11-01,0000002488-23-000195,
ResearchAndDevelopmentExpense,USD,1279000000.0,2022-06-26,2022-09-24,10-Q,2022,Q3,2022-11-02,0000002488-22-000170,
ResearchAndDevelopmentExpense,USD,1279000000.0,2022-06-26,2022-09-24,10-Q,2023,Q3,2023-11-01,0000002488-23-000195,CY2022Q3
ResearchAndDevelopmentExpense,USD,5005000000.0,2021-12-26,2022-12-31,10-K,2022,FY,2023-02-27,0000002488-23-000047,
ResearchAndDevelopmentExpense,USD,5005000000.0,2021-12-26,2022-12-31,10-K,2023,FY,2024-01-31,0000002488-24-000012,
ResearchAndDevelopmentExpense,USD,5005000000.0,2021-12-26,2022-12-31,10-K,2024,FY,2025-02-05,0000002488-25-000012,CY2022
ResearchAndDevelopmentExpense,USD,1411000000.0,2023-01-01,2023-04-01,10-Q,2023,Q1,2023-05-03,0000002488-23-000076,
ResearchAndDevelopmentExpense,USD,1411000000.0,2023-01-01,2023-04-01,10-Q,2024,Q1,2024-05-01,0000002488-24-000056,CY2023Q1
ResearchAndDevelopmentExpense,USD,2854000000.0,2023-01-01,2023-07-01,10-Q,2023,Q2,2023-08-02,0000002488-23-000139,
ResearchAndDevelopmentExpense,USD,2854000000.0,2023-01-01,2023-07-01,10-Q,2024,Q2,2024-07-31,0000002488-24-000123,
ResearchAndDevelopmentExpense,USD,1443000000.0,2023-04-02,2023-07-01,10-Q,2023,Q2,2023-08-02,0000002488-23-000139,
ResearchAndDevelopmentExpense,USD,1443000000.0,2023-04-02,2023-07-01,10-Q,2024,Q2,2024-07-31,0000002488-24-000123,CY2023Q2
ResearchAndDevelopmentExpense,USD,4361000000.0,2023-01-01,2023-09-30,10-Q,2023,Q3,2023-11-01,0000002488-23-000195,
ResearchAndDevelopmentExpense,USD,4361000000.0,2023-01-01,2023-09-30,10-Q,2024,Q3,2024-10-30,0000002488-24-000163,
ResearchAndDevelopmentExpense,USD,1507000000.0,2023-07-02,2023-09-30,10-Q,2023,Q3,2023-11-01,0000002488-23-000195,
ResearchAndDevelopmentExpense,USD,1507000000.0,2023-07-02,2023-09-30,10-Q,2024,Q3,2024-10-30,0000002488-24-000163,CY2023Q3
ResearchAndDevelopmentExpense,USD,5872000000.0,2023-01-01,2023-12-30,10-K,2023,FY,2024-01-31,0000002488-24-000012,
ResearchAndDevelopmentExpense,USD,5872000000.0,2023-01-01,2023-12-30,10-K,2024,FY,2025-02-05,0000002488-25-000012,
ResearchAndDevelopmentExpense,USD,5872000000.0,2023-01-01,2023-12-30,10-K,2025,FY,2026-02-04,0000002488-26-000018,CY2023
ResearchAndDevelopmentExpense,USD,1525000000.0,2023-12-31,2024-03-30,10-Q,2024,Q1,2024-05-01,0000002488-24-000056,
ResearchAndDevelopmentExpense,USD,1525000000.0,2023-12-31,2024-03-30,10-Q,2025,Q1,2025-05-07,0000002488-25-000047,CY2024Q1
ResearchAndDevelopmentExpense,USD,3108000000.0,2023-12-31,2024-06-29,10-Q,2024,Q2,2024-07-31,0000002488-24-000123,
ResearchAndDevelopmentExpense,USD,3108000000.0,2023-12-31,2024-06-29,10-Q,2025,Q2,2025-08-06,0000002488-25-000108,
ResearchAndDevelopmentExpense,USD,1583000000.0,2024-03-31,2024-06-29,10-Q,2024,Q2,2024-07-31,0000002488-24-000123,
ResearchAndDevelopmentExpense,USD,1583000000.0,2024-03-31,2024-06-29,10-Q,2025,Q2,2025-08-06,0000002488-25-000108,CY2024Q2
ResearchAndDevelopmentExpense,USD,4744000000.0,2023-12-31,2024-09-28,10-Q,2024,Q3,2024-10-30,0000002488-24-000163,
ResearchAndDevelopmentExpense,USD,4744000000.0,2023-12-31,2024-09-28,10-Q,2025,Q3,2025-11-05,0000002488-25-000166,
ResearchAndDevelopmentExpense,USD,1636000000.0,2024-06-30,2024-09-28,10-Q,2024,Q3,2024-10-30,0000002488-24-000163,
ResearchAndDevelopmentExpense,USD,1636000000.0,2024-06-30,2024-09-28,10-Q,2025,Q3,2025-11-05,0000002488-25-000166,CY2024Q3
ResearchAndDevelopmentExpense,USD,6456000000.0,2023-12-31,2024-12-28,10-K,2024,FY,2025-02-05,0000002488-25-000012,
ResearchAndDevelopmentExpense,USD,6456000000.0,2023-12-31,2024-12-28,10-K,2025,FY,2026-02-04,0000002488-26-000018,CY2024
ResearchAndDevelopmentExpense,USD,1728000000.0,2024-12-29,2025-03-29,10-Q,2025,Q1,2025-05-07,0000002488-25-000047,
ResearchAndDevelopmentExpense,USD,1728000000.0,2024-12-29,2025-03-29,10-Q,2026,Q1,2026-05-06,0000002488-26-000076,CY2025Q1
ResearchAndDevelopmentExpense,USD,3622000000.0,2024-12-29,2025-06-28,10-Q,2025,Q2,2025-08-06,0000002488-25-000108,
ResearchAndDevelopmentExpense,USD,3622000000.0,2024-12-29,2025-06-28,10-Q,2026,Q2,2026-08-05,0000002488-26-000123,
ResearchAndDevelopmentExpense,USD,1894000000.0,2025-03-30,2025-06-28,10-Q,2025,Q2,2025-08-06,0000002488-25-000108,
ResearchAndDevelopmentExpense,USD,1894000000.0,2025-03-30,2025-06-28,10-Q,2026,Q2,2026-08-05,0000002488-26-000123,CY2025Q2
ResearchAndDevelopmentExpense,USD,5761000000.0,2024-12-29,2025-09-27,10-Q,2025,Q3,2025-11-05,0000002488-25-000166,
ResearchAndDevelopmentExpense,USD,2139000000.0,2025-06-29,2025-09-27,10-Q,2025,Q3,2025-11-05,0000002488-25-000166,CY2025Q3
ResearchAndDevelopmentExpense,USD,8091000000.0,2024-12-29,2025-12-27,10-K,2025,FY,2026-02-04,0000002488-26-000018,CY2025
ResearchAndDevelopmentExpense,USD,2397000000.0,2025-12-28,2026-03-28,10-Q,2026,Q1,2026-05-06,0000002488-26-000076,CY2026Q1
ResearchAndDevelopmentExpense,USD,4925000000.0,2025-12-28,2026-06-27,10-Q,2026,Q2,2026-08-05,0000002488-26-000123,
ResearchAndDevelopmentExpense,USD,2528000000.0,2026-03-29,2026-06-27,10-Q,2026,Q2,2026-08-05,0000002488-26-000123,CY2026Q2
RevenueFromContractWithCustomerExcludingAssessedTax,USD,4319000000.0,2015-12-27,2016-12-31,10-K,2018,FY,2019-02-08,0000002488-19-000011,CY2016
RevenueFromContractWithCustomerExcludingAssessedTax,USD,1178000000.0,2017-01-01,2017-04-01,10-K,2018,FY,2019-02-08,0000002488-19-000011,CY2017Q1
RevenueFromContractWithCustomerExcludingAssessedTax,USD,2329000000.0,2017-01-01,2017-07-01,10-Q,2018,Q2,2018-08-02,0000002488-18-000128,
RevenueFromContractWithCustomerExcludingAssessedTax,USD,1151000000.0,2017-04-02,2017-07-01,10-Q,2018,Q2,2018-08-02,0000002488-18-000128,
RevenueFromContractWithCustomerExcludingAssessedTax,USD,1151000000.0,2017-04-02,2017-07-01,10-K,2018,FY,2019-02-08,0000002488-19-000011,CY2017Q2
RevenueFromContractWithCustomerExcludingAssessedTax,USD,3913000000.0,2017-01-01,2017-09-30,10-Q,2018,Q3,2018-10-31,0000002488-18-000189,
RevenueFromContractWithCustomerExcludingAssessedTax,USD,1584000000.0,2017-07-02,2017-09-30,10-Q,2018,Q3,2018-10-31,0000002488-18-000189,
RevenueFromContractWithCustomerExcludingAssessedTax,USD,1584000000.0,2017-07-02,2017-09-30,10-K,2018,FY,2019-02-08,0000002488-19-000011,CY2017Q3
RevenueFromContractWithCustomerExcludingAssessedTax,USD,5253000000.0,2017-01-01,2017-12-30,10-K,2018,FY,2019-02-08,0000002488-19-000011,
RevenueFromContractWithCustomerExcludingAssessedTax,USD,5253000000.0,2017-01-01,2017-12-30,10-K,2019,FY,2020-02-04,0000002488-20-000008,CY2017
RevenueFromContractWithCustomerExcludingAssessedTax,USD,1340000000.0,2017-10-01,2017-12-30,10-K,2018,FY,2019-02-08,0000002488-19-000011,CY2017Q4
RevenueFromContractWithCustomerExcludingAssessedTax,USD,1647000000.0,2017-12-31,2018-03-31,10-K,2018,FY,2019-02-08,0000002488-19-000011,
RevenueFromContractWithCustomerExcludingAssessedTax,USD,1647000000.0,2017-12-31,2018-03-31,10-Q,2019,Q1,2019-05-01,0000002488-19-000045,
RevenueFromContractWithCustomerExcludingAssessedTax,USD,1647000000.0,2017-12-31,2018-03-31,10-K,2019,FY,2020-02-04,0000002488-20-000008,CY2018Q1
RevenueFromContractWithCustomerExcludingAssessedTax,USD,3403000000.0,2017-12-31,2018-06-30,10-Q,2018,Q2,2018-08-02,0000002488-18-000128,
RevenueFromContractWithCustomerExcludingAssessedTax,USD,3403000000.0,2017-12-31,2018-06-30,10-Q,2019,Q2,2019-07-31,0000002488-19-000104,
RevenueFromContractWithCustomerExcludingAssessedTax,USD,1756000000.0,2018-04-01,2018-06-30,10-Q,2018,Q2,2018-08-02,0000002488-18-000128,
RevenueFromContractWithCustomerExcludingAssessedTax,USD,1756000000.0,2018-04-01,2018-06-30,10-K,2018,FY,2019-02-08,0000002488-19-000011,
RevenueFromContractWithCustomerExcludingAssessedTax,USD,1756000000.0,2018-04-01,2018-06-30,10-Q,2019,Q2,2019-07-31,0000002488-19-000104,
RevenueFromContractWithCustomerExcludingAssessedTax,USD,1756000000.0,2018-04-01,2018-06-30,10-K,2019,FY,2020-02-04,0000002488-20-000008,CY2018Q2
RevenueFromContractWithCustomerExcludingAssessedTax,USD,5056000000.0,2017-12-31,2018-09-29,10-Q,2018,Q3,2018-10-31,0000002488-18-000189,
RevenueFromContractWithCustomerExcludingAssessedTax,USD,5056000000.0,2017-12-31,2018-09-29,10-Q,2019,Q3,2019-10-30,0000002488-19-000159,
RevenueFromContractWithCustomerExcludingAssessedTax,USD,1653000000.0,2018-07-01,2018-09-29,10-Q,2018,Q3,2018-10-31,0000002488-18-000189,
RevenueFromContractWithCustomerExcludingAssessedTax,USD,1653000000.0,2018-07-01,2018-09-29,10-K,2018,FY,2019-02-08,0000002488-19-000011,
RevenueFromContractWithCustomerExcludingAssessedTax,USD,1653000000.0,2018-07-01,2018-09-29,10-Q,2019,Q3,2019-10-30,0000002488-19-000159,
RevenueFromContractWithCustomerExcludingAssessedTax,USD,1653000000.0,2018-07-01,2018-09-29,10-K,2019,FY,2020-02-04,0000002488-20-000008,CY2018Q3
RevenueFromContractWithCustomerExcludingAssessedTax,USD,6475000000.0,2017-12-31,2018-12-29,10-K,2018,FY,2019-02-08,0000002488-19-000011,
RevenueFromContractWithCustomerExcludingAssessedTax,USD,6475000000.0,2017-12-31,2018-12-29,10-K,2019,FY,2020-02-04,0000002488-20-000008,
RevenueFromContractWithCustomerExcludingAssessedTax,USD,6475000000.0,2017-12-31,2018-12-29,10-K,2020,FY,2021-01-29,0001628280-21-001185,CY2018
RevenueFromContractWithCustomerExcludingAssessedTax,USD,1419000000.0,2018-09-30,2018-12-29,10-K,2018,FY,2019-02-08,0000002488-19-000011,
RevenueFromContractWithCustomerExcludingAssessedTax,USD,1419000000.0,2018-09-30,2018-12-29,10-K,2019,FY,2020-02-04,0000002488-20-000008,CY2018Q4
RevenueFromContractWithCustomerExcludingAssessedTax,USD,1272000000.0,2018-12-30,2019-03-30,10-Q,2019,Q1,2019-05-01,0000002488-19-000045,
RevenueFromContractWithCustomerExcludingAssessedTax,USD,1272000000.0,2018-12-30,2019-03-30,10-K,2019,FY,2020-02-04,0000002488-20-000008,
RevenueFromContractWithCustomerExcludingAssessedTax,USD,1272000000.0,2018-12-30,2019-03-30,10-Q,2020,Q1,2020-04-29,0000002488-20-000051,
RevenueFromContractWithCustomerExcludingAssessedTax,USD,1272000000.0,2018-12-30,2019-03-30,10-K,2020,FY,2021-01-29,0001628280-21-001185,CY2019Q1
RevenueFromContractWithCustomerExcludingAssessedTax,USD,2803000000.0,2018-12-30,2019-06-29,10-Q,2019,Q2,2019-07-31,0000002488-19-000104,
RevenueFromContractWithCustomerExcludingAssessedTax,USD,2803000000.0,2018-12-30,2019-06-29,10-Q,2020,Q2,2020-07-29,0000002488-20-000103,
RevenueFromContractWithCustomerExcludingAssessedTax,USD,1531000000.0,2019-03-31,2019-06-29,10-Q,2019,Q2,2019-07-31,0000002488-19-000104,
RevenueFromContractWithCustomerExcludingAssessedTax,USD,1531000000.0,2019-03-31,2019-06-29,10-K,2019,FY,2020-02-04,0000002488-20-000008,
RevenueFromContractWithCustomerExcludingAssessedTax,USD,1531000000.0,2019-03-31,2019-06-29,10-Q,2020,Q2,2020-07-29,0000002488-20-000103,
RevenueFromContractWithCustomerExcludingAssessedTax,USD,1531000000.0,2019-03-31,2019-06-29,10-K,2020,FY,2021-01-29,0001628280-21-001185,CY2019Q2
RevenueFromContractWithCustomerExcludingAssessedTax,USD,4604000000.0,2018-12-30,2019-09-28,10-Q,2019,Q3,2019-10-30,0000002488-19-000159,
RevenueFromContractWithCustomerExcludingAssessedTax,USD,4604000000.0,2018-12-30,2019-09-28,10-Q,2020,Q3,2020-10-28,0000002488-20-000164,
RevenueFromContractWithCustomerExcludingAssessedTax,USD,1801000000.0,2019-06-30,2019-09-28,10-Q,2019,Q3,2019-10-30,0000002488-19-000159,
RevenueFromContractWithCustomerExcludingAssessedTax,USD,1801000000.0,2019-06-30,2019-09-28,10-K,2019,FY,2020-02-04,0000002488-20-000008,
RevenueFromContractWithCustomerExcludingAssessedTax,USD,1801000000.0,2019-06-30,2019-09-28,10-Q,2020,Q3,2020-10-28,0000002488-20-000164,
RevenueFromContractWithCustomerExcludingAssessedTax,USD,1801000000.0,2019-06-30,2019-09-28,10-K,2020,FY,2021-01-29,0001628280-21-001185,CY2019Q3
RevenueFromContractWithCustomerExcludingAssessedTax,USD,6731000000.0,2018-12-30,2019-12-28,10-K,2019,FY,2020-02-04,0000002488-20-000008,
RevenueFromContractWithCustomerExcludingAssessedTax,USD,6731000000.0,2018-12-30,2019-12-28,10-K,2020,FY,2021-01-29,0001628280-21-001185,
RevenueFromContractWithCustomerExcludingAssessedTax,USD,6731000000.0,2018-12-30,2019-12-28,10-K,2021,FY,2022-02-03,0000002488-22-000016,CY2019
RevenueFromContractWithCustomerExcludingAssessedTax,USD,2127000000.0,2019-09-29,2019-12-28,10-K,2019,FY,2020-02-04,0000002488-20-000008,
RevenueFromContractWithCustomerExcludingAssessedTax,USD,2127000000.0,2019-09-29,2019-12-28,10-K,2020,FY,2021-01-29,0001628280-21-001185,CY2019Q4
RevenueFromContractWithCustomerExcludingAssessedTax,USD,1786000000.0,2019-12-29,2020-03-28,10-Q,2020,Q1,2020-04-29,0000002488-20-000051,
RevenueFromContractWithCustomerExcludingAssessedTax,USD,1786000000.0,2019-12-29,2020-03-28,10-K,2020,FY,2021-01-29,0001628280-21-001185,
RevenueFromContractWithCustomerExcludingAssessedTax,USD,1786000000.0,2019-12-29,2020-03-28,10-Q,2021,Q1,2021-04-28,0000002488-21-000056,CY2020Q1
RevenueFromContractWithCustomerExcludingAssessedTax,USD,3718000000.0,2019-12-29,2020-06-27,10-Q,2020,Q2,2020-07-29,0000002488-20-000103,
RevenueFromContractWithCustomerExcludingAssessedTax,USD,3718000000.0,2019-12-29,2020-06-27,10-Q,2021,Q2,2021-07-28,0000002488-21-000116,
RevenueFromContractWithCustomerExcludingAssessedTax,USD,1932000000.0,2020-03-29,2020-06-27,10-Q,2020,Q2,2020-07-29,0000002488-20-000103,
RevenueFromContractWithCustomerExcludingAssessedTax,USD,1932000000.0,2020-03-29,2020-06-27,10-K,2020,FY,2021-01-29,0001628280-21-001185,
RevenueFromContractWithCustomerExcludingAssessedTax,USD,1932000000.0,2020-03-29,2020-06-27,10-Q,2021,Q2,2021-07-28,0000002488-21-000116,CY2020Q2
RevenueFromContractWithCustomerExcludingAssessedTax,USD,6519000000.0,2019-12-29,2020-09-26,10-Q,2020,Q3,2020-10-28,0000002488-20-000164,
RevenueFromContractWithCustomerExcludingAssessedTax,USD,6519000000.0,2019-12-29,2020-09-26,10-Q,2021,Q3,2021-10-27,0000002488-21-000178,
RevenueFromContractWithCustomerExcludingAssessedTax,USD,2801000000.0,2020-06-28,2020-09-26,10-Q,2020,Q3,2020-10-28,0000002488-20-000164,
RevenueFromContractWithCustomerExcludingAssessedTax,USD,2801000000.0,2020-06-28,2020-09-26,10-K,2020,FY,2021-01-29,0001628280-21-001185,
RevenueFromContractWithCustomerExcludingAssessedTax,USD,2801000000.0,2020-06-28,2020-09-26,10-Q,2021,Q3,2021-10-27,0000002488-21-000178,CY2020Q3
RevenueFromContractWithCustomerExcludingAssessedTax,USD,9763000000.0,2019-12-29,2020-12-26,10-K,2020,FY,2021-01-29,0001628280-21-001185,
RevenueFromContractWithCustomerExcludingAssessedTax,USD,9763000000.0,2019-12-29,2020-12-26,10-K,2021,FY,2022-02-03,0000002488-22-000016,
RevenueFromContractWithCustomerExcludingAssessedTax,USD,9763000000.0,2019-12-29,2020-12-26,10-K,2022,FY,2023-02-27,0000002488-23-000047,CY2020
RevenueFromContractWithCustomerExcludingAssessedTax,USD,3244000000.0,2020-09-27,2020-12-26,10-K,2020,FY,2021-01-29,0001628280-21-001185,CY2020Q4
RevenueFromContractWithCustomerExcludingAssessedTax,USD,3445000000.0,2020-12-27,2021-03-27,10-Q,2021,Q1,2021-04-28,0000002488-21-000056,
RevenueFromContractWithCustomerExcludingAssessedTax,USD,3445000000.0,2020-12-27,2021-03-27,10-Q,2022,Q1,2022-05-04,0000002488-22-000078,CY2021Q1
RevenueFromContractWithCustomerExcludingAssessedTax,USD,7295000000.0,2020-12-27,2021-06-26,10-Q,2021,Q2,2021-07-28,0000002488-21-000116,
RevenueFromContractWithCustomerExcludingAssessedTax,USD,7295000000.0,2020-12-27,2021-06-26,10-Q,2022,Q2,2022-08-03,0000002488-22-000123,
RevenueFromContractWithCustomerExcludingAssessedTax,USD,3850000000.0,2021-03-28,2021-06-26,10-Q,2021,Q2,2021-07-28,0000002488-21-000116,
RevenueFromContractWithCustomerExcludingAssessedTax,USD,3850000000.0,2021-03-28,2021-06-26,10-Q,2022,Q2,2022-08-03,0000002488-22-000123,CY2021Q2
RevenueFromContractWithCustomerExcludingAssessedTax,USD,11608000000.0,2020-12-27,2021-09-25,10-Q,2021,Q3,2021-10-27,0000002488-21-000178,
RevenueFromContractWithCustomerExcludingAssessedTax,USD,11608000000.0,2020-12-27,2021-09-25,10-Q,2022,Q3,2022-11-02,0000002488-22-000170,
RevenueFromContractWithCustomerExcludingAssessedTax,USD,4313000000.0,2021-06-27,2021-09-25,10-Q,2021,Q3,2021-10-27,0000002488-21-000178,
RevenueFromContractWithCustomerExcludingAssessedTax,USD,4313000000.0,2021-06-27,2021-09-25,10-Q,2022,Q3,2022-11-02,0000002488-22-000170,CY2021Q3
RevenueFromContractWithCustomerExcludingAssessedTax,USD,16434000000.0,2020-12-27,2021-12-25,10-K,2021,FY,2022-02-03,0000002488-22-000016,
RevenueFromContractWithCustomerExcludingAssessedTax,USD,16434000000.0,2020-12-27,2021-12-25,10-K,2022,FY,2023-02-27,0000002488-23-000047,
RevenueFromContractWithCustomerExcludingAssessedTax,USD,16434000000.0,2020-12-27,2021-12-25,10-K,2023,FY,2024-01-31,0000002488-24-000012,CY2021
RevenueFromContractWithCustomerExcludingAssessedTax,USD,5887000000.0,2021-12-26,2022-03-26,10-Q,2022,Q1,2022-05-04,0000002488-22-000078,
RevenueFromContractWithCustomerExcludingAssessedTax,USD,5887000000.0,2021-12-26,2022-03-26,10-Q,2023,Q1,2023-05-03,0000002488-23-000076,CY2022Q1
RevenueFromContractWithCustomerExcludingAssessedTax,USD,12437000000.0,2021-12-26,2022-06-25,10-Q,2022,Q2,2022-08-03,0000002488-22-000123,
RevenueFromContractWithCustomerExcludingAssessedTax,USD,12437000000.0,2021-12-26,2022-06-25,10-Q,2023,Q2,2023-08-02,0000002488-23-000139,
RevenueFromContractWithCustomerExcludingAssessedTax,USD,6550000000.0,2022-03-27,2022-06-25,10-Q,2022,Q2,2022-08-03,0000002488-22-000123,
RevenueFromContractWithCustomerExcludingAssessedTax,USD,6550000000.0,2022-03-27,2022-06-25,10-Q,2023,Q2,2023-08-02,0000002488-23-000139,CY2022Q2
RevenueFromContractWithCustomerExcludingAssessedTax,USD,18002000000.0,2021-12-26,2022-09-24,10-Q,2022,Q3,2022-11-02,0000002488-22-000170,
RevenueFromContractWithCustomerExcludingAssessedTax,USD,18002000000.0,2021-12-26,2022-09-24,10-Q,2023,Q3,2023-11-01,0000002488-23-000195,
RevenueFromContractWithCustomerExcludingAssessedTax,USD,5565000000.0,2022-06-26,2022-09-24,10-Q,2022,Q3,2022-11-02,0000002488-22-000170,
RevenueFromContractWithCustomerExcludingAssessedTax,USD,5565000000.0,2022-06-26,2022-09-24,10-Q,2023,Q3,2023-11-01,0000002488-23-000195,CY2022Q3
RevenueFromContractWithCustomerExcludingAssessedTax,USD,23601000000.0,2021-12-26,2022-12-31,10-K,2022,FY,2023-02-27,0000002488-23-000047,
RevenueFromContractWithCustomerExcludingAssessedTax,USD,23601000000.0,2021-12-26,2022-12-31,10-K,2023,FY,2024-01-31,0000002488-24-000012,
RevenueFromContractWithCustomerExcludingAssessedTax,USD,23601000000.0,2021-12-26,2022-12-31,10-K,2024,FY,2025-02-05,0000002488-25-000012,CY2022
RevenueFromContractWithCustomerExcludingAssessedTax,USD,5353000000.0,2023-01-01,2023-04-01,10-Q,2023,Q1,2023-05-03,0000002488-23-000076,
RevenueFromContractWithCustomerExcludingAssessedTax,USD,5353000000.0,2023-01-01,2023-04-01,10-Q,2024,Q1,2024-05-01,0000002488-24-000056,CY2023Q1
RevenueFromContractWithCustomerExcludingAssessedTax,USD,10712000000.0,2023-01-01,2023-07-01,10-Q,2023,Q2,2023-08-02,0000002488-23-000139,
RevenueFromContractWithCustomerExcludingAssessedTax,USD,10712000000.0,2023-01-01,2023-07-01,10-Q,2024,Q2,2024-07-31,0000002488-24-000123,
RevenueFromContractWithCustomerExcludingAssessedTax,USD,5359000000.0,2023-04-02,2023-07-01,10-Q,2023,Q2,2023-08-02,0000002488-23-000139,
RevenueFromContractWithCustomerExcludingAssessedTax,USD,5359000000.0,2023-04-02,2023-07-01,10-Q,2024,Q2,2024-07-31,0000002488-24-000123,CY2023Q2
RevenueFromContractWithCustomerExcludingAssessedTax,USD,16512000000.0,2023-01-01,2023-09-30,10-Q,2023,Q3,2023-11-01,0000002488-23-000195,
RevenueFromContractWithCustomerExcludingAssessedTax,USD,16512000000.0,2023-01-01,2023-09-30,10-Q,2024,Q3,2024-10-30,0000002488-24-000163,
RevenueFromContractWithCustomerExcludingAssessedTax,USD,5800000000.0,2023-07-02,2023-09-30,10-Q,2023,Q3,2023-11-01,0000002488-23-000195,
RevenueFromContractWithCustomerExcludingAssessedTax,USD,5800000000.0,2023-07-02,2023-09-30,10-Q,2024,Q3,2024-10-30,0000002488-24-000163,CY2023Q3
RevenueFromContractWithCustomerExcludingAssessedTax,USD,22680000000.0,2023-01-01,2023-12-30,10-K,2023,FY,2024-01-31,0000002488-24-000012,
RevenueFromContractWithCustomerExcludingAssessedTax,USD,22680000000.0,2023-01-01,2023-12-30,10-K,2024,FY,2025-02-05,0000002488-25-000012,
RevenueFromContractWithCustomerExcludingAssessedTax,USD,22680000000.0,2023-01-01,2023-12-30,10-K,2025,FY,2026-02-04,0000002488-26-000018,CY2023
RevenueFromContractWithCustomerExcludingAssessedTax,USD,5473000000.0,2023-12-31,2024-03-30,10-Q,2024,Q1,2024-05-01,0000002488-24-000056,
RevenueFromContractWithCustomerExcludingAssessedTax,USD,5473000000.0,2023-12-31,2024-03-30,10-Q,2025,Q1,2025-05-07,0000002488-25-000047,CY2024Q1
RevenueFromContractWithCustomerExcludingAssessedTax,USD,11308000000.0,2023-12-31,2024-06-29,10-Q,2024,Q2,2024-07-31,0000002488-24-000123,
RevenueFromContractWithCustomerExcludingAssessedTax,USD,11308000000.0,2023-12-31,2024-06-29,10-Q,2025,Q2,2025-08-06,0000002488-25-000108,
RevenueFromContractWithCustomerExcludingAssessedTax,USD,5835000000.0,2024-03-31,2024-06-29,10-Q,2024,Q2,2024-07-31,0000002488-24-000123,
RevenueFromContractWithCustomerExcludingAssessedTax,USD,5835000000.0,2024-03-31,2024-06-29,10-Q,2025,Q2,2025-08-06,0000002488-25-000108,CY2024Q2
RevenueFromContractWithCustomerExcludingAssessedTax,USD,18127000000.0,2023-12-31,2024-09-28,10-Q,2024,Q3,2024-10-30,0000002488-24-000163,
RevenueFromContractWithCustomerExcludingAssessedTax,USD,18127000000.0,2023-12-31,2024-09-28,10-Q,2025,Q3,2025-11-05,0000002488-25-000166,
RevenueFromContractWithCustomerExcludingAssessedTax,USD,6819000000.0,2024-06-30,2024-09-28,10-Q,2024,Q3,2024-10-30,0000002488-24-000163,
RevenueFromContractWithCustomerExcludingAssessedTax,USD,6819000000.0,2024-06-30,2024-09-28,10-Q,2025,Q3,2025-11-05,0000002488-25-000166,CY2024Q3
RevenueFromContractWithCustomerExcludingAssessedTax,USD,25785000000.0,2023-12-31,2024-12-28,10-K,2024,FY,2025-02-05,0000002488-25-000012,
RevenueFromContractWithCustomerExcludingAssessedTax,USD,25785000000.0,2023-12-31,2024-12-28,10-K,2025,FY,2026-02-04,0000002488-26-000018,CY2024
RevenueFromContractWithCustomerExcludingAssessedTax,USD,7438000000.0,2024-12-29,2025-03-29,10-Q,2025,Q1,2025-05-07,0000002488-25-000047,
RevenueFromContractWithCustomerExcludingAssessedTax,USD,7438000000.0,2024-12-29,2025-03-29,10-Q,2026,Q1,2026-05-06,0000002488-26-000076,CY2025Q1
RevenueFromContractWithCustomerExcludingAssessedTax,USD,15123000000.0,2024-12-29,2025-06-28,10-Q,2025,Q2,2025-08-06,0000002488-25-000108,
RevenueFromContractWithCustomerExcludingAssessedTax,USD,15123000000.0,2024-12-29,2025-06-28,10-Q,2026,Q2,2026-08-05,0000002488-26-000123,
RevenueFromContractWithCustomerExcludingAssessedTax,USD,7685000000.0,2025-03-30,2025-06-28,10-Q,2025,Q2,2025-08-06,0000002488-25-000108,
RevenueFromContractWithCustomerExcludingAssessedTax,USD,7685000000.0,2025-03-30,2025-06-28,10-Q,2026,Q2,2026-08-05,0000002488-26-000123,CY2025Q2
RevenueFromContractWithCustomerExcludingAssessedTax,USD,24369000000.0,2024-12-29,2025-09-27,10-Q,2025,Q3,2025-11-05,0000002488-25-000166,
RevenueFromContractWithCustomerExcludingAssessedTax,USD,9246000000.0,2025-06-29,2025-09-27,10-Q,2025,Q3,2025-11-05,0000002488-25-000166,CY2025Q3
RevenueFromContractWithCustomerExcludingAssessedTax,USD,34639000000.0,2024-12-29,2025-12-27,10-K,2025,FY,2026-02-04,0000002488-26-000018,CY2025
RevenueFromContractWithCustomerExcludingAssessedTax,USD,10253000000.0,2025-12-28,2026-03-28,10-Q,2026,Q1,2026-05-06,0000002488-26-000076,CY2026Q1
RevenueFromContractWithCustomerExcludingAssessedTax,USD,21789000000.0,2025-12-28,2026-06-27,10-Q,2026,Q2,2026-08-05,0000002488-26-000123,
RevenueFromContractWithCustomerExcludingAssessedTax,USD,11536000000.0,2026-03-29,2026-06-27,10-Q,2026,Q2,2026-08-05,0000002488-26-000123,CY2026Q2
Revenues,USD,2329000000.0,2017-01-01,2017-07-01,10-Q,2018,Q2,2018-08-02,0000002488-18-000128,
Revenues,USD,1151000000.0,2017-04-02,2017-07-01,10-Q,2018,Q2,2018-08-02,0000002488-18-000128,CY2017Q2
Revenues,USD,3913000000.0,2017-01-01,2017-09-30,10-Q,2018,Q3,2018-10-31,0000002488-18-000189,
Revenues,USD,1584000000.0,2017-07-02,2017-09-30,10-Q,2018,Q3,2018-10-31,0000002488-18-000189,CY2017Q3
StockholdersEquity,USD,-503000000.0,,2016-03-26,10-Q,2016,Q1,2016-04-28,0000002488-16-000124,CY2016Q1I
StockholdersEquity,USD,-413000000.0,,2016-06-25,10-Q,2016,Q2,2016-07-26,0000002488-16-000213,CY2016Q2I
StockholdersEquity,USD,385000000.0,,2016-09-24,10-Q,2016,Q3,2016-10-26,0000002488-16-000263,CY2016Q3I
StockholdersEquity,USD,416000000.0,,2016-12-31,10-K,2016,FY,2017-02-21,0000002488-17-000043,
StockholdersEquity,USD,416000000.0,,2016-12-31,10-Q,2017,Q1,2017-05-08,0000002488-17-000107,
StockholdersEquity,USD,416000000.0,,2016-12-31,10-Q,2017,Q2,2017-08-03,0000002488-17-000156,
StockholdersEquity,USD,416000000.0,,2016-12-31,10-Q,2017,Q3,2017-11-02,0000002488-17-000227,
StockholdersEquity,USD,416000000.0,,2016-12-31,10-K,2017,FY,2018-02-27,0000002488-18-000042,
StockholdersEquity,USD,477000000.0,,2016-12-31,10-K,2018,FY,2019-02-08,0000002488-19-000011,CY2016Q4I
StockholdersEquity,USD,409000000.0,,2017-04-01,10-Q,2017,Q1,2017-05-08,0000002488-17-000107,CY2017Q1I
StockholdersEquity,USD,417000000.0,,2017-07-01,10-Q,2017,Q2,2017-08-03,0000002488-17-000156,CY2017Q2I
StockholdersEquity,USD,520000000.0,,2017-09-30,10-Q,2017,Q3,2017-11-02,0000002488-17-000227,CY2017Q3I
StockholdersEquity,USD,611000000.0,,2017-12-30,10-K,2017,FY,2018-02-27,0000002488-18-000042,
StockholdersEquity,USD,596000000.0,,2017-12-30,10-Q,2018,Q1,2018-05-03,0000002488-18-000068,
StockholdersEquity,USD,596000000.0,,2017-12-30,10-Q,2018,Q2,2018-08-02,0000002488-18-000128,
StockholdersEquity,USD,596000000.0,,2017-12-30,10-Q,2018,Q3,2018-10-31,0000002488-18-000189,
StockholdersEquity,USD,596000000.0,,2017-12-30,10-K,2018,FY,2019-02-08,0000002488-19-000011,
StockholdersEquity,USD,596000000.0,,2017-12-30,10-K,2019,FY,2020-02-04,0000002488-20-000008,CY2017Q4I
StockholdersEquity,USD,715000000.0,,2018-03-31,10-Q,2018,Q1,2018-05-03,0000002488-18-000068,
StockholdersEquity,USD,715000000.0,,2018-03-31,10-Q,2019,Q1,2019-05-01,0000002488-19-000045,CY2018Q1I
StockholdersEquity,USD,879000000.0,,2018-06-30,10-Q,2018,Q2,2018-08-02,0000002488-18-000128,
StockholdersEquity,USD,879000000.0,,2018-06-30,10-Q,2019,Q2,2019-07-31,0000002488-19-000104,CY2018Q2I
StockholdersEquity,USD,1125000000.0,,2018-09-29,10-Q,2018,Q3,2018-10-31,0000002488-18-000189,
StockholdersEquity,USD,1125000000.0,,2018-09-29,10-Q,2019,Q3,2019-10-30,0000002488-19-000159,CY2018Q3I
StockholdersEquity,USD,1266000000.0,,2018-12-29,10-K,2018,FY,2019-02-08,0000002488-19-000011,
StockholdersEquity,USD,1266000000.0,,2018-12-29,10-Q,2019,Q1,2019-05-01,0000002488-19-000045,
StockholdersEquity,USD,1266000000.0,,2018-12-29,10-Q,2019,Q2,2019-07-31,0000002488-19-000104,
StockholdersEquity,USD,1266000000.0,,2018-12-29,10-Q,2019,Q3,2019-10-30,0000002488-19-000159,
StockholdersEquity,USD,1266000000.0,,2018-12-29,10-K,2019,FY,2020-02-04,0000002488-20-000008,
StockholdersEquity,USD,1266000000.0,,2018-12-29,10-K,2020,FY,2021-01-29,0001628280-21-001185,CY2018Q4I
StockholdersEquity,USD,1788000000.0,,2019-03-30,10-Q,2019,Q1,2019-05-01,0000002488-19-000045,
StockholdersEquity,USD,1788000000.0,,2019-03-30,10-Q,2020,Q1,2020-04-29,0000002488-20-000051,CY2019Q1I
StockholdersEquity,USD,1901000000.0,,2019-06-29,10-Q,2019,Q2,2019-07-31,0000002488-19-000104,
StockholdersEquity,USD,1901000000.0,,2019-06-29,10-Q,2020,Q2,2020-07-29,0000002488-20-000103,CY2019Q2I
StockholdersEquity,USD,2176000000.0,,2019-09-28,10-Q,2019,Q3,2019-10-30,0000002488-19-000159,
StockholdersEquity,USD,2176000000.0,,2019-09-28,10-Q,2020,Q3,2020-10-28,0000002488-20-000164,CY2019Q3I
StockholdersEquity,USD,2827000000.0,,2019-12-28,10-K,2019,FY,2020-02-04,0000002488-20-000008,
StockholdersEquity,USD,2827000000.0,,2019-12-28,10-Q,2020,Q1,2020-04-29,0000002488-20-000051,
StockholdersEquity,USD,2827000000.0,,2019-12-28,10-Q,2020,Q2,2020-07-29,0000002488-20-000103,
StockholdersEquity,USD,2827000000.0,,2019-12-28,10-Q,2020,Q3,2020-10-28,0000002488-20-000164,
StockholdersEquity,USD,2827000000.0,,2019-12-28,10-K,2020,FY,2021-01-29,0001628280-21-001185,
StockholdersEquity,USD,2827000000.0,,2019-12-28,10-K,2021,FY,2022-02-03,0000002488-22-000016,CY2019Q4I
StockholdersEquity,USD,3037000000.0,,2020-03-28,10-Q,2020,Q1,2020-04-29,0000002488-20-000051,
StockholdersEquity,USD,3037000000.0,,2020-03-28,10-Q,2021,Q1,2021-04-28,0000002488-21-000056,CY2020Q1I
StockholdersEquity,USD,3305000000.0,,2020-06-27,10-Q,2020,Q2,2020-07-29,0000002488-20-000103,
StockholdersEquity,USD,3305000000.0,,2020-06-27,10-Q,2021,Q2,2021-07-28,0000002488-21-000116,CY2020Q2I
StockholdersEquity,USD,3867000000.0,,2020-09-26,10-Q,2020,Q3,2020-10-28,0000002488-20-000164,
StockholdersEquity,USD,3867000000.0,,2020-09-26,10-Q,2021,Q3,2021-10-27,0000002488-21-000178,CY2020Q3I
StockholdersEquity,USD,5837000000.0,,2020-12-26,10-K,2020,FY,2021-01-29,0001628280-21-001185,
StockholdersEquity,USD,5837000000.0,,2020-12-26,10-Q,2021,Q1,2021-04-28,0000002488-21-000056,
StockholdersEquity,USD,5837000000.0,,2020-12-26,10-Q,2021,Q2,2021-07-28,0000002488-21-000116,
StockholdersEquity,USD,5837000000.0,,2020-12-26,10-Q,2021,Q3,2021-10-27,0000002488-21-000178,
StockholdersEquity,USD,5837000000.0,,2020-12-26,10-K,2021,FY,2022-02-03,0000002488-22-000016,
StockholdersEquity,USD,5837000000.0,,2020-12-26,10-K,2022,FY,2023-02-27,0000002488-23-000047,CY2020Q4I
StockholdersEquity,USD,6477000000.0,,2021-03-27,10-Q,2021,Q1,2021-04-28,0000002488-21-000056,
StockholdersEquity,USD,6477000000.0,,2021-03-27,10-Q,2022,Q1,2022-05-04,0000002488-22-000078,CY2021Q1I
StockholdersEquity,USD,7065000000.0,,2021-06-26,10-Q,2021,Q2,2021-07-28,0000002488-21-000116,
StockholdersEquity,USD,7065000000.0,,2021-06-26,10-Q,2022,Q2,2022-08-03,0000002488-22-000123,CY2021Q2I
StockholdersEquity,USD,7136000000.0,,2021-09-25,10-Q,2021,Q3,2021-10-27,0000002488-21-000178,
StockholdersEquity,USD,7136000000.0,,2021-09-25,10-Q,2022,Q3,2022-11-02,0000002488-22-000170,CY2021Q3I
StockholdersEquity,USD,7497000000.0,,2021-12-25,10-K,2021,FY,2022-02-03,0000002488-22-000016,
StockholdersEquity,USD,7497000000.0,,2021-12-25,10-Q,2022,Q1,2022-05-04,0000002488-22-000078,
StockholdersEquity,USD,7497000000.0,,2021-12-25,10-Q,2022,Q2,2022-08-03,0000002488-22-000123,
StockholdersEquity,USD,7497000000.0,,2021-12-25,10-Q,2022,Q3,2022-11-02,0000002488-22-000170,
StockholdersEquity,USD,7497000000.0,,2021-12-25,10-K,2022,FY,2023-02-27,0000002488-23-000047,
StockholdersEquity,USD,7497000000.0,,2021-12-25,10-K,2023,FY,2024-01-31,0000002488-24-000012,CY2021Q4I
StockholdersEquity,USD,55333000000.0,,2022-03-26,10-Q,2022,Q1,2022-05-04,0000002488-22-000078,
StockholdersEquity,USD,55333000000.0,,2022-03-26,10-Q,2023,Q1,2023-05-03,0000002488-23-000076,CY2022Q1I
StockholdersEquity,USD,55169000000.0,,2022-06-25,10-Q,2022,Q2,2022-08-03,0000002488-22-000123,
StockholdersEquity,USD,55169000000.0,,2022-06-25,10-Q,2023,Q2,2023-08-02,0000002488-23-000139,CY2022Q2I
StockholdersEquity,USD,54542000000.0,,2022-09-24,10-Q,2022,Q3,2022-11-02,0000002488-22-000170,
StockholdersEquity,USD,54542000000.0,,2022-09-24,10-Q,2023,Q3,2023-11-01,0000002488-23-000195,CY2022Q3I
StockholdersEquity,USD,54750000000.0,,2022-12-31,10-K,2022,FY,2023-02-27,0000002488-23-000047,
StockholdersEquity,USD,54750000000.0,,2022-12-31,10-Q,2023,Q1,2023-05-03,0000002488-23-000076,
StockholdersEquity,USD,54750000000.0,,2022-12-31,10-Q,2023,Q2,2023-08-02,0000002488-23-000139,
StockholdersEquity,USD,54750000000.0,,2022-12-31,10-Q,2023,Q3,2023-11-01,0000002488-23-000195,
StockholdersEquity,USD,54750000000.0,,2022-12-31,10-K,2023,FY,2024-01-31,0000002488-24-000012,
StockholdersEquity,USD,54750000000.0,,2022-12-31,10-K,2024,FY,2025-02-05,0000002488-25-000012,CY2022Q4I
StockholdersEquity,USD,54694000000.0,,2023-04-01,10-Q,2023,Q1,2023-05-03,0000002488-23-000076,
StockholdersEquity,USD,54694000000.0,,2023-04-01,10-Q,2024,Q1,2024-05-01,0000002488-24-000056,CY2023Q1I
StockholdersEquity,USD,55136000000.0,,2023-07-01,10-Q,2023,Q2,2023-08-02,0000002488-23-000139,
StockholdersEquity,USD,55136000000.0,,2023-07-01,10-Q,2024,Q2,2024-07-31,0000002488-24-000123,CY2023Q2I
StockholdersEquity,USD,54970000000.0,,2023-09-30,10-Q,2023,Q3,2023-11-01,0000002488-23-000195,
StockholdersEquity,USD,54970000000.0,,2023-09-30,10-Q,2024,Q3,2024-10-30,0000002488-24-000163,CY2023Q3I
StockholdersEquity,USD,55892000000.0,,2023-12-30,10-K,2023,FY,2024-01-31,0000002488-24-000012,
StockholdersEquity,USD,55892000000.0,,2023-12-30,10-Q,2024,Q1,2024-05-01,0000002488-24-000056,
StockholdersEquity,USD,55892000000.0,,2023-12-30,10-Q,2024,Q2,2024-07-31,0000002488-24-000123,
StockholdersEquity,USD,55892000000.0,,2023-12-30,10-Q,2024,Q3,2024-10-30,0000002488-24-000163,
StockholdersEquity,USD,55892000000.0,,2023-12-30,10-K,2024,FY,2025-02-05,0000002488-25-000012,
StockholdersEquity,USD,55892000000.0,,2023-12-30,10-K,2025,FY,2026-02-04,0000002488-26-000018,CY2023Q4I
StockholdersEquity,USD,56198000000.0,,2024-03-30,10-Q,2024,Q1,2024-05-01,0000002488-24-000056,
StockholdersEquity,USD,56198000000.0,,2024-03-30,10-Q,2025,Q1,2025-05-07,0000002488-25-000047,CY2024Q1I
StockholdersEquity,USD,56538000000.0,,2024-06-29,10-Q,2024,Q2,2024-07-31,0000002488-24-000123,
StockholdersEquity,USD,56538000000.0,,2024-06-29,10-Q,2025,Q2,2025-08-06,0000002488-25-000108,CY2024Q2I
StockholdersEquity,USD,56985000000.0,,2024-09-28,10-Q,2024,Q3,2024-10-30,0000002488-24-000163,
StockholdersEquity,USD,56985000000.0,,2024-09-28,10-Q,2025,Q3,2025-11-05,0000002488-25-000166,CY2024Q3I
StockholdersEquity,USD,57568000000.0,,2024-12-28,10-K,2024,FY,2025-02-05,0000002488-25-000012,
StockholdersEquity,USD,57568000000.0,,2024-12-28,10-Q,2025,Q1,2025-05-07,0000002488-25-000047,
StockholdersEquity,USD,57568000000.0,,2024-12-28,10-Q,2025,Q2,2025-08-06,0000002488-25-000108,
StockholdersEquity,USD,57568000000.0,,2024-12-28,10-Q,2025,Q3,2025-11-05,0000002488-25-000166,
StockholdersEquity,USD,57568000000.0,,2024-12-28,10-K,2025,FY,2026-02-04,0000002488-26-000018,CY2024Q4I
StockholdersEquity,USD,57881000000.0,,2025-03-29,10-Q,2025,Q1,2025-05-07,0000002488-25-000047,
StockholdersEquity,USD,57881000000.0,,2025-03-29,10-Q,2026,Q1,2026-05-06,0000002488-26-000076,CY2025Q1I
StockholdersEquity,USD,59665000000.0,,2025-06-28,10-Q,2025,Q2,2025-08-06,0000002488-25-000108,
StockholdersEquity,USD,59665000000.0,,2025-06-28,10-Q,2026,Q2,2026-08-05,0000002488-26-000123,CY2025Q2I
StockholdersEquity,USD,60790000000.0,,2025-09-27,10-Q,2025,Q3,2025-11-05,0000002488-25-000166,CY2025Q3I
StockholdersEquity,USD,62999000000.0,,2025-12-27,10-K,2025,FY,2026-02-04,0000002488-26-000018,
StockholdersEquity,USD,62999000000.0,,2025-12-27,10-Q,2026,Q1,2026-05-06,0000002488-26-000076,
StockholdersEquity,USD,62999000000.0,,2025-12-27,10-Q,2026,Q2,2026-08-05,0000002488-26-000123,CY2025Q4I
StockholdersEquity,USD,64462000000.0,,2026-03-28,10-Q,2026,Q1,2026-05-06,0000002488-26-000076,CY2026Q1I
StockholdersEquity,USD,67224000000.0,,2026-06-27,10-Q,2026,Q2,2026-08-05,0000002488-26-000123,CY2026Q2I
