concept,unit,value,start,end,form,fy,fp,filed,accn,frame
Assets,USD,105467000000.0,,2016-04-02,10-Q,2016,Q1,2016-05-02,0000050863-16-000125,CY2016Q1I
Assets,USD,109831000000.0,,2016-07-02,10-Q,2016,Q2,2016-08-01,0000050863-16-000142,CY2016Q2I
Assets,USD,112217000000.0,,2016-10-01,10-Q,2016,Q3,2016-10-31,0000050863-16-000153,CY2016Q3I
Assets,USD,113327000000.0,,2016-12-31,10-K,2016,FY,2017-02-17,0000050863-17-000012,
Assets,USD,113327000000.0,,2016-12-31,10-Q,2017,Q1,2017-04-27,0000050863-17-000029,
Assets,USD,113327000000.0,,2016-12-31,10-Q,2017,Q2,2017-07-27,0000050863-17-000041,
Assets,USD,113327000000.0,,2016-12-31,10-Q,2017,Q3,2017-10-26,0000050863-17-000048,
Assets,USD,113327000000.0,,2016-12-31,10-K,2017,FY,2018-02-16,0000050863-18-000007,CY2016Q4I
Assets,USD,115648000000.0,,2017-04-01,10-Q,2017,Q1,2017-04-27,0000050863-17-000029,CY2017Q1I
Assets,USD,122107000000.0,,2017-07-01,10-Q,2017,Q2,2017-07-27,0000050863-17-000041,CY2017Q2I
Assets,USD,127088000000.0,,2017-09-30,10-Q,2017,Q3,2017-10-26,0000050863-17-000048,CY2017Q3I
Assets,USD,123249000000.0,,2017-12-30,10-K,2017,FY,2018-02-16,0000050863-18-000007,
Assets,USD,123249000000.0,,2017-12-30,10-Q,2018,Q1,2018-04-27,0000050863-18-000013,
Assets,USD,123249000000.0,,2017-12-30,10-Q,2018,Q2,2018-07-27,0000050863-18-000022,
Assets,USD,123249000000.0,,2017-12-30,10-Q,2018,Q3,2018-10-26,0000050863-18-000029,
Assets,USD,123249000000.0,,2017-12-30,10-K,2018,FY,2019-02-01,0000050863-19-000007,CY2017Q4I
Assets,USD,128596000000.0,,2018-03-31,10-Q,2018,Q1,2018-04-27,0000050863-18-000013,CY2018Q1I
Assets,USD,125972000000.0,,2018-06-30,10-Q,2018,Q2,2018-07-27,0000050863-18-000022,CY2018Q2I
Assets,USD,128242000000.0,,2018-09-29,10-Q,2018,Q3,2018-10-26,0000050863-18-000029,CY2018Q3I
Assets,USD,127963000000.0,,2018-12-29,10-K,2018,FY,2019-02-01,0000050863-19-000007,
Assets,USD,127963000000.0,,2018-12-29,10-Q,2019,Q1,2019-04-26,0000050863-19-000013,
Assets,USD,127963000000.0,,2018-12-29,10-Q,2019,Q2,2019-07-26,0000050863-19-000023,
Assets,USD,127963000000.0,,2018-12-29,10-Q,2019,Q3,2019-10-25,0000050863-19-000029,
Assets,USD,127963000000.0,,2018-12-29,10-K,2019,FY,2020-01-24,0000050863-20-000011,CY2018Q4I
Assets,USD,129458000000.0,,2019-03-30,10-Q,2019,Q1,2019-04-26,0000050863-19-000013,CY2019Q1I
Assets,USD,130759000000.0,,2019-06-29,10-Q,2019,Q2,2019-07-26,0000050863-19-000023,CY2019Q2I
Assets,USD,133768000000.0,,2019-09-28,10-Q,2019,Q3,2019-10-25,0000050863-19-000029,CY2019Q3I
Assets,USD,136524000000.0,,2019-12-28,10-K,2019,FY,2020-01-24,0000050863-20-000011,
Assets,USD,136524000000.0,,2019-12-28,10-Q,2020,Q1,2020-04-24,0000050863-20-000017,
Assets,USD,136524000000.0,,2019-12-28,10-Q,2020,Q2,2020-07-24,0000050863-20-000026,
Assets,USD,136524000000.0,,2019-12-28,10-Q,2020,Q3,2020-10-23,0000050863-20-000043,
Assets,USD,136524000000.0,,2019-12-28,10-K,2020,FY,2021-01-22,0000050863-21-000010,CY2019Q4I
Assets,USD,147710000000.0,,2020-03-28,10-Q,2020,Q1,2020-04-24,0000050863-20-000017,CY2020Q1I
Assets,USD,152539000000.0,,2020-06-27,10-Q,2020,Q2,2020-07-24,0000050863-20-000026,CY2020Q2I
Assets,USD,145261000000.0,,2020-09-26,10-Q,2020,Q3,2020-10-23,0000050863-20-000043,CY2020Q3I
Assets,USD,153091000000.0,,2020-12-26,10-K,2020,FY,2021-01-22,0000050863-21-000010,
Assets,USD,153091000000.0,,2020-12-26,10-Q,2021,Q1,2021-04-23,0000050863-21-000018,
Assets,USD,153091000000.0,,2020-12-26,10-Q,2021,Q2,2021-07-23,0000050863-21-000030,
Assets,USD,153091000000.0,,2020-12-26,10-Q,2021,Q3,2021-10-22,0000050863-21-000038,
Assets,USD,153091000000.0,,2020-12-26,10-K,2021,FY,2022-01-27,0000050863-22-000007,CY2020Q4I
Assets,USD,150622000000.0,,2021-03-27,10-Q,2021,Q1,2021-04-23,0000050863-21-000018,CY2021Q1I
Assets,USD,154597000000.0,,2021-06-26,10-Q,2021,Q2,2021-07-23,0000050863-21-000030,CY2021Q2I
Assets,USD,167962000000.0,,2021-09-25,10-Q,2021,Q3,2021-10-22,0000050863-21-000038,CY2021Q3I
Assets,USD,168406000000.0,,2021-12-25,10-K,2021,FY,2022-01-27,0000050863-22-000007,
Assets,USD,168406000000.0,,2021-12-25,10-Q,2022,Q1,2022-04-29,0000050863-22-000020,
Assets,USD,168406000000.0,,2021-12-25,10-Q,2022,Q2,2022-07-29,0000050863-22-000030,
Assets,USD,168406000000.0,,2021-12-25,10-Q,2022,Q3,2022-10-28,0000050863-22-000038,
Assets,USD,168406000000.0,,2021-12-25,10-K,2022,FY,2023-01-27,0000050863-23-000006,CY2021Q4I
Assets,USD,176356000000.0,,2022-04-02,10-Q,2022,Q1,2022-04-29,0000050863-22-000020,CY2022Q1I
Assets,USD,170418000000.0,,2022-07-02,10-Q,2022,Q2,2022-07-29,0000050863-22-000030,CY2022Q2I
Assets,USD,174841000000.0,,2022-10-01,10-Q,2022,Q3,2022-10-28,0000050863-22-000038,CY2022Q3I
Assets,USD,182103000000.0,,2022-12-31,10-K,2022,FY,2023-01-27,0000050863-23-000006,
Assets,USD,182103000000.0,,2022-12-31,10-Q,2023,Q1,2023-04-28,0000050863-23-000028,
Assets,USD,182103000000.0,,2022-12-31,10-Q,2023,Q2,2023-07-28,0000050863-23-000069,
Assets,USD,182103000000.0,,2022-12-31,10-Q,2023,Q3,2023-10-27,0000050863-23-000103,
Assets,USD,182103000000.0,,2022-12-31,10-K,2023,FY,2024-01-26,0000050863-24-000010,CY2022Q4I
Assets,USD,185303000000.0,,2023-04-01,10-Q,2023,Q1,2023-04-28,0000050863-23-000028,CY2023Q1I
Assets,USD,185629000000.0,,2023-07-01,10-Q,2023,Q2,2023-07-28,0000050863-23-000069,CY2023Q2I
Assets,USD,188837000000.0,,2023-09-30,10-Q,2023,Q3,2023-10-27,0000050863-23-000103,CY2023Q3I
Assets,USD,191572000000.0,,2023-12-30,10-K,2023,FY,2024-01-26,0000050863-24-000010,
Assets,USD,191572000000.0,,2023-12-30,10-Q,2024,Q1,2024-04-26,0000050863-24-000076,
Assets,USD,191572000000.0,,2023-12-30,10-Q,2024,Q2,2024-08-02,0000050863-24-000124,
Assets,USD,191572000000.0,,2023-12-30,10-Q,2024,Q3,2024-11-01,0000050863-24-000149,
Assets,USD,191572000000.0,,2023-12-30,10-K,2024,FY,2025-01-31,0000050863-25-000009,CY2023Q4I
Assets,USD,192733000000.0,,2024-03-30,10-Q,2024,Q1,2024-04-26,0000050863-24-000076,CY2024Q1I
Assets,USD,206205000000.0,,2024-06-29,10-Q,2024,Q2,2024-08-02,0000050863-24-000124,CY2024Q2I
Assets,USD,193542000000.0,,2024-09-28,10-Q,2024,Q3,2024-11-01,0000050863-24-000149,CY2024Q3I
Assets,USD,196485000000.0,,2024-12-28,10-K,2024,FY,2025-01-31,0000050863-25-000009,
Assets,USD,196485000000.0,,2024-12-28,10-Q,2025,Q1,2025-04-25,0000050863-25-000074,
Assets,USD,196485000000.0,,2024-12-28,10-Q,2025,Q2,2025-07-24,0000050863-25-000109,
Assets,USD,196485000000.0,,2024-12-28,10-Q,2025,Q3,2025-11-06,0000050863-25-000179,
Assets,USD,196485000000.0,,2024-12-28,10-K,2025,FY,2026-01-23,0000050863-26-000011,CY2024Q4I
Assets,USD,192242000000.0,,2025-03-29,10-Q,2025,Q1,2025-04-25,0000050863-25-000074,CY2025Q1I
Assets,USD,192520000000.0,,2025-06-28,10-Q,2025,Q2,2025-07-24,0000050863-25-000109,CY2025Q2I
Assets,USD,204514000000.0,,2025-09-27,10-Q,2025,Q3,2025-11-06,0000050863-25-000179,CY2025Q3I
Assets,USD,211429000000.0,,2025-12-27,10-K,2025,FY,2026-01-23,0000050863-26-000011,
Assets,USD,211429000000.0,,2025-12-27,10-Q,2026,Q1,2026-04-24,0000050863-26-000079,
Assets,USD,211429000000.0,,2025-12-27,10-Q,2026,Q2,2026-07-24,0000050863-26-000157,CY2025Q4I
Assets,USD,205332000000.0,,2026-03-28,10-Q,2026,Q1,2026-04-24,0000050863-26-000079,CY2026Q1I
Assets,USD,202439000000.0,,2026-06-27,10-Q,2026,Q2,2026-07-24,0000050863-26-000157,CY2026Q2I
CashAndCashEquivalentsAtCarryingValue,USD,3061000000.0,,2016-04-02,10-Q,2016,Q1,2016-05-02,0000050863-16-000125,
CashAndCashEquivalentsAtCarryingValue,USD,3061000000.0,,2016-04-02,10-Q,2017,Q1,2017-04-27,0000050863-17-000029,CY2016Q1I
CashAndCashEquivalentsAtCarryingValue,USD,3885000000.0,,2016-07-02,10-Q,2016,Q2,2016-08-01,0000050863-16-000142,
CashAndCashEquivalentsAtCarryingValue,USD,3885000000.0,,2016-07-02,10-Q,2017,Q2,2017-07-27,0000050863-17-000041,CY2016Q2I
CashAndCashEquivalentsAtCarryingValue,USD,4752000000.0,,2016-10-01,10-Q,2016,Q3,2016-10-31,0000050863-16-000153,
CashAndCashEquivalentsAtCarryingValue,USD,4752000000.0,,2016-10-01,10-Q,2017,Q3,2017-10-26,0000050863-17-000048,CY2016Q3I
CashAndCashEquivalentsAtCarryingValue,USD,5560000000.0,,2016-12-31,10-K,2016,FY,2017-02-17,0000050863-17-000012,
CashAndCashEquivalentsAtCarryingValue,USD,5560000000.0,,2016-12-31,10-Q,2017,Q1,2017-04-27,0000050863-17-000029,
CashAndCashEquivalentsAtCarryingValue,USD,5560000000.0,,2016-12-31,10-Q,2017,Q2,2017-07-27,0000050863-17-000041,
CashAndCashEquivalentsAtCarryingValue,USD,5560000000.0,,2016-12-31,10-Q,2017,Q3,2017-10-26,0000050863-17-000048,
CashAndCashEquivalentsAtCarryingValue,USD,5560000000.0,,2016-12-31,10-K,2017,FY,2018-02-16,0000050863-18-000007,
CashAndCashEquivalentsAtCarryingValue,USD,5560000000.0,,2016-12-31,10-Q,2018,Q1,2018-04-27,0000050863-18-000013,
CashAndCashEquivalentsAtCarryingValue,USD,5560000000.0,,2016-12-31,10-Q,2018,Q2,2018-07-27,0000050863-18-000022,
CashAndCashEquivalentsAtCarryingValue,USD,5560000000.0,,2016-12-31,10-Q,2018,Q3,2018-10-26,0000050863-18-000029,
CashAndCashEquivalentsAtCarryingValue,USD,5560000000.0,,2016-12-31,10-K,2018,FY,2019-02-01,0000050863-19-000007,CY2016Q4I
CashAndCashEquivalentsAtCarryingValue,USD,4934000000.0,,2017-04-01,10-Q,2017,Q1,2017-04-27,0000050863-17-000029,
CashAndCashEquivalentsAtCarryingValue,USD,4934000000.0,,2017-04-01,10-Q,2018,Q1,2018-04-27,0000050863-18-000013,CY2017Q1I
CashAndCashEquivalentsAtCarryingValue,USD,11687000000.0,,2017-07-01,10-Q,2017,Q2,2017-07-27,0000050863-17-000041,
CashAndCashEquivalentsAtCarryingValue,USD,11687000000.0,,2017-07-01,10-Q,2018,Q2,2018-07-27,0000050863-18-000022,CY2017Q2I
CashAndCashEquivalentsAtCarryingValue,USD,9075000000.0,,2017-09-30,10-Q,2017,Q3,2017-10-26,0000050863-17-000048,
CashAndCashEquivalentsAtCarryingValue,USD,9075000000.0,,2017-09-30,10-Q,2018,Q3,2018-10-26,0000050863-18-000029,CY2017Q3I
CashAndCashEquivalentsAtCarryingValue,USD,3433000000.0,,2017-12-30,10-K,2017,FY,2018-02-16,0000050863-18-000007,
CashAndCashEquivalentsAtCarryingValue,USD,3433000000.0,,2017-12-30,10-Q,2018,Q1,2018-04-27,0000050863-18-000013,
CashAndCashEquivalentsAtCarryingValue,USD,3433000000.0,,2017-12-30,10-Q,2018,Q2,2018-07-27,0000050863-18-000022,
CashAndCashEquivalentsAtCarryingValue,USD,3433000000.0,,2017-12-30,10-Q,2018,Q3,2018-10-26,0000050863-18-000029,
CashAndCashEquivalentsAtCarryingValue,USD,3433000000.0,,2017-12-30,10-K,2018,FY,2019-02-01,0000050863-19-000007,
CashAndCashEquivalentsAtCarryingValue,USD,3433000000.0,,2017-12-30,10-Q,2019,Q1,2019-04-26,0000050863-19-000013,
CashAndCashEquivalentsAtCarryingValue,USD,3433000000.0,,2017-12-30,10-Q,2019,Q2,2019-07-26,0000050863-19-000023,
CashAndCashEquivalentsAtCarryingValue,USD,3433000000.0,,2017-12-30,10-Q,2019,Q3,2019-10-25,0000050863-19-000029,CY2017Q4I
CashAndCashEquivalentsAtCarryingValue,USD,3554000000.0,,2018-03-31,10-Q,2018,Q1,2018-04-27,0000050863-18-000013,
CashAndCashEquivalentsAtCarryingValue,USD,3554000000.0,,2018-03-31,10-Q,2019,Q1,2019-04-26,0000050863-19-000013,CY2018Q1I
CashAndCashEquivalentsAtCarryingValue,USD,2614000000.0,,2018-06-30,10-Q,2018,Q2,2018-07-27,0000050863-18-000022,
CashAndCashEquivalentsAtCarryingValue,USD,2614000000.0,,2018-06-30,10-Q,2019,Q2,2019-07-26,0000050863-19-000023,CY2018Q2I
CashAndCashEquivalentsAtCarryingValue,USD,3407000000.0,,2018-09-29,10-Q,2018,Q3,2018-10-26,0000050863-18-000029,
CashAndCashEquivalentsAtCarryingValue,USD,3407000000.0,,2018-09-29,10-Q,2019,Q3,2019-10-25,0000050863-19-000029,CY2018Q3I
CashAndCashEquivalentsAtCarryingValue,USD,3019000000.0,,2018-12-29,10-K,2018,FY,2019-02-01,0000050863-19-000007,
CashAndCashEquivalentsAtCarryingValue,USD,3019000000.0,,2018-12-29,10-Q,2019,Q1,2019-04-26,0000050863-19-000013,
CashAndCashEquivalentsAtCarryingValue,USD,3019000000.0,,2018-12-29,10-Q,2019,Q2,2019-07-26,0000050863-19-000023,
CashAndCashEquivalentsAtCarryingValue,USD,3019000000.0,,2018-12-29,10-Q,2019,Q3,2019-10-25,0000050863-19-000029,
CashAndCashEquivalentsAtCarryingValue,USD,3019000000.0,,2018-12-29,10-Q,2020,Q1,2020-04-24,0000050863-20-000017,
CashAndCashEquivalentsAtCarryingValue,USD,3019000000.0,,2018-12-29,10-Q,2020,Q2,2020-07-24,0000050863-20-000026,
CashAndCashEquivalentsAtCarryingValue,USD,3019000000.0,,2018-12-29,10-Q,2020,Q3,2020-10-23,0000050863-20-000043,CY2018Q4I
CashAndCashEquivalentsAtCarryingValue,USD,3154000000.0,,2019-03-30,10-Q,2019,Q1,2019-04-26,0000050863-19-000013,
CashAndCashEquivalentsAtCarryingValue,USD,3154000000.0,,2019-03-30,10-Q,2020,Q1,2020-04-24,0000050863-20-000017,CY2019Q1I
CashAndCashEquivalentsAtCarryingValue,USD,2867000000.0,,2019-06-29,10-Q,2019,Q2,2019-07-26,0000050863-19-000023,
CashAndCashEquivalentsAtCarryingValue,USD,2867000000.0,,2019-06-29,10-Q,2020,Q2,2020-07-24,0000050863-20-000026,CY2019Q2I
CashAndCashEquivalentsAtCarryingValue,USD,3935000000.0,,2019-09-28,10-Q,2019,Q3,2019-10-25,0000050863-19-000029,
CashAndCashEquivalentsAtCarryingValue,USD,3935000000.0,,2019-09-28,10-Q,2020,Q3,2020-10-23,0000050863-20-000043,CY2019Q3I
CashAndCashEquivalentsAtCarryingValue,USD,4194000000.0,,2019-12-28,10-Q,2020,Q1,2020-04-24,0000050863-20-000017,
CashAndCashEquivalentsAtCarryingValue,USD,4194000000.0,,2019-12-28,10-Q,2020,Q2,2020-07-24,0000050863-20-000026,
CashAndCashEquivalentsAtCarryingValue,USD,4194000000.0,,2019-12-28,10-Q,2020,Q3,2020-10-23,0000050863-20-000043,
CashAndCashEquivalentsAtCarryingValue,USD,4194000000.0,,2019-12-28,10-Q,2021,Q1,2021-04-23,0000050863-21-000018,
CashAndCashEquivalentsAtCarryingValue,USD,4194000000.0,,2019-12-28,10-Q,2021,Q2,2021-07-23,0000050863-21-000030,
CashAndCashEquivalentsAtCarryingValue,USD,4194000000.0,,2019-12-28,10-Q,2021,Q3,2021-10-22,0000050863-21-000038,CY2019Q4I
CashAndCashEquivalentsAtCarryingValue,USD,11380000000.0,,2020-03-28,10-Q,2020,Q1,2020-04-24,0000050863-20-000017,
CashAndCashEquivalentsAtCarryingValue,USD,11380000000.0,,2020-03-28,10-Q,2021,Q1,2021-04-23,0000050863-21-000018,CY2020Q1I
CashAndCashEquivalentsAtCarryingValue,USD,8736000000.0,,2020-06-27,10-Q,2020,Q2,2020-07-24,0000050863-20-000026,
CashAndCashEquivalentsAtCarryingValue,USD,8736000000.0,,2020-06-27,10-Q,2021,Q2,2021-07-23,0000050863-21-000030,CY2020Q2I
CashAndCashEquivalentsAtCarryingValue,USD,3356000000.0,,2020-09-26,10-Q,2020,Q3,2020-10-23,0000050863-20-000043,
CashAndCashEquivalentsAtCarryingValue,USD,3356000000.0,,2020-09-26,10-Q,2021,Q3,2021-10-22,0000050863-21-000038,CY2020Q3I
CashAndCashEquivalentsAtCarryingValue,USD,5865000000.0,,2020-12-26,10-Q,2021,Q1,2021-04-23,0000050863-21-000018,
CashAndCashEquivalentsAtCarryingValue,USD,5865000000.0,,2020-12-26,10-Q,2021,Q2,2021-07-23,0000050863-21-000030,
CashAndCashEquivalentsAtCarryingValue,USD,5865000000.0,,2020-12-26,10-Q,2021,Q3,2021-10-22,0000050863-21-000038,CY2020Q4I
CashAndCashEquivalentsAtCarryingValue,USD,5192000000.0,,2021-03-27,10-Q,2021,Q1,2021-04-23,0000050863-21-000018,CY2021Q1I
CashAndCashEquivalentsAtCarryingValue,USD,4746000000.0,,2021-06-26,10-Q,2021,Q2,2021-07-23,0000050863-21-000030,CY2021Q2I
CashAndCashEquivalentsAtCarryingValue,USD,7870000000.0,,2021-09-25,10-Q,2021,Q3,2021-10-22,0000050863-21-000038,CY2021Q3I
CashAndCashEquivalentsAtCarryingValue,USD,8249000000.0,,2024-12-28,10-Q,2025,Q2,2025-07-24,0000050863-25-000109,
CashAndCashEquivalentsAtCarryingValue,USD,8249000000.0,,2024-12-28,10-Q,2025,Q3,2025-11-06,0000050863-25-000179,
CashAndCashEquivalentsAtCarryingValue,USD,8249000000.0,,2024-12-28,10-K,2025,FY,2026-01-23,0000050863-26-000011,CY2024Q4I
CashAndCashEquivalentsAtCarryingValue,USD,9643000000.0,,2025-06-28,10-Q,2025,Q2,2025-07-24,0000050863-25-000109,CY2025Q2I
CashAndCashEquivalentsAtCarryingValue,USD,11141000000.0,,2025-09-27,10-Q,2025,Q3,2025-11-06,0000050863-25-000179,CY2025Q3I
CashAndCashEquivalentsAtCarryingValue,USD,14265000000.0,,2025-12-27,10-K,2025,FY,2026-01-23,0000050863-26-000011,
CashAndCashEquivalentsAtCarryingValue,USD,14265000000.0,,2025-12-27,10-Q,2026,Q1,2026-04-24,0000050863-26-000079,
CashAndCashEquivalentsAtCarryingValue,USD,14265000000.0,,2025-12-27,10-Q,2026,Q2,2026-07-24,0000050863-26-000157,CY2025Q4I
CashAndCashEquivalentsAtCarryingValue,USD,17247000000.0,,2026-03-28,10-Q,2026,Q1,2026-04-24,0000050863-26-000079,CY2026Q1I
CashAndCashEquivalentsAtCarryingValue,USD,12874000000.0,,2026-06-27,10-Q,2026,Q2,2026-07-24,0000050863-26-000157,CY2026Q2I
CostOfGoodsAndServicesSold,USD,5572000000.0,2015-12-27,2016-04-02,10-Q,2016,Q1,2016-05-02,0000050863-16-000125,
CostOfGoodsAndServicesSold,USD,5572000000.0,2015-12-27,2016-04-02,10-Q,2017,Q1,2017-04-27,0000050863-17-000029,CY2016Q1
CostOfGoodsAndServicesSold,USD,11132000000.0,2015-12-27,2016-07-02,10-Q,2016,Q2,2016-08-01,0000050863-16-000142,
CostOfGoodsAndServicesSold,USD,11132000000.0,2015-12-27,2016-07-02,10-Q,2017,Q2,2017-07-27,0000050863-17-000041,
CostOfGoodsAndServicesSold,USD,5560000000.0,2016-04-03,2016-07-02,10-Q,2016,Q2,2016-08-01,0000050863-16-000142,
CostOfGoodsAndServicesSold,USD,5560000000.0,2016-04-03,2016-07-02,10-Q,2017,Q2,2017-07-27,0000050863-17-000041,CY2016Q2
CostOfGoodsAndServicesSold,USD,16927000000.0,2015-12-27,2016-10-01,10-Q,2016,Q3,2016-10-31,0000050863-16-000153,
CostOfGoodsAndServicesSold,USD,16927000000.0,2015-12-27,2016-10-01,10-Q,2017,Q3,2017-10-26,0000050863-17-000048,
CostOfGoodsAndServicesSold,USD,5795000000.0,2016-07-03,2016-10-01,10-Q,2016,Q3,2016-10-31,0000050863-16-000153,
CostOfGoodsAndServicesSold,USD,5795000000.0,2016-07-03,2016-10-01,10-Q,2017,Q3,2017-10-26,0000050863-17-000048,CY2016Q3
CostOfGoodsAndServicesSold,USD,23196000000.0,2015-12-27,2016-12-31,10-K,2016,FY,2017-02-17,0000050863-17-000012,
CostOfGoodsAndServicesSold,USD,23196000000.0,2015-12-27,2016-12-31,10-K,2017,FY,2018-02-16,0000050863-18-000007,
CostOfGoodsAndServicesSold,USD,23154000000.0,2015-12-27,2016-12-31,10-K,2018,FY,2019-02-01,0000050863-19-000007,CY2016
CostOfGoodsAndServicesSold,USD,5649000000.0,2017-01-01,2017-04-01,10-Q,2017,Q1,2017-04-27,0000050863-17-000029,
CostOfGoodsAndServicesSold,USD,5636000000.0,2017-01-01,2017-04-01,10-Q,2018,Q1,2018-04-27,0000050863-18-000013,CY2017Q1
CostOfGoodsAndServicesSold,USD,11314000000.0,2017-01-01,2017-07-01,10-Q,2017,Q2,2017-07-27,0000050863-17-000041,
CostOfGoodsAndServicesSold,USD,11303000000.0,2017-01-01,2017-07-01,10-Q,2018,Q2,2018-07-27,0000050863-18-000022,
CostOfGoodsAndServicesSold,USD,5665000000.0,2017-04-02,2017-07-01,10-Q,2017,Q2,2017-07-27,0000050863-17-000041,
CostOfGoodsAndServicesSold,USD,5667000000.0,2017-04-02,2017-07-01,10-Q,2018,Q2,2018-07-27,0000050863-18-000022,CY2017Q2
CostOfGoodsAndServicesSold,USD,17406000000.0,2017-01-01,2017-09-30,10-Q,2017,Q3,2017-10-26,0000050863-17-000048,
CostOfGoodsAndServicesSold,USD,17388000000.0,2017-01-01,2017-09-30,10-Q,2018,Q3,2018-10-26,0000050863-18-000029,
CostOfGoodsAndServicesSold,USD,6092000000.0,2017-07-02,2017-09-30,10-Q,2017,Q3,2017-10-26,0000050863-17-000048,
CostOfGoodsAndServicesSold,USD,6085000000.0,2017-07-02,2017-09-30,10-Q,2018,Q3,2018-10-26,0000050863-18-000029,CY2017Q3
CostOfGoodsAndServicesSold,USD,23692000000.0,2017-01-01,2017-12-30,10-K,2017,FY,2018-02-16,0000050863-18-000007,
CostOfGoodsAndServicesSold,USD,23663000000.0,2017-01-01,2017-12-30,10-K,2018,FY,2019-02-01,0000050863-19-000007,
CostOfGoodsAndServicesSold,USD,23663000000.0,2017-01-01,2017-12-30,10-K,2019,FY,2020-01-24,0000050863-20-000011,CY2017
CostOfGoodsAndServicesSold,USD,6335000000.0,2017-12-31,2018-03-31,10-Q,2018,Q1,2018-04-27,0000050863-18-000013,
CostOfGoodsAndServicesSold,USD,6335000000.0,2017-12-31,2018-03-31,10-Q,2019,Q1,2019-04-26,0000050863-19-000013,CY2018Q1
CostOfGoodsAndServicesSold,USD,12878000000.0,2017-12-31,2018-06-30,10-Q,2018,Q2,2018-07-27,0000050863-18-000022,
CostOfGoodsAndServicesSold,USD,12878000000.0,2017-12-31,2018-06-30,10-Q,2019,Q2,2019-07-26,0000050863-19-000023,
CostOfGoodsAndServicesSold,USD,6543000000.0,2018-04-01,2018-06-30,10-Q,2018,Q2,2018-07-27,0000050863-18-000022,
CostOfGoodsAndServicesSold,USD,6543000000.0,2018-04-01,2018-06-30,10-Q,2019,Q2,2019-07-26,0000050863-19-000023,CY2018Q2
CostOfGoodsAndServicesSold,USD,19681000000.0,2017-12-31,2018-09-29,10-Q,2018,Q3,2018-10-26,0000050863-18-000029,
CostOfGoodsAndServicesSold,USD,19681000000.0,2017-12-31,2018-09-29,10-Q,2019,Q3,2019-10-25,0000050863-19-000029,
CostOfGoodsAndServicesSold,USD,6803000000.0,2018-07-01,2018-09-29,10-Q,2018,Q3,2018-10-26,0000050863-18-000029,
CostOfGoodsAndServicesSold,USD,6803000000.0,2018-07-01,2018-09-29,10-Q,2019,Q3,2019-10-25,0000050863-19-000029,CY2018Q3
CostOfGoodsAndServicesSold,USD,27111000000.0,2017-12-31,2018-12-29,10-K,2018,FY,2019-02-01,0000050863-19-000007,
CostOfGoodsAndServicesSold,USD,27111000000.0,2017-12-31,2018-12-29,10-K,2019,FY,2020-01-24,0000050863-20-000011,
CostOfGoodsAndServicesSold,USD,27111000000.0,2017-12-31,2018-12-29,10-K,2020,FY,2021-01-22,0000050863-21-000010,CY2018
CostOfGoodsAndServicesSold,USD,6972000000.0,2018-12-30,2019-03-30,10-Q,2019,Q1,2019-04-26,0000050863-19-000013,
CostOfGoodsAndServicesSold,USD,6972000000.0,2018-12-30,2019-03-30,10-Q,2020,Q1,2020-04-24,0000050863-20-000017,CY2019Q1
CostOfGoodsAndServicesSold,USD,13599000000.0,2018-12-30,2019-06-29,10-Q,2019,Q2,2019-07-26,0000050863-19-000023,
CostOfGoodsAndServicesSold,USD,13599000000.0,2018-12-30,2019-06-29,10-Q,2020,Q2,2020-07-24,0000050863-20-000026,
CostOfGoodsAndServicesSold,USD,6627000000.0,2019-03-31,2019-06-29,10-Q,2019,Q2,2019-07-26,0000050863-19-000023,
CostOfGoodsAndServicesSold,USD,6627000000.0,2019-03-31,2019-06-29,10-Q,2020,Q2,2020-07-24,0000050863-20-000026,CY2019Q2
CostOfGoodsAndServicesSold,USD,21494000000.0,2018-12-30,2019-09-28,10-Q,2019,Q3,2019-10-25,0000050863-19-000029,
CostOfGoodsAndServicesSold,USD,21494000000.0,2018-12-30,2019-09-28,10-Q,2020,Q3,2020-10-23,0000050863-20-000043,
CostOfGoodsAndServicesSold,USD,7895000000.0,2019-06-30,2019-09-28,10-Q,2019,Q3,2019-10-25,0000050863-19-000029,
CostOfGoodsAndServicesSold,USD,7895000000.0,2019-06-30,2019-09-28,10-Q,2020,Q3,2020-10-23,0000050863-20-000043,CY2019Q3
CostOfGoodsAndServicesSold,USD,29825000000.0,2018-12-30,2019-12-28,10-K,2019,FY,2020-01-24,0000050863-20-000011,
CostOfGoodsAndServicesSold,USD,29825000000.0,2018-12-30,2019-12-28,10-K,2020,FY,2021-01-22,0000050863-21-000010,
CostOfGoodsAndServicesSold,USD,29825000000.0,2018-12-30,2019-12-28,10-K,2021,FY,2022-01-27,0000050863-22-000007,CY2019
CostOfGoodsAndServicesSold,USD,7812000000.0,2019-12-29,2020-03-28,10-Q,2020,Q1,2020-04-24,0000050863-20-000017,
CostOfGoodsAndServicesSold,USD,7812000000.0,2019-12-29,2020-03-28,10-Q,2021,Q1,2021-04-23,0000050863-21-000018,CY2020Q1
CostOfGoodsAndServicesSold,USD,17033000000.0,2019-12-29,2020-06-27,10-Q,2020,Q2,2020-07-24,0000050863-20-000026,
CostOfGoodsAndServicesSold,USD,17033000000.0,2019-12-29,2020-06-27,10-Q,2021,Q2,2021-07-23,0000050863-21-000030,
CostOfGoodsAndServicesSold,USD,9221000000.0,2020-03-29,2020-06-27,10-Q,2020,Q2,2020-07-24,0000050863-20-000026,
CostOfGoodsAndServicesSold,USD,9221000000.0,2020-03-29,2020-06-27,10-Q,2021,Q2,2021-07-23,0000050863-21-000030,CY2020Q2
CostOfGoodsAndServicesSold,USD,25625000000.0,2019-12-29,2020-09-26,10-Q,2020,Q3,2020-10-23,0000050863-20-000043,
CostOfGoodsAndServicesSold,USD,25625000000.0,2019-12-29,2020-09-26,10-Q,2021,Q3,2021-10-22,0000050863-21-000038,
CostOfGoodsAndServicesSold,USD,8592000000.0,2020-06-28,2020-09-26,10-Q,2020,Q3,2020-10-23,0000050863-20-000043,
CostOfGoodsAndServicesSold,USD,8592000000.0,2020-06-28,2020-09-26,10-Q,2021,Q3,2021-10-22,0000050863-21-000038,CY2020Q3
CostOfGoodsAndServicesSold,USD,34255000000.0,2019-12-29,2020-12-26,10-K,2020,FY,2021-01-22,0000050863-21-000010,
CostOfGoodsAndServicesSold,USD,34255000000.0,2019-12-29,2020-12-26,10-K,2021,FY,2022-01-27,0000050863-22-000007,
CostOfGoodsAndServicesSold,USD,34255000000.0,2019-12-29,2020-12-26,10-K,2022,FY,2023-01-27,0000050863-23-000006,CY2020
CostOfGoodsAndServicesSold,USD,8819000000.0,2020-12-27,2021-03-27,10-Q,2021,Q1,2021-04-23,0000050863-21-000018,
CostOfGoodsAndServicesSold,USD,8819000000.0,2020-12-27,2021-03-27,10-Q,2022,Q1,2022-04-29,0000050863-22-000020,CY2021Q1
CostOfGoodsAndServicesSold,USD,17244000000.0,2020-12-27,2021-06-26,10-Q,2021,Q2,2021-07-23,0000050863-21-000030,
CostOfGoodsAndServicesSold,USD,17244000000.0,2020-12-27,2021-06-26,10-Q,2022,Q2,2022-07-29,0000050863-22-000030,
CostOfGoodsAndServicesSold,USD,8425000000.0,2021-03-28,2021-06-26,10-Q,2021,Q2,2021-07-23,0000050863-21-000030,
CostOfGoodsAndServicesSold,USD,8425000000.0,2021-03-28,2021-06-26,10-Q,2022,Q2,2022-07-29,0000050863-22-000030,CY2021Q2
CostOfGoodsAndServicesSold,USD,25690000000.0,2020-12-27,2021-09-25,10-Q,2021,Q3,2021-10-22,0000050863-21-000038,
CostOfGoodsAndServicesSold,USD,25690000000.0,2020-12-27,2021-09-25,10-Q,2022,Q3,2022-10-28,0000050863-22-000038,
CostOfGoodsAndServicesSold,USD,8446000000.0,2021-06-27,2021-09-25,10-Q,2021,Q3,2021-10-22,0000050863-21-000038,
CostOfGoodsAndServicesSold,USD,8446000000.0,2021-06-27,2021-09-25,10-Q,2022,Q3,2022-10-28,0000050863-22-000038,CY2021Q3
CostOfGoodsAndServicesSold,USD,35209000000.0,2020-12-27,2021-12-25,10-K,2021,FY,2022-01-27,0000050863-22-000007,
CostOfGoodsAndServicesSold,USD,35209000000.0,2020-12-27,2021-12-25,10-K,2022,FY,2023-01-27,0000050863-23-000006,
CostOfGoodsAndServicesSold,USD,35209000000.0,2020-12-27,2021-12-25,10-K,2023,FY,2024-01-26,0000050863-24-000010,CY2021
CostOfGoodsAndServicesSold,USD,9109000000.0,2021-12-26,2022-04-02,10-Q,2022,Q1,2022-04-29,0000050863-22-000020,
CostOfGoodsAndServicesSold,USD,9109000000.0,2021-12-26,2022-04-02,10-Q,2023,Q1,2023-04-28,0000050863-23-000028,CY2022Q1
CostOfGoodsAndServicesSold,USD,18843000000.0,2021-12-26,2022-07-02,10-Q,2022,Q2,2022-07-29,0000050863-22-000030,
CostOfGoodsAndServicesSold,USD,18843000000.0,2021-12-26,2022-07-02,10-Q,2023,Q2,2023-07-28,0000050863-23-000069,
CostOfGoodsAndServicesSold,USD,9734000000.0,2022-04-03,2022-07-02,10-Q,2022,Q2,2022-07-29,0000050863-22-000030,
CostOfGoodsAndServicesSold,USD,9734000000.0,2022-04-03,2022-07-02,10-Q,2023,Q2,2023-07-28,0000050863-23-000069,CY2022Q2
CostOfGoodsAndServicesSold,USD,27646000000.0,2021-12-26,2022-10-01,10-Q,2022,Q3,2022-10-28,0000050863-22-000038,
CostOfGoodsAndServicesSold,USD,27646000000.0,2021-12-26,2022-10-01,10-Q,2023,Q3,2023-10-27,0000050863-23-000103,
CostOfGoodsAndServicesSold,USD,8803000000.0,2022-07-03,2022-10-01,10-Q,2022,Q3,2022-10-28,0000050863-22-000038,
CostOfGoodsAndServicesSold,USD,8803000000.0,2022-07-03,2022-10-01,10-Q,2023,Q3,2023-10-27,0000050863-23-000103,CY2022Q3
CostOfGoodsAndServicesSold,USD,36188000000.0,2021-12-26,2022-12-31,10-K,2022,FY,2023-01-27,0000050863-23-000006,
CostOfGoodsAndServicesSold,USD,36188000000.0,2021-12-26,2022-12-31,10-K,2023,FY,2024-01-26,0000050863-24-000010,
CostOfGoodsAndServicesSold,USD,36188000000.0,2021-12-26,2022-12-31,10-K,2024,FY,2025-01-31,0000050863-25-000009,CY2022
CostOfGoodsAndServicesSold,USD,7707000000.0,2023-01-01,2023-04-01,10-Q,2023,Q1,2023-04-28,0000050863-23-000028,
CostOfGoodsAndServicesSold,USD,7707000000.0,2023-01-01,2023-04-01,10-Q,2024,Q1,2024-04-26,0000050863-24-000076,CY2023Q1
CostOfGoodsAndServicesSold,USD,16018000000.0,2023-01-01,2023-07-01,10-Q,2023,Q2,2023-07-28,0000050863-23-000069,
CostOfGoodsAndServicesSold,USD,16018000000.0,2023-01-01,2023-07-01,10-Q,2024,Q2,2024-08-02,0000050863-24-000124,
CostOfGoodsAndServicesSold,USD,8311000000.0,2023-04-02,2023-07-01,10-Q,2023,Q2,2023-07-28,0000050863-23-000069,
CostOfGoodsAndServicesSold,USD,8311000000.0,2023-04-02,2023-07-01,10-Q,2024,Q2,2024-08-02,0000050863-24-000124,CY2023Q2
CostOfGoodsAndServicesSold,USD,24158000000.0,2023-01-01,2023-09-30,10-Q,2023,Q3,2023-10-27,0000050863-23-000103,
CostOfGoodsAndServicesSold,USD,24158000000.0,2023-01-01,2023-09-30,10-Q,2024,Q3,2024-11-01,0000050863-24-000149,
CostOfGoodsAndServicesSold,USD,8140000000.0,2023-07-02,2023-09-30,10-Q,2023,Q3,2023-10-27,0000050863-23-000103,
CostOfGoodsAndServicesSold,USD,8140000000.0,2023-07-02,2023-09-30,10-Q,2024,Q3,2024-11-01,0000050863-24-000149,CY2023Q3
CostOfGoodsAndServicesSold,USD,32517000000.0,2023-01-01,2023-12-30,10-K,2023,FY,2024-01-26,0000050863-24-000010,
CostOfGoodsAndServicesSold,USD,32517000000.0,2023-01-01,2023-12-30,10-K,2024,FY,2025-01-31,0000050863-25-000009,
CostOfGoodsAndServicesSold,USD,32517000000.0,2023-01-01,2023-12-30,10-K,2025,FY,2026-01-23,0000050863-26-000011,CY2023
CostOfGoodsAndServicesSold,USD,7507000000.0,2023-12-31,2024-03-30,10-Q,2024,Q1,2024-04-26,0000050863-24-000076,
CostOfGoodsAndServicesSold,USD,7507000000.0,2023-12-31,2024-03-30,10-Q,2025,Q1,2025-04-25,0000050863-25-000074,CY2024Q1
CostOfGoodsAndServicesSold,USD,15793000000.0,2023-12-31,2024-06-29,10-Q,2024,Q2,2024-08-02,0000050863-24-000124,
CostOfGoodsAndServicesSold,USD,15793000000.0,2023-12-31,2024-06-29,10-Q,2025,Q2,2025-07-24,0000050863-25-000109,
CostOfGoodsAndServicesSold,USD,8286000000.0,2024-03-31,2024-06-29,10-Q,2024,Q2,2024-08-02,0000050863-24-000124,
CostOfGoodsAndServicesSold,USD,8286000000.0,2024-03-31,2024-06-29,10-Q,2025,Q2,2025-07-24,0000050863-25-000109,CY2024Q2
CostOfGoodsAndServicesSold,USD,27080000000.0,2023-12-31,2024-09-28,10-Q,2024,Q3,2024-11-01,0000050863-24-000149,
CostOfGoodsAndServicesSold,USD,27080000000.0,2023-12-31,2024-09-28,10-Q,2025,Q3,2025-11-06,0000050863-25-000179,
CostOfGoodsAndServicesSold,USD,11287000000.0,2024-06-30,2024-09-28,10-Q,2024,Q3,2024-11-01,0000050863-24-000149,
CostOfGoodsAndServicesSold,USD,11287000000.0,2024-06-30,2024-09-28,10-Q,2025,Q3,2025-11-06,0000050863-25-000179,CY2024Q3
CostOfGoodsAndServicesSold,USD,35756000000.0,2023-12-31,2024-12-28,10-K,2024,FY,2025-01-31,0000050863-25-000009,
CostOfGoodsAndServicesSold,USD,35756000000.0,2023-12-31,2024-12-28,10-K,2025,FY,2026-01-23,0000050863-26-000011,CY2024
CostOfGoodsAndServicesSold,USD,7995000000.0,2024-12-29,2025-03-29,10-Q,2025,Q1,2025-04-25,0000050863-25-000074,
CostOfGoodsAndServicesSold,USD,7995000000.0,2024-12-29,2025-03-29,10-Q,2026,Q1,2026-04-24,0000050863-26-000079,CY2025Q1
CostOfGoodsAndServicesSold,USD,17312000000.0,2024-12-29,2025-06-28,10-Q,2025,Q2,2025-07-24,0000050863-25-000109,
CostOfGoodsAndServicesSold,USD,17312000000.0,2024-12-29,2025-06-28,10-Q,2026,Q2,2026-07-24,0000050863-26-000157,
CostOfGoodsAndServicesSold,USD,9317000000.0,2025-03-30,2025-06-28,10-Q,2025,Q2,2025-07-24,0000050863-25-000109,
CostOfGoodsAndServicesSold,USD,9317000000.0,2025-03-30,2025-06-28,10-Q,2026,Q2,2026-07-24,0000050863-26-000157,CY2025Q2
CostOfGoodsAndServicesSold,USD,25747000000.0,2024-12-29,2025-09-27,10-Q,2025,Q3,2025-11-06,0000050863-25-000179,
CostOfGoodsAndServicesSold,USD,8435000000.0,2025-06-29,2025-09-27,10-Q,2025,Q3,2025-11-06,0000050863-25-000179,CY2025Q3
CostOfGoodsAndServicesSold,USD,34478000000.0,2024-12-29,2025-12-27,10-K,2025,FY,2026-01-23,0000050863-26-000011,CY2025
CostOfGoodsAndServicesSold,USD,8230000000.0,2025-12-28,2026-03-28,10-Q,2026,Q1,2026-04-24,0000050863-26-000079,CY2026Q1
CostOfGoodsAndServicesSold,USD,17849000000.0,2025-12-28,2026-06-27,10-Q,2026,Q2,2026-07-24,0000050863-26-000157,
CostOfGoodsAndServicesSold,USD,9619000000.0,2026-03-29,2026-06-27,10-Q,2026,Q2,2026-07-24,0000050863-26-000157,CY2026Q2
EarningsPerShareBasic,USD/shares,0.43,2015-12-27,2016-04-02,10-Q,2016,Q1,2016-05-02,0000050863-16-000125,
EarningsPerShareBasic,USD/shares,0.43,2015-12-27,2016-04-02,10-Q,2017,Q1,2017-04-27,0000050863-17-000029,CY2016Q1
EarningsPerShareBasic,USD/shares,0.71,2015-12-27,2016-07-02,10-Q,2016,Q2,2016-08-01,0000050863-16-000142,
EarningsPerShareBasic,USD/shares,0.71,2015-12-27,2016-07-02,10-Q,2017,Q2,2017-07-27,0000050863-17-000041,
EarningsPerShareBasic,USD/shares,0.28,2016-04-03,2016-07-02,10-Q,2016,Q2,2016-08-01,0000050863-16-000142,
EarningsPerShareBasic,USD/shares,0.28,2016-04-03,2016-07-02,10-Q,2017,Q2,2017-07-27,0000050863-17-000041,CY2016Q2
EarningsPerShareBasic,USD/shares,1.43,2015-12-27,2016-10-01,10-Q,2016,Q3,2016-10-31,0000050863-16-000153,
EarningsPerShareBasic,USD/shares,1.43,2015-12-27,2016-10-01,10-Q,2017,Q3,2017-10-26,0000050863-17-000048,
EarningsPerShareBasic,USD/shares,0.71,2016-07-03,2016-10-01,10-Q,2016,Q3,2016-10-31,0000050863-16-000153,
EarningsPerShareBasic,USD/shares,0.71,2016-07-03,2016-10-01,10-Q,2017,Q3,2017-10-26,0000050863-17-000048,CY2016Q3
EarningsPerShareBasic,USD/shares,2.18,2015-12-27,2016-12-31,10-K,2016,FY,2017-02-17,0000050863-17-000012,
EarningsPerShareBasic,USD/shares,2.18,2015-12-27,2016-12-31,10-K,2017,FY,2018-02-16,0000050863-18-000007,
EarningsPerShareBasic,USD/shares,2.18,2015-12-27,2016-12-31,10-K,2018,FY,2019-02-01,0000050863-19-000007,CY2016
EarningsPerShareBasic,USD/shares,0.63,2017-01-01,2017-04-01,10-Q,2017,Q1,2017-04-27,0000050863-17-000029,
EarningsPerShareBasic,USD/shares,0.63,2017-01-01,2017-04-01,10-Q,2018,Q1,2018-04-27,0000050863-18-000013,CY2017Q1
EarningsPerShareBasic,USD/shares,1.22,2017-01-01,2017-07-01,10-Q,2017,Q2,2017-07-27,0000050863-17-000041,
EarningsPerShareBasic,USD/shares,1.22,2017-01-01,2017-07-01,10-Q,2018,Q2,2018-07-27,0000050863-18-000022,
EarningsPerShareBasic,USD/shares,0.6,2017-04-02,2017-07-01,10-Q,2017,Q2,2017-07-27,0000050863-17-000041,
EarningsPerShareBasic,USD/shares,0.6,2017-04-02,2017-07-01,10-Q,2018,Q2,2018-07-27,0000050863-18-000022,CY2017Q2
EarningsPerShareBasic,USD/shares,2.19,2017-01-01,2017-09-30,10-Q,2017,Q3,2017-10-26,0000050863-17-000048,
EarningsPerShareBasic,USD/shares,2.19,2017-01-01,2017-09-30,10-Q,2018,Q3,2018-10-26,0000050863-18-000029,
EarningsPerShareBasic,USD/shares,0.96,2017-07-02,2017-09-30,10-Q,2017,Q3,2017-10-26,0000050863-17-000048,
EarningsPerShareBasic,USD/shares,0.96,2017-07-02,2017-09-30,10-Q,2018,Q3,2018-10-26,0000050863-18-000029,CY2017Q3
EarningsPerShareBasic,USD/shares,2.04,2017-01-01,2017-12-30,10-K,2017,FY,2018-02-16,0000050863-18-000007,
EarningsPerShareBasic,USD/shares,2.04,2017-01-01,2017-12-30,10-K,2018,FY,2019-02-01,0000050863-19-000007,
EarningsPerShareBasic,USD/shares,2.04,2017-01-01,2017-12-30,10-K,2019,FY,2020-01-24,0000050863-20-000011,CY2017
EarningsPerShareBasic,USD/shares,0.95,2017-12-31,2018-03-31,10-Q,2018,Q1,2018-04-27,0000050863-18-000013,
EarningsPerShareBasic,USD/shares,0.95,2017-12-31,2018-03-31,10-Q,2019,Q1,2019-04-26,0000050863-19-000013,CY2018Q1
EarningsPerShareBasic,USD/shares,2.03,2017-12-31,2018-06-30,10-Q,2018,Q2,2018-07-27,0000050863-18-000022,
EarningsPerShareBasic,USD/shares,2.03,2017-12-31,2018-06-30,10-Q,2019,Q2,2019-07-26,0000050863-19-000023,
EarningsPerShareBasic,USD/shares,1.08,2018-04-01,2018-06-30,10-Q,2018,Q2,2018-07-27,0000050863-18-000022,
EarningsPerShareBasic,USD/shares,1.08,2018-04-01,2018-06-30,10-Q,2019,Q2,2019-07-26,0000050863-19-000023,CY2018Q2
EarningsPerShareBasic,USD/shares,3.42,2017-12-31,2018-09-29,10-Q,2018,Q3,2018-10-26,0000050863-18-000029,
EarningsPerShareBasic,USD/shares,3.42,2017-12-31,2018-09-29,10-Q,2019,Q3,2019-10-25,0000050863-19-000029,
EarningsPerShareBasic,USD/shares,1.4,2018-07-01,2018-09-29,10-Q,2018,Q3,2018-10-26,0000050863-18-000029,
EarningsPerShareBasic,USD/shares,1.4,2018-07-01,2018-09-29,10-Q,2019,Q3,2019-10-25,0000050863-19-000029,CY2018Q3
EarningsPerShareBasic,USD/shares,4.57,2017-12-31,2018-12-29,10-K,2018,FY,2019-02-01,0000050863-19-000007,
EarningsPerShareBasic,USD/shares,4.57,2017-12-31,2018-12-29,10-K,2019,FY,2020-01-24,0000050863-20-000011,
EarningsPerShareBasic,USD/shares,4.57,2017-12-31,2018-12-29,10-K,2020,FY,2021-01-22,0000050863-21-000010,CY2018
EarningsPerShareBasic,USD/shares,0.88,2018-12-30,2019-03-30,10-Q,2019,Q1,2019-04-26,0000050863-19-000013,
EarningsPerShareBasic,USD/shares,0.88,2018-12-30,2019-03-30,10-Q,2020,Q1,2020-04-24,0000050863-20-000017,CY2019Q1
EarningsPerShareBasic,USD/shares,1.82,2018-12-30,2019-06-29,10-Q,2019,Q2,2019-07-26,0000050863-19-000023,
EarningsPerShareBasic,USD/shares,1.82,2018-12-30,2019-06-29,10-Q,2020,Q2,2020-07-24,0000050863-20-000026,
EarningsPerShareBasic,USD/shares,0.94,2019-03-31,2019-06-29,10-Q,2019,Q2,2019-07-26,0000050863-19-000023,
EarningsPerShareBasic,USD/shares,0.94,2019-03-31,2019-06-29,10-Q,2020,Q2,2020-07-24,0000050863-20-000026,CY2019Q2
EarningsPerShareBasic,USD/shares,3.18,2018-12-30,2019-09-28,10-Q,2019,Q3,2019-10-25,0000050863-19-000029,
EarningsPerShareBasic,USD/shares,3.18,2018-12-30,2019-09-28,10-Q,2020,Q3,2020-10-23,0000050863-20-000043,
EarningsPerShareBasic,USD/shares,1.36,2019-06-30,2019-09-28,10-Q,2019,Q3,2019-10-25,0000050863-19-000029,
EarningsPerShareBasic,USD/shares,1.36,2019-06-30,2019-09-28,10-Q,2020,Q3,2020-10-23,0000050863-20-000043,CY2019Q3
EarningsPerShareBasic,USD/shares,4.77,2018-12-30,2019-12-28,10-K,2019,FY,2020-01-24,0000050863-20-000011,
EarningsPerShareBasic,USD/shares,4.77,2018-12-30,2019-12-28,10-K,2020,FY,2021-01-22,0000050863-21-000010,
EarningsPerShareBasic,USD/shares,4.77,2018-12-30,2019-12-28,10-K,2021,FY,2022-01-27,0000050863-22-000007,CY2019
EarningsPerShareBasic,USD/shares,1.33,2019-12-29,2020-03-28,10-Q,2020,Q1,2020-04-24,0000050863-20-000017,
EarningsPerShareBasic,USD/shares,1.33,2019-12-29,2020-03-28,10-Q,2021,Q1,2021-04-23,0000050863-21-000018,CY2020Q1
EarningsPerShareBasic,USD/shares,2.53,2019-12-29,2020-06-27,10-Q,2020,Q2,2020-07-24,0000050863-20-000026,
EarningsPerShareBasic,USD/shares,2.53,2019-12-29,2020-06-27,10-Q,2021,Q2,2021-07-23,0000050863-21-000030,
EarningsPerShareBasic,USD/shares,1.2,2020-03-29,2020-06-27,10-Q,2020,Q2,2020-07-24,0000050863-20-000026,
EarningsPerShareBasic,USD/shares,1.2,2020-03-29,2020-06-27,10-Q,2021,Q2,2021-07-23,0000050863-21-000030,CY2020Q2
EarningsPerShareBasic,USD/shares,3.55,2019-12-29,2020-09-26,10-Q,2020,Q3,2020-10-23,0000050863-20-000043,
EarningsPerShareBasic,USD/shares,3.55,2019-12-29,2020-09-26,10-Q,2021,Q3,2021-10-22,0000050863-21-000038,
EarningsPerShareBasic,USD/shares,1.02,2020-06-28,2020-09-26,10-Q,2020,Q3,2020-10-23,0000050863-20-000043,
EarningsPerShareBasic,USD/shares,1.02,2020-06-28,2020-09-26,10-Q,2021,Q3,2021-10-22,0000050863-21-000038,CY2020Q3
EarningsPerShareBasic,USD/shares,4.98,2019-12-29,2020-12-26,10-K,2020,FY,2021-01-22,0000050863-21-000010,
EarningsPerShareBasic,USD/shares,4.98,2019-12-29,2020-12-26,10-K,2021,FY,2022-01-27,0000050863-22-000007,
EarningsPerShareBasic,USD/shares,4.98,2019-12-29,2020-12-26,10-K,2022,FY,2023-01-27,0000050863-23-000006,CY2020
EarningsPerShareBasic,USD/shares,0.83,2020-12-27,2021-03-27,10-Q,2021,Q1,2021-04-23,0000050863-21-000018,
EarningsPerShareBasic,USD/shares,0.83,2020-12-27,2021-03-27,10-Q,2022,Q1,2022-04-29,0000050863-22-000020,CY2021Q1
EarningsPerShareBasic,USD/shares,2.08,2020-12-27,2021-06-26,10-Q,2021,Q2,2021-07-23,0000050863-21-000030,
EarningsPerShareBasic,USD/shares,2.08,2020-12-27,2021-06-26,10-Q,2022,Q2,2022-07-29,0000050863-22-000030,
EarningsPerShareBasic,USD/shares,1.25,2021-03-28,2021-06-26,10-Q,2021,Q2,2021-07-23,0000050863-21-000030,
EarningsPerShareBasic,USD/shares,1.25,2021-03-28,2021-06-26,10-Q,2022,Q2,2022-07-29,0000050863-22-000030,CY2021Q2
EarningsPerShareBasic,USD/shares,3.76,2020-12-27,2021-09-25,10-Q,2021,Q3,2021-10-22,0000050863-21-000038,
EarningsPerShareBasic,USD/shares,3.76,2020-12-27,2021-09-25,10-Q,2022,Q3,2022-10-28,0000050863-22-000038,
EarningsPerShareBasic,USD/shares,1.68,2021-06-27,2021-09-25,10-Q,2021,Q3,2021-10-22,0000050863-21-000038,
EarningsPerShareBasic,USD/shares,1.68,2021-06-27,2021-09-25,10-Q,2022,Q3,2022-10-28,0000050863-22-000038,CY2021Q3
EarningsPerShareBasic,USD/shares,4.89,2020-12-27,2021-12-25,10-K,2021,FY,2022-01-27,0000050863-22-000007,
EarningsPerShareBasic,USD/shares,4.89,2020-12-27,2021-12-25,10-K,2022,FY,2023-01-27,0000050863-23-000006,
EarningsPerShareBasic,USD/shares,4.89,2020-12-27,2021-12-25,10-K,2023,FY,2024-01-26,0000050863-24-000010,CY2021
EarningsPerShareBasic,USD/shares,1.99,2021-12-26,2022-04-02,10-Q,2022,Q1,2022-04-29,0000050863-22-000020,
EarningsPerShareBasic,USD/shares,1.99,2021-12-26,2022-04-02,10-Q,2023,Q1,2023-04-28,0000050863-23-000028,CY2022Q1
EarningsPerShareBasic,USD/shares,1.87,2021-12-26,2022-07-02,10-Q,2022,Q2,2022-07-29,0000050863-22-000030,
EarningsPerShareBasic,USD/shares,1.87,2021-12-26,2022-07-02,10-Q,2023,Q2,2023-07-28,0000050863-23-000069,
EarningsPerShareBasic,USD/shares,-0.11,2022-04-03,2022-07-02,10-Q,2022,Q2,2022-07-29,0000050863-22-000030,
EarningsPerShareBasic,USD/shares,-0.11,2022-04-03,2022-07-02,10-Q,2023,Q2,2023-07-28,0000050863-23-000069,CY2022Q2
EarningsPerShareBasic,USD/shares,2.11,2021-12-26,2022-10-01,10-Q,2022,Q3,2022-10-28,0000050863-22-000038,
EarningsPerShareBasic,USD/shares,2.11,2021-12-26,2022-10-01,10-Q,2023,Q3,2023-10-27,0000050863-23-000103,
EarningsPerShareBasic,USD/shares,0.25,2022-07-03,2022-10-01,10-Q,2022,Q3,2022-10-28,0000050863-22-000038,
EarningsPerShareBasic,USD/shares,0.25,2022-07-03,2022-10-01,10-Q,2023,Q3,2023-10-27,0000050863-23-000103,CY2022Q3
EarningsPerShareBasic,USD/shares,1.95,2021-12-26,2022-12-31,10-K,2022,FY,2023-01-27,0000050863-23-000006,
EarningsPerShareBasic,USD/shares,1.95,2021-12-26,2022-12-31,10-K,2023,FY,2024-01-26,0000050863-24-000010,
EarningsPerShareBasic,USD/shares,1.95,2021-12-26,2022-12-31,10-K,2024,FY,2025-01-31,0000050863-25-000009,CY2022
EarningsPerShareBasic,USD/shares,-0.66,2023-01-01,2023-04-01,10-Q,2023,Q1,2023-04-28,0000050863-23-000028,
EarningsPerShareBasic,USD/shares,-0.66,2023-01-01,2023-04-01,10-Q,2024,Q1,2024-04-26,0000050863-24-000076,CY2023Q1
EarningsPerShareBasic,USD/shares,-0.31,2023-01-01,2023-07-01,10-Q,2023,Q2,2023-07-28,0000050863-23-000069,
EarningsPerShareBasic,USD/shares,-0.31,2023-01-01,2023-07-01,10-Q,2024,Q2,2024-08-02,0000050863-24-000124,
EarningsPerShareBasic,USD/shares,0.35,2023-04-02,2023-07-01,10-Q,2023,Q2,2023-07-28,0000050863-23-000069,
EarningsPerShareBasic,USD/shares,0.35,2023-04-02,2023-07-01,10-Q,2024,Q2,2024-08-02,0000050863-24-000124,CY2023Q2
EarningsPerShareBasic,USD/shares,-0.23,2023-01-01,2023-09-30,10-Q,2023,Q3,2023-10-27,0000050863-23-000103,
EarningsPerShareBasic,USD/shares,-0.23,2023-01-01,2023-09-30,10-Q,2024,Q3,2024-11-01,0000050863-24-000149,
EarningsPerShareBasic,USD/shares,0.07,2023-07-02,2023-09-30,10-Q,2023,Q3,2023-10-27,0000050863-23-000103,
EarningsPerShareBasic,USD/shares,0.07,2023-07-02,2023-09-30,10-Q,2024,Q3,2024-11-01,0000050863-24-000149,CY2023Q3
EarningsPerShareBasic,USD/shares,0.4,2023-01-01,2023-12-30,10-K,2023,FY,2024-01-26,0000050863-24-000010,
EarningsPerShareBasic,USD/shares,0.4,2023-01-01,2023-12-30,10-K,2024,FY,2025-01-31,0000050863-25-000009,
EarningsPerShareBasic,USD/shares,0.4,2023-01-01,2023-12-30,10-K,2025,FY,2026-01-23,0000050863-26-000011,CY2023
EarningsPerShareBasic,USD/shares,-0.09,2023-12-31,2024-03-30,10-Q,2024,Q1,2024-04-26,0000050863-24-000076,
EarningsPerShareBasic,USD/shares,-0.09,2023-12-31,2024-03-30,10-Q,2025,Q1,2025-04-25,0000050863-25-000074,CY2024Q1
EarningsPerShareBasic,USD/shares,-0.47,2023-12-31,2024-06-29,10-Q,2024,Q2,2024-08-02,0000050863-24-000124,
EarningsPerShareBasic,USD/shares,-0.47,2023-12-31,2024-06-29,10-Q,2025,Q2,2025-07-24,0000050863-25-000109,
EarningsPerShareBasic,USD/shares,-0.38,2024-03-31,2024-06-29,10-Q,2024,Q2,2024-08-02,0000050863-24-000124,
EarningsPerShareBasic,USD/shares,-0.38,2024-03-31,2024-06-29,10-Q,2025,Q2,2025-07-24,0000050863-25-000109,CY2024Q2
EarningsPerShareBasic,USD/shares,-4.37,2023-12-31,2024-09-28,10-Q,2024,Q3,2024-11-01,0000050863-24-000149,
EarningsPerShareBasic,USD/shares,-4.37,2023-12-31,2024-09-28,10-Q,2025,Q3,2025-11-06,0000050863-25-000179,
EarningsPerShareBasic,USD/shares,-3.88,2024-06-30,2024-09-28,10-Q,2024,Q3,2024-11-01,0000050863-24-000149,
EarningsPerShareBasic,USD/shares,-3.88,2024-06-30,2024-09-28,10-Q,2025,Q3,2025-11-06,0000050863-25-000179,CY2024Q3
EarningsPerShareBasic,USD/shares,-4.38,2023-12-31,2024-12-28,10-K,2024,FY,2025-01-31,0000050863-25-000009,
EarningsPerShareBasic,USD/shares,-4.38,2023-12-31,2024-12-28,10-K,2025,FY,2026-01-23,0000050863-26-000011,CY2024
EarningsPerShareBasic,USD/shares,-0.19,2024-12-29,2025-03-29,10-Q,2025,Q1,2025-04-25,0000050863-25-000074,
EarningsPerShareBasic,USD/shares,-0.19,2024-12-29,2025-03-29,10-Q,2026,Q1,2026-04-24,0000050863-26-000079,CY2025Q1
EarningsPerShareBasic,USD/shares,-0.86,2024-12-29,2025-06-28,10-Q,2025,Q2,2025-07-24,0000050863-25-000109,
EarningsPerShareBasic,USD/shares,-0.86,2024-12-29,2025-06-28,10-Q,2026,Q2,2026-07-24,0000050863-26-000157,
EarningsPerShareBasic,USD/shares,-0.67,2025-03-30,2025-06-28,10-Q,2025,Q2,2025-07-24,0000050863-25-000109,
EarningsPerShareBasic,USD/shares,-0.67,2025-03-30,2025-06-28,10-Q,2026,Q2,2026-07-24,0000050863-26-000157,CY2025Q2
EarningsPerShareBasic,USD/shares,0.07,2024-12-29,2025-09-27,10-Q,2025,Q3,2025-11-06,0000050863-25-000179,
EarningsPerShareBasic,USD/shares,0.9,2025-06-29,2025-09-27,10-Q,2025,Q3,2025-11-06,0000050863-25-000179,CY2025Q3
EarningsPerShareBasic,USD/shares,-0.06,2024-12-29,2025-12-27,10-K,2025,FY,2026-01-23,0000050863-26-000011,CY2025
EarningsPerShareBasic,USD/shares,-0.73,2025-12-28,2026-03-28,10-Q,2026,Q1,2026-04-24,0000050863-26-000079,CY2026Q1
EarningsPerShareBasic,USD/shares,-2.89,2025-12-28,2026-06-27,10-Q,2026,Q2,2026-07-24,0000050863-26-000157,
EarningsPerShareBasic,USD/shares,-2.16,2026-03-29,2026-06-27,10-Q,2026,Q2,2026-07-24,0000050863-26-000157,CY2026Q2
EarningsPerShareDiluted,USD/shares,0.42,2015-12-27,2016-04-02,10-Q,2016,Q1,2016-05-02,0000050863-16-000125,
EarningsPerShareDiluted,USD/shares,0.42,2015-12-27,2016-04-02,10-Q,2017,Q1,2017-04-27,0000050863-17-000029,CY2016Q1
EarningsPerShareDiluted,USD/shares,0.69,2015-12-27,2016-07-02,10-Q,2016,Q2,2016-08-01,0000050863-16-000142,
EarningsPerShareDiluted,USD/shares,0.69,2015-12-27,2016-07-02,10-Q,2017,Q2,2017-07-27,0000050863-17-000041,
EarningsPerShareDiluted,USD/shares,0.27,2016-04-03,2016-07-02,10-Q,2016,Q2,2016-08-01,0000050863-16-000142,
EarningsPerShareDiluted,USD/shares,0.27,2016-04-03,2016-07-02,10-Q,2017,Q2,2017-07-27,0000050863-17-000041,CY2016Q2
EarningsPerShareDiluted,USD/shares,1.39,2015-12-27,2016-10-01,10-Q,2016,Q3,2016-10-31,0000050863-16-000153,
EarningsPerShareDiluted,USD/shares,1.39,2015-12-27,2016-10-01,10-Q,2017,Q3,2017-10-26,0000050863-17-000048,
EarningsPerShareDiluted,USD/shares,0.69,2016-07-03,2016-10-01,10-Q,2016,Q3,2016-10-31,0000050863-16-000153,
EarningsPerShareDiluted,USD/shares,0.69,2016-07-03,2016-10-01,10-Q,2017,Q3,2017-10-26,0000050863-17-000048,CY2016Q3
EarningsPerShareDiluted,USD/shares,2.12,2015-12-27,2016-12-31,10-K,2016,FY,2017-02-17,0000050863-17-000012,
EarningsPerShareDiluted,USD/shares,2.12,2015-12-27,2016-12-31,10-K,2017,FY,2018-02-16,0000050863-18-000007,
EarningsPerShareDiluted,USD/shares,2.12,2015-12-27,2016-12-31,10-K,2018,FY,2019-02-01,0000050863-19-000007,CY2016
EarningsPerShareDiluted,USD/shares,0.61,2017-01-01,2017-04-01,10-Q,2017,Q1,2017-04-27,0000050863-17-000029,
EarningsPerShareDiluted,USD/shares,0.61,2017-01-01,2017-04-01,10-Q,2018,Q1,2018-04-27,0000050863-18-000013,CY2017Q1
EarningsPerShareDiluted,USD/shares,1.19,2017-01-01,2017-07-01,10-Q,2017,Q2,2017-07-27,0000050863-17-000041,
EarningsPerShareDiluted,USD/shares,1.19,2017-01-01,2017-07-01,10-Q,2018,Q2,2018-07-27,0000050863-18-000022,
EarningsPerShareDiluted,USD/shares,0.58,2017-04-02,2017-07-01,10-Q,2017,Q2,2017-07-27,0000050863-17-000041,
EarningsPerShareDiluted,USD/shares,0.58,2017-04-02,2017-07-01,10-Q,2018,Q2,2018-07-27,0000050863-18-000022,CY2017Q2
EarningsPerShareDiluted,USD/shares,2.12,2017-01-01,2017-09-30,10-Q,2017,Q3,2017-10-26,0000050863-17-000048,
EarningsPerShareDiluted,USD/shares,2.12,2017-01-01,2017-09-30,10-Q,2018,Q3,2018-10-26,0000050863-18-000029,
EarningsPerShareDiluted,USD/shares,0.94,2017-07-02,2017-09-30,10-Q,2017,Q3,2017-10-26,0000050863-17-000048,
EarningsPerShareDiluted,USD/shares,0.94,2017-07-02,2017-09-30,10-Q,2018,Q3,2018-10-26,0000050863-18-000029,CY2017Q3
EarningsPerShareDiluted,USD/shares,1.99,2017-01-01,2017-12-30,10-K,2017,FY,2018-02-16,0000050863-18-000007,
EarningsPerShareDiluted,USD/shares,1.99,2017-01-01,2017-12-30,10-K,2018,FY,2019-02-01,0000050863-19-000007,
EarningsPerShareDiluted,USD/shares,1.99,2017-01-01,2017-12-30,10-K,2019,FY,2020-01-24,0000050863-20-000011,CY2017
EarningsPerShareDiluted,USD/shares,0.93,2017-12-31,2018-03-31,10-Q,2018,Q1,2018-04-27,0000050863-18-000013,
EarningsPerShareDiluted,USD/shares,0.93,2017-12-31,2018-03-31,10-Q,2019,Q1,2019-04-26,0000050863-19-000013,CY2018Q1
EarningsPerShareDiluted,USD/shares,1.98,2017-12-31,2018-06-30,10-Q,2018,Q2,2018-07-27,0000050863-18-000022,
EarningsPerShareDiluted,USD/shares,1.98,2017-12-31,2018-06-30,10-Q,2019,Q2,2019-07-26,0000050863-19-000023,
EarningsPerShareDiluted,USD/shares,1.05,2018-04-01,2018-06-30,10-Q,2018,Q2,2018-07-27,0000050863-18-000022,
EarningsPerShareDiluted,USD/shares,1.05,2018-04-01,2018-06-30,10-Q,2019,Q2,2019-07-26,0000050863-19-000023,CY2018Q2
EarningsPerShareDiluted,USD/shares,3.35,2017-12-31,2018-09-29,10-Q,2018,Q3,2018-10-26,0000050863-18-000029,
EarningsPerShareDiluted,USD/shares,3.35,2017-12-31,2018-09-29,10-Q,2019,Q3,2019-10-25,0000050863-19-000029,
EarningsPerShareDiluted,USD/shares,1.38,2018-07-01,2018-09-29,10-Q,2018,Q3,2018-10-26,0000050863-18-000029,
EarningsPerShareDiluted,USD/shares,1.38,2018-07-01,2018-09-29,10-Q,2019,Q3,2019-10-25,0000050863-19-000029,CY2018Q3
EarningsPerShareDiluted,USD/shares,4.48,2017-12-31,2018-12-29,10-K,2018,FY,2019-02-01,0000050863-19-000007,
EarningsPerShareDiluted,USD/shares,4.48,2017-12-31,2018-12-29,10-K,2019,FY,2020-01-24,0000050863-20-000011,
EarningsPerShareDiluted,USD/shares,4.48,2017-12-31,2018-12-29,10-K,2020,FY,2021-01-22,0000050863-21-000010,CY2018
EarningsPerShareDiluted,USD/shares,0.87,2018-12-30,2019-03-30,10-Q,2019,Q1,2019-04-26,0000050863-19-000013,
EarningsPerShareDiluted,USD/shares,0.87,2018-12-30,2019-03-30,10-Q,2020,Q1,2020-04-24,0000050863-20-000017,CY2019Q1
EarningsPerShareDiluted,USD/shares,1.79,2018-12-30,2019-06-29,10-Q,2019,Q2,2019-07-26,0000050863-19-000023,
EarningsPerShareDiluted,USD/shares,1.79,2018-12-30,2019-06-29,10-Q,2020,Q2,2020-07-24,0000050863-20-000026,
EarningsPerShareDiluted,USD/shares,0.92,2019-03-31,2019-06-29,10-Q,2019,Q2,2019-07-26,0000050863-19-000023,
EarningsPerShareDiluted,USD/shares,0.92,2019-03-31,2019-06-29,10-Q,2020,Q2,2020-07-24,0000050863-20-000026,CY2019Q2
EarningsPerShareDiluted,USD/shares,3.14,2018-12-30,2019-09-28,10-Q,2019,Q3,2019-10-25,0000050863-19-000029,
EarningsPerShareDiluted,USD/shares,3.14,2018-12-30,2019-09-28,10-Q,2020,Q3,2020-10-23,0000050863-20-000043,
EarningsPerShareDiluted,USD/shares,1.35,2019-06-30,2019-09-28,10-Q,2019,Q3,2019-10-25,0000050863-19-000029,
EarningsPerShareDiluted,USD/shares,1.35,2019-06-30,2019-09-28,10-Q,2020,Q3,2020-10-23,0000050863-20-000043,CY2019Q3
EarningsPerShareDiluted,USD/shares,4.71,2018-12-30,2019-12-28,10-K,2019,FY,2020-01-24,0000050863-20-000011,
EarningsPerShareDiluted,USD/shares,4.71,2018-12-30,2019-12-28,10-K,2020,FY,2021-01-22,0000050863-21-000010,
EarningsPerShareDiluted,USD/shares,4.71,2018-12-30,2019-12-28,10-K,2021,FY,2022-01-27,0000050863-22-000007,CY2019
EarningsPerShareDiluted,USD/shares,1.31,2019-12-29,2020-03-28,10-Q,2020,Q1,2020-04-24,0000050863-20-000017,
EarningsPerShareDiluted,USD/shares,1.31,2019-12-29,2020-03-28,10-Q,2021,Q1,2021-04-23,0000050863-21-000018,CY2020Q1
EarningsPerShareDiluted,USD/shares,2.5,2019-12-29,2020-06-27,10-Q,2020,Q2,2020-07-24,0000050863-20-000026,
EarningsPerShareDiluted,USD/shares,2.5,2019-12-29,2020-06-27,10-Q,2021,Q2,2021-07-23,0000050863-21-000030,
EarningsPerShareDiluted,USD/shares,1.19,2020-03-29,2020-06-27,10-Q,2020,Q2,2020-07-24,0000050863-20-000026,
EarningsPerShareDiluted,USD/shares,1.19,2020-03-29,2020-06-27,10-Q,2021,Q2,2021-07-23,0000050863-21-000030,CY2020Q2
EarningsPerShareDiluted,USD/shares,3.52,2019-12-29,2020-09-26,10-Q,2020,Q3,2020-10-23,0000050863-20-000043,
EarningsPerShareDiluted,USD/shares,3.52,2019-12-29,2020-09-26,10-Q,2021,Q3,2021-10-22,0000050863-21-000038,
EarningsPerShareDiluted,USD/shares,1.02,2020-06-28,2020-09-26,10-Q,2020,Q3,2020-10-23,0000050863-20-000043,
EarningsPerShareDiluted,USD/shares,1.02,2020-06-28,2020-09-26,10-Q,2021,Q3,2021-10-22,0000050863-21-000038,CY2020Q3
EarningsPerShareDiluted,USD/shares,4.94,2019-12-29,2020-12-26,10-K,2020,FY,2021-01-22,0000050863-21-000010,
EarningsPerShareDiluted,USD/shares,4.94,2019-12-29,2020-12-26,10-K,2021,FY,2022-01-27,0000050863-22-000007,
EarningsPerShareDiluted,USD/shares,4.94,2019-12-29,2020-12-26,10-K,2022,FY,2023-01-27,0000050863-23-000006,CY2020
EarningsPerShareDiluted,USD/shares,0.82,2020-12-27,2021-03-27,10-Q,2021,Q1,2021-04-23,0000050863-21-000018,
EarningsPerShareDiluted,USD/shares,0.82,2020-12-27,2021-03-27,10-Q,2022,Q1,2022-04-29,0000050863-22-000020,CY2021Q1
EarningsPerShareDiluted,USD/shares,2.06,2020-12-27,2021-06-26,10-Q,2021,Q2,2021-07-23,0000050863-21-000030,
EarningsPerShareDiluted,USD/shares,2.06,2020-12-27,2021-06-26,10-Q,2022,Q2,2022-07-29,0000050863-22-000030,
EarningsPerShareDiluted,USD/shares,1.24,2021-03-28,2021-06-26,10-Q,2021,Q2,2021-07-23,0000050863-21-000030,
EarningsPerShareDiluted,USD/shares,1.24,2021-03-28,2021-06-26,10-Q,2022,Q2,2022-07-29,0000050863-22-000030,CY2021Q2
EarningsPerShareDiluted,USD/shares,3.73,2020-12-27,2021-09-25,10-Q,2021,Q3,2021-10-22,0000050863-21-000038,
EarningsPerShareDiluted,USD/shares,3.73,2020-12-27,2021-09-25,10-Q,2022,Q3,2022-10-28,0000050863-22-000038,
EarningsPerShareDiluted,USD/shares,1.67,2021-06-27,2021-09-25,10-Q,2021,Q3,2021-10-22,0000050863-21-000038,
EarningsPerShareDiluted,USD/shares,1.67,2021-06-27,2021-09-25,10-Q,2022,Q3,2022-10-28,0000050863-22-000038,CY2021Q3
EarningsPerShareDiluted,USD/shares,4.86,2020-12-27,2021-12-25,10-K,2021,FY,2022-01-27,0000050863-22-000007,
EarningsPerShareDiluted,USD/shares,4.86,2020-12-27,2021-12-25,10-K,2022,FY,2023-01-27,0000050863-23-000006,
EarningsPerShareDiluted,USD/shares,4.86,2020-12-27,2021-12-25,10-K,2023,FY,2024-01-26,0000050863-24-000010,CY2021
EarningsPerShareDiluted,USD/shares,1.98,2021-12-26,2022-04-02,10-Q,2022,Q1,2022-04-29,0000050863-22-000020,
EarningsPerShareDiluted,USD/shares,1.98,2021-12-26,2022-04-02,10-Q,2023,Q1,2023-04-28,0000050863-23-000028,CY2022Q1
EarningsPerShareDiluted,USD/shares,1.86,2021-12-26,2022-07-02,10-Q,2022,Q2,2022-07-29,0000050863-22-000030,
EarningsPerShareDiluted,USD/shares,1.86,2021-12-26,2022-07-02,10-Q,2023,Q2,2023-07-28,0000050863-23-000069,
EarningsPerShareDiluted,USD/shares,-0.11,2022-04-03,2022-07-02,10-Q,2022,Q2,2022-07-29,0000050863-22-000030,
EarningsPerShareDiluted,USD/shares,-0.11,2022-04-03,2022-07-02,10-Q,2023,Q2,2023-07-28,0000050863-23-000069,CY2022Q2
EarningsPerShareDiluted,USD/shares,2.1,2021-12-26,2022-10-01,10-Q,2022,Q3,2022-10-28,0000050863-22-000038,
EarningsPerShareDiluted,USD/shares,2.1,2021-12-26,2022-10-01,10-Q,2023,Q3,2023-10-27,0000050863-23-000103,
EarningsPerShareDiluted,USD/shares,0.25,2022-07-03,2022-10-01,10-Q,2022,Q3,2022-10-28,0000050863-22-000038,
EarningsPerShareDiluted,USD/shares,0.25,2022-07-03,2022-10-01,10-Q,2023,Q3,2023-10-27,0000050863-23-000103,CY2022Q3
EarningsPerShareDiluted,USD/shares,1.94,2021-12-26,2022-12-31,10-K,2022,FY,2023-01-27,0000050863-23-000006,
EarningsPerShareDiluted,USD/shares,1.94,2021-12-26,2022-12-31,10-K,2023,FY,2024-01-26,0000050863-24-000010,
EarningsPerShareDiluted,USD/shares,1.94,2021-12-26,2022-12-31,10-K,2024,FY,2025-01-31,0000050863-25-000009,CY2022
EarningsPerShareDiluted,USD/shares,-0.66,2023-01-01,2023-04-01,10-Q,2023,Q1,2023-04-28,0000050863-23-000028,
EarningsPerShareDiluted,USD/shares,-0.66,2023-01-01,2023-04-01,10-Q,2024,Q1,2024-04-26,0000050863-24-000076,CY2023Q1
EarningsPerShareDiluted,USD/shares,-0.31,2023-01-01,2023-07-01,10-Q,2023,Q2,2023-07-28,0000050863-23-000069,
EarningsPerShareDiluted,USD/shares,-0.31,2023-01-01,2023-07-01,10-Q,2024,Q2,2024-08-02,0000050863-24-000124,
EarningsPerShareDiluted,USD/shares,0.35,2023-04-02,2023-07-01,10-Q,2023,Q2,2023-07-28,0000050863-23-000069,
EarningsPerShareDiluted,USD/shares,0.35,2023-04-02,2023-07-01,10-Q,2024,Q2,2024-08-02,0000050863-24-000124,CY2023Q2
EarningsPerShareDiluted,USD/shares,-0.23,2023-01-01,2023-09-30,10-Q,2023,Q3,2023-10-27,0000050863-23-000103,
EarningsPerShareDiluted,USD/shares,-0.23,2023-01-01,2023-09-30,10-Q,2024,Q3,2024-11-01,0000050863-24-000149,
EarningsPerShareDiluted,USD/shares,0.07,2023-07-02,2023-09-30,10-Q,2023,Q3,2023-10-27,0000050863-23-000103,
EarningsPerShareDiluted,USD/shares,0.07,2023-07-02,2023-09-30,10-Q,2024,Q3,2024-11-01,0000050863-24-000149,CY2023Q3
EarningsPerShareDiluted,USD/shares,0.4,2023-01-01,2023-12-30,10-K,2023,FY,2024-01-26,0000050863-24-000010,
EarningsPerShareDiluted,USD/shares,0.4,2023-01-01,2023-12-30,10-K,2024,FY,2025-01-31,0000050863-25-000009,
EarningsPerShareDiluted,USD/shares,0.4,2023-01-01,2023-12-30,10-K,2025,FY,2026-01-23,0000050863-26-000011,CY2023
EarningsPerShareDiluted,USD/shares,-0.09,2023-12-31,2024-03-30,10-Q,2024,Q1,2024-04-26,0000050863-24-000076,
EarningsPerShareDiluted,USD/shares,-0.09,2023-12-31,2024-03-30,10-Q,2025,Q1,2025-04-25,0000050863-25-000074,CY2024Q1
EarningsPerShareDiluted,USD/shares,-0.47,2023-12-31,2024-06-29,10-Q,2024,Q2,2024-08-02,0000050863-24-000124,
EarningsPerShareDiluted,USD/shares,-0.47,2023-12-31,2024-06-29,10-Q,2025,Q2,2025-07-24,0000050863-25-000109,
EarningsPerShareDiluted,USD/shares,-0.38,2024-03-31,2024-06-29,10-Q,2024,Q2,2024-08-02,0000050863-24-000124,
EarningsPerShareDiluted,USD/shares,-0.38,2024-03-31,2024-06-29,10-Q,2025,Q2,2025-07-24,0000050863-25-000109,CY2024Q2
EarningsPerShareDiluted,USD/shares,-4.37,2023-12-31,2024-09-28,10-Q,2024,Q3,2024-11-01,0000050863-24-000149,
EarningsPerShareDiluted,USD/shares,-4.37,2023-12-31,2024-09-28,10-Q,2025,Q3,2025-11-06,0000050863-25-000179,
EarningsPerShareDiluted,USD/shares,-3.88,2024-06-30,2024-09-28,10-Q,2024,Q3,2024-11-01,0000050863-24-000149,
EarningsPerShareDiluted,USD/shares,-3.88,2024-06-30,2024-09-28,10-Q,2025,Q3,2025-11-06,0000050863-25-000179,CY2024Q3
EarningsPerShareDiluted,USD/shares,-4.38,2023-12-31,2024-12-28,10-K,2024,FY,2025-01-31,0000050863-25-000009,
EarningsPerShareDiluted,USD/shares,-4.38,2023-12-31,2024-12-28,10-K,2025,FY,2026-01-23,0000050863-26-000011,CY2024
EarningsPerShareDiluted,USD/shares,-0.19,2024-12-29,2025-03-29,10-Q,2025,Q1,2025-04-25,0000050863-25-000074,
EarningsPerShareDiluted,USD/shares,-0.19,2024-12-29,2025-03-29,10-Q,2026,Q1,2026-04-24,0000050863-26-000079,CY2025Q1
EarningsPerShareDiluted,USD/shares,-0.86,2024-12-29,2025-06-28,10-Q,2025,Q2,2025-07-24,0000050863-25-000109,
EarningsPerShareDiluted,USD/shares,-0.86,2024-12-29,2025-06-28,10-Q,2026,Q2,2026-07-24,0000050863-26-000157,
EarningsPerShareDiluted,USD/shares,-0.67,2025-03-30,2025-06-28,10-Q,2025,Q2,2025-07-24,0000050863-25-000109,
EarningsPerShareDiluted,USD/shares,-0.67,2025-03-30,2025-06-28,10-Q,2026,Q2,2026-07-24,0000050863-26-000157,CY2025Q2
EarningsPerShareDiluted,USD/shares,0.07,2024-12-29,2025-09-27,10-Q,2025,Q3,2025-11-06,0000050863-25-000179,
EarningsPerShareDiluted,USD/shares,0.9,2025-06-29,2025-09-27,10-Q,2025,Q3,2025-11-06,0000050863-25-000179,CY2025Q3
EarningsPerShareDiluted,USD/shares,-0.06,2024-12-29,2025-12-27,10-K,2025,FY,2026-01-23,0000050863-26-000011,CY2025
EarningsPerShareDiluted,USD/shares,-0.73,2025-12-28,2026-03-28,10-Q,2026,Q1,2026-04-24,0000050863-26-000079,CY2026Q1
EarningsPerShareDiluted,USD/shares,-2.89,2025-12-28,2026-06-27,10-Q,2026,Q2,2026-07-24,0000050863-26-000157,
EarningsPerShareDiluted,USD/shares,-2.16,2026-03-29,2026-06-27,10-Q,2026,Q2,2026-07-24,0000050863-26-000157,CY2026Q2
GrossProfit,USD,8130000000.0,2015-12-27,2016-04-02,10-Q,2016,Q1,2016-05-02,0000050863-16-000125,
GrossProfit,USD,8130000000.0,2015-12-27,2016-04-02,10-Q,2017,Q1,2017-04-27,0000050863-17-000029,CY2016Q1
GrossProfit,USD,16103000000.0,2015-12-27,2016-07-02,10-Q,2016,Q2,2016-08-01,0000050863-16-000142,
GrossProfit,USD,16103000000.0,2015-12-27,2016-07-02,10-Q,2017,Q2,2017-07-27,0000050863-17-000041,
GrossProfit,USD,7973000000.0,2016-04-03,2016-07-02,10-Q,2016,Q2,2016-08-01,0000050863-16-000142,
GrossProfit,USD,7973000000.0,2016-04-03,2016-07-02,10-Q,2017,Q2,2017-07-27,0000050863-17-000041,CY2016Q2
GrossProfit,USD,26086000000.0,2015-12-27,2016-10-01,10-Q,2016,Q3,2016-10-31,0000050863-16-000153,
GrossProfit,USD,26086000000.0,2015-12-27,2016-10-01,10-Q,2017,Q3,2017-10-26,0000050863-17-000048,
GrossProfit,USD,9983000000.0,2016-07-03,2016-10-01,10-Q,2016,Q3,2016-10-31,0000050863-16-000153,
GrossProfit,USD,9983000000.0,2016-07-03,2016-10-01,10-Q,2017,Q3,2017-10-26,0000050863-17-000048,CY2016Q3
GrossProfit,USD,36191000000.0,2015-12-27,2016-12-31,10-K,2016,FY,2017-02-17,0000050863-17-000012,
GrossProfit,USD,36191000000.0,2015-12-27,2016-12-31,10-K,2017,FY,2018-02-16,0000050863-18-000007,
GrossProfit,USD,36233000000.0,2015-12-27,2016-12-31,10-K,2018,FY,2019-02-01,0000050863-19-000007,CY2016
GrossProfit,USD,9147000000.0,2017-01-01,2017-04-01,10-Q,2017,Q1,2017-04-27,0000050863-17-000029,
GrossProfit,USD,9160000000.0,2017-01-01,2017-04-01,10-Q,2018,Q1,2018-04-27,0000050863-18-000013,CY2017Q1
GrossProfit,USD,18245000000.0,2017-01-01,2017-07-01,10-Q,2017,Q2,2017-07-27,0000050863-17-000041,
GrossProfit,USD,18256000000.0,2017-01-01,2017-07-01,10-Q,2018,Q2,2018-07-27,0000050863-18-000022,
GrossProfit,USD,9098000000.0,2017-04-02,2017-07-01,10-Q,2017,Q2,2017-07-27,0000050863-17-000041,
GrossProfit,USD,9096000000.0,2017-04-02,2017-07-01,10-Q,2018,Q2,2018-07-27,0000050863-18-000022,CY2017Q2
GrossProfit,USD,28302000000.0,2017-01-01,2017-09-30,10-Q,2017,Q3,2017-10-26,0000050863-17-000048,
GrossProfit,USD,28320000000.0,2017-01-01,2017-09-30,10-Q,2018,Q3,2018-10-26,0000050863-18-000029,
GrossProfit,USD,10057000000.0,2017-07-02,2017-09-30,10-Q,2017,Q3,2017-10-26,0000050863-17-000048,
GrossProfit,USD,10064000000.0,2017-07-02,2017-09-30,10-Q,2018,Q3,2018-10-26,0000050863-18-000029,CY2017Q3
GrossProfit,USD,39069000000.0,2017-01-01,2017-12-30,10-K,2017,FY,2018-02-16,0000050863-18-000007,
GrossProfit,USD,39098000000.0,2017-01-01,2017-12-30,10-K,2018,FY,2019-02-01,0000050863-19-000007,
GrossProfit,USD,39098000000.0,2017-01-01,2017-12-30,10-K,2019,FY,2020-01-24,0000050863-20-000011,CY2017
GrossProfit,USD,9731000000.0,2017-12-31,2018-03-31,10-Q,2018,Q1,2018-04-27,0000050863-18-000013,
GrossProfit,USD,9731000000.0,2017-12-31,2018-03-31,10-Q,2019,Q1,2019-04-26,0000050863-19-000013,CY2018Q1
GrossProfit,USD,20150000000.0,2017-12-31,2018-06-30,10-Q,2018,Q2,2018-07-27,0000050863-18-000022,
GrossProfit,USD,20150000000.0,2017-12-31,2018-06-30,10-Q,2019,Q2,2019-07-26,0000050863-19-000023,
GrossProfit,USD,10419000000.0,2018-04-01,2018-06-30,10-Q,2018,Q2,2018-07-27,0000050863-18-000022,
GrossProfit,USD,10419000000.0,2018-04-01,2018-06-30,10-Q,2019,Q2,2019-07-26,0000050863-19-000023,CY2018Q2
GrossProfit,USD,32510000000.0,2017-12-31,2018-09-29,10-Q,2018,Q3,2018-10-26,0000050863-18-000029,
GrossProfit,USD,32510000000.0,2017-12-31,2018-09-29,10-Q,2019,Q3,2019-10-25,0000050863-19-000029,
GrossProfit,USD,12360000000.0,2018-07-01,2018-09-29,10-Q,2018,Q3,2018-10-26,0000050863-18-000029,
GrossProfit,USD,12360000000.0,2018-07-01,2018-09-29,10-Q,2019,Q3,2019-10-25,0000050863-19-000029,CY2018Q3
GrossProfit,USD,43737000000.0,2017-12-31,2018-12-29,10-K,2018,FY,2019-02-01,0000050863-19-000007,
GrossProfit,USD,43737000000.0,2017-12-31,2018-12-29,10-K,2019,FY,2020-01-24,0000050863-20-000011,
GrossProfit,USD,43737000000.0,2017-12-31,2018-12-29,10-K,2020,FY,2021-01-22,0000050863-21-000010,CY2018
GrossProfit,USD,9089000000.0,2018-12-30,2019-03-30,10-Q,2019,Q1,2019-04-26,0000050863-19-000013,
GrossProfit,USD,9089000000.0,2018-12-30,2019-03-30,10-Q,2020,Q1,2020-04-24,0000050863-20-000017,CY2019Q1
GrossProfit,USD,18967000000.0,2018-12-30,2019-06-29,10-Q,2019,Q2,2019-07-26,0000050863-19-000023,
GrossProfit,USD,18967000000.0,2018-12-30,2019-06-29,10-Q,2020,Q2,2020-07-24,0000050863-20-000026,
GrossProfit,USD,9878000000.0,2019-03-31,2019-06-29,10-Q,2019,Q2,2019-07-26,0000050863-19-000023,
GrossProfit,USD,9878000000.0,2019-03-31,2019-06-29,10-Q,2020,Q2,2020-07-24,0000050863-20-000026,CY2019Q2
GrossProfit,USD,30262000000.0,2018-12-30,2019-09-28,10-Q,2019,Q3,2019-10-25,0000050863-19-000029,
GrossProfit,USD,30262000000.0,2018-12-30,2019-09-28,10-Q,2020,Q3,2020-10-23,0000050863-20-000043,
GrossProfit,USD,11295000000.0,2019-06-30,2019-09-28,10-Q,2019,Q3,2019-10-25,0000050863-19-000029,
GrossProfit,USD,11295000000.0,2019-06-30,2019-09-28,10-Q,2020,Q3,2020-10-23,0000050863-20-000043,CY2019Q3
GrossProfit,USD,42140000000.0,2018-12-30,2019-12-28,10-K,2019,FY,2020-01-24,0000050863-20-000011,
GrossProfit,USD,42140000000.0,2018-12-30,2019-12-28,10-K,2020,FY,2021-01-22,0000050863-21-000010,
GrossProfit,USD,42140000000.0,2018-12-30,2019-12-28,10-K,2021,FY,2022-01-27,0000050863-22-000007,CY2019
GrossProfit,USD,12016000000.0,2019-12-29,2020-03-28,10-Q,2020,Q1,2020-04-24,0000050863-20-000017,
GrossProfit,USD,12016000000.0,2019-12-29,2020-03-28,10-Q,2021,Q1,2021-04-23,0000050863-21-000018,CY2020Q1
GrossProfit,USD,22523000000.0,2019-12-29,2020-06-27,10-Q,2020,Q2,2020-07-24,0000050863-20-000026,
GrossProfit,USD,22523000000.0,2019-12-29,2020-06-27,10-Q,2021,Q2,2021-07-23,0000050863-21-000030,
GrossProfit,USD,10507000000.0,2020-03-29,2020-06-27,10-Q,2020,Q2,2020-07-24,0000050863-20-000026,
GrossProfit,USD,10507000000.0,2020-03-29,2020-06-27,10-Q,2021,Q2,2021-07-23,0000050863-21-000030,CY2020Q2
GrossProfit,USD,32264000000.0,2019-12-29,2020-09-26,10-Q,2020,Q3,2020-10-23,0000050863-20-000043,
GrossProfit,USD,32264000000.0,2019-12-29,2020-09-26,10-Q,2021,Q3,2021-10-22,0000050863-21-000038,
GrossProfit,USD,9741000000.0,2020-06-28,2020-09-26,10-Q,2020,Q3,2020-10-23,0000050863-20-000043,
GrossProfit,USD,9741000000.0,2020-06-28,2020-09-26,10-Q,2021,Q3,2021-10-22,0000050863-21-000038,CY2020Q3
GrossProfit,USD,43612000000.0,2019-12-29,2020-12-26,10-K,2020,FY,2021-01-22,0000050863-21-000010,
GrossProfit,USD,43612000000.0,2019-12-29,2020-12-26,10-K,2021,FY,2022-01-27,0000050863-22-000007,
GrossProfit,USD,43612000000.0,2019-12-29,2020-12-26,10-K,2022,FY,2023-01-27,0000050863-23-000006,CY2020
GrossProfit,USD,10854000000.0,2020-12-27,2021-03-27,10-Q,2021,Q1,2021-04-23,0000050863-21-000018,
GrossProfit,USD,10854000000.0,2020-12-27,2021-03-27,10-Q,2022,Q1,2022-04-29,0000050863-22-000020,CY2021Q1
GrossProfit,USD,22060000000.0,2020-12-27,2021-06-26,10-Q,2021,Q2,2021-07-23,0000050863-21-000030,
GrossProfit,USD,22060000000.0,2020-12-27,2021-06-26,10-Q,2022,Q2,2022-07-29,0000050863-22-000030,
GrossProfit,USD,11206000000.0,2021-03-28,2021-06-26,10-Q,2021,Q2,2021-07-23,0000050863-21-000030,
GrossProfit,USD,11206000000.0,2021-03-28,2021-06-26,10-Q,2022,Q2,2022-07-29,0000050863-22-000030,CY2021Q2
GrossProfit,USD,32806000000.0,2020-12-27,2021-09-25,10-Q,2021,Q3,2021-10-22,0000050863-21-000038,
GrossProfit,USD,32806000000.0,2020-12-27,2021-09-25,10-Q,2022,Q3,2022-10-28,0000050863-22-000038,
GrossProfit,USD,10746000000.0,2021-06-27,2021-09-25,10-Q,2021,Q3,2021-10-22,0000050863-21-000038,
GrossProfit,USD,10746000000.0,2021-06-27,2021-09-25,10-Q,2022,Q3,2022-10-28,0000050863-22-000038,CY2021Q3
GrossProfit,USD,43815000000.0,2020-12-27,2021-12-25,10-K,2021,FY,2022-01-27,0000050863-22-000007,
GrossProfit,USD,43815000000.0,2020-12-27,2021-12-25,10-K,2022,FY,2023-01-27,0000050863-23-000006,
GrossProfit,USD,43815000000.0,2020-12-27,2021-12-25,10-K,2023,FY,2024-01-26,0000050863-24-000010,CY2021
GrossProfit,USD,9244000000.0,2021-12-26,2022-04-02,10-Q,2022,Q1,2022-04-29,0000050863-22-000020,
GrossProfit,USD,9244000000.0,2021-12-26,2022-04-02,10-Q,2023,Q1,2023-04-28,0000050863-23-000028,CY2022Q1
GrossProfit,USD,14831000000.0,2021-12-26,2022-07-02,10-Q,2022,Q2,2022-07-29,0000050863-22-000030,
GrossProfit,USD,14831000000.0,2021-12-26,2022-07-02,10-Q,2023,Q2,2023-07-28,0000050863-23-000069,
GrossProfit,USD,5587000000.0,2022-04-03,2022-07-02,10-Q,2022,Q2,2022-07-29,0000050863-22-000030,
GrossProfit,USD,5587000000.0,2022-04-03,2022-07-02,10-Q,2023,Q2,2023-07-28,0000050863-23-000069,CY2022Q2
GrossProfit,USD,21366000000.0,2021-12-26,2022-10-01,10-Q,2022,Q3,2022-10-28,0000050863-22-000038,
GrossProfit,USD,21366000000.0,2021-12-26,2022-10-01,10-Q,2023,Q3,2023-10-27,0000050863-23-000103,
GrossProfit,USD,6535000000.0,2022-07-03,2022-10-01,10-Q,2022,Q3,2022-10-28,0000050863-22-000038,
GrossProfit,USD,6535000000.0,2022-07-03,2022-10-01,10-Q,2023,Q3,2023-10-27,0000050863-23-000103,CY2022Q3
GrossProfit,USD,26866000000.0,2021-12-26,2022-12-31,10-K,2022,FY,2023-01-27,0000050863-23-000006,
GrossProfit,USD,26866000000.0,2021-12-26,2022-12-31,10-K,2023,FY,2024-01-26,0000050863-24-000010,
GrossProfit,USD,26866000000.0,2021-12-26,2022-12-31,10-K,2024,FY,2025-01-31,0000050863-25-000009,CY2022
GrossProfit,USD,4008000000.0,2023-01-01,2023-04-01,10-Q,2023,Q1,2023-04-28,0000050863-23-000028,
GrossProfit,USD,4008000000.0,2023-01-01,2023-04-01,10-Q,2024,Q1,2024-04-26,0000050863-24-000076,CY2023Q1
GrossProfit,USD,8646000000.0,2023-01-01,2023-07-01,10-Q,2023,Q2,2023-07-28,0000050863-23-000069,
GrossProfit,USD,8646000000.0,2023-01-01,2023-07-01,10-Q,2024,Q2,2024-08-02,0000050863-24-000124,
GrossProfit,USD,4638000000.0,2023-04-02,2023-07-01,10-Q,2023,Q2,2023-07-28,0000050863-23-000069,
GrossProfit,USD,4638000000.0,2023-04-02,2023-07-01,10-Q,2024,Q2,2024-08-02,0000050863-24-000124,CY2023Q2
GrossProfit,USD,14664000000.0,2023-01-01,2023-09-30,10-Q,2023,Q3,2023-10-27,0000050863-23-000103,
GrossProfit,USD,14664000000.0,2023-01-01,2023-09-30,10-Q,2024,Q3,2024-11-01,0000050863-24-000149,
GrossProfit,USD,6018000000.0,2023-07-02,2023-09-30,10-Q,2023,Q3,2023-10-27,0000050863-23-000103,
GrossProfit,USD,6018000000.0,2023-07-02,2023-09-30,10-Q,2024,Q3,2024-11-01,0000050863-24-000149,CY2023Q3
GrossProfit,USD,21711000000.0,2023-01-01,2023-12-30,10-K,2023,FY,2024-01-26,0000050863-24-000010,
GrossProfit,USD,21711000000.0,2023-01-01,2023-12-30,10-K,2024,FY,2025-01-31,0000050863-25-000009,
GrossProfit,USD,21711000000.0,2023-01-01,2023-12-30,10-K,2025,FY,2026-01-23,0000050863-26-000011,CY2023
GrossProfit,USD,5217000000.0,2023-12-31,2024-03-30,10-Q,2024,Q1,2024-04-26,0000050863-24-000076,
GrossProfit,USD,5217000000.0,2023-12-31,2024-03-30,10-Q,2025,Q1,2025-04-25,0000050863-25-000074,CY2024Q1
GrossProfit,USD,9764000000.0,2023-12-31,2024-06-29,10-Q,2024,Q2,2024-08-02,0000050863-24-000124,
GrossProfit,USD,9764000000.0,2023-12-31,2024-06-29,10-Q,2025,Q2,2025-07-24,0000050863-25-000109,
GrossProfit,USD,4547000000.0,2024-03-31,2024-06-29,10-Q,2024,Q2,2024-08-02,0000050863-24-000124,
GrossProfit,USD,4547000000.0,2024-03-31,2024-06-29,10-Q,2025,Q2,2025-07-24,0000050863-25-000109,CY2024Q2
GrossProfit,USD,11761000000.0,2023-12-31,2024-09-28,10-Q,2024,Q3,2024-11-01,0000050863-24-000149,
GrossProfit,USD,11761000000.0,2023-12-31,2024-09-28,10-Q,2025,Q3,2025-11-06,0000050863-25-000179,
GrossProfit,USD,1997000000.0,2024-06-30,2024-09-28,10-Q,2024,Q3,2024-11-01,0000050863-24-000149,
GrossProfit,USD,1997000000.0,2024-06-30,2024-09-28,10-Q,2025,Q3,2025-11-06,0000050863-25-000179,CY2024Q3
GrossProfit,USD,17345000000.0,2023-12-31,2024-12-28,10-K,2024,FY,2025-01-31,0000050863-25-000009,
GrossProfit,USD,17345000000.0,2023-12-31,2024-12-28,10-K,2025,FY,2026-01-23,0000050863-26-000011,CY2024
GrossProfit,USD,4672000000.0,2024-12-29,2025-03-29,10-Q,2025,Q1,2025-04-25,0000050863-25-000074,
GrossProfit,USD,4672000000.0,2024-12-29,2025-03-29,10-Q,2026,Q1,2026-04-24,0000050863-26-000079,CY2025Q1
GrossProfit,USD,8214000000.0,2024-12-29,2025-06-28,10-Q,2025,Q2,2025-07-24,0000050863-25-000109,
GrossProfit,USD,8214000000.0,2024-12-29,2025-06-28,10-Q,2026,Q2,2026-07-24,0000050863-26-000157,
GrossProfit,USD,3542000000.0,2025-03-30,2025-06-28,10-Q,2025,Q2,2025-07-24,0000050863-25-000109,
GrossProfit,USD,3542000000.0,2025-03-30,2025-06-28,10-Q,2026,Q2,2026-07-24,0000050863-26-000157,CY2025Q2
GrossProfit,USD,13432000000.0,2024-12-29,2025-09-27,10-Q,2025,Q3,2025-11-06,0000050863-25-000179,
GrossProfit,USD,5218000000.0,2025-06-29,2025-09-27,10-Q,2025,Q3,2025-11-06,0000050863-25-000179,CY2025Q3
GrossProfit,USD,18375000000.0,2024-12-29,2025-12-27,10-K,2025,FY,2026-01-23,0000050863-26-000011,CY2025
GrossProfit,USD,5347000000.0,2025-12-28,2026-03-28,10-Q,2026,Q1,2026-04-24,0000050863-26-000079,CY2026Q1
GrossProfit,USD,11856000000.0,2025-12-28,2026-06-27,10-Q,2026,Q2,2026-07-24,0000050863-26-000157,
GrossProfit,USD,6509000000.0,2026-03-29,2026-06-27,10-Q,2026,Q2,2026-07-24,0000050863-26-000157,CY2026Q2
LongTermDebtNoncurrent,USD,21775000000.0,,2016-04-02,10-Q,2016,Q1,2016-05-02,0000050863-16-000125,CY2016Q1I
LongTermDebtNoncurrent,USD,24053000000.0,,2016-07-02,10-Q,2016,Q2,2016-08-01,0000050863-16-000142,CY2016Q2I
LongTermDebtNoncurrent,USD,24043000000.0,,2016-10-01,10-Q,2016,Q3,2016-10-31,0000050863-16-000153,CY2016Q3I
LongTermDebtNoncurrent,USD,20649000000.0,,2016-12-31,10-K,2016,FY,2017-02-17,0000050863-17-000012,
LongTermDebtNoncurrent,USD,20649000000.0,,2016-12-31,10-Q,2017,Q1,2017-04-27,0000050863-17-000029,
LongTermDebtNoncurrent,USD,20649000000.0,,2016-12-31,10-Q,2017,Q2,2017-07-27,0000050863-17-000041,
LongTermDebtNoncurrent,USD,20649000000.0,,2016-12-31,10-Q,2017,Q3,2017-10-26,0000050863-17-000048,
LongTermDebtNoncurrent,USD,20649000000.0,,2016-12-31,10-K,2017,FY,2018-02-16,0000050863-18-000007,CY2016Q4I
LongTermDebtNoncurrent,USD,20678000000.0,,2017-04-01,10-Q,2017,Q1,2017-04-27,0000050863-17-000029,CY2017Q1I
LongTermDebtNoncurrent,USD,27855000000.0,,2017-07-01,10-Q,2017,Q2,2017-07-27,0000050863-17-000041,CY2017Q2I
LongTermDebtNoncurrent,USD,27498000000.0,,2017-09-30,10-Q,2017,Q3,2017-10-26,0000050863-17-000048,CY2017Q3I
LongTermDebtNoncurrent,USD,25037000000.0,,2017-12-30,10-K,2017,FY,2018-02-16,0000050863-18-000007,
LongTermDebtNoncurrent,USD,25037000000.0,,2017-12-30,10-Q,2018,Q1,2018-04-27,0000050863-18-000013,
LongTermDebtNoncurrent,USD,25037000000.0,,2017-12-30,10-Q,2018,Q2,2018-07-27,0000050863-18-000022,
LongTermDebtNoncurrent,USD,25037000000.0,,2017-12-30,10-Q,2018,Q3,2018-10-26,0000050863-18-000029,
LongTermDebtNoncurrent,USD,25037000000.0,,2017-12-30,10-K,2018,FY,2019-02-01,0000050863-19-000007,CY2017Q4I
LongTermDebtNoncurrent,USD,24770000000.0,,2018-03-31,10-Q,2018,Q1,2018-04-27,0000050863-18-000013,CY2018Q1I
LongTermDebtNoncurrent,USD,24632000000.0,,2018-06-30,10-Q,2018,Q2,2018-07-27,0000050863-18-000022,CY2018Q2I
LongTermDebtNoncurrent,USD,24823000000.0,,2018-09-29,10-Q,2018,Q3,2018-10-26,0000050863-18-000029,CY2018Q3I
LongTermDebtNoncurrent,USD,25098000000.0,,2018-12-29,10-K,2018,FY,2019-02-01,0000050863-19-000007,
LongTermDebtNoncurrent,USD,25098000000.0,,2018-12-29,10-Q,2019,Q1,2019-04-26,0000050863-19-000013,
LongTermDebtNoncurrent,USD,25098000000.0,,2018-12-29,10-Q,2019,Q2,2019-07-26,0000050863-19-000023,
LongTermDebtNoncurrent,USD,25098000000.0,,2018-12-29,10-Q,2019,Q3,2019-10-25,0000050863-19-000029,
LongTermDebtNoncurrent,USD,25098000000.0,,2018-12-29,10-K,2019,FY,2020-01-24,0000050863-20-000011,CY2018Q4I
LongTermDebtNoncurrent,USD,25737000000.0,,2019-03-30,10-Q,2019,Q1,2019-04-26,0000050863-19-000013,CY2019Q1I
LongTermDebtNoncurrent,USD,25089000000.0,,2019-06-29,10-Q,2019,Q2,2019-07-26,0000050863-19-000023,CY2019Q2I
LongTermDebtNoncurrent,USD,23707000000.0,,2019-09-28,10-Q,2019,Q3,2019-10-25,0000050863-19-000029,CY2019Q3I
LongTermDebtNoncurrent,USD,25308000000.0,,2019-12-28,10-K,2019,FY,2020-01-24,0000050863-20-000011,
LongTermDebtNoncurrent,USD,25308000000.0,,2019-12-28,10-Q,2020,Q1,2020-04-24,0000050863-20-000017,
LongTermDebtNoncurrent,USD,25308000000.0,,2019-12-28,10-Q,2020,Q2,2020-07-24,0000050863-20-000026,
LongTermDebtNoncurrent,USD,25308000000.0,,2019-12-28,10-Q,2020,Q3,2020-10-23,0000050863-20-000043,
LongTermDebtNoncurrent,USD,25308000000.0,,2019-12-28,10-K,2020,FY,2021-01-22,0000050863-21-000010,CY2019Q4I
LongTermDebtNoncurrent,USD,36455000000.0,,2020-03-28,10-Q,2020,Q1,2020-04-24,0000050863-20-000017,CY2020Q1I
LongTermDebtNoncurrent,USD,36093000000.0,,2020-06-27,10-Q,2020,Q2,2020-07-24,0000050863-20-000026,CY2020Q2I
LongTermDebtNoncurrent,USD,36059000000.0,,2020-09-26,10-Q,2020,Q3,2020-10-23,0000050863-20-000043,CY2020Q3I
LongTermDebtNoncurrent,USD,33897000000.0,,2020-12-26,10-K,2020,FY,2021-01-22,0000050863-21-000010,
LongTermDebtNoncurrent,USD,33897000000.0,,2020-12-26,10-Q,2021,Q1,2021-04-23,0000050863-21-000018,
LongTermDebtNoncurrent,USD,33897000000.0,,2020-12-26,10-Q,2021,Q2,2021-07-23,0000050863-21-000030,
LongTermDebtNoncurrent,USD,33897000000.0,,2020-12-26,10-Q,2021,Q3,2021-10-22,0000050863-21-000038,
LongTermDebtNoncurrent,USD,33897000000.0,,2020-12-26,10-K,2021,FY,2022-01-27,0000050863-22-000007,CY2020Q4I
LongTermDebtNoncurrent,USD,33237000000.0,,2021-03-27,10-Q,2021,Q1,2021-04-23,0000050863-21-000018,CY2021Q1I
LongTermDebtNoncurrent,USD,31714000000.0,,2021-06-26,10-Q,2021,Q2,2021-07-23,0000050863-21-000030,CY2021Q2I
LongTermDebtNoncurrent,USD,35610000000.0,,2021-09-25,10-Q,2021,Q3,2021-10-22,0000050863-21-000038,CY2021Q3I
LongTermDebtNoncurrent,USD,33510000000.0,,2021-12-25,10-K,2021,FY,2022-01-27,0000050863-22-000007,
LongTermDebtNoncurrent,USD,33510000000.0,,2021-12-25,10-Q,2022,Q1,2022-04-29,0000050863-22-000020,
LongTermDebtNoncurrent,USD,33510000000.0,,2021-12-25,10-Q,2022,Q2,2022-07-29,0000050863-22-000030,
LongTermDebtNoncurrent,USD,33510000000.0,,2021-12-25,10-Q,2022,Q3,2022-10-28,0000050863-22-000038,
LongTermDebtNoncurrent,USD,33510000000.0,,2021-12-25,10-K,2022,FY,2023-01-27,0000050863-23-000006,CY2021Q4I
LongTermDebtNoncurrent,USD,32788000000.0,,2022-04-02,10-Q,2022,Q1,2022-04-29,0000050863-22-000020,CY2022Q1I
LongTermDebtNoncurrent,USD,32548000000.0,,2022-07-02,10-Q,2022,Q2,2022-07-29,0000050863-22-000030,CY2022Q2I
LongTermDebtNoncurrent,USD,37240000000.0,,2022-10-01,10-Q,2022,Q3,2022-10-28,0000050863-22-000038,CY2022Q3I
LongTermDebtNoncurrent,USD,37684000000.0,,2022-12-31,10-K,2022,FY,2023-01-27,0000050863-23-000006,
LongTermDebtNoncurrent,USD,37684000000.0,,2022-12-31,10-Q,2023,Q1,2023-04-28,0000050863-23-000028,
LongTermDebtNoncurrent,USD,37684000000.0,,2022-12-31,10-Q,2023,Q2,2023-07-28,0000050863-23-000069,
LongTermDebtNoncurrent,USD,37684000000.0,,2022-12-31,10-Q,2023,Q3,2023-10-27,0000050863-23-000103,
LongTermDebtNoncurrent,USD,37684000000.0,,2022-12-31,10-K,2023,FY,2024-01-26,0000050863-24-000010,CY2022Q4I
LongTermDebtNoncurrent,USD,48836000000.0,,2023-04-01,10-Q,2023,Q1,2023-04-28,0000050863-23-000028,CY2023Q1I
LongTermDebtNoncurrent,USD,46335000000.0,,2023-07-01,10-Q,2023,Q2,2023-07-28,0000050863-23-000069,CY2023Q2I
LongTermDebtNoncurrent,USD,46591000000.0,,2023-09-30,10-Q,2023,Q3,2023-10-27,0000050863-23-000103,CY2023Q3I
LongTermDebtNoncurrent,USD,46978000000.0,,2023-12-30,10-K,2023,FY,2024-01-26,0000050863-24-000010,
LongTermDebtNoncurrent,USD,46978000000.0,,2023-12-30,10-Q,2024,Q1,2024-04-26,0000050863-24-000076,
LongTermDebtNoncurrent,USD,46978000000.0,,2023-12-30,10-Q,2024,Q2,2024-08-02,0000050863-24-000124,
LongTermDebtNoncurrent,USD,46978000000.0,,2023-12-30,10-Q,2024,Q3,2024-11-01,0000050863-24-000149,
LongTermDebtNoncurrent,USD,46978000000.0,,2023-12-30,10-K,2024,FY,2025-01-31,0000050863-25-000009,CY2023Q4I
LongTermDebtNoncurrent,USD,47869000000.0,,2024-03-30,10-Q,2024,Q1,2024-04-26,0000050863-24-000076,CY2024Q1I
LongTermDebtNoncurrent,USD,48334000000.0,,2024-06-29,10-Q,2024,Q2,2024-08-02,0000050863-24-000124,CY2024Q2I
LongTermDebtNoncurrent,USD,46471000000.0,,2024-09-28,10-Q,2024,Q3,2024-11-01,0000050863-24-000149,CY2024Q3I
LongTermDebtNoncurrent,USD,46282000000.0,,2024-12-28,10-K,2024,FY,2025-01-31,0000050863-25-000009,
LongTermDebtNoncurrent,USD,46282000000.0,,2024-12-28,10-Q,2025,Q1,2025-04-25,0000050863-25-000074,
LongTermDebtNoncurrent,USD,46282000000.0,,2024-12-28,10-Q,2025,Q2,2025-07-24,0000050863-25-000109,
LongTermDebtNoncurrent,USD,46282000000.0,,2024-12-28,10-Q,2025,Q3,2025-11-06,0000050863-25-000179,
LongTermDebtNoncurrent,USD,46282000000.0,,2024-12-28,10-K,2025,FY,2026-01-23,0000050863-26-000011,CY2024Q4I
LongTermDebtNoncurrent,USD,44911000000.0,,2025-03-29,10-Q,2025,Q1,2025-04-25,0000050863-25-000074,CY2025Q1I
LongTermDebtNoncurrent,USD,44026000000.0,,2025-06-28,10-Q,2025,Q2,2025-07-24,0000050863-25-000109,CY2025Q2I
LongTermDebtNoncurrent,USD,44057000000.0,,2025-09-27,10-Q,2025,Q3,2025-11-06,0000050863-25-000179,CY2025Q3I
LongTermDebtNoncurrent,USD,44086000000.0,,2025-12-27,10-K,2025,FY,2026-01-23,0000050863-26-000011,
LongTermDebtNoncurrent,USD,44086000000.0,,2025-12-27,10-Q,2026,Q1,2026-04-24,0000050863-26-000079,
LongTermDebtNoncurrent,USD,44086000000.0,,2025-12-27,10-Q,2026,Q2,2026-07-24,0000050863-26-000157,CY2025Q4I
LongTermDebtNoncurrent,USD,43027000000.0,,2026-03-28,10-Q,2026,Q1,2026-04-24,0000050863-26-000079,CY2026Q1I
LongTermDebtNoncurrent,USD,48549000000.0,,2026-06-27,10-Q,2026,Q2,2026-07-24,0000050863-26-000157,CY2026Q2I
NetCashProvidedByUsedInOperatingActivities,USD,22110000000.0,2017-01-01,2017-12-30,10-K,2019,FY,2020-01-24,0000050863-20-000011,CY2017
NetCashProvidedByUsedInOperatingActivities,USD,22532000000.0,2017-12-31,2018-09-29,10-Q,2019,Q3,2019-10-25,0000050863-19-000029,
NetCashProvidedByUsedInOperatingActivities,USD,29432000000.0,2017-12-31,2018-12-29,10-K,2019,FY,2020-01-24,0000050863-20-000011,
NetCashProvidedByUsedInOperatingActivities,USD,29432000000.0,2017-12-31,2018-12-29,10-K,2020,FY,2021-01-22,0000050863-21-000010,CY2018
NetCashProvidedByUsedInOperatingActivities,USD,4959000000.0,2018-12-30,2019-03-30,10-Q,2020,Q1,2020-04-24,0000050863-20-000017,CY2019Q1
NetCashProvidedByUsedInOperatingActivities,USD,12546000000.0,2018-12-30,2019-06-29,10-Q,2020,Q2,2020-07-24,0000050863-20-000026,
NetCashProvidedByUsedInOperatingActivities,USD,23257000000.0,2018-12-30,2019-09-28,10-Q,2019,Q3,2019-10-25,0000050863-19-000029,
NetCashProvidedByUsedInOperatingActivities,USD,23257000000.0,2018-12-30,2019-09-28,10-Q,2020,Q3,2020-10-23,0000050863-20-000043,
NetCashProvidedByUsedInOperatingActivities,USD,33145000000.0,2018-12-30,2019-12-28,10-K,2019,FY,2020-01-24,0000050863-20-000011,
NetCashProvidedByUsedInOperatingActivities,USD,33145000000.0,2018-12-30,2019-12-28,10-K,2020,FY,2021-01-22,0000050863-21-000010,
NetCashProvidedByUsedInOperatingActivities,USD,33145000000.0,2018-12-30,2019-12-28,10-K,2021,FY,2022-01-27,0000050863-22-000007,CY2019
NetCashProvidedByUsedInOperatingActivities,USD,6158000000.0,2019-12-29,2020-03-28,10-Q,2020,Q1,2020-04-24,0000050863-20-000017,
NetCashProvidedByUsedInOperatingActivities,USD,6158000000.0,2019-12-29,2020-03-28,10-Q,2021,Q1,2021-04-23,0000050863-21-000018,CY2020Q1
NetCashProvidedByUsedInOperatingActivities,USD,17315000000.0,2019-12-29,2020-06-27,10-Q,2020,Q2,2020-07-24,0000050863-20-000026,
NetCashProvidedByUsedInOperatingActivities,USD,17315000000.0,2019-12-29,2020-06-27,10-Q,2021,Q2,2021-07-23,0000050863-21-000030,
NetCashProvidedByUsedInOperatingActivities,USD,25494000000.0,2019-12-29,2020-09-26,10-Q,2020,Q3,2020-10-23,0000050863-20-000043,
NetCashProvidedByUsedInOperatingActivities,USD,25494000000.0,2019-12-29,2020-09-26,10-Q,2021,Q3,2021-10-22,0000050863-21-000038,
NetCashProvidedByUsedInOperatingActivities,USD,35384000000.0,2019-12-29,2020-12-26,10-K,2020,FY,2021-01-22,0000050863-21-000010,
NetCashProvidedByUsedInOperatingActivities,USD,35384000000.0,2019-12-29,2020-12-26,10-K,2021,FY,2022-01-27,0000050863-22-000007,
NetCashProvidedByUsedInOperatingActivities,USD,35864000000.0,2019-12-29,2020-12-26,10-K,2022,FY,2023-01-27,0000050863-23-000006,CY2020
NetCashProvidedByUsedInOperatingActivities,USD,5548000000.0,2020-12-27,2021-03-27,10-Q,2021,Q1,2021-04-23,0000050863-21-000018,
NetCashProvidedByUsedInOperatingActivities,USD,5348000000.0,2020-12-27,2021-03-27,10-Q,2022,Q1,2022-04-29,0000050863-22-000020,CY2021Q1
NetCashProvidedByUsedInOperatingActivities,USD,14294000000.0,2020-12-27,2021-06-26,10-Q,2021,Q2,2021-07-23,0000050863-21-000030,
NetCashProvidedByUsedInOperatingActivities,USD,14149000000.0,2020-12-27,2021-06-26,10-Q,2022,Q2,2022-07-29,0000050863-22-000030,
NetCashProvidedByUsedInOperatingActivities,USD,24194000000.0,2020-12-27,2021-09-25,10-Q,2021,Q3,2021-10-22,0000050863-21-000038,
NetCashProvidedByUsedInOperatingActivities,USD,24053000000.0,2020-12-27,2021-09-25,10-Q,2022,Q3,2022-10-28,0000050863-22-000038,
NetCashProvidedByUsedInOperatingActivities,USD,29991000000.0,2020-12-27,2021-12-25,10-K,2021,FY,2022-01-27,0000050863-22-000007,
NetCashProvidedByUsedInOperatingActivities,USD,29456000000.0,2020-12-27,2021-12-25,10-K,2022,FY,2023-01-27,0000050863-23-000006,
NetCashProvidedByUsedInOperatingActivities,USD,29456000000.0,2020-12-27,2021-12-25,10-K,2023,FY,2024-01-26,0000050863-24-000010,CY2021
NetCashProvidedByUsedInOperatingActivities,USD,5891000000.0,2021-12-26,2022-04-02,10-Q,2022,Q1,2022-04-29,0000050863-22-000020,
NetCashProvidedByUsedInOperatingActivities,USD,5891000000.0,2021-12-26,2022-04-02,10-Q,2023,Q1,2023-04-28,0000050863-23-000028,CY2022Q1
NetCashProvidedByUsedInOperatingActivities,USD,6700000000.0,2021-12-26,2022-07-02,10-Q,2022,Q2,2022-07-29,0000050863-22-000030,
NetCashProvidedByUsedInOperatingActivities,USD,6700000000.0,2021-12-26,2022-07-02,10-Q,2023,Q2,2023-07-28,0000050863-23-000069,
NetCashProvidedByUsedInOperatingActivities,USD,7730000000.0,2021-12-26,2022-10-01,10-Q,2022,Q3,2022-10-28,0000050863-22-000038,
NetCashProvidedByUsedInOperatingActivities,USD,7730000000.0,2021-12-26,2022-10-01,10-Q,2023,Q3,2023-10-27,0000050863-23-000103,
NetCashProvidedByUsedInOperatingActivities,USD,15433000000.0,2021-12-26,2022-12-31,10-K,2022,FY,2023-01-27,0000050863-23-000006,
NetCashProvidedByUsedInOperatingActivities,USD,15433000000.0,2021-12-26,2022-12-31,10-K,2023,FY,2024-01-26,0000050863-24-000010,
NetCashProvidedByUsedInOperatingActivities,USD,15433000000.0,2021-12-26,2022-12-31,10-K,2024,FY,2025-01-31,0000050863-25-000009,CY2022
NetCashProvidedByUsedInOperatingActivities,USD,-1785000000.0,2023-01-01,2023-04-01,10-Q,2023,Q1,2023-04-28,0000050863-23-000028,
NetCashProvidedByUsedInOperatingActivities,USD,-1785000000.0,2023-01-01,2023-04-01,10-Q,2024,Q1,2024-04-26,0000050863-24-000076,CY2023Q1
NetCashProvidedByUsedInOperatingActivities,USD,1023000000.0,2023-01-01,2023-07-01,10-Q,2023,Q2,2023-07-28,0000050863-23-000069,
NetCashProvidedByUsedInOperatingActivities,USD,1023000000.0,2023-01-01,2023-07-01,10-Q,2024,Q2,2024-08-02,0000050863-24-000124,
NetCashProvidedByUsedInOperatingActivities,USD,6847000000.0,2023-01-01,2023-09-30,10-Q,2023,Q3,2023-10-27,0000050863-23-000103,
NetCashProvidedByUsedInOperatingActivities,USD,6847000000.0,2023-01-01,2023-09-30,10-Q,2024,Q3,2024-11-01,0000050863-24-000149,
NetCashProvidedByUsedInOperatingActivities,USD,11471000000.0,2023-01-01,2023-12-30,10-K,2023,FY,2024-01-26,0000050863-24-000010,
NetCashProvidedByUsedInOperatingActivities,USD,11471000000.0,2023-01-01,2023-12-30,10-K,2024,FY,2025-01-31,0000050863-25-000009,
NetCashProvidedByUsedInOperatingActivities,USD,11471000000.0,2023-01-01,2023-12-30,10-K,2025,FY,2026-01-23,0000050863-26-000011,CY2023
NetCashProvidedByUsedInOperatingActivities,USD,-1223000000.0,2023-12-31,2024-03-30,10-Q,2024,Q1,2024-04-26,0000050863-24-000076,
NetCashProvidedByUsedInOperatingActivities,USD,-1223000000.0,2023-12-31,2024-03-30,10-Q,2025,Q1,2025-04-25,0000050863-25-000074,CY2024Q1
NetCashProvidedByUsedInOperatingActivities,USD,1069000000.0,2023-12-31,2024-06-29,10-Q,2024,Q2,2024-08-02,0000050863-24-000124,
NetCashProvidedByUsedInOperatingActivities,USD,1069000000.0,2023-12-31,2024-06-29,10-Q,2025,Q2,2025-07-24,0000050863-25-000109,
NetCashProvidedByUsedInOperatingActivities,USD,5123000000.0,2023-12-31,2024-09-28,10-Q,2024,Q3,2024-11-01,0000050863-24-000149,
NetCashProvidedByUsedInOperatingActivities,USD,5123000000.0,2023-12-31,2024-09-28,10-Q,2025,Q3,2025-11-06,0000050863-25-000179,
NetCashProvidedByUsedInOperatingActivities,USD,8288000000.0,2023-12-31,2024-12-28,10-K,2024,FY,2025-01-31,0000050863-25-000009,
NetCashProvidedByUsedInOperatingActivities,USD,8288000000.0,2023-12-31,2024-12-28,10-K,2025,FY,2026-01-23,0000050863-26-000011,CY2024
NetCashProvidedByUsedInOperatingActivities,USD,813000000.0,2024-12-29,2025-03-29,10-Q,2025,Q1,2025-04-25,0000050863-25-000074,
NetCashProvidedByUsedInOperatingActivities,USD,813000000.0,2024-12-29,2025-03-29,10-Q,2026,Q1,2026-04-24,0000050863-26-000079,CY2025Q1
NetCashProvidedByUsedInOperatingActivities,USD,2863000000.0,2024-12-29,2025-06-28,10-Q,2025,Q2,2025-07-24,0000050863-25-000109,
NetCashProvidedByUsedInOperatingActivities,USD,2863000000.0,2024-12-29,2025-06-28,10-Q,2026,Q2,2026-07-24,0000050863-26-000157,
NetCashProvidedByUsedInOperatingActivities,USD,5409000000.0,2024-12-29,2025-09-27,10-Q,2025,Q3,2025-11-06,0000050863-25-000179,
NetCashProvidedByUsedInOperatingActivities,USD,9697000000.0,2024-12-29,2025-12-27,10-K,2025,FY,2026-01-23,0000050863-26-000011,CY2025
NetCashProvidedByUsedInOperatingActivities,USD,1096000000.0,2025-12-28,2026-03-28,10-Q,2026,Q1,2026-04-24,0000050863-26-000079,CY2026Q1
NetCashProvidedByUsedInOperatingActivities,USD,8102000000.0,2025-12-28,2026-06-27,10-Q,2026,Q2,2026-07-24,0000050863-26-000157,
NetIncomeLoss,USD,2046000000.0,2015-12-27,2016-04-02,10-Q,2016,Q1,2016-05-02,0000050863-16-000125,
NetIncomeLoss,USD,2046000000.0,2015-12-27,2016-04-02,10-Q,2017,Q1,2017-04-27,0000050863-17-000029,CY2016Q1
NetIncomeLoss,USD,3376000000.0,2015-12-27,2016-07-02,10-Q,2016,Q2,2016-08-01,0000050863-16-000142,
NetIncomeLoss,USD,3376000000.0,2015-12-27,2016-07-02,10-Q,2017,Q2,2017-07-27,0000050863-17-000041,
NetIncomeLoss,USD,1330000000.0,2016-04-03,2016-07-02,10-Q,2016,Q2,2016-08-01,0000050863-16-000142,
NetIncomeLoss,USD,1330000000.0,2016-04-03,2016-07-02,10-Q,2017,Q2,2017-07-27,0000050863-17-000041,CY2016Q2
NetIncomeLoss,USD,6754000000.0,2015-12-27,2016-10-01,10-Q,2016,Q3,2016-10-31,0000050863-16-000153,
NetIncomeLoss,USD,6754000000.0,2015-12-27,2016-10-01,10-Q,2017,Q3,2017-10-26,0000050863-17-000048,
NetIncomeLoss,USD,3378000000.0,2016-07-03,2016-10-01,10-Q,2016,Q3,2016-10-31,0000050863-16-000153,
NetIncomeLoss,USD,3378000000.0,2016-07-03,2016-10-01,10-Q,2017,Q3,2017-10-26,0000050863-17-000048,CY2016Q3
NetIncomeLoss,USD,10316000000.0,2015-12-27,2016-12-31,10-K,2016,FY,2017-02-17,0000050863-17-000012,
NetIncomeLoss,USD,10316000000.0,2015-12-27,2016-12-31,10-K,2017,FY,2018-02-16,0000050863-18-000007,
NetIncomeLoss,USD,10316000000.0,2015-12-27,2016-12-31,10-K,2018,FY,2019-02-01,0000050863-19-000007,CY2016
NetIncomeLoss,USD,2964000000.0,2017-01-01,2017-04-01,10-Q,2017,Q1,2017-04-27,0000050863-17-000029,
NetIncomeLoss,USD,2964000000.0,2017-01-01,2017-04-01,10-Q,2018,Q1,2018-04-27,0000050863-18-000013,CY2017Q1
NetIncomeLoss,USD,5772000000.0,2017-01-01,2017-07-01,10-Q,2017,Q2,2017-07-27,0000050863-17-000041,
NetIncomeLoss,USD,5772000000.0,2017-01-01,2017-07-01,10-Q,2018,Q2,2018-07-27,0000050863-18-000022,
NetIncomeLoss,USD,2808000000.0,2017-04-02,2017-07-01,10-Q,2017,Q2,2017-07-27,0000050863-17-000041,
NetIncomeLoss,USD,2808000000.0,2017-04-02,2017-07-01,10-Q,2018,Q2,2018-07-27,0000050863-18-000022,CY2017Q2
NetIncomeLoss,USD,10288000000.0,2017-01-01,2017-09-30,10-Q,2017,Q3,2017-10-26,0000050863-17-000048,
NetIncomeLoss,USD,10288000000.0,2017-01-01,2017-09-30,10-Q,2018,Q3,2018-10-26,0000050863-18-000029,
NetIncomeLoss,USD,4516000000.0,2017-07-02,2017-09-30,10-Q,2017,Q3,2017-10-26,0000050863-17-000048,
NetIncomeLoss,USD,4516000000.0,2017-07-02,2017-09-30,10-Q,2018,Q3,2018-10-26,0000050863-18-000029,CY2017Q3
NetIncomeLoss,USD,9601000000.0,2017-01-01,2017-12-30,10-K,2017,FY,2018-02-16,0000050863-18-000007,
NetIncomeLoss,USD,9601000000.0,2017-01-01,2017-12-30,10-K,2018,FY,2019-02-01,0000050863-19-000007,
NetIncomeLoss,USD,9601000000.0,2017-01-01,2017-12-30,10-K,2019,FY,2020-01-24,0000050863-20-000011,CY2017
NetIncomeLoss,USD,4454000000.0,2017-12-31,2018-03-31,10-Q,2018,Q1,2018-04-27,0000050863-18-000013,
NetIncomeLoss,USD,4454000000.0,2017-12-31,2018-03-31,10-Q,2019,Q1,2019-04-26,0000050863-19-000013,CY2018Q1
NetIncomeLoss,USD,9460000000.0,2017-12-31,2018-06-30,10-Q,2018,Q2,2018-07-27,0000050863-18-000022,
NetIncomeLoss,USD,9460000000.0,2017-12-31,2018-06-30,10-Q,2019,Q2,2019-07-26,0000050863-19-000023,
NetIncomeLoss,USD,5006000000.0,2018-04-01,2018-06-30,10-Q,2018,Q2,2018-07-27,0000050863-18-000022,
NetIncomeLoss,USD,5006000000.0,2018-04-01,2018-06-30,10-Q,2019,Q2,2019-07-26,0000050863-19-000023,CY2018Q2
NetIncomeLoss,USD,15858000000.0,2017-12-31,2018-09-29,10-Q,2018,Q3,2018-10-26,0000050863-18-000029,
NetIncomeLoss,USD,15858000000.0,2017-12-31,2018-09-29,10-Q,2019,Q3,2019-10-25,0000050863-19-000029,
NetIncomeLoss,USD,6398000000.0,2018-07-01,2018-09-29,10-Q,2018,Q3,2018-10-26,0000050863-18-000029,
NetIncomeLoss,USD,6398000000.0,2018-07-01,2018-09-29,10-Q,2019,Q3,2019-10-25,0000050863-19-000029,CY2018Q3
NetIncomeLoss,USD,21053000000.0,2017-12-31,2018-12-29,10-K,2018,FY,2019-02-01,0000050863-19-000007,
NetIncomeLoss,USD,21053000000.0,2017-12-31,2018-12-29,10-K,2019,FY,2020-01-24,0000050863-20-000011,
NetIncomeLoss,USD,21053000000.0,2017-12-31,2018-12-29,10-K,2020,FY,2021-01-22,0000050863-21-000010,CY2018
NetIncomeLoss,USD,3974000000.0,2018-12-30,2019-03-30,10-Q,2019,Q1,2019-04-26,0000050863-19-000013,
NetIncomeLoss,USD,3974000000.0,2018-12-30,2019-03-30,10-Q,2020,Q1,2020-04-24,0000050863-20-000017,CY2019Q1
NetIncomeLoss,USD,8153000000.0,2018-12-30,2019-06-29,10-Q,2019,Q2,2019-07-26,0000050863-19-000023,
NetIncomeLoss,USD,8153000000.0,2018-12-30,2019-06-29,10-Q,2020,Q2,2020-07-24,0000050863-20-000026,
NetIncomeLoss,USD,4179000000.0,2019-03-31,2019-06-29,10-Q,2019,Q2,2019-07-26,0000050863-19-000023,
NetIncomeLoss,USD,4179000000.0,2019-03-31,2019-06-29,10-Q,2020,Q2,2020-07-24,0000050863-20-000026,CY2019Q2
NetIncomeLoss,USD,14143000000.0,2018-12-30,2019-09-28,10-Q,2019,Q3,2019-10-25,0000050863-19-000029,
NetIncomeLoss,USD,14143000000.0,2018-12-30,2019-09-28,10-Q,2020,Q3,2020-10-23,0000050863-20-000043,
NetIncomeLoss,USD,5990000000.0,2019-06-30,2019-09-28,10-Q,2019,Q3,2019-10-25,0000050863-19-000029,
NetIncomeLoss,USD,5990000000.0,2019-06-30,2019-09-28,10-Q,2020,Q3,2020-10-23,0000050863-20-000043,CY2019Q3
NetIncomeLoss,USD,21048000000.0,2018-12-30,2019-12-28,10-K,2019,FY,2020-01-24,0000050863-20-000011,
NetIncomeLoss,USD,21048000000.0,2018-12-30,2019-12-28,10-K,2020,FY,2021-01-22,0000050863-21-000010,
NetIncomeLoss,USD,21048000000.0,2018-12-30,2019-12-28,10-K,2021,FY,2022-01-27,0000050863-22-000007,CY2019
NetIncomeLoss,USD,5661000000.0,2019-12-29,2020-03-28,10-Q,2020,Q1,2020-04-24,0000050863-20-000017,
NetIncomeLoss,USD,5661000000.0,2019-12-29,2020-03-28,10-Q,2021,Q1,2021-04-23,0000050863-21-000018,CY2020Q1
NetIncomeLoss,USD,10766000000.0,2019-12-29,2020-06-27,10-Q,2020,Q2,2020-07-24,0000050863-20-000026,
NetIncomeLoss,USD,10766000000.0,2019-12-29,2020-06-27,10-Q,2021,Q2,2021-07-23,0000050863-21-000030,
NetIncomeLoss,USD,5105000000.0,2020-03-29,2020-06-27,10-Q,2020,Q2,2020-07-24,0000050863-20-000026,
NetIncomeLoss,USD,5105000000.0,2020-03-29,2020-06-27,10-Q,2021,Q2,2021-07-23,0000050863-21-000030,CY2020Q2
NetIncomeLoss,USD,15042000000.0,2019-12-29,2020-09-26,10-Q,2020,Q3,2020-10-23,0000050863-20-000043,
NetIncomeLoss,USD,15042000000.0,2019-12-29,2020-09-26,10-Q,2021,Q3,2021-10-22,0000050863-21-000038,
NetIncomeLoss,USD,4276000000.0,2020-06-28,2020-09-26,10-Q,2020,Q3,2020-10-23,0000050863-20-000043,
NetIncomeLoss,USD,4276000000.0,2020-06-28,2020-09-26,10-Q,2021,Q3,2021-10-22,0000050863-21-000038,CY2020Q3
NetIncomeLoss,USD,20899000000.0,2019-12-29,2020-12-26,10-K,2020,FY,2021-01-22,0000050863-21-000010,
NetIncomeLoss,USD,20899000000.0,2019-12-29,2020-12-26,10-K,2021,FY,2022-01-27,0000050863-22-000007,
NetIncomeLoss,USD,20899000000.0,2019-12-29,2020-12-26,10-K,2022,FY,2023-01-27,0000050863-23-000006,CY2020
NetIncomeLoss,USD,3361000000.0,2020-12-27,2021-03-27,10-Q,2021,Q1,2021-04-23,0000050863-21-000018,
NetIncomeLoss,USD,3361000000.0,2020-12-27,2021-03-27,10-Q,2022,Q1,2022-04-29,0000050863-22-000020,CY2021Q1
NetIncomeLoss,USD,8422000000.0,2020-12-27,2021-06-26,10-Q,2021,Q2,2021-07-23,0000050863-21-000030,
NetIncomeLoss,USD,8422000000.0,2020-12-27,2021-06-26,10-Q,2022,Q2,2022-07-29,0000050863-22-000030,
NetIncomeLoss,USD,5061000000.0,2021-03-28,2021-06-26,10-Q,2021,Q2,2021-07-23,0000050863-21-000030,
NetIncomeLoss,USD,5061000000.0,2021-03-28,2021-06-26,10-Q,2022,Q2,2022-07-29,0000050863-22-000030,CY2021Q2
NetIncomeLoss,USD,15245000000.0,2020-12-27,2021-09-25,10-Q,2021,Q3,2021-10-22,0000050863-21-000038,
NetIncomeLoss,USD,15245000000.0,2020-12-27,2021-09-25,10-Q,2022,Q3,2022-10-28,0000050863-22-000038,
NetIncomeLoss,USD,6823000000.0,2021-06-27,2021-09-25,10-Q,2021,Q3,2021-10-22,0000050863-21-000038,
NetIncomeLoss,USD,6823000000.0,2021-06-27,2021-09-25,10-Q,2022,Q3,2022-10-28,0000050863-22-000038,CY2021Q3
NetIncomeLoss,USD,19868000000.0,2020-12-27,2021-12-25,10-K,2021,FY,2022-01-27,0000050863-22-000007,
NetIncomeLoss,USD,19868000000.0,2020-12-27,2021-12-25,10-K,2022,FY,2023-01-27,0000050863-23-000006,
NetIncomeLoss,USD,19868000000.0,2020-12-27,2021-12-25,10-K,2023,FY,2024-01-26,0000050863-24-000010,CY2021
NetIncomeLoss,USD,8113000000.0,2021-12-26,2022-04-02,10-Q,2022,Q1,2022-04-29,0000050863-22-000020,
NetIncomeLoss,USD,8113000000.0,2021-12-26,2022-04-02,10-Q,2023,Q1,2023-04-28,0000050863-23-000028,CY2022Q1
NetIncomeLoss,USD,7659000000.0,2021-12-26,2022-07-02,10-Q,2022,Q2,2022-07-29,0000050863-22-000030,
NetIncomeLoss,USD,7659000000.0,2021-12-26,2022-07-02,10-Q,2023,Q2,2023-07-28,0000050863-23-000069,
NetIncomeLoss,USD,-454000000.0,2022-04-03,2022-07-02,10-Q,2022,Q2,2022-07-29,0000050863-22-000030,
NetIncomeLoss,USD,-454000000.0,2022-04-03,2022-07-02,10-Q,2023,Q2,2023-07-28,0000050863-23-000069,CY2022Q2
NetIncomeLoss,USD,8678000000.0,2021-12-26,2022-10-01,10-Q,2022,Q3,2022-10-28,0000050863-22-000038,
NetIncomeLoss,USD,8678000000.0,2021-12-26,2022-10-01,10-Q,2023,Q3,2023-10-27,0000050863-23-000103,
NetIncomeLoss,USD,1019000000.0,2022-07-03,2022-10-01,10-Q,2022,Q3,2022-10-28,0000050863-22-000038,
NetIncomeLoss,USD,1019000000.0,2022-07-03,2022-10-01,10-Q,2023,Q3,2023-10-27,0000050863-23-000103,CY2022Q3
NetIncomeLoss,USD,8014000000.0,2021-12-26,2022-12-31,10-K,2022,FY,2023-01-27,0000050863-23-000006,
NetIncomeLoss,USD,8014000000.0,2021-12-26,2022-12-31,10-K,2023,FY,2024-01-26,0000050863-24-000010,
NetIncomeLoss,USD,8014000000.0,2021-12-26,2022-12-31,10-K,2024,FY,2025-01-31,0000050863-25-000009,CY2022
NetIncomeLoss,USD,-2758000000.0,2023-01-01,2023-04-01,10-Q,2023,Q1,2023-04-28,0000050863-23-000028,
NetIncomeLoss,USD,-2758000000.0,2023-01-01,2023-04-01,10-Q,2024,Q1,2024-04-26,0000050863-24-000076,CY2023Q1
NetIncomeLoss,USD,-1277000000.0,2023-01-01,2023-07-01,10-Q,2023,Q2,2023-07-28,0000050863-23-000069,
NetIncomeLoss,USD,-1277000000.0,2023-01-01,2023-07-01,10-Q,2024,Q2,2024-08-02,0000050863-24-000124,
NetIncomeLoss,USD,1481000000.0,2023-04-02,2023-07-01,10-Q,2023,Q2,2023-07-28,0000050863-23-000069,
NetIncomeLoss,USD,1481000000.0,2023-04-02,2023-07-01,10-Q,2024,Q2,2024-08-02,0000050863-24-000124,CY2023Q2
NetIncomeLoss,USD,-980000000.0,2023-01-01,2023-09-30,10-Q,2023,Q3,2023-10-27,0000050863-23-000103,
NetIncomeLoss,USD,-980000000.0,2023-01-01,2023-09-30,10-Q,2024,Q3,2024-11-01,0000050863-24-000149,
NetIncomeLoss,USD,297000000.0,2023-07-02,2023-09-30,10-Q,2023,Q3,2023-10-27,0000050863-23-000103,
NetIncomeLoss,USD,297000000.0,2023-07-02,2023-09-30,10-Q,2024,Q3,2024-11-01,0000050863-24-000149,CY2023Q3
NetIncomeLoss,USD,1689000000.0,2023-01-01,2023-12-30,10-K,2023,FY,2024-01-26,0000050863-24-000010,
NetIncomeLoss,USD,1689000000.0,2023-01-01,2023-12-30,10-K,2024,FY,2025-01-31,0000050863-25-000009,
NetIncomeLoss,USD,1689000000.0,2023-01-01,2023-12-30,10-K,2025,FY,2026-01-23,0000050863-26-000011,CY2023
NetIncomeLoss,USD,-381000000.0,2023-12-31,2024-03-30,10-Q,2024,Q1,2024-04-26,0000050863-24-000076,
NetIncomeLoss,USD,-381000000.0,2023-12-31,2024-03-30,10-Q,2025,Q1,2025-04-25,0000050863-25-000074,CY2024Q1
NetIncomeLoss,USD,-1991000000.0,2023-12-31,2024-06-29,10-Q,2024,Q2,2024-08-02,0000050863-24-000124,
NetIncomeLoss,USD,-1991000000.0,2023-12-31,2024-06-29,10-Q,2025,Q2,2025-07-24,0000050863-25-000109,
NetIncomeLoss,USD,-1610000000.0,2024-03-31,2024-06-29,10-Q,2024,Q2,2024-08-02,0000050863-24-000124,
NetIncomeLoss,USD,-1610000000.0,2024-03-31,2024-06-29,10-Q,2025,Q2,2025-07-24,0000050863-25-000109,CY2024Q2
NetIncomeLoss,USD,-18630000000.0,2023-12-31,2024-09-28,10-Q,2024,Q3,2024-11-01,0000050863-24-000149,
NetIncomeLoss,USD,-18630000000.0,2023-12-31,2024-09-28,10-Q,2025,Q3,2025-11-06,0000050863-25-000179,
NetIncomeLoss,USD,-16639000000.0,2024-06-30,2024-09-28,10-Q,2024,Q3,2024-11-01,0000050863-24-000149,
NetIncomeLoss,USD,-16639000000.0,2024-06-30,2024-09-28,10-Q,2025,Q3,2025-11-06,0000050863-25-000179,CY2024Q3
NetIncomeLoss,USD,-18756000000.0,2023-12-31,2024-12-28,10-K,2024,FY,2025-01-31,0000050863-25-000009,
NetIncomeLoss,USD,-18756000000.0,2023-12-31,2024-12-28,10-K,2025,FY,2026-01-23,0000050863-26-000011,CY2024
NetIncomeLoss,USD,-821000000.0,2024-12-29,2025-03-29,10-Q,2025,Q1,2025-04-25,0000050863-25-000074,
NetIncomeLoss,USD,-821000000.0,2024-12-29,2025-03-29,10-Q,2026,Q1,2026-04-24,0000050863-26-000079,CY2025Q1
NetIncomeLoss,USD,-3739000000.0,2024-12-29,2025-06-28,10-Q,2025,Q2,2025-07-24,0000050863-25-000109,
NetIncomeLoss,USD,-3739000000.0,2024-12-29,2025-06-28,10-Q,2026,Q2,2026-07-24,0000050863-26-000157,
NetIncomeLoss,USD,-2918000000.0,2025-03-30,2025-06-28,10-Q,2025,Q2,2025-07-24,0000050863-25-000109,
NetIncomeLoss,USD,-2918000000.0,2025-03-30,2025-06-28,10-Q,2026,Q2,2026-07-24,0000050863-26-000157,CY2025Q2
NetIncomeLoss,USD,324000000.0,2024-12-29,2025-09-27,10-Q,2025,Q3,2025-11-06,0000050863-25-000179,
NetIncomeLoss,USD,4063000000.0,2025-06-29,2025-09-27,10-Q,2025,Q3,2025-11-06,0000050863-25-000179,CY2025Q3
NetIncomeLoss,USD,-267000000.0,2024-12-29,2025-12-27,10-K,2025,FY,2026-01-23,0000050863-26-000011,CY2025
NetIncomeLoss,USD,-3728000000.0,2025-12-28,2026-03-28,10-Q,2026,Q1,2026-04-24,0000050863-26-000079,CY2026Q1
NetIncomeLoss,USD,-14761000000.0,2025-12-28,2026-06-27,10-Q,2026,Q2,2026-07-24,0000050863-26-000157,
NetIncomeLoss,USD,-11033000000.0,2026-03-29,2026-06-27,10-Q,2026,Q2,2026-07-24,0000050863-26-000157,CY2026Q2
OperatingIncomeLoss,USD,2568000000.0,2015-12-27,2016-04-02,10-Q,2016,Q1,2016-05-02,0000050863-16-000125,
OperatingIncomeLoss,USD,2568000000.0,2015-12-27,2016-04-02,10-Q,2017,Q1,2017-04-27,0000050863-17-000029,CY2016Q1
OperatingIncomeLoss,USD,3886000000.0,2015-12-27,2016-07-02,10-Q,2016,Q2,2016-08-01,0000050863-16-000142,
OperatingIncomeLoss,USD,3886000000.0,2015-12-27,2016-07-02,10-Q,2017,Q2,2017-07-27,0000050863-17-000041,
OperatingIncomeLoss,USD,1318000000.0,2016-04-03,2016-07-02,10-Q,2016,Q2,2016-08-01,0000050863-16-000142,
OperatingIncomeLoss,USD,1318000000.0,2016-04-03,2016-07-02,10-Q,2017,Q2,2017-07-27,0000050863-17-000041,CY2016Q2
OperatingIncomeLoss,USD,8348000000.0,2015-12-27,2016-10-01,10-Q,2016,Q3,2016-10-31,0000050863-16-000153,
OperatingIncomeLoss,USD,8348000000.0,2015-12-27,2016-10-01,10-Q,2017,Q3,2017-10-26,0000050863-17-000048,
OperatingIncomeLoss,USD,4462000000.0,2016-07-03,2016-10-01,10-Q,2016,Q3,2016-10-31,0000050863-16-000153,
OperatingIncomeLoss,USD,4462000000.0,2016-07-03,2016-10-01,10-Q,2017,Q3,2017-10-26,0000050863-17-000048,CY2016Q3
OperatingIncomeLoss,USD,12874000000.0,2015-12-27,2016-12-31,10-K,2016,FY,2017-02-17,0000050863-17-000012,
OperatingIncomeLoss,USD,12874000000.0,2015-12-27,2016-12-31,10-K,2017,FY,2018-02-16,0000050863-18-000007,
OperatingIncomeLoss,USD,13133000000.0,2015-12-27,2016-12-31,10-K,2018,FY,2019-02-01,0000050863-19-000007,CY2016
OperatingIncomeLoss,USD,3599000000.0,2017-01-01,2017-04-01,10-Q,2017,Q1,2017-04-27,0000050863-17-000029,
OperatingIncomeLoss,USD,3632000000.0,2017-01-01,2017-04-01,10-Q,2018,Q1,2018-04-27,0000050863-18-000013,CY2017Q1
OperatingIncomeLoss,USD,7426000000.0,2017-01-01,2017-07-01,10-Q,2017,Q2,2017-07-27,0000050863-17-000041,
OperatingIncomeLoss,USD,7474000000.0,2017-01-01,2017-07-01,10-Q,2018,Q2,2018-07-27,0000050863-18-000022,
OperatingIncomeLoss,USD,3827000000.0,2017-04-02,2017-07-01,10-Q,2017,Q2,2017-07-27,0000050863-17-000041,
OperatingIncomeLoss,USD,3842000000.0,2017-04-02,2017-07-01,10-Q,2018,Q2,2018-07-27,0000050863-18-000022,CY2017Q2
OperatingIncomeLoss,USD,12541000000.0,2017-01-01,2017-09-30,10-Q,2017,Q3,2017-10-26,0000050863-17-000048,
OperatingIncomeLoss,USD,12615000000.0,2017-01-01,2017-09-30,10-Q,2018,Q3,2018-10-26,0000050863-18-000029,
OperatingIncomeLoss,USD,5115000000.0,2017-07-02,2017-09-30,10-Q,2017,Q3,2017-10-26,0000050863-17-000048,
OperatingIncomeLoss,USD,5141000000.0,2017-07-02,2017-09-30,10-Q,2018,Q3,2018-10-26,0000050863-18-000029,CY2017Q3
OperatingIncomeLoss,USD,17936000000.0,2017-01-01,2017-12-30,10-K,2017,FY,2018-02-16,0000050863-18-000007,
OperatingIncomeLoss,USD,18050000000.0,2017-01-01,2017-12-30,10-K,2018,FY,2019-02-01,0000050863-19-000007,
OperatingIncomeLoss,USD,18050000000.0,2017-01-01,2017-12-30,10-K,2019,FY,2020-01-24,0000050863-20-000011,CY2017
OperatingIncomeLoss,USD,4470000000.0,2017-12-31,2018-03-31,10-Q,2018,Q1,2018-04-27,0000050863-18-000013,
OperatingIncomeLoss,USD,4470000000.0,2017-12-31,2018-03-31,10-Q,2019,Q1,2019-04-26,0000050863-19-000013,CY2018Q1
OperatingIncomeLoss,USD,9743000000.0,2017-12-31,2018-06-30,10-Q,2018,Q2,2018-07-27,0000050863-18-000022,
OperatingIncomeLoss,USD,9743000000.0,2017-12-31,2018-06-30,10-Q,2019,Q2,2019-07-26,0000050863-19-000023,
OperatingIncomeLoss,USD,5273000000.0,2018-04-01,2018-06-30,10-Q,2018,Q2,2018-07-27,0000050863-18-000022,
OperatingIncomeLoss,USD,5273000000.0,2018-04-01,2018-06-30,10-Q,2019,Q2,2019-07-26,0000050863-19-000023,CY2018Q2
OperatingIncomeLoss,USD,17092000000.0,2017-12-31,2018-09-29,10-Q,2018,Q3,2018-10-26,0000050863-18-000029,
OperatingIncomeLoss,USD,17092000000.0,2017-12-31,2018-09-29,10-Q,2019,Q3,2019-10-25,0000050863-19-000029,
OperatingIncomeLoss,USD,7349000000.0,2018-07-01,2018-09-29,10-Q,2018,Q3,2018-10-26,0000050863-18-000029,
OperatingIncomeLoss,USD,7349000000.0,2018-07-01,2018-09-29,10-Q,2019,Q3,2019-10-25,0000050863-19-000029,CY2018Q3
OperatingIncomeLoss,USD,23316000000.0,2017-12-31,2018-12-29,10-K,2018,FY,2019-02-01,0000050863-19-000007,
OperatingIncomeLoss,USD,23316000000.0,2017-12-31,2018-12-29,10-K,2019,FY,2020-01-24,0000050863-20-000011,
OperatingIncomeLoss,USD,23316000000.0,2017-12-31,2018-12-29,10-K,2020,FY,2021-01-22,0000050863-21-000010,CY2018
OperatingIncomeLoss,USD,4174000000.0,2018-12-30,2019-03-30,10-Q,2019,Q1,2019-04-26,0000050863-19-000013,
OperatingIncomeLoss,USD,4174000000.0,2018-12-30,2019-03-30,10-Q,2020,Q1,2020-04-24,0000050863-20-000017,CY2019Q1
OperatingIncomeLoss,USD,8791000000.0,2018-12-30,2019-06-29,10-Q,2019,Q2,2019-07-26,0000050863-19-000023,
OperatingIncomeLoss,USD,8791000000.0,2018-12-30,2019-06-29,10-Q,2020,Q2,2020-07-24,0000050863-20-000026,
OperatingIncomeLoss,USD,4617000000.0,2019-03-31,2019-06-29,10-Q,2019,Q2,2019-07-26,0000050863-19-000023,
OperatingIncomeLoss,USD,4617000000.0,2019-03-31,2019-06-29,10-Q,2020,Q2,2020-07-24,0000050863-20-000026,CY2019Q2
OperatingIncomeLoss,USD,15238000000.0,2018-12-30,2019-09-28,10-Q,2019,Q3,2019-10-25,0000050863-19-000029,
OperatingIncomeLoss,USD,15238000000.0,2018-12-30,2019-09-28,10-Q,2020,Q3,2020-10-23,0000050863-20-000043,
OperatingIncomeLoss,USD,6447000000.0,2019-06-30,2019-09-28,10-Q,2019,Q3,2019-10-25,0000050863-19-000029,
OperatingIncomeLoss,USD,6447000000.0,2019-06-30,2019-09-28,10-Q,2020,Q3,2020-10-23,0000050863-20-000043,CY2019Q3
OperatingIncomeLoss,USD,22035000000.0,2018-12-30,2019-12-28,10-K,2019,FY,2020-01-24,0000050863-20-000011,
OperatingIncomeLoss,USD,22035000000.0,2018-12-30,2019-12-28,10-K,2020,FY,2021-01-22,0000050863-21-000010,
OperatingIncomeLoss,USD,22035000000.0,2018-12-30,2019-12-28,10-K,2021,FY,2022-01-27,0000050863-22-000007,CY2019
OperatingIncomeLoss,USD,7038000000.0,2019-12-29,2020-03-28,10-Q,2020,Q1,2020-04-24,0000050863-20-000017,
OperatingIncomeLoss,USD,7038000000.0,2019-12-29,2020-03-28,10-Q,2021,Q1,2021-04-23,0000050863-21-000018,CY2020Q1
OperatingIncomeLoss,USD,12735000000.0,2019-12-29,2020-06-27,10-Q,2020,Q2,2020-07-24,0000050863-20-000026,
OperatingIncomeLoss,USD,12735000000.0,2019-12-29,2020-06-27,10-Q,2021,Q2,2021-07-23,0000050863-21-000030,
OperatingIncomeLoss,USD,5697000000.0,2020-03-29,2020-06-27,10-Q,2020,Q2,2020-07-24,0000050863-20-000026,
OperatingIncomeLoss,USD,5697000000.0,2020-03-29,2020-06-27,10-Q,2021,Q2,2021-07-23,0000050863-21-000030,CY2020Q2
OperatingIncomeLoss,USD,17794000000.0,2019-12-29,2020-09-26,10-Q,2020,Q3,2020-10-23,0000050863-20-000043,
OperatingIncomeLoss,USD,17794000000.0,2019-12-29,2020-09-26,10-Q,2021,Q3,2021-10-22,0000050863-21-000038,
OperatingIncomeLoss,USD,5059000000.0,2020-06-28,2020-09-26,10-Q,2020,Q3,2020-10-23,0000050863-20-000043,
OperatingIncomeLoss,USD,5059000000.0,2020-06-28,2020-09-26,10-Q,2021,Q3,2021-10-22,0000050863-21-000038,CY2020Q3
OperatingIncomeLoss,USD,23678000000.0,2019-12-29,2020-12-26,10-K,2020,FY,2021-01-22,0000050863-21-000010,
OperatingIncomeLoss,USD,23678000000.0,2019-12-29,2020-12-26,10-K,2021,FY,2022-01-27,0000050863-22-000007,
OperatingIncomeLoss,USD,23678000000.0,2019-12-29,2020-12-26,10-K,2022,FY,2023-01-27,0000050863-23-000006,CY2020
OperatingIncomeLoss,USD,3694000000.0,2020-12-27,2021-03-27,10-Q,2021,Q1,2021-04-23,0000050863-21-000018,
OperatingIncomeLoss,USD,3694000000.0,2020-12-27,2021-03-27,10-Q,2022,Q1,2022-04-29,0000050863-22-000020,CY2021Q1
OperatingIncomeLoss,USD,9240000000.0,2020-12-27,2021-06-26,10-Q,2021,Q2,2021-07-23,0000050863-21-000030,
OperatingIncomeLoss,USD,9240000000.0,2020-12-27,2021-06-26,10-Q,2022,Q2,2022-07-29,0000050863-22-000030,
OperatingIncomeLoss,USD,5546000000.0,2021-03-28,2021-06-26,10-Q,2021,Q2,2021-07-23,0000050863-21-000030,
OperatingIncomeLoss,USD,5546000000.0,2021-03-28,2021-06-26,10-Q,2022,Q2,2022-07-29,0000050863-22-000030,CY2021Q2
OperatingIncomeLoss,USD,14467000000.0,2020-12-27,2021-09-25,10-Q,2021,Q3,2021-10-22,0000050863-21-000038,
OperatingIncomeLoss,USD,14467000000.0,2020-12-27,2021-09-25,10-Q,2022,Q3,2022-10-28,0000050863-22-000038,
OperatingIncomeLoss,USD,5227000000.0,2021-06-27,2021-09-25,10-Q,2021,Q3,2021-10-22,0000050863-21-000038,
OperatingIncomeLoss,USD,5227000000.0,2021-06-27,2021-09-25,10-Q,2022,Q3,2022-10-28,0000050863-22-000038,CY2021Q3
OperatingIncomeLoss,USD,19456000000.0,2020-12-27,2021-12-25,10-K,2021,FY,2022-01-27,0000050863-22-000007,
OperatingIncomeLoss,USD,19456000000.0,2020-12-27,2021-12-25,10-K,2022,FY,2023-01-27,0000050863-23-000006,
OperatingIncomeLoss,USD,19456000000.0,2020-12-27,2021-12-25,10-K,2023,FY,2024-01-26,0000050863-24-000010,CY2021
OperatingIncomeLoss,USD,4341000000.0,2021-12-26,2022-04-02,10-Q,2022,Q1,2022-04-29,0000050863-22-000020,
OperatingIncomeLoss,USD,4341000000.0,2021-12-26,2022-04-02,10-Q,2023,Q1,2023-04-28,0000050863-23-000028,CY2022Q1
OperatingIncomeLoss,USD,3641000000.0,2021-12-26,2022-07-02,10-Q,2022,Q2,2022-07-29,0000050863-22-000030,
OperatingIncomeLoss,USD,3641000000.0,2021-12-26,2022-07-02,10-Q,2023,Q2,2023-07-28,0000050863-23-000069,
OperatingIncomeLoss,USD,-2484000000.0,2021-12-26,2022-07-02,10-Q,2024,Q2,2024-08-02,0000050863-24-000124,
OperatingIncomeLoss,USD,-700000000.0,2022-04-03,2022-07-02,10-Q,2022,Q2,2022-07-29,0000050863-22-000030,
OperatingIncomeLoss,USD,-700000000.0,2022-04-03,2022-07-02,10-Q,2023,Q2,2023-07-28,0000050863-23-000069,CY2022Q2
OperatingIncomeLoss,USD,3466000000.0,2021-12-26,2022-10-01,10-Q,2022,Q3,2022-10-28,0000050863-22-000038,
OperatingIncomeLoss,USD,3466000000.0,2021-12-26,2022-10-01,10-Q,2023,Q3,2023-10-27,0000050863-23-000103,
OperatingIncomeLoss,USD,-175000000.0,2022-07-03,2022-10-01,10-Q,2022,Q3,2022-10-28,0000050863-22-000038,
OperatingIncomeLoss,USD,-175000000.0,2022-07-03,2022-10-01,10-Q,2023,Q3,2023-10-27,0000050863-23-000103,CY2022Q3
OperatingIncomeLoss,USD,2334000000.0,2021-12-26,2022-12-31,10-K,2022,FY,2023-01-27,0000050863-23-000006,
OperatingIncomeLoss,USD,2334000000.0,2021-12-26,2022-12-31,10-K,2023,FY,2024-01-26,0000050863-24-000010,
OperatingIncomeLoss,USD,2334000000.0,2021-12-26,2022-12-31,10-K,2024,FY,2025-01-31,0000050863-25-000009,CY2022
OperatingIncomeLoss,USD,-1468000000.0,2023-01-01,2023-04-01,10-Q,2023,Q1,2023-04-28,0000050863-23-000028,
OperatingIncomeLoss,USD,-1468000000.0,2023-01-01,2023-04-01,10-Q,2024,Q1,2024-04-26,0000050863-24-000076,CY2023Q1
OperatingIncomeLoss,USD,-2484000000.0,2023-01-01,2023-07-01,10-Q,2023,Q2,2023-07-28,0000050863-23-000069,
OperatingIncomeLoss,USD,-2484000000.0,2023-01-01,2023-07-01,10-Q,2024,Q2,2024-08-02,0000050863-24-000124,
OperatingIncomeLoss,USD,-1016000000.0,2023-04-02,2023-07-01,10-Q,2023,Q2,2023-07-28,0000050863-23-000069,
OperatingIncomeLoss,USD,-1016000000.0,2023-04-02,2023-07-01,10-Q,2024,Q2,2024-08-02,0000050863-24-000124,CY2023Q2
OperatingIncomeLoss,USD,-2492000000.0,2023-01-01,2023-09-30,10-Q,2023,Q3,2023-10-27,0000050863-23-000103,
OperatingIncomeLoss,USD,-2492000000.0,2023-01-01,2023-09-30,10-Q,2024,Q3,2024-11-01,0000050863-24-000149,
OperatingIncomeLoss,USD,-8000000.0,2023-07-02,2023-09-30,10-Q,2023,Q3,2023-10-27,0000050863-23-000103,
OperatingIncomeLoss,USD,-8000000.0,2023-07-02,2023-09-30,10-Q,2024,Q3,2024-11-01,0000050863-24-000149,CY2023Q3
OperatingIncomeLoss,USD,93000000.0,2023-01-01,2023-12-30,10-K,2023,FY,2024-01-26,0000050863-24-000010,
OperatingIncomeLoss,USD,93000000.0,2023-01-01,2023-12-30,10-K,2024,FY,2025-01-31,0000050863-25-000009,
OperatingIncomeLoss,USD,93000000.0,2023-01-01,2023-12-30,10-K,2025,FY,2026-01-23,0000050863-26-000011,CY2023
OperatingIncomeLoss,USD,-1069000000.0,2023-12-31,2024-03-30,10-Q,2024,Q1,2024-04-26,0000050863-24-000076,
OperatingIncomeLoss,USD,-1069000000.0,2023-12-31,2024-03-30,10-Q,2025,Q1,2025-04-25,0000050863-25-000074,CY2024Q1
OperatingIncomeLoss,USD,-3033000000.0,2023-12-31,2024-06-29,10-Q,2024,Q2,2024-08-02,0000050863-24-000124,
OperatingIncomeLoss,USD,-3033000000.0,2023-12-31,2024-06-29,10-Q,2025,Q2,2025-07-24,0000050863-25-000109,
OperatingIncomeLoss,USD,-1964000000.0,2024-03-31,2024-06-29,10-Q,2024,Q2,2024-08-02,0000050863-24-000124,
OperatingIncomeLoss,USD,-1964000000.0,2024-03-31,2024-06-29,10-Q,2025,Q2,2025-07-24,0000050863-25-000109,CY2024Q2
OperatingIncomeLoss,USD,-12090000000.0,2023-12-31,2024-09-28,10-Q,2024,Q3,2024-11-01,0000050863-24-000149,
OperatingIncomeLoss,USD,-12090000000.0,2023-12-31,2024-09-28,10-Q,2025,Q3,2025-11-06,0000050863-25-000179,
OperatingIncomeLoss,USD,-9057000000.0,2024-06-30,2024-09-28,10-Q,2024,Q3,2024-11-01,0000050863-24-000149,
OperatingIncomeLoss,USD,-9057000000.0,2024-06-30,2024-09-28,10-Q,2025,Q3,2025-11-06,0000050863-25-000179,CY2024Q3
OperatingIncomeLoss,USD,-11678000000.0,2023-12-31,2024-12-28,10-K,2024,FY,2025-01-31,0000050863-25-000009,
OperatingIncomeLoss,USD,-11678000000.0,2023-12-31,2024-12-28,10-K,2025,FY,2026-01-23,0000050863-26-000011,CY2024
OperatingIncomeLoss,USD,-301000000.0,2024-12-29,2025-03-29,10-Q,2025,Q1,2025-04-25,0000050863-25-000074,
OperatingIncomeLoss,USD,-301000000.0,2024-12-29,2025-03-29,10-Q,2026,Q1,2026-04-24,0000050863-26-000079,CY2025Q1
OperatingIncomeLoss,USD,-3477000000.0,2024-12-29,2025-06-28,10-Q,2025,Q2,2025-07-24,0000050863-25-000109,
OperatingIncomeLoss,USD,-3477000000.0,2024-12-29,2025-06-28,10-Q,2026,Q2,2026-07-24,0000050863-26-000157,
OperatingIncomeLoss,USD,-3176000000.0,2025-03-30,2025-06-28,10-Q,2025,Q2,2025-07-24,0000050863-25-000109,
OperatingIncomeLoss,USD,-3176000000.0,2025-03-30,2025-06-28,10-Q,2026,Q2,2026-07-24,0000050863-26-000157,CY2025Q2
OperatingIncomeLoss,USD,-2794000000.0,2024-12-29,2025-09-27,10-Q,2025,Q3,2025-11-06,0000050863-25-000179,
OperatingIncomeLoss,USD,683000000.0,2025-06-29,2025-09-27,10-Q,2025,Q3,2025-11-06,0000050863-25-000179,CY2025Q3
OperatingIncomeLoss,USD,-2214000000.0,2024-12-29,2025-12-27,10-K,2025,FY,2026-01-23,0000050863-26-000011,CY2025
OperatingIncomeLoss,USD,-3136000000.0,2025-12-28,2026-03-28,10-Q,2026,Q1,2026-04-24,0000050863-26-000079,CY2026Q1
OperatingIncomeLoss,USD,-1340000000.0,2025-12-28,2026-06-27,10-Q,2026,Q2,2026-07-24,0000050863-26-000157,
OperatingIncomeLoss,USD,1796000000.0,2026-03-29,2026-06-27,10-Q,2026,Q2,2026-07-24,0000050863-26-000157,CY2026Q2
PaymentsToAcquirePropertyPlantAndEquipment,USD,1346000000.0,2015-12-27,2016-04-02,10-Q,2016,Q1,2016-05-02,0000050863-16-000125,
PaymentsToAcquirePropertyPlantAndEquipment,USD,1346000000.0,2015-12-27,2016-04-02,10-Q,2017,Q1,2017-04-27,0000050863-17-000029,CY2016Q1
PaymentsToAcquirePropertyPlantAndEquipment,USD,3632000000.0,2015-12-27,2016-07-02,10-Q,2016,Q2,2016-08-01,0000050863-16-000142,
PaymentsToAcquirePropertyPlantAndEquipment,USD,3632000000.0,2015-12-27,2016-07-02,10-Q,2017,Q2,2017-07-27,0000050863-17-000041,
PaymentsToAcquirePropertyPlantAndEquipment,USD,6095000000.0,2015-12-27,2016-10-01,10-Q,2016,Q3,2016-10-31,0000050863-16-000153,
PaymentsToAcquirePropertyPlantAndEquipment,USD,6095000000.0,2015-12-27,2016-10-01,10-Q,2017,Q3,2017-10-26,0000050863-17-000048,
PaymentsToAcquirePropertyPlantAndEquipment,USD,9625000000.0,2015-12-27,2016-12-31,10-K,2016,FY,2017-02-17,0000050863-17-000012,
PaymentsToAcquirePropertyPlantAndEquipment,USD,9625000000.0,2015-12-27,2016-12-31,10-K,2017,FY,2018-02-16,0000050863-18-000007,
PaymentsToAcquirePropertyPlantAndEquipment,USD,9625000000.0,2015-12-27,2016-12-31,10-K,2018,FY,2019-02-01,0000050863-19-000007,CY2016
PaymentsToAcquirePropertyPlantAndEquipment,USD,1952000000.0,2017-01-01,2017-04-01,10-Q,2017,Q1,2017-04-27,0000050863-17-000029,
PaymentsToAcquirePropertyPlantAndEquipment,USD,1952000000.0,2017-01-01,2017-04-01,10-Q,2018,Q1,2018-04-27,0000050863-18-000013,CY2017Q1
PaymentsToAcquirePropertyPlantAndEquipment,USD,4730000000.0,2017-01-01,2017-07-01,10-Q,2017,Q2,2017-07-27,0000050863-17-000041,
PaymentsToAcquirePropertyPlantAndEquipment,USD,4730000000.0,2017-01-01,2017-07-01,10-Q,2018,Q2,2018-07-27,0000050863-18-000022,
PaymentsToAcquirePropertyPlantAndEquipment,USD,7709000000.0,2017-01-01,2017-09-30,10-Q,2017,Q3,2017-10-26,0000050863-17-000048,
PaymentsToAcquirePropertyPlantAndEquipment,USD,7709000000.0,2017-01-01,2017-09-30,10-Q,2018,Q3,2018-10-26,0000050863-18-000029,
PaymentsToAcquirePropertyPlantAndEquipment,USD,11778000000.0,2017-01-01,2017-12-30,10-K,2017,FY,2018-02-16,0000050863-18-000007,
PaymentsToAcquirePropertyPlantAndEquipment,USD,11778000000.0,2017-01-01,2017-12-30,10-K,2018,FY,2019-02-01,0000050863-19-000007,
PaymentsToAcquirePropertyPlantAndEquipment,USD,11778000000.0,2017-01-01,2017-12-30,10-K,2019,FY,2020-01-24,0000050863-20-000011,CY2017
PaymentsToAcquirePropertyPlantAndEquipment,USD,2910000000.0,2017-12-31,2018-03-31,10-Q,2018,Q1,2018-04-27,0000050863-18-000013,
PaymentsToAcquirePropertyPlantAndEquipment,USD,2910000000.0,2017-12-31,2018-03-31,10-Q,2019,Q1,2019-04-26,0000050863-19-000013,CY2018Q1
PaymentsToAcquirePropertyPlantAndEquipment,USD,7440000000.0,2017-12-31,2018-06-30,10-Q,2018,Q2,2018-07-27,0000050863-18-000022,
PaymentsToAcquirePropertyPlantAndEquipment,USD,7440000000.0,2017-12-31,2018-06-30,10-Q,2019,Q2,2019-07-26,0000050863-19-000023,
PaymentsToAcquirePropertyPlantAndEquipment,USD,11291000000.0,2017-12-31,2018-09-29,10-Q,2018,Q3,2018-10-26,0000050863-18-000029,
PaymentsToAcquirePropertyPlantAndEquipment,USD,11291000000.0,2017-12-31,2018-09-29,10-Q,2019,Q3,2019-10-25,0000050863-19-000029,
PaymentsToAcquirePropertyPlantAndEquipment,USD,15181000000.0,2017-12-31,2018-12-29,10-K,2018,FY,2019-02-01,0000050863-19-000007,
PaymentsToAcquirePropertyPlantAndEquipment,USD,15181000000.0,2017-12-31,2018-12-29,10-K,2019,FY,2020-01-24,0000050863-20-000011,
PaymentsToAcquirePropertyPlantAndEquipment,USD,15181000000.0,2017-12-31,2018-12-29,10-K,2020,FY,2021-01-22,0000050863-21-000010,CY2018
PaymentsToAcquirePropertyPlantAndEquipment,USD,3321000000.0,2018-12-30,2019-03-30,10-Q,2019,Q1,2019-04-26,0000050863-19-000013,
PaymentsToAcquirePropertyPlantAndEquipment,USD,3321000000.0,2018-12-30,2019-03-30,10-Q,2020,Q1,2020-04-24,0000050863-20-000017,CY2019Q1
PaymentsToAcquirePropertyPlantAndEquipment,USD,6875000000.0,2018-12-30,2019-06-29,10-Q,2019,Q2,2019-07-26,0000050863-19-000023,
PaymentsToAcquirePropertyPlantAndEquipment,USD,6875000000.0,2018-12-30,2019-06-29,10-Q,2020,Q2,2020-07-24,0000050863-20-000026,
PaymentsToAcquirePropertyPlantAndEquipment,USD,11547000000.0,2018-12-30,2019-09-28,10-Q,2019,Q3,2019-10-25,0000050863-19-000029,
PaymentsToAcquirePropertyPlantAndEquipment,USD,11547000000.0,2018-12-30,2019-09-28,10-Q,2020,Q3,2020-10-23,0000050863-20-000043,
PaymentsToAcquirePropertyPlantAndEquipment,USD,16213000000.0,2018-12-30,2019-12-28,10-K,2019,FY,2020-01-24,0000050863-20-000011,
PaymentsToAcquirePropertyPlantAndEquipment,USD,16213000000.0,2018-12-30,2019-12-28,10-K,2020,FY,2021-01-22,0000050863-21-000010,
PaymentsToAcquirePropertyPlantAndEquipment,USD,16213000000.0,2018-12-30,2019-12-28,10-K,2021,FY,2022-01-27,0000050863-22-000007,CY2019
PaymentsToAcquirePropertyPlantAndEquipment,USD,3268000000.0,2019-12-29,2020-03-28,10-Q,2020,Q1,2020-04-24,0000050863-20-000017,
PaymentsToAcquirePropertyPlantAndEquipment,USD,3268000000.0,2019-12-29,2020-03-28,10-Q,2021,Q1,2021-04-23,0000050863-21-000018,CY2020Q1
PaymentsToAcquirePropertyPlantAndEquipment,USD,6676000000.0,2019-12-29,2020-06-27,10-Q,2020,Q2,2020-07-24,0000050863-20-000026,
PaymentsToAcquirePropertyPlantAndEquipment,USD,6676000000.0,2019-12-29,2020-06-27,10-Q,2021,Q2,2021-07-23,0000050863-21-000030,
PaymentsToAcquirePropertyPlantAndEquipment,USD,10392000000.0,2019-12-29,2020-09-26,10-Q,2020,Q3,2020-10-23,0000050863-20-000043,
PaymentsToAcquirePropertyPlantAndEquipment,USD,10392000000.0,2019-12-29,2020-09-26,10-Q,2021,Q3,2021-10-22,0000050863-21-000038,
PaymentsToAcquirePropertyPlantAndEquipment,USD,14259000000.0,2019-12-29,2020-12-26,10-K,2020,FY,2021-01-22,0000050863-21-000010,
PaymentsToAcquirePropertyPlantAndEquipment,USD,14259000000.0,2019-12-29,2020-12-26,10-K,2021,FY,2022-01-27,0000050863-22-000007,
PaymentsToAcquirePropertyPlantAndEquipment,USD,14259000000.0,2019-12-29,2020-12-26,10-K,2022,FY,2023-01-27,0000050863-23-000006,CY2020
PaymentsToAcquirePropertyPlantAndEquipment,USD,3972000000.0,2020-12-27,2021-03-27,10-Q,2021,Q1,2021-04-23,0000050863-21-000018,
PaymentsToAcquirePropertyPlantAndEquipment,USD,3972000000.0,2020-12-27,2021-03-27,10-Q,2022,Q1,2022-04-29,0000050863-22-000020,CY2021Q1
PaymentsToAcquirePropertyPlantAndEquipment,USD,7574000000.0,2020-12-27,2021-06-26,10-Q,2021,Q2,2021-07-23,0000050863-21-000030,
PaymentsToAcquirePropertyPlantAndEquipment,USD,7574000000.0,2020-12-27,2021-06-26,10-Q,2022,Q2,2022-07-29,0000050863-22-000030,
PaymentsToAcquirePropertyPlantAndEquipment,USD,11579000000.0,2020-12-27,2021-09-25,10-Q,2021,Q3,2021-10-22,0000050863-21-000038,
PaymentsToAcquirePropertyPlantAndEquipment,USD,11579000000.0,2020-12-27,2021-09-25,10-Q,2022,Q3,2022-10-28,0000050863-22-000038,
PaymentsToAcquirePropertyPlantAndEquipment,USD,18733000000.0,2020-12-27,2021-12-25,10-K,2021,FY,2022-01-27,0000050863-22-000007,
PaymentsToAcquirePropertyPlantAndEquipment,USD,18733000000.0,2020-12-27,2021-12-25,10-K,2022,FY,2023-01-27,0000050863-23-000006,
PaymentsToAcquirePropertyPlantAndEquipment,USD,18733000000.0,2020-12-27,2021-12-25,10-K,2023,FY,2024-01-26,0000050863-24-000010,CY2021
PaymentsToAcquirePropertyPlantAndEquipment,USD,4604000000.0,2021-12-26,2022-04-02,10-Q,2022,Q1,2022-04-29,0000050863-22-000020,
PaymentsToAcquirePropertyPlantAndEquipment,USD,4604000000.0,2021-12-26,2022-04-02,10-Q,2023,Q1,2023-04-28,0000050863-23-000028,CY2022Q1
PaymentsToAcquirePropertyPlantAndEquipment,USD,11846000000.0,2021-12-26,2022-07-02,10-Q,2022,Q2,2022-07-29,0000050863-22-000030,
PaymentsToAcquirePropertyPlantAndEquipment,USD,11846000000.0,2021-12-26,2022-07-02,10-Q,2023,Q2,2023-07-28,0000050863-23-000069,
PaymentsToAcquirePropertyPlantAndEquipment,USD,19145000000.0,2021-12-26,2022-10-01,10-Q,2022,Q3,2022-10-28,0000050863-22-000038,
PaymentsToAcquirePropertyPlantAndEquipment,USD,19145000000.0,2021-12-26,2022-10-01,10-Q,2023,Q3,2023-10-27,0000050863-23-000103,
PaymentsToAcquirePropertyPlantAndEquipment,USD,24844000000.0,2021-12-26,2022-12-31,10-K,2022,FY,2023-01-27,0000050863-23-000006,
PaymentsToAcquirePropertyPlantAndEquipment,USD,24844000000.0,2021-12-26,2022-12-31,10-K,2023,FY,2024-01-26,0000050863-24-000010,
PaymentsToAcquirePropertyPlantAndEquipment,USD,24844000000.0,2021-12-26,2022-12-31,10-K,2024,FY,2025-01-31,0000050863-25-000009,CY2022
PaymentsToAcquirePropertyPlantAndEquipment,USD,7413000000.0,2023-01-01,2023-04-01,10-Q,2023,Q1,2023-04-28,0000050863-23-000028,
PaymentsToAcquirePropertyPlantAndEquipment,USD,7413000000.0,2023-01-01,2023-04-01,10-Q,2024,Q1,2024-04-26,0000050863-24-000076,CY2023Q1
PaymentsToAcquirePropertyPlantAndEquipment,USD,13301000000.0,2023-01-01,2023-07-01,10-Q,2023,Q2,2023-07-28,0000050863-23-000069,
PaymentsToAcquirePropertyPlantAndEquipment,USD,13301000000.0,2023-01-01,2023-07-01,10-Q,2024,Q2,2024-08-02,0000050863-24-000124,
PaymentsToAcquirePropertyPlantAndEquipment,USD,19054000000.0,2023-01-01,2023-09-30,10-Q,2023,Q3,2023-10-27,0000050863-23-000103,
PaymentsToAcquirePropertyPlantAndEquipment,USD,19054000000.0,2023-01-01,2023-09-30,10-Q,2024,Q3,2024-11-01,0000050863-24-000149,
PaymentsToAcquirePropertyPlantAndEquipment,USD,25750000000.0,2023-01-01,2023-12-30,10-K,2023,FY,2024-01-26,0000050863-24-000010,
PaymentsToAcquirePropertyPlantAndEquipment,USD,25750000000.0,2023-01-01,2023-12-30,10-K,2024,FY,2025-01-31,0000050863-25-000009,
PaymentsToAcquirePropertyPlantAndEquipment,USD,25750000000.0,2023-01-01,2023-12-30,10-K,2025,FY,2026-01-23,0000050863-26-000011,CY2023
PaymentsToAcquirePropertyPlantAndEquipment,USD,5970000000.0,2023-12-31,2024-03-30,10-Q,2024,Q1,2024-04-26,0000050863-24-000076,
PaymentsToAcquirePropertyPlantAndEquipment,USD,5970000000.0,2023-12-31,2024-03-30,10-Q,2025,Q1,2025-04-25,0000050863-25-000074,CY2024Q1
PaymentsToAcquirePropertyPlantAndEquipment,USD,11652000000.0,2023-12-31,2024-06-29,10-Q,2024,Q2,2024-08-02,0000050863-24-000124,
PaymentsToAcquirePropertyPlantAndEquipment,USD,11652000000.0,2023-12-31,2024-06-29,10-Q,2025,Q2,2025-07-24,0000050863-25-000109,
PaymentsToAcquirePropertyPlantAndEquipment,USD,18110000000.0,2023-12-31,2024-09-28,10-Q,2024,Q3,2024-11-01,0000050863-24-000149,
PaymentsToAcquirePropertyPlantAndEquipment,USD,18110000000.0,2023-12-31,2024-09-28,10-Q,2025,Q3,2025-11-06,0000050863-25-000179,
PaymentsToAcquirePropertyPlantAndEquipment,USD,23944000000.0,2023-12-31,2024-12-28,10-K,2024,FY,2025-01-31,0000050863-25-000009,
PaymentsToAcquirePropertyPlantAndEquipment,USD,23944000000.0,2023-12-31,2024-12-28,10-K,2025,FY,2026-01-23,0000050863-26-000011,CY2024
PaymentsToAcquirePropertyPlantAndEquipment,USD,5183000000.0,2024-12-29,2025-03-29,10-Q,2025,Q1,2025-04-25,0000050863-25-000074,
PaymentsToAcquirePropertyPlantAndEquipment,USD,5183000000.0,2024-12-29,2025-03-29,10-Q,2026,Q1,2026-04-24,0000050863-26-000079,CY2025Q1
PaymentsToAcquirePropertyPlantAndEquipment,USD,8733000000.0,2024-12-29,2025-06-28,10-Q,2025,Q2,2025-07-24,0000050863-25-000109,
PaymentsToAcquirePropertyPlantAndEquipment,USD,8733000000.0,2024-12-29,2025-06-28,10-Q,2026,Q2,2026-07-24,0000050863-26-000157,
PaymentsToAcquirePropertyPlantAndEquipment,USD,11158000000.0,2024-12-29,2025-09-27,10-Q,2025,Q3,2025-11-06,0000050863-25-000179,
PaymentsToAcquirePropertyPlantAndEquipment,USD,14646000000.0,2024-12-29,2025-12-27,10-K,2025,FY,2026-01-23,0000050863-26-000011,CY2025
PaymentsToAcquirePropertyPlantAndEquipment,USD,3636000000.0,2025-12-28,2026-03-28,10-Q,2026,Q1,2026-04-24,0000050863-26-000079,CY2026Q1
PaymentsToAcquirePropertyPlantAndEquipment,USD,6192000000.0,2025-12-28,2026-06-27,10-Q,2026,Q2,2026-07-24,0000050863-26-000157,
ResearchAndDevelopmentExpense,USD,3246000000.0,2015-12-27,2016-04-02,10-Q,2016,Q1,2016-05-02,0000050863-16-000125,
ResearchAndDevelopmentExpense,USD,3246000000.0,2015-12-27,2016-04-02,10-Q,2017,Q1,2017-04-27,0000050863-17-000029,CY2016Q1
ResearchAndDevelopmentExpense,USD,6391000000.0,2015-12-27,2016-07-02,10-Q,2016,Q2,2016-08-01,0000050863-16-000142,
ResearchAndDevelopmentExpense,USD,6391000000.0,2015-12-27,2016-07-02,10-Q,2017,Q2,2017-07-27,0000050863-17-000041,
ResearchAndDevelopmentExpense,USD,3145000000.0,2016-04-03,2016-07-02,10-Q,2016,Q2,2016-08-01,0000050863-16-000142,
ResearchAndDevelopmentExpense,USD,3145000000.0,2016-04-03,2016-07-02,10-Q,2017,Q2,2017-07-27,0000050863-17-000041,CY2016Q2
ResearchAndDevelopmentExpense,USD,9460000000.0,2015-12-27,2016-10-01,10-Q,2016,Q3,2016-10-31,0000050863-16-000153,
ResearchAndDevelopmentExpense,USD,9460000000.0,2015-12-27,2016-10-01,10-Q,2017,Q3,2017-10-26,0000050863-17-000048,
ResearchAndDevelopmentExpense,USD,3069000000.0,2016-07-03,2016-10-01,10-Q,2016,Q3,2016-10-31,0000050863-16-000153,
ResearchAndDevelopmentExpense,USD,3069000000.0,2016-07-03,2016-10-01,10-Q,2017,Q3,2017-10-26,0000050863-17-000048,CY2016Q3
ResearchAndDevelopmentExpense,USD,12740000000.0,2015-12-27,2016-12-31,10-K,2016,FY,2017-02-17,0000050863-17-000012,
ResearchAndDevelopmentExpense,USD,12740000000.0,2015-12-27,2016-12-31,10-K,2017,FY,2018-02-16,0000050863-18-000007,
ResearchAndDevelopmentExpense,USD,12685000000.0,2015-12-27,2016-12-31,10-K,2018,FY,2019-02-01,0000050863-19-000007,CY2016
ResearchAndDevelopmentExpense,USD,3326000000.0,2017-01-01,2017-04-01,10-Q,2017,Q1,2017-04-27,0000050863-17-000029,
ResearchAndDevelopmentExpense,USD,3311000000.0,2017-01-01,2017-04-01,10-Q,2018,Q1,2018-04-27,0000050863-18-000013,CY2017Q1
ResearchAndDevelopmentExpense,USD,6601000000.0,2017-01-01,2017-07-01,10-Q,2017,Q2,2017-07-27,0000050863-17-000041,
ResearchAndDevelopmentExpense,USD,6573000000.0,2017-01-01,2017-07-01,10-Q,2018,Q2,2018-07-27,0000050863-18-000022,
ResearchAndDevelopmentExpense,USD,3275000000.0,2017-04-02,2017-07-01,10-Q,2017,Q2,2017-07-27,0000050863-17-000041,
ResearchAndDevelopmentExpense,USD,3262000000.0,2017-04-02,2017-07-01,10-Q,2018,Q2,2018-07-27,0000050863-18-000022,CY2017Q2
ResearchAndDevelopmentExpense,USD,9824000000.0,2017-01-01,2017-09-30,10-Q,2017,Q3,2017-10-26,0000050863-17-000048,
ResearchAndDevelopmentExpense,USD,9782000000.0,2017-01-01,2017-09-30,10-Q,2018,Q3,2018-10-26,0000050863-18-000029,
ResearchAndDevelopmentExpense,USD,3223000000.0,2017-07-02,2017-09-30,10-Q,2017,Q3,2017-10-26,0000050863-17-000048,
ResearchAndDevelopmentExpense,USD,3209000000.0,2017-07-02,2017-09-30,10-Q,2018,Q3,2018-10-26,0000050863-18-000029,CY2017Q3
ResearchAndDevelopmentExpense,USD,13098000000.0,2017-01-01,2017-12-30,10-K,2017,FY,2018-02-16,0000050863-18-000007,
ResearchAndDevelopmentExpense,USD,13035000000.0,2017-01-01,2017-12-30,10-K,2018,FY,2019-02-01,0000050863-19-000007,
ResearchAndDevelopmentExpense,USD,13035000000.0,2017-01-01,2017-12-30,10-K,2019,FY,2020-01-24,0000050863-20-000011,CY2017
ResearchAndDevelopmentExpense,USD,3311000000.0,2017-12-31,2018-03-31,10-Q,2018,Q1,2018-04-27,0000050863-18-000013,
ResearchAndDevelopmentExpense,USD,3311000000.0,2017-12-31,2018-03-31,10-Q,2019,Q1,2019-04-26,0000050863-19-000013,CY2018Q1
ResearchAndDevelopmentExpense,USD,6682000000.0,2017-12-31,2018-06-30,10-Q,2018,Q2,2018-07-27,0000050863-18-000022,
ResearchAndDevelopmentExpense,USD,6682000000.0,2017-12-31,2018-06-30,10-Q,2019,Q2,2019-07-26,0000050863-19-000023,
ResearchAndDevelopmentExpense,USD,3371000000.0,2018-04-01,2018-06-30,10-Q,2018,Q2,2018-07-27,0000050863-18-000022,
ResearchAndDevelopmentExpense,USD,3371000000.0,2018-04-01,2018-06-30,10-Q,2019,Q2,2019-07-26,0000050863-19-000023,CY2018Q2
ResearchAndDevelopmentExpense,USD,10110000000.0,2017-12-31,2018-09-29,10-Q,2018,Q3,2018-10-26,0000050863-18-000029,
ResearchAndDevelopmentExpense,USD,10110000000.0,2017-12-31,2018-09-29,10-Q,2019,Q3,2019-10-25,0000050863-19-000029,
ResearchAndDevelopmentExpense,USD,3428000000.0,2018-07-01,2018-09-29,10-Q,2018,Q3,2018-10-26,0000050863-18-000029,
ResearchAndDevelopmentExpense,USD,3428000000.0,2018-07-01,2018-09-29,10-Q,2019,Q3,2019-10-25,0000050863-19-000029,CY2018Q3
ResearchAndDevelopmentExpense,USD,13543000000.0,2017-12-31,2018-12-29,10-K,2018,FY,2019-02-01,0000050863-19-000007,
ResearchAndDevelopmentExpense,USD,13543000000.0,2017-12-31,2018-12-29,10-K,2019,FY,2020-01-24,0000050863-20-000011,
ResearchAndDevelopmentExpense,USD,13543000000.0,2017-12-31,2018-12-29,10-K,2020,FY,2021-01-22,0000050863-21-000010,CY2018
ResearchAndDevelopmentExpense,USD,3332000000.0,2018-12-30,2019-03-30,10-Q,2019,Q1,2019-04-26,0000050863-19-000013,
ResearchAndDevelopmentExpense,USD,3332000000.0,2018-12-30,2019-03-30,10-Q,2020,Q1,2020-04-24,0000050863-20-000017,CY2019Q1
ResearchAndDevelopmentExpense,USD,6770000000.0,2018-12-30,2019-06-29,10-Q,2019,Q2,2019-07-26,0000050863-19-000023,
ResearchAndDevelopmentExpense,USD,6770000000.0,2018-12-30,2019-06-29,10-Q,2020,Q2,2020-07-24,0000050863-20-000026,
ResearchAndDevelopmentExpense,USD,3438000000.0,2019-03-31,2019-06-29,10-Q,2019,Q2,2019-07-26,0000050863-19-000023,
ResearchAndDevelopmentExpense,USD,3438000000.0,2019-03-31,2019-06-29,10-Q,2020,Q2,2020-07-24,0000050863-20-000026,CY2019Q2
ResearchAndDevelopmentExpense,USD,9978000000.0,2018-12-30,2019-09-28,10-Q,2019,Q3,2019-10-25,0000050863-19-000029,
ResearchAndDevelopmentExpense,USD,9978000000.0,2018-12-30,2019-09-28,10-Q,2020,Q3,2020-10-23,0000050863-20-000043,
ResearchAndDevelopmentExpense,USD,3208000000.0,2019-06-30,2019-09-28,10-Q,2019,Q3,2019-10-25,0000050863-19-000029,
ResearchAndDevelopmentExpense,USD,3208000000.0,2019-06-30,2019-09-28,10-Q,2020,Q3,2020-10-23,0000050863-20-000043,CY2019Q3
ResearchAndDevelopmentExpense,USD,13362000000.0,2018-12-30,2019-12-28,10-K,2019,FY,2020-01-24,0000050863-20-000011,
ResearchAndDevelopmentExpense,USD,13362000000.0,2018-12-30,2019-12-28,10-K,2020,FY,2021-01-22,0000050863-21-000010,
ResearchAndDevelopmentExpense,USD,13362000000.0,2018-12-30,2019-12-28,10-K,2021,FY,2022-01-27,0000050863-22-000007,CY2019
ResearchAndDevelopmentExpense,USD,3275000000.0,2019-12-29,2020-03-28,10-Q,2020,Q1,2020-04-24,0000050863-20-000017,
ResearchAndDevelopmentExpense,USD,3275000000.0,2019-12-29,2020-03-28,10-Q,2021,Q1,2021-04-23,0000050863-21-000018,CY2020Q1
ResearchAndDevelopmentExpense,USD,6629000000.0,2019-12-29,2020-06-27,10-Q,2020,Q2,2020-07-24,0000050863-20-000026,
ResearchAndDevelopmentExpense,USD,6629000000.0,2019-12-29,2020-06-27,10-Q,2021,Q2,2021-07-23,0000050863-21-000030,
ResearchAndDevelopmentExpense,USD,3354000000.0,2020-03-29,2020-06-27,10-Q,2020,Q2,2020-07-24,0000050863-20-000026,
ResearchAndDevelopmentExpense,USD,3354000000.0,2020-03-29,2020-06-27,10-Q,2021,Q2,2021-07-23,0000050863-21-000030,CY2020Q2
ResearchAndDevelopmentExpense,USD,9901000000.0,2019-12-29,2020-09-26,10-Q,2020,Q3,2020-10-23,0000050863-20-000043,
ResearchAndDevelopmentExpense,USD,9901000000.0,2019-12-29,2020-09-26,10-Q,2021,Q3,2021-10-22,0000050863-21-000038,
ResearchAndDevelopmentExpense,USD,3272000000.0,2020-06-28,2020-09-26,10-Q,2020,Q3,2020-10-23,0000050863-20-000043,
ResearchAndDevelopmentExpense,USD,3272000000.0,2020-06-28,2020-09-26,10-Q,2021,Q3,2021-10-22,0000050863-21-000038,CY2020Q3
ResearchAndDevelopmentExpense,USD,13556000000.0,2019-12-29,2020-12-26,10-K,2020,FY,2021-01-22,0000050863-21-000010,
ResearchAndDevelopmentExpense,USD,13556000000.0,2019-12-29,2020-12-26,10-K,2021,FY,2022-01-27,0000050863-22-000007,
ResearchAndDevelopmentExpense,USD,13556000000.0,2019-12-29,2020-12-26,10-K,2022,FY,2023-01-27,0000050863-23-000006,CY2020
ResearchAndDevelopmentExpense,USD,3623000000.0,2020-12-27,2021-03-27,10-Q,2021,Q1,2021-04-23,0000050863-21-000018,
ResearchAndDevelopmentExpense,USD,3623000000.0,2020-12-27,2021-03-27,10-Q,2022,Q1,2022-04-29,0000050863-22-000020,CY2021Q1
ResearchAndDevelopmentExpense,USD,7338000000.0,2020-12-27,2021-06-26,10-Q,2021,Q2,2021-07-23,0000050863-21-000030,
ResearchAndDevelopmentExpense,USD,7338000000.0,2020-12-27,2021-06-26,10-Q,2022,Q2,2022-07-29,0000050863-22-000030,
ResearchAndDevelopmentExpense,USD,3715000000.0,2021-03-28,2021-06-26,10-Q,2021,Q2,2021-07-23,0000050863-21-000030,
ResearchAndDevelopmentExpense,USD,3715000000.0,2021-03-28,2021-06-26,10-Q,2022,Q2,2022-07-29,0000050863-22-000030,CY2021Q2
ResearchAndDevelopmentExpense,USD,11141000000.0,2020-12-27,2021-09-25,10-Q,2021,Q3,2021-10-22,0000050863-21-000038,
ResearchAndDevelopmentExpense,USD,11141000000.0,2020-12-27,2021-09-25,10-Q,2022,Q3,2022-10-28,0000050863-22-000038,
ResearchAndDevelopmentExpense,USD,3803000000.0,2021-06-27,2021-09-25,10-Q,2021,Q3,2021-10-22,0000050863-21-000038,
ResearchAndDevelopmentExpense,USD,3803000000.0,2021-06-27,2021-09-25,10-Q,2022,Q3,2022-10-28,0000050863-22-000038,CY2021Q3
ResearchAndDevelopmentExpense,USD,15190000000.0,2020-12-27,2021-12-25,10-K,2021,FY,2022-01-27,0000050863-22-000007,
ResearchAndDevelopmentExpense,USD,15190000000.0,2020-12-27,2021-12-25,10-K,2022,FY,2023-01-27,0000050863-23-000006,
ResearchAndDevelopmentExpense,USD,15190000000.0,2020-12-27,2021-12-25,10-K,2023,FY,2024-01-26,0000050863-24-000010,CY2021
ResearchAndDevelopmentExpense,USD,4362000000.0,2021-12-26,2022-04-02,10-Q,2022,Q1,2022-04-29,0000050863-22-000020,
ResearchAndDevelopmentExpense,USD,4362000000.0,2021-12-26,2022-04-02,10-Q,2023,Q1,2023-04-28,0000050863-23-000028,CY2022Q1
ResearchAndDevelopmentExpense,USD,8762000000.0,2021-12-26,2022-07-02,10-Q,2022,Q2,2022-07-29,0000050863-22-000030,
ResearchAndDevelopmentExpense,USD,8762000000.0,2021-12-26,2022-07-02,10-Q,2023,Q2,2023-07-28,0000050863-23-000069,
ResearchAndDevelopmentExpense,USD,4400000000.0,2022-04-03,2022-07-02,10-Q,2022,Q2,2022-07-29,0000050863-22-000030,
ResearchAndDevelopmentExpense,USD,4400000000.0,2022-04-03,2022-07-02,10-Q,2023,Q2,2023-07-28,0000050863-23-000069,CY2022Q2
ResearchAndDevelopmentExpense,USD,13064000000.0,2021-12-26,2022-10-01,10-Q,2022,Q3,2022-10-28,0000050863-22-000038,
ResearchAndDevelopmentExpense,USD,13064000000.0,2021-12-26,2022-10-01,10-Q,2023,Q3,2023-10-27,0000050863-23-000103,
ResearchAndDevelopmentExpense,USD,4302000000.0,2022-07-03,2022-10-01,10-Q,2022,Q3,2022-10-28,0000050863-22-000038,
ResearchAndDevelopmentExpense,USD,4302000000.0,2022-07-03,2022-10-01,10-Q,2023,Q3,2023-10-27,0000050863-23-000103,CY2022Q3
ResearchAndDevelopmentExpense,USD,17528000000.0,2021-12-26,2022-12-31,10-K,2022,FY,2023-01-27,0000050863-23-000006,
ResearchAndDevelopmentExpense,USD,17528000000.0,2021-12-26,2022-12-31,10-K,2023,FY,2024-01-26,0000050863-24-000010,
ResearchAndDevelopmentExpense,USD,17528000000.0,2021-12-26,2022-12-31,10-K,2024,FY,2025-01-31,0000050863-25-000009,CY2022
ResearchAndDevelopmentExpense,USD,4109000000.0,2023-01-01,2023-04-01,10-Q,2023,Q1,2023-04-28,0000050863-23-000028,
ResearchAndDevelopmentExpense,USD,4109000000.0,2023-01-01,2023-04-01,10-Q,2024,Q1,2024-04-26,0000050863-24-000076,CY2023Q1
ResearchAndDevelopmentExpense,USD,8189000000.0,2023-01-01,2023-07-01,10-Q,2023,Q2,2023-07-28,0000050863-23-000069,
ResearchAndDevelopmentExpense,USD,8189000000.0,2023-01-01,2023-07-01,10-Q,2024,Q2,2024-08-02,0000050863-24-000124,
ResearchAndDevelopmentExpense,USD,4080000000.0,2023-04-02,2023-07-01,10-Q,2023,Q2,2023-07-28,0000050863-23-000069,
ResearchAndDevelopmentExpense,USD,4080000000.0,2023-04-02,2023-07-01,10-Q,2024,Q2,2024-08-02,0000050863-24-000124,CY2023Q2
ResearchAndDevelopmentExpense,USD,12059000000.0,2023-01-01,2023-09-30,10-Q,2023,Q3,2023-10-27,0000050863-23-000103,
ResearchAndDevelopmentExpense,USD,12059000000.0,2023-01-01,2023-09-30,10-Q,2024,Q3,2024-11-01,0000050863-24-000149,
ResearchAndDevelopmentExpense,USD,3870000000.0,2023-07-02,2023-09-30,10-Q,2023,Q3,2023-10-27,0000050863-23-000103,
ResearchAndDevelopmentExpense,USD,3870000000.0,2023-07-02,2023-09-30,10-Q,2024,Q3,2024-11-01,0000050863-24-000149,CY2023Q3
ResearchAndDevelopmentExpense,USD,16046000000.0,2023-01-01,2023-12-30,10-K,2023,FY,2024-01-26,0000050863-24-000010,
ResearchAndDevelopmentExpense,USD,16046000000.0,2023-01-01,2023-12-30,10-K,2024,FY,2025-01-31,0000050863-25-000009,
ResearchAndDevelopmentExpense,USD,16046000000.0,2023-01-01,2023-12-30,10-K,2025,FY,2026-01-23,0000050863-26-000011,CY2023
ResearchAndDevelopmentExpense,USD,4382000000.0,2023-12-31,2024-03-30,10-Q,2024,Q1,2024-04-26,0000050863-24-000076,
ResearchAndDevelopmentExpense,USD,4382000000.0,2023-12-31,2024-03-30,10-Q,2025,Q1,2025-04-25,0000050863-25-000074,CY2024Q1
ResearchAndDevelopmentExpense,USD,8621000000.0,2023-12-31,2024-06-29,10-Q,2024,Q2,2024-08-02,0000050863-24-000124,
ResearchAndDevelopmentExpense,USD,8621000000.0,2023-12-31,2024-06-29,10-Q,2025,Q2,2025-07-24,0000050863-25-000109,
ResearchAndDevelopmentExpense,USD,4239000000.0,2024-03-31,2024-06-29,10-Q,2024,Q2,2024-08-02,0000050863-24-000124,
ResearchAndDevelopmentExpense,USD,4239000000.0,2024-03-31,2024-06-29,10-Q,2025,Q2,2025-07-24,0000050863-25-000109,CY2024Q2
ResearchAndDevelopmentExpense,USD,12670000000.0,2023-12-31,2024-09-28,10-Q,2024,Q3,2024-11-01,0000050863-24-000149,
ResearchAndDevelopmentExpense,USD,12670000000.0,2023-12-31,2024-09-28,10-Q,2025,Q3,2025-11-06,0000050863-25-000179,
ResearchAndDevelopmentExpense,USD,4049000000.0,2024-06-30,2024-09-28,10-Q,2024,Q3,2024-11-01,0000050863-24-000149,
ResearchAndDevelopmentExpense,USD,4049000000.0,2024-06-30,2024-09-28,10-Q,2025,Q3,2025-11-06,0000050863-25-000179,CY2024Q3
ResearchAndDevelopmentExpense,USD,16546000000.0,2023-12-31,2024-12-28,10-K,2024,FY,2025-01-31,0000050863-25-000009,
ResearchAndDevelopmentExpense,USD,16546000000.0,2023-12-31,2024-12-28,10-K,2025,FY,2026-01-23,0000050863-26-000011,CY2024
ResearchAndDevelopmentExpense,USD,3640000000.0,2024-12-29,2025-03-29,10-Q,2025,Q1,2025-04-25,0000050863-25-000074,
ResearchAndDevelopmentExpense,USD,3640000000.0,2024-12-29,2025-03-29,10-Q,2026,Q1,2026-04-24,0000050863-26-000079,CY2025Q1
ResearchAndDevelopmentExpense,USD,7324000000.0,2024-12-29,2025-06-28,10-Q,2025,Q2,2025-07-24,0000050863-25-000109,
ResearchAndDevelopmentExpense,USD,7324000000.0,2024-12-29,2025-06-28,10-Q,2026,Q2,2026-07-24,0000050863-26-000157,
ResearchAndDevelopmentExpense,USD,3684000000.0,2025-03-30,2025-06-28,10-Q,2025,Q2,2025-07-24,0000050863-25-000109,
ResearchAndDevelopmentExpense,USD,3684000000.0,2025-03-30,2025-06-28,10-Q,2026,Q2,2026-07-24,0000050863-26-000157,CY2025Q2
ResearchAndDevelopmentExpense,USD,10555000000.0,2024-12-29,2025-09-27,10-Q,2025,Q3,2025-11-06,0000050863-25-000179,
ResearchAndDevelopmentExpense,USD,3231000000.0,2025-06-29,2025-09-27,10-Q,2025,Q3,2025-11-06,0000050863-25-000179,CY2025Q3
ResearchAndDevelopmentExpense,USD,13774000000.0,2024-12-29,2025-12-27,10-K,2025,FY,2026-01-23,0000050863-26-000011,CY2025
ResearchAndDevelopmentExpense,USD,3375000000.0,2025-12-28,2026-03-28,10-Q,2026,Q1,2026-04-24,0000050863-26-000079,CY2026Q1
ResearchAndDevelopmentExpense,USD,6743000000.0,2025-12-28,2026-06-27,10-Q,2026,Q2,2026-07-24,0000050863-26-000157,
ResearchAndDevelopmentExpense,USD,3368000000.0,2026-03-29,2026-06-27,10-Q,2026,Q2,2026-07-24,0000050863-26-000157,CY2026Q2
RevenueFromContractWithCustomerExcludingAssessedTax,USD,59387000000.0,2015-12-27,2016-12-31,10-K,2018,FY,2019-02-01,0000050863-19-000007,CY2016
RevenueFromContractWithCustomerExcludingAssessedTax,USD,45708000000.0,2017-01-01,2017-09-30,10-Q,2018,Q3,2018-10-26,0000050863-18-000029,
RevenueFromContractWithCustomerExcludingAssessedTax,USD,16149000000.0,2017-07-02,2017-09-30,10-Q,2018,Q3,2018-10-26,0000050863-18-000029,CY2017Q3
RevenueFromContractWithCustomerExcludingAssessedTax,USD,62761000000.0,2017-01-01,2017-12-30,10-K,2018,FY,2019-02-01,0000050863-19-000007,
RevenueFromContractWithCustomerExcludingAssessedTax,USD,62761000000.0,2017-01-01,2017-12-30,10-K,2019,FY,2020-01-24,0000050863-20-000011,CY2017
RevenueFromContractWithCustomerExcludingAssessedTax,USD,16066000000.0,2017-12-31,2018-03-31,10-Q,2019,Q1,2019-04-26,0000050863-19-000013,CY2018Q1
RevenueFromContractWithCustomerExcludingAssessedTax,USD,33028000000.0,2017-12-31,2018-06-30,10-Q,2019,Q2,2019-07-26,0000050863-19-000023,
RevenueFromContractWithCustomerExcludingAssessedTax,USD,16962000000.0,2018-04-01,2018-06-30,10-Q,2019,Q2,2019-07-26,0000050863-19-000023,CY2018Q2
RevenueFromContractWithCustomerExcludingAssessedTax,USD,52191000000.0,2017-12-31,2018-09-29,10-Q,2018,Q3,2018-10-26,0000050863-18-000029,
RevenueFromContractWithCustomerExcludingAssessedTax,USD,52191000000.0,2017-12-31,2018-09-29,10-Q,2019,Q3,2019-10-25,0000050863-19-000029,
RevenueFromContractWithCustomerExcludingAssessedTax,USD,19163000000.0,2018-07-01,2018-09-29,10-Q,2018,Q3,2018-10-26,0000050863-18-000029,
RevenueFromContractWithCustomerExcludingAssessedTax,USD,19163000000.0,2018-07-01,2018-09-29,10-Q,2019,Q3,2019-10-25,0000050863-19-000029,CY2018Q3
RevenueFromContractWithCustomerExcludingAssessedTax,USD,70848000000.0,2017-12-31,2018-12-29,10-K,2018,FY,2019-02-01,0000050863-19-000007,
RevenueFromContractWithCustomerExcludingAssessedTax,USD,70848000000.0,2017-12-31,2018-12-29,10-K,2019,FY,2020-01-24,0000050863-20-000011,
RevenueFromContractWithCustomerExcludingAssessedTax,USD,70848000000.0,2017-12-31,2018-12-29,10-K,2020,FY,2021-01-22,0000050863-21-000010,CY2018
RevenueFromContractWithCustomerExcludingAssessedTax,USD,16061000000.0,2018-12-30,2019-03-30,10-Q,2019,Q1,2019-04-26,0000050863-19-000013,
RevenueFromContractWithCustomerExcludingAssessedTax,USD,16061000000.0,2018-12-30,2019-03-30,10-Q,2020,Q1,2020-04-24,0000050863-20-000017,CY2019Q1
RevenueFromContractWithCustomerExcludingAssessedTax,USD,32566000000.0,2018-12-30,2019-06-29,10-Q,2019,Q2,2019-07-26,0000050863-19-000023,
RevenueFromContractWithCustomerExcludingAssessedTax,USD,32566000000.0,2018-12-30,2019-06-29,10-Q,2020,Q2,2020-07-24,0000050863-20-000026,
RevenueFromContractWithCustomerExcludingAssessedTax,USD,16505000000.0,2019-03-31,2019-06-29,10-Q,2019,Q2,2019-07-26,0000050863-19-000023,
RevenueFromContractWithCustomerExcludingAssessedTax,USD,16505000000.0,2019-03-31,2019-06-29,10-Q,2020,Q2,2020-07-24,0000050863-20-000026,CY2019Q2
RevenueFromContractWithCustomerExcludingAssessedTax,USD,51756000000.0,2018-12-30,2019-09-28,10-Q,2019,Q3,2019-10-25,0000050863-19-000029,
RevenueFromContractWithCustomerExcludingAssessedTax,USD,51756000000.0,2018-12-30,2019-09-28,10-Q,2020,Q3,2020-10-23,0000050863-20-000043,
RevenueFromContractWithCustomerExcludingAssessedTax,USD,19190000000.0,2019-06-30,2019-09-28,10-Q,2019,Q3,2019-10-25,0000050863-19-000029,
RevenueFromContractWithCustomerExcludingAssessedTax,USD,19190000000.0,2019-06-30,2019-09-28,10-Q,2020,Q3,2020-10-23,0000050863-20-000043,CY2019Q3
RevenueFromContractWithCustomerExcludingAssessedTax,USD,71965000000.0,2018-12-30,2019-12-28,10-K,2019,FY,2020-01-24,0000050863-20-000011,
RevenueFromContractWithCustomerExcludingAssessedTax,USD,71965000000.0,2018-12-30,2019-12-28,10-K,2020,FY,2021-01-22,0000050863-21-000010,
RevenueFromContractWithCustomerExcludingAssessedTax,USD,71965000000.0,2018-12-30,2019-12-28,10-K,2021,FY,2022-01-27,0000050863-22-000007,CY2019
RevenueFromContractWithCustomerExcludingAssessedTax,USD,19828000000.0,2019-12-29,2020-03-28,10-Q,2020,Q1,2020-04-24,0000050863-20-000017,
RevenueFromContractWithCustomerExcludingAssessedTax,USD,19828000000.0,2019-12-29,2020-03-28,10-Q,2021,Q1,2021-04-23,0000050863-21-000018,CY2020Q1
RevenueFromContractWithCustomerExcludingAssessedTax,USD,39556000000.0,2019-12-29,2020-06-27,10-Q,2020,Q2,2020-07-24,0000050863-20-000026,
RevenueFromContractWithCustomerExcludingAssessedTax,USD,39556000000.0,2019-12-29,2020-06-27,10-Q,2021,Q2,2021-07-23,0000050863-21-000030,
RevenueFromContractWithCustomerExcludingAssessedTax,USD,19728000000.0,2020-03-29,2020-06-27,10-Q,2020,Q2,2020-07-24,0000050863-20-000026,
RevenueFromContractWithCustomerExcludingAssessedTax,USD,19728000000.0,2020-03-29,2020-06-27,10-Q,2021,Q2,2021-07-23,0000050863-21-000030,CY2020Q2
RevenueFromContractWithCustomerExcludingAssessedTax,USD,57889000000.0,2019-12-29,2020-09-26,10-Q,2020,Q3,2020-10-23,0000050863-20-000043,
RevenueFromContractWithCustomerExcludingAssessedTax,USD,57889000000.0,2019-12-29,2020-09-26,10-Q,2021,Q3,2021-10-22,0000050863-21-000038,
RevenueFromContractWithCustomerExcludingAssessedTax,USD,18333000000.0,2020-06-28,2020-09-26,10-Q,2020,Q3,2020-10-23,0000050863-20-000043,
RevenueFromContractWithCustomerExcludingAssessedTax,USD,18333000000.0,2020-06-28,2020-09-26,10-Q,2021,Q3,2021-10-22,0000050863-21-000038,CY2020Q3
RevenueFromContractWithCustomerExcludingAssessedTax,USD,77867000000.0,2019-12-29,2020-12-26,10-K,2020,FY,2021-01-22,0000050863-21-000010,
RevenueFromContractWithCustomerExcludingAssessedTax,USD,77867000000.0,2019-12-29,2020-12-26,10-K,2021,FY,2022-01-27,0000050863-22-000007,
RevenueFromContractWithCustomerExcludingAssessedTax,USD,77867000000.0,2019-12-29,2020-12-26,10-K,2022,FY,2023-01-27,0000050863-23-000006,CY2020
RevenueFromContractWithCustomerExcludingAssessedTax,USD,19673000000.0,2020-12-27,2021-03-27,10-Q,2021,Q1,2021-04-23,0000050863-21-000018,
RevenueFromContractWithCustomerExcludingAssessedTax,USD,19673000000.0,2020-12-27,2021-03-27,10-Q,2022,Q1,2022-04-29,0000050863-22-000020,CY2021Q1
RevenueFromContractWithCustomerExcludingAssessedTax,USD,39304000000.0,2020-12-27,2021-06-26,10-Q,2021,Q2,2021-07-23,0000050863-21-000030,
RevenueFromContractWithCustomerExcludingAssessedTax,USD,39304000000.0,2020-12-27,2021-06-26,10-Q,2022,Q2,2022-07-29,0000050863-22-000030,
RevenueFromContractWithCustomerExcludingAssessedTax,USD,19631000000.0,2021-03-28,2021-06-26,10-Q,2021,Q2,2021-07-23,0000050863-21-000030,
RevenueFromContractWithCustomerExcludingAssessedTax,USD,19631000000.0,2021-03-28,2021-06-26,10-Q,2022,Q2,2022-07-29,0000050863-22-000030,CY2021Q2
RevenueFromContractWithCustomerExcludingAssessedTax,USD,58496000000.0,2020-12-27,2021-09-25,10-Q,2021,Q3,2021-10-22,0000050863-21-000038,
RevenueFromContractWithCustomerExcludingAssessedTax,USD,58496000000.0,2020-12-27,2021-09-25,10-Q,2022,Q3,2022-10-28,0000050863-22-000038,
RevenueFromContractWithCustomerExcludingAssessedTax,USD,19192000000.0,2021-06-27,2021-09-25,10-Q,2021,Q3,2021-10-22,0000050863-21-000038,
RevenueFromContractWithCustomerExcludingAssessedTax,USD,19192000000.0,2021-06-27,2021-09-25,10-Q,2022,Q3,2022-10-28,0000050863-22-000038,CY2021Q3
RevenueFromContractWithCustomerExcludingAssessedTax,USD,79024000000.0,2020-12-27,2021-12-25,10-K,2021,FY,2022-01-27,0000050863-22-000007,
RevenueFromContractWithCustomerExcludingAssessedTax,USD,79024000000.0,2020-12-27,2021-12-25,10-K,2022,FY,2023-01-27,0000050863-23-000006,
RevenueFromContractWithCustomerExcludingAssessedTax,USD,79024000000.0,2020-12-27,2021-12-25,10-K,2023,FY,2024-01-26,0000050863-24-000010,CY2021
RevenueFromContractWithCustomerExcludingAssessedTax,USD,18353000000.0,2021-12-26,2022-04-02,10-Q,2022,Q1,2022-04-29,0000050863-22-000020,
RevenueFromContractWithCustomerExcludingAssessedTax,USD,18353000000.0,2021-12-26,2022-04-02,10-Q,2023,Q1,2023-04-28,0000050863-23-000028,CY2022Q1
RevenueFromContractWithCustomerExcludingAssessedTax,USD,33674000000.0,2021-12-26,2022-07-02,10-Q,2022,Q2,2022-07-29,0000050863-22-000030,
RevenueFromContractWithCustomerExcludingAssessedTax,USD,33674000000.0,2021-12-26,2022-07-02,10-Q,2023,Q2,2023-07-28,0000050863-23-000069,
RevenueFromContractWithCustomerExcludingAssessedTax,USD,24664000000.0,2021-12-26,2022-07-02,10-Q,2024,Q2,2024-08-02,0000050863-24-000124,
RevenueFromContractWithCustomerExcludingAssessedTax,USD,15321000000.0,2022-04-03,2022-07-02,10-Q,2022,Q2,2022-07-29,0000050863-22-000030,
RevenueFromContractWithCustomerExcludingAssessedTax,USD,15321000000.0,2022-04-03,2022-07-02,10-Q,2023,Q2,2023-07-28,0000050863-23-000069,CY2022Q2
RevenueFromContractWithCustomerExcludingAssessedTax,USD,49012000000.0,2021-12-26,2022-10-01,10-Q,2022,Q3,2022-10-28,0000050863-22-000038,
RevenueFromContractWithCustomerExcludingAssessedTax,USD,49012000000.0,2021-12-26,2022-10-01,10-Q,2023,Q3,2023-10-27,0000050863-23-000103,
RevenueFromContractWithCustomerExcludingAssessedTax,USD,15338000000.0,2022-07-03,2022-10-01,10-Q,2022,Q3,2022-10-28,0000050863-22-000038,
RevenueFromContractWithCustomerExcludingAssessedTax,USD,15338000000.0,2022-07-03,2022-10-01,10-Q,2023,Q3,2023-10-27,0000050863-23-000103,CY2022Q3
RevenueFromContractWithCustomerExcludingAssessedTax,USD,63054000000.0,2021-12-26,2022-12-31,10-K,2022,FY,2023-01-27,0000050863-23-000006,
RevenueFromContractWithCustomerExcludingAssessedTax,USD,63054000000.0,2021-12-26,2022-12-31,10-K,2023,FY,2024-01-26,0000050863-24-000010,
RevenueFromContractWithCustomerExcludingAssessedTax,USD,63054000000.0,2021-12-26,2022-12-31,10-K,2024,FY,2025-01-31,0000050863-25-000009,CY2022
RevenueFromContractWithCustomerExcludingAssessedTax,USD,11715000000.0,2023-01-01,2023-04-01,10-Q,2023,Q1,2023-04-28,0000050863-23-000028,
RevenueFromContractWithCustomerExcludingAssessedTax,USD,11715000000.0,2023-01-01,2023-04-01,10-Q,2024,Q1,2024-04-26,0000050863-24-000076,CY2023Q1
RevenueFromContractWithCustomerExcludingAssessedTax,USD,24664000000.0,2023-01-01,2023-07-01,10-Q,2023,Q2,2023-07-28,0000050863-23-000069,
RevenueFromContractWithCustomerExcludingAssessedTax,USD,24664000000.0,2023-01-01,2023-07-01,10-Q,2024,Q2,2024-08-02,0000050863-24-000124,
RevenueFromContractWithCustomerExcludingAssessedTax,USD,12949000000.0,2023-04-02,2023-07-01,10-Q,2023,Q2,2023-07-28,0000050863-23-000069,
RevenueFromContractWithCustomerExcludingAssessedTax,USD,12949000000.0,2023-04-02,2023-07-01,10-Q,2024,Q2,2024-08-02,0000050863-24-000124,CY2023Q2
RevenueFromContractWithCustomerExcludingAssessedTax,USD,38822000000.0,2023-01-01,2023-09-30,10-Q,2023,Q3,2023-10-27,0000050863-23-000103,
RevenueFromContractWithCustomerExcludingAssessedTax,USD,38822000000.0,2023-01-01,2023-09-30,10-Q,2024,Q3,2024-11-01,0000050863-24-000149,
RevenueFromContractWithCustomerExcludingAssessedTax,USD,14158000000.0,2023-07-02,2023-09-30,10-Q,2023,Q3,2023-10-27,0000050863-23-000103,
RevenueFromContractWithCustomerExcludingAssessedTax,USD,14158000000.0,2023-07-02,2023-09-30,10-Q,2024,Q3,2024-11-01,0000050863-24-000149,CY2023Q3
RevenueFromContractWithCustomerExcludingAssessedTax,USD,54228000000.0,2023-01-01,2023-12-30,10-K,2023,FY,2024-01-26,0000050863-24-000010,
RevenueFromContractWithCustomerExcludingAssessedTax,USD,54228000000.0,2023-01-01,2023-12-30,10-K,2024,FY,2025-01-31,0000050863-25-000009,
RevenueFromContractWithCustomerExcludingAssessedTax,USD,54228000000.0,2023-01-01,2023-12-30,10-K,2025,FY,2026-01-23,0000050863-26-000011,CY2023
RevenueFromContractWithCustomerExcludingAssessedTax,USD,12724000000.0,2023-12-31,2024-03-30,10-Q,2024,Q1,2024-04-26,0000050863-24-000076,
RevenueFromContractWithCustomerExcludingAssessedTax,USD,12724000000.0,2023-12-31,2024-03-30,10-Q,2025,Q1,2025-04-25,0000050863-25-000074,CY2024Q1
RevenueFromContractWithCustomerExcludingAssessedTax,USD,25557000000.0,2023-12-31,2024-06-29,10-Q,2024,Q2,2024-08-02,0000050863-24-000124,
RevenueFromContractWithCustomerExcludingAssessedTax,USD,25557000000.0,2023-12-31,2024-06-29,10-Q,2025,Q2,2025-07-24,0000050863-25-000109,
RevenueFromContractWithCustomerExcludingAssessedTax,USD,12833000000.0,2024-03-31,2024-06-29,10-Q,2024,Q2,2024-08-02,0000050863-24-000124,
RevenueFromContractWithCustomerExcludingAssessedTax,USD,12833000000.0,2024-03-31,2024-06-29,10-Q,2025,Q2,2025-07-24,0000050863-25-000109,CY2024Q2
RevenueFromContractWithCustomerExcludingAssessedTax,USD,38841000000.0,2023-12-31,2024-09-28,10-Q,2024,Q3,2024-11-01,0000050863-24-000149,
RevenueFromContractWithCustomerExcludingAssessedTax,USD,38841000000.0,2023-12-31,2024-09-28,10-Q,2025,Q3,2025-11-06,0000050863-25-000179,
RevenueFromContractWithCustomerExcludingAssessedTax,USD,13284000000.0,2024-06-30,2024-09-28,10-Q,2024,Q3,2024-11-01,0000050863-24-000149,
RevenueFromContractWithCustomerExcludingAssessedTax,USD,13284000000.0,2024-06-30,2024-09-28,10-Q,2025,Q3,2025-11-06,0000050863-25-000179,CY2024Q3
RevenueFromContractWithCustomerExcludingAssessedTax,USD,53101000000.0,2023-12-31,2024-12-28,10-K,2024,FY,2025-01-31,0000050863-25-000009,
RevenueFromContractWithCustomerExcludingAssessedTax,USD,53101000000.0,2023-12-31,2024-12-28,10-K,2025,FY,2026-01-23,0000050863-26-000011,CY2024
RevenueFromContractWithCustomerExcludingAssessedTax,USD,12667000000.0,2024-12-29,2025-03-29,10-Q,2025,Q1,2025-04-25,0000050863-25-000074,
RevenueFromContractWithCustomerExcludingAssessedTax,USD,12667000000.0,2024-12-29,2025-03-29,10-Q,2026,Q1,2026-04-24,0000050863-26-000079,CY2025Q1
RevenueFromContractWithCustomerExcludingAssessedTax,USD,25526000000.0,2024-12-29,2025-06-28,10-Q,2025,Q2,2025-07-24,0000050863-25-000109,
RevenueFromContractWithCustomerExcludingAssessedTax,USD,25526000000.0,2024-12-29,2025-06-28,10-Q,2026,Q2,2026-07-24,0000050863-26-000157,
RevenueFromContractWithCustomerExcludingAssessedTax,USD,12859000000.0,2025-03-30,2025-06-28,10-Q,2025,Q2,2025-07-24,0000050863-25-000109,
RevenueFromContractWithCustomerExcludingAssessedTax,USD,12859000000.0,2025-03-30,2025-06-28,10-Q,2026,Q2,2026-07-24,0000050863-26-000157,CY2025Q2
RevenueFromContractWithCustomerExcludingAssessedTax,USD,39179000000.0,2024-12-29,2025-09-27,10-Q,2025,Q3,2025-11-06,0000050863-25-000179,
RevenueFromContractWithCustomerExcludingAssessedTax,USD,13653000000.0,2025-06-29,2025-09-27,10-Q,2025,Q3,2025-11-06,0000050863-25-000179,CY2025Q3
RevenueFromContractWithCustomerExcludingAssessedTax,USD,52853000000.0,2024-12-29,2025-12-27,10-K,2025,FY,2026-01-23,0000050863-26-000011,CY2025
RevenueFromContractWithCustomerExcludingAssessedTax,USD,13577000000.0,2025-12-28,2026-03-28,10-Q,2026,Q1,2026-04-24,0000050863-26-000079,CY2026Q1
RevenueFromContractWithCustomerExcludingAssessedTax,USD,29705000000.0,2025-12-28,2026-06-27,10-Q,2026,Q2,2026-07-24,0000050863-26-000157,
RevenueFromContractWithCustomerExcludingAssessedTax,USD,16128000000.0,2026-03-29,2026-06-27,10-Q,2026,Q2,2026-07-24,0000050863-26-000157,CY2026Q2
StockholdersEquity,USD,61174000000.0,,2016-04-02,10-Q,2016,Q1,2016-05-02,0000050863-16-000125,CY2016Q1I
StockholdersEquity,USD,61367000000.0,,2016-07-02,10-Q,2016,Q2,2016-08-01,0000050863-16-000142,CY2016Q2I
StockholdersEquity,USD,63115000000.0,,2016-10-01,10-Q,2016,Q3,2016-10-31,0000050863-16-000153,CY2016Q3I
StockholdersEquity,USD,66226000000.0,,2016-12-31,10-K,2016,FY,2017-02-17,0000050863-17-000012,
StockholdersEquity,USD,66226000000.0,,2016-12-31,10-Q,2017,Q1,2017-04-27,0000050863-17-000029,
StockholdersEquity,USD,66226000000.0,,2016-12-31,10-Q,2017,Q2,2017-07-27,0000050863-17-000041,
StockholdersEquity,USD,66226000000.0,,2016-12-31,10-Q,2017,Q3,2017-10-26,0000050863-17-000048,
StockholdersEquity,USD,66226000000.0,,2016-12-31,10-K,2017,FY,2018-02-16,0000050863-18-000007,
StockholdersEquity,USD,66226000000.0,,2016-12-31,10-K,2018,FY,2019-02-01,0000050863-19-000007,
StockholdersEquity,USD,66226000000.0,,2016-12-31,10-K,2019,FY,2020-01-24,0000050863-20-000011,CY2016Q4I
StockholdersEquity,USD,66844000000.0,,2017-04-01,10-Q,2017,Q1,2017-04-27,0000050863-17-000029,CY2017Q1I
StockholdersEquity,USD,68625000000.0,,2017-07-01,10-Q,2017,Q2,2017-07-27,0000050863-17-000041,CY2017Q2I
StockholdersEquity,USD,70936000000.0,,2017-09-30,10-Q,2017,Q3,2017-10-26,0000050863-17-000048,CY2017Q3I
StockholdersEquity,USD,69019000000.0,,2017-12-30,10-K,2017,FY,2018-02-16,0000050863-18-000007,
StockholdersEquity,USD,69019000000.0,,2017-12-30,10-Q,2018,Q1,2018-04-27,0000050863-18-000013,
StockholdersEquity,USD,69019000000.0,,2017-12-30,10-Q,2018,Q2,2018-07-27,0000050863-18-000022,
StockholdersEquity,USD,69019000000.0,,2017-12-30,10-Q,2018,Q3,2018-10-26,0000050863-18-000029,
StockholdersEquity,USD,69019000000.0,,2017-12-30,10-K,2018,FY,2019-02-01,0000050863-19-000007,
StockholdersEquity,USD,69019000000.0,,2017-12-30,10-Q,2019,Q1,2019-04-26,0000050863-19-000013,
StockholdersEquity,USD,69019000000.0,,2017-12-30,10-Q,2019,Q2,2019-07-26,0000050863-19-000023,
StockholdersEquity,USD,69019000000.0,,2017-12-30,10-Q,2019,Q3,2019-10-25,0000050863-19-000029,
StockholdersEquity,USD,69019000000.0,,2017-12-30,10-K,2019,FY,2020-01-24,0000050863-20-000011,
StockholdersEquity,USD,69653000000.0,,2017-12-30,10-K,2020,FY,2021-01-22,0000050863-21-000010,CY2017Q4I
StockholdersEquity,USD,70165000000.0,,2018-03-31,10-Q,2018,Q1,2018-04-27,0000050863-18-000013,
StockholdersEquity,USD,70165000000.0,,2018-03-31,10-Q,2019,Q1,2019-04-26,0000050863-19-000013,
StockholdersEquity,USD,70165000000.0,,2018-03-31,10-Q,2019,Q2,2019-07-26,0000050863-19-000023,CY2018Q1I
StockholdersEquity,USD,70047000000.0,,2018-06-30,10-Q,2018,Q2,2018-07-27,0000050863-18-000022,
StockholdersEquity,USD,70047000000.0,,2018-06-30,10-Q,2019,Q2,2019-07-26,0000050863-19-000023,
StockholdersEquity,USD,70047000000.0,,2018-06-30,10-Q,2019,Q3,2019-10-25,0000050863-19-000029,CY2018Q2I
StockholdersEquity,USD,71483000000.0,,2018-09-29,10-Q,2018,Q3,2018-10-26,0000050863-18-000029,
StockholdersEquity,USD,71483000000.0,,2018-09-29,10-Q,2019,Q3,2019-10-25,0000050863-19-000029,CY2018Q3I
StockholdersEquity,USD,74563000000.0,,2018-12-29,10-K,2018,FY,2019-02-01,0000050863-19-000007,
StockholdersEquity,USD,74563000000.0,,2018-12-29,10-Q,2019,Q1,2019-04-26,0000050863-19-000013,
StockholdersEquity,USD,74563000000.0,,2018-12-29,10-Q,2019,Q2,2019-07-26,0000050863-19-000023,
StockholdersEquity,USD,74563000000.0,,2018-12-29,10-Q,2019,Q3,2019-10-25,0000050863-19-000029,
StockholdersEquity,USD,74563000000.0,,2018-12-29,10-K,2019,FY,2020-01-24,0000050863-20-000011,
StockholdersEquity,USD,74563000000.0,,2018-12-29,10-Q,2020,Q1,2020-04-24,0000050863-20-000017,
StockholdersEquity,USD,74563000000.0,,2018-12-29,10-Q,2020,Q2,2020-07-24,0000050863-20-000026,
StockholdersEquity,USD,74563000000.0,,2018-12-29,10-Q,2020,Q3,2020-10-23,0000050863-20-000043,
StockholdersEquity,USD,74563000000.0,,2018-12-29,10-K,2020,FY,2021-01-22,0000050863-21-000010,
StockholdersEquity,USD,74563000000.0,,2018-12-29,10-K,2021,FY,2022-01-27,0000050863-22-000007,CY2018Q4I
StockholdersEquity,USD,73661000000.0,,2019-03-30,10-Q,2019,Q1,2019-04-26,0000050863-19-000013,
StockholdersEquity,USD,73661000000.0,,2019-03-30,10-Q,2019,Q2,2019-07-26,0000050863-19-000023,
StockholdersEquity,USD,73661000000.0,,2019-03-30,10-Q,2020,Q1,2020-04-24,0000050863-20-000017,
StockholdersEquity,USD,73661000000.0,,2019-03-30,10-Q,2020,Q2,2020-07-24,0000050863-20-000026,CY2019Q1I
StockholdersEquity,USD,74947000000.0,,2019-06-29,10-Q,2019,Q2,2019-07-26,0000050863-19-000023,
StockholdersEquity,USD,74947000000.0,,2019-06-29,10-Q,2019,Q3,2019-10-25,0000050863-19-000029,
StockholdersEquity,USD,74947000000.0,,2019-06-29,10-Q,2020,Q2,2020-07-24,0000050863-20-000026,
StockholdersEquity,USD,74947000000.0,,2019-06-29,10-Q,2020,Q3,2020-10-23,0000050863-20-000043,CY2019Q2I
StockholdersEquity,USD,74242000000.0,,2019-09-28,10-Q,2019,Q3,2019-10-25,0000050863-19-000029,
StockholdersEquity,USD,74242000000.0,,2019-09-28,10-Q,2020,Q3,2020-10-23,0000050863-20-000043,CY2019Q3I
StockholdersEquity,USD,77504000000.0,,2019-12-28,10-K,2019,FY,2020-01-24,0000050863-20-000011,
StockholdersEquity,USD,77504000000.0,,2019-12-28,10-Q,2020,Q1,2020-04-24,0000050863-20-000017,
StockholdersEquity,USD,77504000000.0,,2019-12-28,10-Q,2020,Q2,2020-07-24,0000050863-20-000026,
StockholdersEquity,USD,77504000000.0,,2019-12-28,10-Q,2020,Q3,2020-10-23,0000050863-20-000043,
StockholdersEquity,USD,77504000000.0,,2019-12-28,10-K,2020,FY,2021-01-22,0000050863-21-000010,
StockholdersEquity,USD,77504000000.0,,2019-12-28,10-Q,2021,Q1,2021-04-23,0000050863-21-000018,
StockholdersEquity,USD,77504000000.0,,2019-12-28,10-Q,2021,Q2,2021-07-23,0000050863-21-000030,
StockholdersEquity,USD,77504000000.0,,2019-12-28,10-Q,2021,Q3,2021-10-22,0000050863-21-000038,
StockholdersEquity,USD,77504000000.0,,2019-12-28,10-K,2021,FY,2022-01-27,0000050863-22-000007,CY2019Q4I
StockholdersEquity,USD,76354000000.0,,2020-03-28,10-Q,2020,Q1,2020-04-24,0000050863-20-000017,
StockholdersEquity,USD,76354000000.0,,2020-03-28,10-Q,2020,Q2,2020-07-24,0000050863-20-000026,
StockholdersEquity,USD,76354000000.0,,2020-03-28,10-Q,2021,Q1,2021-04-23,0000050863-21-000018,
StockholdersEquity,USD,76354000000.0,,2020-03-28,10-Q,2021,Q2,2021-07-23,0000050863-21-000030,CY2020Q1I
StockholdersEquity,USD,82010000000.0,,2020-06-27,10-Q,2020,Q2,2020-07-24,0000050863-20-000026,
StockholdersEquity,USD,82010000000.0,,2020-06-27,10-Q,2020,Q3,2020-10-23,0000050863-20-000043,
StockholdersEquity,USD,82010000000.0,,2020-06-27,10-Q,2021,Q2,2021-07-23,0000050863-21-000030,
StockholdersEquity,USD,82010000000.0,,2020-06-27,10-Q,2021,Q3,2021-10-22,0000050863-21-000038,CY2020Q2I
StockholdersEquity,USD,74554000000.0,,2020-09-26,10-Q,2020,Q3,2020-10-23,0000050863-20-000043,
StockholdersEquity,USD,74554000000.0,,2020-09-26,10-Q,2021,Q3,2021-10-22,0000050863-21-000038,CY2020Q3I
StockholdersEquity,USD,81038000000.0,,2020-12-26,10-K,2020,FY,2021-01-22,0000050863-21-000010,
StockholdersEquity,USD,81038000000.0,,2020-12-26,10-Q,2021,Q1,2021-04-23,0000050863-21-000018,
StockholdersEquity,USD,81038000000.0,,2020-12-26,10-Q,2021,Q2,2021-07-23,0000050863-21-000030,
StockholdersEquity,USD,81038000000.0,,2020-12-26,10-Q,2021,Q3,2021-10-22,0000050863-21-000038,
StockholdersEquity,USD,81038000000.0,,2020-12-26,10-K,2021,FY,2022-01-27,0000050863-22-000007,
StockholdersEquity,USD,81073000000.0,,2020-12-26,10-Q,2022,Q1,2022-04-29,0000050863-22-000020,
StockholdersEquity,USD,81073000000.0,,2020-12-26,10-Q,2022,Q2,2022-07-29,0000050863-22-000030,
StockholdersEquity,USD,81073000000.0,,2020-12-26,10-Q,2022,Q3,2022-10-28,0000050863-22-000038,CY2020Q4I
StockholdersEquity,USD,79807000000.0,,2021-03-27,10-Q,2021,Q1,2021-04-23,0000050863-21-000018,
StockholdersEquity,USD,79807000000.0,,2021-03-27,10-Q,2021,Q2,2021-07-23,0000050863-21-000030,
StockholdersEquity,USD,79807000000.0,,2021-03-27,10-Q,2022,Q1,2022-04-29,0000050863-22-000020,
StockholdersEquity,USD,79807000000.0,,2021-03-27,10-Q,2022,Q2,2022-07-29,0000050863-22-000030,CY2021Q1I
StockholdersEquity,USD,85207000000.0,,2021-06-26,10-Q,2021,Q2,2021-07-23,0000050863-21-000030,
StockholdersEquity,USD,85207000000.0,,2021-06-26,10-Q,2021,Q3,2021-10-22,0000050863-21-000038,
StockholdersEquity,USD,85207000000.0,,2021-06-26,10-Q,2022,Q2,2022-07-29,0000050863-22-000030,
StockholdersEquity,USD,85207000000.0,,2021-06-26,10-Q,2022,Q3,2022-10-28,0000050863-22-000038,CY2021Q2I
StockholdersEquity,USD,90087000000.0,,2021-09-25,10-Q,2021,Q3,2021-10-22,0000050863-21-000038,
StockholdersEquity,USD,90087000000.0,,2021-09-25,10-Q,2022,Q3,2022-10-28,0000050863-22-000038,CY2021Q3I
StockholdersEquity,USD,95391000000.0,,2021-12-25,10-K,2021,FY,2022-01-27,0000050863-22-000007,
StockholdersEquity,USD,95391000000.0,,2021-12-25,10-Q,2022,Q1,2022-04-29,0000050863-22-000020,
StockholdersEquity,USD,95391000000.0,,2021-12-25,10-Q,2022,Q2,2022-07-29,0000050863-22-000030,
StockholdersEquity,USD,95391000000.0,,2021-12-25,10-Q,2022,Q3,2022-10-28,0000050863-22-000038,
StockholdersEquity,USD,95391000000.0,,2021-12-25,10-K,2022,FY,2023-01-27,0000050863-23-000006,CY2021Q4I
StockholdersEquity,USD,103136000000.0,,2022-04-02,10-Q,2022,Q1,2022-04-29,0000050863-22-000020,
StockholdersEquity,USD,103136000000.0,,2022-04-02,10-Q,2022,Q2,2022-07-29,0000050863-22-000030,CY2022Q1I
StockholdersEquity,USD,101218000000.0,,2022-07-02,10-Q,2022,Q2,2022-07-29,0000050863-22-000030,
StockholdersEquity,USD,101218000000.0,,2022-07-02,10-Q,2022,Q3,2022-10-28,0000050863-22-000038,CY2022Q2I
StockholdersEquity,USD,99885000000.0,,2022-10-01,10-Q,2022,Q3,2022-10-28,0000050863-22-000038,CY2022Q3I
StockholdersEquity,USD,101423000000.0,,2022-12-31,10-K,2022,FY,2023-01-27,0000050863-23-000006,
StockholdersEquity,USD,101423000000.0,,2022-12-31,10-Q,2023,Q1,2023-04-28,0000050863-23-000028,
StockholdersEquity,USD,101423000000.0,,2022-12-31,10-Q,2023,Q2,2023-07-28,0000050863-23-000069,
StockholdersEquity,USD,101423000000.0,,2022-12-31,10-Q,2023,Q3,2023-10-27,0000050863-23-000103,
StockholdersEquity,USD,101423000000.0,,2022-12-31,10-K,2023,FY,2024-01-26,0000050863-24-000010,CY2022Q4I
StockholdersEquity,USD,98059000000.0,,2023-04-01,10-Q,2023,Q1,2023-04-28,0000050863-23-000028,CY2023Q1I
StockholdersEquity,USD,101017000000.0,,2023-07-01,10-Q,2023,Q2,2023-07-28,0000050863-23-000069,CY2023Q2I
StockholdersEquity,USD,101813000000.0,,2023-09-30,10-Q,2023,Q3,2023-10-27,0000050863-23-000103,CY2023Q3I
StockholdersEquity,USD,105590000000.0,,2023-12-30,10-K,2023,FY,2024-01-26,0000050863-24-000010,
StockholdersEquity,USD,105590000000.0,,2023-12-30,10-Q,2024,Q1,2024-04-26,0000050863-24-000076,
StockholdersEquity,USD,105590000000.0,,2023-12-30,10-Q,2024,Q2,2024-08-02,0000050863-24-000124,
StockholdersEquity,USD,105590000000.0,,2023-12-30,10-Q,2024,Q3,2024-11-01,0000050863-24-000149,
StockholdersEquity,USD,105590000000.0,,2023-12-30,10-K,2024,FY,2025-01-31,0000050863-25-000009,CY2023Q4I
StockholdersEquity,USD,105973000000.0,,2024-03-30,10-Q,2024,Q1,2024-04-26,0000050863-24-000076,CY2024Q1I
StockholdersEquity,USD,115229000000.0,,2024-06-29,10-Q,2024,Q2,2024-08-02,0000050863-24-000124,CY2024Q2I
StockholdersEquity,USD,99532000000.0,,2024-09-28,10-Q,2024,Q3,2024-11-01,0000050863-24-000149,CY2024Q3I
StockholdersEquity,USD,99270000000.0,,2024-12-28,10-K,2024,FY,2025-01-31,0000050863-25-000009,
StockholdersEquity,USD,99270000000.0,,2024-12-28,10-Q,2025,Q1,2025-04-25,0000050863-25-000074,
StockholdersEquity,USD,99270000000.0,,2024-12-28,10-Q,2025,Q2,2025-07-24,0000050863-25-000109,
StockholdersEquity,USD,99270000000.0,,2024-12-28,10-Q,2025,Q3,2025-11-06,0000050863-25-000179,
StockholdersEquity,USD,99270000000.0,,2024-12-28,10-K,2025,FY,2026-01-23,0000050863-26-000011,CY2024Q4I
StockholdersEquity,USD,99756000000.0,,2025-03-29,10-Q,2025,Q1,2025-04-25,0000050863-25-000074,CY2025Q1I
StockholdersEquity,USD,97883000000.0,,2025-06-28,10-Q,2025,Q2,2025-07-24,0000050863-25-000109,CY2025Q2I
StockholdersEquity,USD,106376000000.0,,2025-09-27,10-Q,2025,Q3,2025-11-06,0000050863-25-000179,CY2025Q3I
StockholdersEquity,USD,114281000000.0,,2025-12-27,10-K,2025,FY,2026-01-23,0000050863-26-000011,
StockholdersEquity,USD,114281000000.0,,2025-12-27,10-Q,2026,Q1,2026-04-24,0000050863-26-000079,
StockholdersEquity,USD,114281000000.0,,2025-12-27,10-Q,2026,Q2,2026-07-24,0000050863-26-000157,CY2025Q4I
StockholdersEquity,USD,111394000000.0,,2026-03-28,10-Q,2026,Q1,2026-04-24,0000050863-26-000079,CY2026Q1I
StockholdersEquity,USD,87542000000.0,,2026-06-27,10-Q,2026,Q2,2026-07-24,0000050863-26-000157,CY2026Q2I
