concept,unit,value,start,end,form,fy,fp,filed,accn,frame
Assets,USD,7370000000.0,,2016-01-31,10-K,2016.0,FY,2016-03-17,0001045810-16-000205,
Assets,USD,7370000000.0,,2016-01-31,10-Q,2017.0,Q1,2016-05-25,0001045810-16-000275,
Assets,USD,7370000000.0,,2016-01-31,10-Q,2017.0,Q2,2016-08-23,0001045810-16-000300,
Assets,USD,7370000000.0,,2016-01-31,10-Q,2017.0,Q3,2016-11-22,0001045810-16-000353,
Assets,USD,7370000000.0,,2016-01-31,10-K,2017.0,FY,2017-03-01,0001045810-17-000027,CY2015Q4I
Assets,USD,7108000000.0,,2016-05-01,10-Q,2017.0,Q1,2016-05-25,0001045810-16-000275,CY2016Q1I
Assets,USD,7461000000.0,,2016-07-31,10-Q,2017.0,Q2,2016-08-23,0001045810-16-000300,CY2016Q2I
Assets,USD,9612000000.0,,2016-10-30,10-Q,2017.0,Q3,2016-11-22,0001045810-16-000353,CY2016Q3I
Assets,USD,9841000000.0,,2017-01-29,10-K,2017.0,FY,2017-03-01,0001045810-17-000027,
Assets,USD,9841000000.0,,2017-01-29,10-Q,2018.0,Q1,2017-05-23,0001045810-17-000075,
Assets,USD,9841000000.0,,2017-01-29,10-Q,2018.0,Q2,2017-08-23,0001045810-17-000123,
Assets,USD,9841000000.0,,2017-01-29,10-Q,2018.0,Q3,2017-11-21,0001045810-17-000172,
Assets,USD,9841000000.0,,2017-01-29,10-K,2018.0,FY,2018-02-28,0001045810-18-000010,CY2016Q4I
Assets,USD,9410000000.0,,2017-04-30,10-Q,2018.0,Q1,2017-05-23,0001045810-17-000075,CY2017Q1I
Assets,USD,9402000000.0,,2017-07-30,10-Q,2018.0,Q2,2017-08-23,0001045810-17-000123,CY2017Q2I
Assets,USD,9830000000.0,,2017-10-29,10-Q,2018.0,Q3,2017-11-21,0001045810-17-000172,CY2017Q3I
Assets,USD,11241000000.0,,2018-01-28,10-K,2018.0,FY,2018-02-28,0001045810-18-000010,
Assets,USD,11241000000.0,,2018-01-28,10-Q,2019.0,Q1,2018-05-22,0001045810-18-000080,
Assets,USD,11241000000.0,,2018-01-28,10-Q,2019.0,Q2,2018-08-16,0001045810-18-000114,
Assets,USD,11241000000.0,,2018-01-28,10-Q,2019.0,Q3,2018-11-15,0001045810-18-000150,
Assets,USD,11241000000.0,,2018-01-28,10-K,2019.0,FY,2019-02-21,0001045810-19-000023,CY2017Q4I
Assets,USD,11460000000.0,,2018-04-29,10-Q,2019.0,Q1,2018-05-22,0001045810-18-000080,CY2018Q1I
Assets,USD,12882000000.0,,2018-07-29,10-Q,2019.0,Q2,2018-08-16,0001045810-18-000114,CY2018Q2I
Assets,USD,13657000000.0,,2018-10-28,10-Q,2019.0,Q3,2018-11-15,0001045810-18-000150,CY2018Q3I
Assets,USD,13292000000.0,,2019-01-27,10-K,2019.0,FY,2019-02-21,0001045810-19-000023,
Assets,USD,13292000000.0,,2019-01-27,10-Q,2020.0,Q1,2019-05-16,0001045810-19-000079,
Assets,USD,13292000000.0,,2019-01-27,10-Q,2020.0,Q2,2019-08-15,0001045810-19-000144,
Assets,USD,13292000000.0,,2019-01-27,10-Q,2020.0,Q3,2019-11-14,0001045810-19-000170,
Assets,USD,13292000000.0,,2019-01-27,10-K,2020.0,FY,2020-02-20,0001045810-20-000010,CY2018Q4I
Assets,USD,14021000000.0,,2019-04-28,10-Q,2020.0,Q1,2019-05-16,0001045810-19-000079,CY2019Q1I
Assets,USD,14775000000.0,,2019-07-28,10-Q,2020.0,Q2,2019-08-15,0001045810-19-000144,CY2019Q2I
Assets,USD,15810000000.0,,2019-10-27,10-Q,2020.0,Q3,2019-11-14,0001045810-19-000170,CY2019Q3I
Assets,USD,17315000000.0,,2020-01-26,10-K,2020.0,FY,2020-02-20,0001045810-20-000010,
Assets,USD,17315000000.0,,2020-01-26,10-Q,2020.0,Q1,2020-05-21,0001045810-20-000065,
Assets,USD,17315000000.0,,2020-01-26,10-Q,2020.0,Q2,2020-08-19,0001045810-20-000147,
Assets,USD,17315000000.0,,2020-01-26,10-Q,2021.0,Q3,2020-11-18,0001045810-20-000189,
Assets,USD,17315000000.0,,2020-01-26,10-K,2021.0,FY,2021-02-26,0001045810-21-000010,CY2019Q4I
Assets,USD,23254000000.0,,2020-04-26,10-Q,2020.0,Q1,2020-05-21,0001045810-20-000065,CY2020Q1I
Assets,USD,25180000000.0,,2020-07-26,10-Q,2020.0,Q2,2020-08-19,0001045810-20-000147,CY2020Q2I
Assets,USD,26881000000.0,,2020-10-25,10-Q,2021.0,Q3,2020-11-18,0001045810-20-000189,CY2020Q3I
Assets,USD,28791000000.0,,2021-01-31,10-K,2021.0,FY,2021-02-26,0001045810-21-000010,
Assets,USD,28791000000.0,,2021-01-31,10-Q,2022.0,Q1,2021-05-26,0001045810-21-000064,
Assets,USD,28791000000.0,,2021-01-31,10-Q,2022.0,Q2,2021-08-20,0001045810-21-000131,
Assets,USD,28791000000.0,,2021-01-31,10-Q,2022.0,Q3,2021-11-22,0001045810-21-000163,
Assets,USD,28791000000.0,,2021-01-31,10-K,2022.0,FY,2022-03-18,0001045810-22-000036,CY2020Q4I
Assets,USD,30796000000.0,,2021-05-02,10-Q,2022.0,Q1,2021-05-26,0001045810-21-000064,CY2021Q1I
Assets,USD,38650000000.0,,2021-08-01,10-Q,2022.0,Q2,2021-08-20,0001045810-21-000131,CY2021Q2I
Assets,USD,40632000000.0,,2021-10-31,10-Q,2022.0,Q3,2021-11-22,0001045810-21-000163,CY2021Q3I
Assets,USD,44187000000.0,,2022-01-30,10-K,2022.0,FY,2022-03-18,0001045810-22-000036,
Assets,USD,44187000000.0,,2022-01-30,10-Q,2023.0,Q1,2022-05-27,0001045810-22-000079,
Assets,USD,44187000000.0,,2022-01-30,10-Q,2023.0,Q2,2022-08-31,0001045810-22-000147,
Assets,USD,44187000000.0,,2022-01-30,10-Q,2023.0,Q3,2022-11-18,0001045810-22-000166,
Assets,USD,44187000000.0,,2022-01-30,10-K,2023.0,FY,2023-02-24,0001045810-23-000017,CY2021Q4I
Assets,USD,45212000000.0,,2022-05-01,10-Q,2023.0,Q1,2022-05-27,0001045810-22-000079,CY2022Q1I
Assets,USD,43476000000.0,,2022-07-31,10-Q,2023.0,Q2,2022-08-31,0001045810-22-000147,CY2022Q2I
Assets,USD,40488000000.0,,2022-10-30,10-Q,2023.0,Q3,2022-11-18,0001045810-22-000166,CY2022Q3I
Assets,USD,41182000000.0,,2023-01-29,10-K,2023.0,FY,2023-02-24,0001045810-23-000017,
Assets,USD,41182000000.0,,2023-01-29,10-Q,2024.0,Q1,2023-05-26,0001045810-23-000093,
Assets,USD,41182000000.0,,2023-01-29,10-Q,2024.0,Q2,2023-08-28,0001045810-23-000175,
Assets,USD,41182000000.0,,2023-01-29,10-Q,2024.0,Q3,2023-11-21,0001045810-23-000227,
Assets,USD,41182000000.0,,2023-01-29,10-K,2024.0,FY,2024-02-21,0001045810-24-000029,CY2022Q4I
Assets,USD,44460000000.0,,2023-04-30,10-Q,2024.0,Q1,2023-05-26,0001045810-23-000093,CY2023Q1I
Assets,USD,49555000000.0,,2023-07-30,10-Q,2024.0,Q2,2023-08-28,0001045810-23-000175,CY2023Q2I
Assets,USD,54148000000.0,,2023-10-29,10-Q,2024.0,Q3,2023-11-21,0001045810-23-000227,CY2023Q3I
Assets,USD,65728000000.0,,2024-01-28,10-K,2024.0,FY,2024-02-21,0001045810-24-000029,
Assets,USD,65728000000.0,,2024-01-28,10-Q,2025.0,Q1,2024-05-29,0001045810-24-000124,
Assets,USD,65728000000.0,,2024-01-28,10-Q,2025.0,Q2,2024-08-28,0001045810-24-000264,
Assets,USD,65728000000.0,,2024-01-28,10-Q,2025.0,Q3,2024-11-20,0001045810-24-000316,
Assets,USD,65728000000.0,,2024-01-28,10-K,2025.0,FY,2025-02-26,0001045810-25-000023,CY2023Q4I
Assets,USD,77072000000.0,,2024-04-28,10-Q,2025.0,Q1,2024-05-29,0001045810-24-000124,CY2024Q1I
Assets,USD,85227000000.0,,2024-07-28,10-Q,2025.0,Q2,2024-08-28,0001045810-24-000264,CY2024Q2I
Assets,USD,96013000000.0,,2024-10-27,10-Q,2025.0,Q3,2024-11-20,0001045810-24-000316,CY2024Q3I
Assets,USD,111601000000.0,,2025-01-26,10-K,2025.0,FY,2025-02-26,0001045810-25-000023,
Assets,USD,111601000000.0,,2025-01-26,10-Q,2026.0,Q1,2025-05-28,0001045810-25-000116,
Assets,USD,111601000000.0,,2025-01-26,10-Q,2026.0,Q2,2025-08-27,0001045810-25-000209,
Assets,USD,111601000000.0,,2025-01-26,10-Q,2026.0,Q3,2025-11-19,0001045810-25-000230,
Assets,USD,111601000000.0,,2025-01-26,10-K,2026.0,FY,2026-02-25,0001045810-26-000021,CY2024Q4I
Assets,USD,125254000000.0,,2025-04-27,10-Q,2026.0,Q1,2025-05-28,0001045810-25-000116,CY2025Q1I
Assets,USD,140740000000.0,,2025-07-27,10-Q,2026.0,Q2,2025-08-27,0001045810-25-000209,CY2025Q2I
Assets,USD,161148000000.0,,2025-10-26,10-Q,2026.0,Q3,2025-11-19,0001045810-25-000230,CY2025Q3I
Assets,USD,206803000000.0,,2026-01-25,10-K,2026.0,FY,2026-02-25,0001045810-26-000021,
Assets,USD,206803000000.0,,2026-01-25,10-Q,2027.0,Q1,2026-05-20,0001045810-26-000052,
Assets,USD,206803000000.0,,2026-01-25,10-Q,2027.0,Q2,2026-08-26,0001045810-26-000075,CY2025Q4I
Assets,USD,259474000000.0,,2026-04-26,10-Q,2027.0,Q1,2026-05-20,0001045810-26-000052,CY2026Q1I
Assets,USD,320272000000.0,,2026-07-26,10-Q,2027.0,Q2,2026-08-26,0001045810-26-000075,CY2026Q2I
CashAndCashEquivalentsAtCarryingValue,USD,596000000.0,,2016-01-31,10-K,2016.0,FY,2016-03-17,0001045810-16-000205,
CashAndCashEquivalentsAtCarryingValue,USD,596000000.0,,2016-01-31,10-Q,2017.0,Q1,2016-05-25,0001045810-16-000275,
CashAndCashEquivalentsAtCarryingValue,USD,596000000.0,,2016-01-31,10-Q,2017.0,Q2,2016-08-23,0001045810-16-000300,
CashAndCashEquivalentsAtCarryingValue,USD,596000000.0,,2016-01-31,10-Q,2017.0,Q3,2016-11-22,0001045810-16-000353,
CashAndCashEquivalentsAtCarryingValue,USD,596000000.0,,2016-01-31,10-K,2017.0,FY,2017-03-01,0001045810-17-000027,
CashAndCashEquivalentsAtCarryingValue,USD,596000000.0,,2016-01-31,10-Q,2018.0,Q1,2017-05-23,0001045810-17-000075,
CashAndCashEquivalentsAtCarryingValue,USD,596000000.0,,2016-01-31,10-Q,2018.0,Q2,2017-08-23,0001045810-17-000123,
CashAndCashEquivalentsAtCarryingValue,USD,596000000.0,,2016-01-31,10-Q,2018.0,Q3,2017-11-21,0001045810-17-000172,
CashAndCashEquivalentsAtCarryingValue,USD,596000000.0,,2016-01-31,10-K,2018.0,FY,2018-02-28,0001045810-18-000010,
CashAndCashEquivalentsAtCarryingValue,USD,596000000.0,,2016-01-31,10-K,2019.0,FY,2019-02-21,0001045810-19-000023,CY2015Q4I
CashAndCashEquivalentsAtCarryingValue,USD,547000000.0,,2016-05-01,10-Q,2017.0,Q1,2016-05-25,0001045810-16-000275,
CashAndCashEquivalentsAtCarryingValue,USD,547000000.0,,2016-05-01,10-Q,2018.0,Q1,2017-05-23,0001045810-17-000075,CY2016Q1I
CashAndCashEquivalentsAtCarryingValue,USD,426000000.0,,2016-07-31,10-Q,2017.0,Q2,2016-08-23,0001045810-16-000300,
CashAndCashEquivalentsAtCarryingValue,USD,426000000.0,,2016-07-31,10-Q,2018.0,Q2,2017-08-23,0001045810-17-000123,CY2016Q2I
CashAndCashEquivalentsAtCarryingValue,USD,1940000000.0,,2016-10-30,10-Q,2017.0,Q3,2016-11-22,0001045810-16-000353,
CashAndCashEquivalentsAtCarryingValue,USD,1940000000.0,,2016-10-30,10-Q,2018.0,Q3,2017-11-21,0001045810-17-000172,CY2016Q3I
CashAndCashEquivalentsAtCarryingValue,USD,1766000000.0,,2017-01-29,10-K,2017.0,FY,2017-03-01,0001045810-17-000027,
CashAndCashEquivalentsAtCarryingValue,USD,1766000000.0,,2017-01-29,10-Q,2018.0,Q1,2017-05-23,0001045810-17-000075,
CashAndCashEquivalentsAtCarryingValue,USD,1766000000.0,,2017-01-29,10-Q,2018.0,Q2,2017-08-23,0001045810-17-000123,
CashAndCashEquivalentsAtCarryingValue,USD,1766000000.0,,2017-01-29,10-Q,2018.0,Q3,2017-11-21,0001045810-17-000172,
CashAndCashEquivalentsAtCarryingValue,USD,1766000000.0,,2017-01-29,10-K,2018.0,FY,2018-02-28,0001045810-18-000010,
CashAndCashEquivalentsAtCarryingValue,USD,1766000000.0,,2017-01-29,10-Q,2019.0,Q1,2018-05-22,0001045810-18-000080,
CashAndCashEquivalentsAtCarryingValue,USD,1766000000.0,,2017-01-29,10-Q,2019.0,Q2,2018-08-16,0001045810-18-000114,
CashAndCashEquivalentsAtCarryingValue,USD,1766000000.0,,2017-01-29,10-Q,2019.0,Q3,2018-11-15,0001045810-18-000150,
CashAndCashEquivalentsAtCarryingValue,USD,1766000000.0,,2017-01-29,10-K,2019.0,FY,2019-02-21,0001045810-19-000023,CY2016Q4I
CashAndCashEquivalentsAtCarryingValue,USD,1989000000.0,,2017-04-30,10-Q,2018.0,Q1,2017-05-23,0001045810-17-000075,
CashAndCashEquivalentsAtCarryingValue,USD,1989000000.0,,2017-04-30,10-Q,2019.0,Q1,2018-05-22,0001045810-18-000080,CY2017Q1I
CashAndCashEquivalentsAtCarryingValue,USD,1988000000.0,,2017-07-30,10-Q,2018.0,Q2,2017-08-23,0001045810-17-000123,
CashAndCashEquivalentsAtCarryingValue,USD,1988000000.0,,2017-07-30,10-Q,2019.0,Q2,2018-08-16,0001045810-18-000114,CY2017Q2I
CashAndCashEquivalentsAtCarryingValue,USD,2802000000.0,,2017-10-29,10-Q,2018.0,Q3,2017-11-21,0001045810-17-000172,
CashAndCashEquivalentsAtCarryingValue,USD,2802000000.0,,2017-10-29,10-Q,2019.0,Q3,2018-11-15,0001045810-18-000150,CY2017Q3I
CashAndCashEquivalentsAtCarryingValue,USD,4002000000.0,,2018-01-28,10-K,2018.0,FY,2018-02-28,0001045810-18-000010,
CashAndCashEquivalentsAtCarryingValue,USD,4002000000.0,,2018-01-28,10-Q,2019.0,Q1,2018-05-22,0001045810-18-000080,
CashAndCashEquivalentsAtCarryingValue,USD,4002000000.0,,2018-01-28,10-Q,2019.0,Q2,2018-08-16,0001045810-18-000114,
CashAndCashEquivalentsAtCarryingValue,USD,4002000000.0,,2018-01-28,10-Q,2019.0,Q3,2018-11-15,0001045810-18-000150,
CashAndCashEquivalentsAtCarryingValue,USD,4002000000.0,,2018-01-28,10-K,2019.0,FY,2019-02-21,0001045810-19-000023,CY2017Q4I
CashAndCashEquivalentsAtCarryingValue,USD,765000000.0,,2018-04-29,10-Q,2019.0,Q1,2018-05-22,0001045810-18-000080,CY2018Q1I
CashAndCashEquivalentsAtCarryingValue,USD,718000000.0,,2018-07-29,10-Q,2019.0,Q2,2018-08-16,0001045810-18-000114,CY2018Q2I
CashAndCashEquivalentsAtCarryingValue,USD,721000000.0,,2018-10-28,10-Q,2019.0,Q3,2018-11-15,0001045810-18-000150,CY2018Q3I
CashAndCashEquivalentsAtCarryingValue,USD,782000000.0,,2019-01-27,10-K,2019.0,FY,2019-02-21,0001045810-19-000023,
CashAndCashEquivalentsAtCarryingValue,USD,782000000.0,,2019-01-27,10-Q,2020.0,Q1,2019-05-16,0001045810-19-000079,
CashAndCashEquivalentsAtCarryingValue,USD,782000000.0,,2019-01-27,10-Q,2020.0,Q2,2019-08-15,0001045810-19-000144,
CashAndCashEquivalentsAtCarryingValue,USD,782000000.0,,2019-01-27,10-Q,2020.0,Q3,2019-11-14,0001045810-19-000170,
CashAndCashEquivalentsAtCarryingValue,USD,782000000.0,,2019-01-27,10-K,2020.0,FY,2020-02-20,0001045810-20-000010,CY2018Q4I
CashAndCashEquivalentsAtCarryingValue,USD,2772000000.0,,2019-04-28,10-Q,2020.0,Q1,2019-05-16,0001045810-19-000079,CY2019Q1I
CashAndCashEquivalentsAtCarryingValue,USD,7105000000.0,,2019-07-28,10-Q,2020.0,Q2,2019-08-15,0001045810-19-000144,CY2019Q2I
CashAndCashEquivalentsAtCarryingValue,USD,9765000000.0,,2019-10-27,10-Q,2020.0,Q3,2019-11-14,0001045810-19-000170,CY2019Q3I
CashAndCashEquivalentsAtCarryingValue,USD,10896000000.0,,2020-01-26,10-K,2020.0,FY,2020-02-20,0001045810-20-000010,
CashAndCashEquivalentsAtCarryingValue,USD,10896000000.0,,2020-01-26,10-Q,2020.0,Q1,2020-05-21,0001045810-20-000065,
CashAndCashEquivalentsAtCarryingValue,USD,10896000000.0,,2020-01-26,10-Q,2020.0,Q2,2020-08-19,0001045810-20-000147,
CashAndCashEquivalentsAtCarryingValue,USD,10896000000.0,,2020-01-26,10-Q,2021.0,Q3,2020-11-18,0001045810-20-000189,
CashAndCashEquivalentsAtCarryingValue,USD,10896000000.0,,2020-01-26,10-K,2021.0,FY,2021-02-26,0001045810-21-000010,CY2019Q4I
CashAndCashEquivalentsAtCarryingValue,USD,15494000000.0,,2020-04-26,10-Q,2020.0,Q1,2020-05-21,0001045810-20-000065,CY2020Q1I
CashAndCashEquivalentsAtCarryingValue,USD,3274000000.0,,2020-07-26,10-Q,2020.0,Q2,2020-08-19,0001045810-20-000147,CY2020Q2I
CashAndCashEquivalentsAtCarryingValue,USD,2251000000.0,,2020-10-25,10-Q,2021.0,Q3,2020-11-18,0001045810-20-000189,CY2020Q3I
CashAndCashEquivalentsAtCarryingValue,USD,847000000.0,,2021-01-31,10-K,2021.0,FY,2021-02-26,0001045810-21-000010,
CashAndCashEquivalentsAtCarryingValue,USD,847000000.0,,2021-01-31,10-Q,2022.0,Q1,2021-05-26,0001045810-21-000064,
CashAndCashEquivalentsAtCarryingValue,USD,847000000.0,,2021-01-31,10-Q,2022.0,Q2,2021-08-20,0001045810-21-000131,
CashAndCashEquivalentsAtCarryingValue,USD,847000000.0,,2021-01-31,10-Q,2022.0,Q3,2021-11-22,0001045810-21-000163,
CashAndCashEquivalentsAtCarryingValue,USD,847000000.0,,2021-01-31,10-K,2022.0,FY,2022-03-18,0001045810-22-000036,CY2020Q4I
CashAndCashEquivalentsAtCarryingValue,USD,978000000.0,,2021-05-02,10-Q,2022.0,Q1,2021-05-26,0001045810-21-000064,CY2021Q1I
CashAndCashEquivalentsAtCarryingValue,USD,5628000000.0,,2021-08-01,10-Q,2022.0,Q2,2021-08-20,0001045810-21-000131,CY2021Q2I
CashAndCashEquivalentsAtCarryingValue,USD,1288000000.0,,2021-10-31,10-Q,2022.0,Q3,2021-11-22,0001045810-21-000163,CY2021Q3I
CashAndCashEquivalentsAtCarryingValue,USD,1990000000.0,,2022-01-30,10-K,2022.0,FY,2022-03-18,0001045810-22-000036,
CashAndCashEquivalentsAtCarryingValue,USD,1990000000.0,,2022-01-30,10-Q,2023.0,Q1,2022-05-27,0001045810-22-000079,
CashAndCashEquivalentsAtCarryingValue,USD,1990000000.0,,2022-01-30,10-Q,2023.0,Q2,2022-08-31,0001045810-22-000147,
CashAndCashEquivalentsAtCarryingValue,USD,1990000000.0,,2022-01-30,10-Q,2023.0,Q3,2022-11-18,0001045810-22-000166,
CashAndCashEquivalentsAtCarryingValue,USD,1990000000.0,,2022-01-30,10-K,2023.0,FY,2023-02-24,0001045810-23-000017,CY2021Q4I
CashAndCashEquivalentsAtCarryingValue,USD,3887000000.0,,2022-05-01,10-Q,2023.0,Q1,2022-05-27,0001045810-22-000079,CY2022Q1I
CashAndCashEquivalentsAtCarryingValue,USD,3013000000.0,,2022-07-31,10-Q,2023.0,Q2,2022-08-31,0001045810-22-000147,
CashAndCashEquivalentsAtCarryingValue,USD,3013000000.0,,2022-07-31,10-Q,2024.0,Q2,2023-08-28,0001045810-23-000175,CY2022Q2I
CashAndCashEquivalentsAtCarryingValue,USD,2800000000.0,,2022-10-30,10-Q,2023.0,Q3,2022-11-18,0001045810-22-000166,CY2022Q3I
CashAndCashEquivalentsAtCarryingValue,USD,3389000000.0,,2023-01-29,10-K,2023.0,FY,2023-02-24,0001045810-23-000017,
CashAndCashEquivalentsAtCarryingValue,USD,3389000000.0,,2023-01-29,10-Q,2024.0,Q1,2023-05-26,0001045810-23-000093,
CashAndCashEquivalentsAtCarryingValue,USD,3389000000.0,,2023-01-29,10-Q,2024.0,Q2,2023-08-28,0001045810-23-000175,
CashAndCashEquivalentsAtCarryingValue,USD,3389000000.0,,2023-01-29,10-Q,2024.0,Q3,2023-11-21,0001045810-23-000227,
CashAndCashEquivalentsAtCarryingValue,USD,3389000000.0,,2023-01-29,10-K,2024.0,FY,2024-02-21,0001045810-24-000029,CY2022Q4I
CashAndCashEquivalentsAtCarryingValue,USD,5079000000.0,,2023-04-30,10-Q,2024.0,Q1,2023-05-26,0001045810-23-000093,CY2023Q1I
CashAndCashEquivalentsAtCarryingValue,USD,5783000000.0,,2023-07-30,10-Q,2024.0,Q2,2023-08-28,0001045810-23-000175,
CashAndCashEquivalentsAtCarryingValue,USD,5783000000.0,,2023-07-30,10-Q,2025.0,Q2,2024-08-28,0001045810-24-000264,CY2023Q2I
CashAndCashEquivalentsAtCarryingValue,USD,5519000000.0,,2023-10-29,10-Q,2024.0,Q3,2023-11-21,0001045810-23-000227,CY2023Q3I
CashAndCashEquivalentsAtCarryingValue,USD,7280000000.0,,2024-01-28,10-K,2024.0,FY,2024-02-21,0001045810-24-000029,
CashAndCashEquivalentsAtCarryingValue,USD,7280000000.0,,2024-01-28,10-Q,2025.0,Q1,2024-05-29,0001045810-24-000124,
CashAndCashEquivalentsAtCarryingValue,USD,7280000000.0,,2024-01-28,10-Q,2025.0,Q2,2024-08-28,0001045810-24-000264,
CashAndCashEquivalentsAtCarryingValue,USD,7280000000.0,,2024-01-28,10-Q,2025.0,Q3,2024-11-20,0001045810-24-000316,
CashAndCashEquivalentsAtCarryingValue,USD,7280000000.0,,2024-01-28,10-K,2025.0,FY,2025-02-26,0001045810-25-000023,CY2023Q4I
CashAndCashEquivalentsAtCarryingValue,USD,7587000000.0,,2024-04-28,10-Q,2025.0,Q1,2024-05-29,0001045810-24-000124,CY2024Q1I
CashAndCashEquivalentsAtCarryingValue,USD,8563000000.0,,2024-07-28,10-Q,2025.0,Q2,2024-08-28,0001045810-24-000264,CY2024Q2I
CashAndCashEquivalentsAtCarryingValue,USD,9107000000.0,,2024-10-27,10-Q,2025.0,Q3,2024-11-20,0001045810-24-000316,CY2024Q3I
CashAndCashEquivalentsAtCarryingValue,USD,8589000000.0,,2025-01-26,10-K,2025.0,FY,2025-02-26,0001045810-25-000023,
CashAndCashEquivalentsAtCarryingValue,USD,8589000000.0,,2025-01-26,10-Q,2026.0,Q1,2025-05-28,0001045810-25-000116,
CashAndCashEquivalentsAtCarryingValue,USD,8589000000.0,,2025-01-26,10-Q,2026.0,Q2,2025-08-27,0001045810-25-000209,
CashAndCashEquivalentsAtCarryingValue,USD,8589000000.0,,2025-01-26,10-Q,2026.0,Q3,2025-11-19,0001045810-25-000230,
CashAndCashEquivalentsAtCarryingValue,USD,8589000000.0,,2025-01-26,10-K,2026.0,FY,2026-02-25,0001045810-26-000021,CY2024Q4I
CashAndCashEquivalentsAtCarryingValue,USD,15234000000.0,,2025-04-27,10-Q,2026.0,Q1,2025-05-28,0001045810-25-000116,CY2025Q1I
CashAndCashEquivalentsAtCarryingValue,USD,11639000000.0,,2025-07-27,10-Q,2026.0,Q2,2025-08-27,0001045810-25-000209,CY2025Q2I
CashAndCashEquivalentsAtCarryingValue,USD,11486000000.0,,2025-10-26,10-Q,2026.0,Q3,2025-11-19,0001045810-25-000230,CY2025Q3I
CashAndCashEquivalentsAtCarryingValue,USD,10605000000.0,,2026-01-25,10-K,2026.0,FY,2026-02-25,0001045810-26-000021,
CashAndCashEquivalentsAtCarryingValue,USD,10605000000.0,,2026-01-25,10-Q,2027.0,Q1,2026-05-20,0001045810-26-000052,
CashAndCashEquivalentsAtCarryingValue,USD,10605000000.0,,2026-01-25,10-Q,2027.0,Q2,2026-08-26,0001045810-26-000075,CY2025Q4I
CashAndCashEquivalentsAtCarryingValue,USD,13237000000.0,,2026-04-26,10-Q,2027.0,Q1,2026-05-20,0001045810-26-000052,CY2026Q1I
CashAndCashEquivalentsAtCarryingValue,USD,22443000000.0,,2026-07-26,10-Q,2027.0,Q2,2026-08-26,0001045810-26-000075,CY2026Q2I
CostOfGoodsAndServicesSold,USD,2847000000.0,2016-02-01,2017-01-29,10-K,2019.0,FY,2019-02-21,0001045810-19-000023,CY2016
CostOfGoodsAndServicesSold,USD,787000000.0,2017-01-30,2017-04-30,10-K,2019.0,FY,2019-02-21,0001045810-19-000023,CY2017Q1
CostOfGoodsAndServicesSold,USD,928000000.0,2017-05-01,2017-07-30,10-K,2019.0,FY,2019-02-21,0001045810-19-000023,CY2017Q2
CostOfGoodsAndServicesSold,USD,1067000000.0,2017-07-31,2017-10-29,10-K,2019.0,FY,2019-02-21,0001045810-19-000023,CY2017Q3
CostOfGoodsAndServicesSold,USD,3892000000.0,2017-01-30,2018-01-28,10-K,2019.0,FY,2019-02-21,0001045810-19-000023,
CostOfGoodsAndServicesSold,USD,3892000000.0,2017-01-30,2018-01-28,10-K,2020.0,FY,2020-02-20,0001045810-20-000010,CY2017
CostOfGoodsAndServicesSold,USD,1110000000.0,2017-10-30,2018-01-28,10-K,2019.0,FY,2019-02-21,0001045810-19-000023,CY2017Q4
CostOfGoodsAndServicesSold,USD,1139000000.0,2018-01-29,2018-04-29,10-K,2019.0,FY,2019-02-21,0001045810-19-000023,
CostOfGoodsAndServicesSold,USD,1139000000.0,2018-01-29,2018-04-29,10-K,2020.0,FY,2020-02-20,0001045810-20-000010,CY2018Q1
CostOfGoodsAndServicesSold,USD,1148000000.0,2018-04-30,2018-07-29,10-K,2019.0,FY,2019-02-21,0001045810-19-000023,
CostOfGoodsAndServicesSold,USD,1148000000.0,2018-04-30,2018-07-29,10-K,2020.0,FY,2020-02-20,0001045810-20-000010,CY2018Q2
CostOfGoodsAndServicesSold,USD,1260000000.0,2018-07-30,2018-10-28,10-K,2019.0,FY,2019-02-21,0001045810-19-000023,
CostOfGoodsAndServicesSold,USD,1260000000.0,2018-07-30,2018-10-28,10-K,2020.0,FY,2020-02-20,0001045810-20-000010,CY2018Q3
CostOfGoodsAndServicesSold,USD,4545000000.0,2018-01-29,2019-01-27,10-K,2019.0,FY,2019-02-21,0001045810-19-000023,
CostOfGoodsAndServicesSold,USD,4545000000.0,2018-01-29,2019-01-27,10-K,2020.0,FY,2020-02-20,0001045810-20-000010,
CostOfGoodsAndServicesSold,USD,4545000000.0,2018-01-29,2019-01-27,10-K,2021.0,FY,2021-02-26,0001045810-21-000010,CY2018
CostOfGoodsAndServicesSold,USD,998000000.0,2018-10-29,2019-01-27,10-K,2019.0,FY,2019-02-21,0001045810-19-000023,
CostOfGoodsAndServicesSold,USD,998000000.0,2018-10-29,2019-01-27,10-K,2020.0,FY,2020-02-20,0001045810-20-000010,CY2018Q4
CostOfGoodsAndServicesSold,USD,924000000.0,2019-01-28,2019-04-28,10-K,2020.0,FY,2020-02-20,0001045810-20-000010,CY2019Q1
CostOfGoodsAndServicesSold,USD,1038000000.0,2019-04-29,2019-07-28,10-K,2020.0,FY,2020-02-20,0001045810-20-000010,CY2019Q2
CostOfGoodsAndServicesSold,USD,1098000000.0,2019-07-29,2019-10-27,10-K,2020.0,FY,2020-02-20,0001045810-20-000010,CY2019Q3
CostOfGoodsAndServicesSold,USD,4150000000.0,2019-01-28,2020-01-26,10-K,2020.0,FY,2020-02-20,0001045810-20-000010,
CostOfGoodsAndServicesSold,USD,4150000000.0,2019-01-28,2020-01-26,10-K,2021.0,FY,2021-02-26,0001045810-21-000010,CY2019
CostOfGoodsAndServicesSold,USD,1090000000.0,2019-10-28,2020-01-26,10-K,2020.0,FY,2020-02-20,0001045810-20-000010,CY2019Q4
CostOfGoodsAndServicesSold,USD,6279000000.0,2020-01-27,2021-01-31,10-K,2021.0,FY,2021-02-26,0001045810-21-000010,CY2020
CostOfRevenue,USD,2199000000.0,2015-01-26,2016-01-31,10-K,2016.0,FY,2016-03-17,0001045810-16-000205,
CostOfRevenue,USD,2199000000.0,2015-01-26,2016-01-31,10-K,2017.0,FY,2017-03-01,0001045810-17-000027,
CostOfRevenue,USD,2199000000.0,2015-01-26,2016-01-31,10-K,2018.0,FY,2018-02-28,0001045810-18-000010,CY2015
CostOfRevenue,USD,610000000.0,2015-10-26,2016-01-31,10-K,2016.0,FY,2016-03-17,0001045810-16-000205,
CostOfRevenue,USD,610000000.0,2015-10-26,2016-01-31,10-K,2017.0,FY,2017-03-01,0001045810-17-000027,CY2015Q4
CostOfRevenue,USD,554000000.0,2016-02-01,2016-05-01,10-Q,2017.0,Q1,2016-05-25,0001045810-16-000275,
CostOfRevenue,USD,554000000.0,2016-02-01,2016-05-01,10-K,2017.0,FY,2017-03-01,0001045810-17-000027,
CostOfRevenue,USD,554000000.0,2016-02-01,2016-05-01,10-Q,2018.0,Q1,2017-05-23,0001045810-17-000075,
CostOfRevenue,USD,554000000.0,2016-02-01,2016-05-01,10-K,2018.0,FY,2018-02-28,0001045810-18-000010,CY2016Q1
CostOfRevenue,USD,1156000000.0,2016-02-01,2016-07-31,10-Q,2017.0,Q2,2016-08-23,0001045810-16-000300,
CostOfRevenue,USD,1156000000.0,2016-02-01,2016-07-31,10-Q,2018.0,Q2,2017-08-23,0001045810-17-000123,
CostOfRevenue,USD,602000000.0,2016-05-02,2016-07-31,10-Q,2017.0,Q2,2016-08-23,0001045810-16-000300,
CostOfRevenue,USD,602000000.0,2016-05-02,2016-07-31,10-K,2017.0,FY,2017-03-01,0001045810-17-000027,
CostOfRevenue,USD,602000000.0,2016-05-02,2016-07-31,10-Q,2018.0,Q2,2017-08-23,0001045810-17-000123,
CostOfRevenue,USD,602000000.0,2016-05-02,2016-07-31,10-K,2018.0,FY,2018-02-28,0001045810-18-000010,CY2016Q2
CostOfRevenue,USD,1977000000.0,2016-02-01,2016-10-30,10-Q,2017.0,Q3,2016-11-22,0001045810-16-000353,
CostOfRevenue,USD,1977000000.0,2016-02-01,2016-10-30,10-Q,2018.0,Q3,2017-11-21,0001045810-17-000172,
CostOfRevenue,USD,821000000.0,2016-08-01,2016-10-30,10-Q,2017.0,Q3,2016-11-22,0001045810-16-000353,
CostOfRevenue,USD,821000000.0,2016-08-01,2016-10-30,10-K,2017.0,FY,2017-03-01,0001045810-17-000027,
CostOfRevenue,USD,821000000.0,2016-08-01,2016-10-30,10-Q,2018.0,Q3,2017-11-21,0001045810-17-000172,
CostOfRevenue,USD,821000000.0,2016-08-01,2016-10-30,10-K,2018.0,FY,2018-02-28,0001045810-18-000010,CY2016Q3
CostOfRevenue,USD,2847000000.0,2016-02-01,2017-01-29,10-K,2017.0,FY,2017-03-01,0001045810-17-000027,
CostOfRevenue,USD,2847000000.0,2016-02-01,2017-01-29,10-K,2018.0,FY,2018-02-28,0001045810-18-000010,CY2016
CostOfRevenue,USD,870000000.0,2016-10-31,2017-01-29,10-K,2017.0,FY,2017-03-01,0001045810-17-000027,
CostOfRevenue,USD,870000000.0,2016-10-31,2017-01-29,10-K,2018.0,FY,2018-02-28,0001045810-18-000010,CY2016Q4
CostOfRevenue,USD,787000000.0,2017-01-30,2017-04-30,10-Q,2018.0,Q1,2017-05-23,0001045810-17-000075,
CostOfRevenue,USD,787000000.0,2017-01-30,2017-04-30,10-K,2018.0,FY,2018-02-28,0001045810-18-000010,
CostOfRevenue,USD,787000000.0,2017-01-30,2017-04-30,10-Q,2019.0,Q1,2018-05-22,0001045810-18-000080,CY2017Q1
CostOfRevenue,USD,1715000000.0,2017-01-30,2017-07-30,10-Q,2018.0,Q2,2017-08-23,0001045810-17-000123,
CostOfRevenue,USD,928000000.0,2017-01-30,2017-07-30,10-K,2018.0,FY,2018-02-28,0001045810-18-000010,
CostOfRevenue,USD,1715000000.0,2017-01-30,2017-07-30,10-Q,2019.0,Q2,2018-08-16,0001045810-18-000114,
CostOfRevenue,USD,928000000.0,2017-05-01,2017-07-30,10-Q,2018.0,Q2,2017-08-23,0001045810-17-000123,
CostOfRevenue,USD,928000000.0,2017-05-01,2017-07-30,10-Q,2019.0,Q2,2018-08-16,0001045810-18-000114,CY2017Q2
CostOfRevenue,USD,2782000000.0,2017-01-30,2017-10-29,10-Q,2018.0,Q3,2017-11-21,0001045810-17-000172,
CostOfRevenue,USD,2782000000.0,2017-01-30,2017-10-29,10-Q,2019.0,Q3,2018-11-15,0001045810-18-000150,
CostOfRevenue,USD,1067000000.0,2017-07-31,2017-10-29,10-Q,2018.0,Q3,2017-11-21,0001045810-17-000172,
CostOfRevenue,USD,1067000000.0,2017-07-31,2017-10-29,10-K,2018.0,FY,2018-02-28,0001045810-18-000010,
CostOfRevenue,USD,1067000000.0,2017-07-31,2017-10-29,10-Q,2019.0,Q3,2018-11-15,0001045810-18-000150,CY2017Q3
CostOfRevenue,USD,3892000000.0,2017-01-30,2018-01-28,10-K,2018.0,FY,2018-02-28,0001045810-18-000010,CY2017
CostOfRevenue,USD,1110000000.0,2017-10-30,2018-01-28,10-K,2018.0,FY,2018-02-28,0001045810-18-000010,CY2017Q4
CostOfRevenue,USD,1139000000.0,2018-01-29,2018-04-29,10-Q,2019.0,Q1,2018-05-22,0001045810-18-000080,
CostOfRevenue,USD,1139000000.0,2018-01-29,2018-04-29,10-Q,2020.0,Q1,2019-05-16,0001045810-19-000079,CY2018Q1
CostOfRevenue,USD,2287000000.0,2018-01-29,2018-07-29,10-Q,2019.0,Q2,2018-08-16,0001045810-18-000114,
CostOfRevenue,USD,2287000000.0,2018-01-29,2018-07-29,10-Q,2020.0,Q2,2019-08-15,0001045810-19-000144,
CostOfRevenue,USD,1148000000.0,2018-04-30,2018-07-29,10-Q,2019.0,Q2,2018-08-16,0001045810-18-000114,
CostOfRevenue,USD,1148000000.0,2018-04-30,2018-07-29,10-Q,2020.0,Q2,2019-08-15,0001045810-19-000144,CY2018Q2
CostOfRevenue,USD,3547000000.0,2018-01-29,2018-10-28,10-Q,2019.0,Q3,2018-11-15,0001045810-18-000150,
CostOfRevenue,USD,3547000000.0,2018-01-29,2018-10-28,10-Q,2020.0,Q3,2019-11-14,0001045810-19-000170,
CostOfRevenue,USD,1260000000.0,2018-07-30,2018-10-28,10-Q,2019.0,Q3,2018-11-15,0001045810-18-000150,
CostOfRevenue,USD,1260000000.0,2018-07-30,2018-10-28,10-Q,2020.0,Q3,2019-11-14,0001045810-19-000170,CY2018Q3
CostOfRevenue,USD,924000000.0,2019-01-28,2019-04-28,10-Q,2020.0,Q1,2019-05-16,0001045810-19-000079,
CostOfRevenue,USD,924000000.0,2019-01-28,2019-04-28,10-Q,2020.0,Q1,2020-05-21,0001045810-20-000065,CY2019Q1
CostOfRevenue,USD,1962000000.0,2019-01-28,2019-07-28,10-Q,2020.0,Q2,2019-08-15,0001045810-19-000144,
CostOfRevenue,USD,1962000000.0,2019-01-28,2019-07-28,10-Q,2020.0,Q2,2020-08-19,0001045810-20-000147,
CostOfRevenue,USD,1038000000.0,2019-04-29,2019-07-28,10-Q,2020.0,Q2,2019-08-15,0001045810-19-000144,
CostOfRevenue,USD,1038000000.0,2019-04-29,2019-07-28,10-Q,2020.0,Q2,2020-08-19,0001045810-20-000147,CY2019Q2
CostOfRevenue,USD,3060000000.0,2019-01-28,2019-10-27,10-Q,2020.0,Q3,2019-11-14,0001045810-19-000170,
CostOfRevenue,USD,3060000000.0,2019-01-28,2019-10-27,10-Q,2021.0,Q3,2020-11-18,0001045810-20-000189,
CostOfRevenue,USD,1098000000.0,2019-07-29,2019-10-27,10-Q,2020.0,Q3,2019-11-14,0001045810-19-000170,
CostOfRevenue,USD,1098000000.0,2019-07-29,2019-10-27,10-Q,2021.0,Q3,2020-11-18,0001045810-20-000189,CY2019Q3
CostOfRevenue,USD,4150000000.0,2019-01-28,2020-01-26,10-K,2022.0,FY,2022-03-18,0001045810-22-000036,CY2019
CostOfRevenue,USD,1076000000.0,2020-01-27,2020-04-26,10-Q,2020.0,Q1,2020-05-21,0001045810-20-000065,
CostOfRevenue,USD,1076000000.0,2020-01-27,2020-04-26,10-Q,2022.0,Q1,2021-05-26,0001045810-21-000064,CY2020Q1
CostOfRevenue,USD,2667000000.0,2020-01-27,2020-07-26,10-Q,2020.0,Q2,2020-08-19,0001045810-20-000147,
CostOfRevenue,USD,2667000000.0,2020-01-27,2020-07-26,10-Q,2022.0,Q2,2021-08-20,0001045810-21-000131,
CostOfRevenue,USD,1591000000.0,2020-04-27,2020-07-26,10-Q,2020.0,Q2,2020-08-19,0001045810-20-000147,
CostOfRevenue,USD,1591000000.0,2020-04-27,2020-07-26,10-Q,2022.0,Q2,2021-08-20,0001045810-21-000131,CY2020Q2
CostOfRevenue,USD,4432000000.0,2020-01-27,2020-10-25,10-Q,2021.0,Q3,2020-11-18,0001045810-20-000189,
CostOfRevenue,USD,4432000000.0,2020-01-27,2020-10-25,10-Q,2022.0,Q3,2021-11-22,0001045810-21-000163,
CostOfRevenue,USD,1766000000.0,2020-07-27,2020-10-25,10-Q,2021.0,Q3,2020-11-18,0001045810-20-000189,
CostOfRevenue,USD,1766000000.0,2020-07-27,2020-10-25,10-Q,2022.0,Q3,2021-11-22,0001045810-21-000163,CY2020Q3
CostOfRevenue,USD,6279000000.0,2020-01-27,2021-01-31,10-K,2022.0,FY,2022-03-18,0001045810-22-000036,
CostOfRevenue,USD,6279000000.0,2020-01-27,2021-01-31,10-K,2023.0,FY,2023-02-24,0001045810-23-000017,CY2020
CostOfRevenue,USD,2032000000.0,2021-02-01,2021-05-02,10-Q,2022.0,Q1,2021-05-26,0001045810-21-000064,
CostOfRevenue,USD,2032000000.0,2021-02-01,2021-05-02,10-Q,2023.0,Q1,2022-05-27,0001045810-22-000079,CY2021Q1
CostOfRevenue,USD,4324000000.0,2021-02-01,2021-08-01,10-Q,2022.0,Q2,2021-08-20,0001045810-21-000131,
CostOfRevenue,USD,4324000000.0,2021-02-01,2021-08-01,10-Q,2023.0,Q2,2022-08-31,0001045810-22-000147,
CostOfRevenue,USD,2292000000.0,2021-05-03,2021-08-01,10-Q,2022.0,Q2,2021-08-20,0001045810-21-000131,
CostOfRevenue,USD,2292000000.0,2021-05-03,2021-08-01,10-Q,2023.0,Q2,2022-08-31,0001045810-22-000147,CY2021Q2
CostOfRevenue,USD,6795000000.0,2021-02-01,2021-10-31,10-Q,2022.0,Q3,2021-11-22,0001045810-21-000163,
CostOfRevenue,USD,6795000000.0,2021-02-01,2021-10-31,10-Q,2023.0,Q3,2022-11-18,0001045810-22-000166,
CostOfRevenue,USD,2472000000.0,2021-08-02,2021-10-31,10-Q,2022.0,Q3,2021-11-22,0001045810-21-000163,
CostOfRevenue,USD,2472000000.0,2021-08-02,2021-10-31,10-Q,2023.0,Q3,2022-11-18,0001045810-22-000166,CY2021Q3
CostOfRevenue,USD,9439000000.0,2021-02-01,2022-01-30,10-K,2022.0,FY,2022-03-18,0001045810-22-000036,
CostOfRevenue,USD,9439000000.0,2021-02-01,2022-01-30,10-K,2023.0,FY,2023-02-24,0001045810-23-000017,
CostOfRevenue,USD,9439000000.0,2021-02-01,2022-01-30,10-K,2024.0,FY,2024-02-21,0001045810-24-000029,CY2021
CostOfRevenue,USD,2857000000.0,2022-01-31,2022-05-01,10-Q,2023.0,Q1,2022-05-27,0001045810-22-000079,
CostOfRevenue,USD,2857000000.0,2022-01-31,2022-05-01,10-Q,2024.0,Q1,2023-05-26,0001045810-23-000093,CY2022Q1
CostOfRevenue,USD,6646000000.0,2022-01-31,2022-07-31,10-Q,2023.0,Q2,2022-08-31,0001045810-22-000147,
CostOfRevenue,USD,6646000000.0,2022-01-31,2022-07-31,10-Q,2024.0,Q2,2023-08-28,0001045810-23-000175,
CostOfRevenue,USD,3789000000.0,2022-05-02,2022-07-31,10-Q,2023.0,Q2,2022-08-31,0001045810-22-000147,
CostOfRevenue,USD,3789000000.0,2022-05-02,2022-07-31,10-Q,2024.0,Q2,2023-08-28,0001045810-23-000175,CY2022Q2
CostOfRevenue,USD,9400000000.0,2022-01-31,2022-10-30,10-Q,2023.0,Q3,2022-11-18,0001045810-22-000166,
CostOfRevenue,USD,9400000000.0,2022-01-31,2022-10-30,10-Q,2024.0,Q3,2023-11-21,0001045810-23-000227,
CostOfRevenue,USD,2754000000.0,2022-08-01,2022-10-30,10-Q,2023.0,Q3,2022-11-18,0001045810-22-000166,
CostOfRevenue,USD,2754000000.0,2022-08-01,2022-10-30,10-Q,2024.0,Q3,2023-11-21,0001045810-23-000227,CY2022Q3
CostOfRevenue,USD,11618000000.0,2022-01-31,2023-01-29,10-K,2023.0,FY,2023-02-24,0001045810-23-000017,
CostOfRevenue,USD,11618000000.0,2022-01-31,2023-01-29,10-K,2024.0,FY,2024-02-21,0001045810-24-000029,
CostOfRevenue,USD,11618000000.0,2022-01-31,2023-01-29,10-K,2025.0,FY,2025-02-26,0001045810-25-000023,CY2022
CostOfRevenue,USD,2544000000.0,2023-01-30,2023-04-30,10-Q,2024.0,Q1,2023-05-26,0001045810-23-000093,
CostOfRevenue,USD,2544000000.0,2023-01-30,2023-04-30,10-Q,2025.0,Q1,2024-05-29,0001045810-24-000124,CY2023Q1
CostOfRevenue,USD,6589000000.0,2023-01-30,2023-07-30,10-Q,2024.0,Q2,2023-08-28,0001045810-23-000175,
CostOfRevenue,USD,6589000000.0,2023-01-30,2023-07-30,10-Q,2025.0,Q2,2024-08-28,0001045810-24-000264,
CostOfRevenue,USD,4045000000.0,2023-05-01,2023-07-30,10-Q,2024.0,Q2,2023-08-28,0001045810-23-000175,
CostOfRevenue,USD,4045000000.0,2023-05-01,2023-07-30,10-Q,2025.0,Q2,2024-08-28,0001045810-24-000264,CY2023Q2
CostOfRevenue,USD,11309000000.0,2023-01-30,2023-10-29,10-Q,2024.0,Q3,2023-11-21,0001045810-23-000227,
CostOfRevenue,USD,11309000000.0,2023-01-30,2023-10-29,10-Q,2025.0,Q3,2024-11-20,0001045810-24-000316,
CostOfRevenue,USD,4720000000.0,2023-07-31,2023-10-29,10-Q,2024.0,Q3,2023-11-21,0001045810-23-000227,
CostOfRevenue,USD,4720000000.0,2023-07-31,2023-10-29,10-Q,2025.0,Q3,2024-11-20,0001045810-24-000316,CY2023Q3
CostOfRevenue,USD,16621000000.0,2023-01-30,2024-01-28,10-K,2024.0,FY,2024-02-21,0001045810-24-000029,
CostOfRevenue,USD,16621000000.0,2023-01-30,2024-01-28,10-K,2025.0,FY,2025-02-26,0001045810-25-000023,
CostOfRevenue,USD,16621000000.0,2023-01-30,2024-01-28,10-K,2026.0,FY,2026-02-25,0001045810-26-000021,CY2023
CostOfRevenue,USD,5638000000.0,2024-01-29,2024-04-28,10-Q,2025.0,Q1,2024-05-29,0001045810-24-000124,
CostOfRevenue,USD,5638000000.0,2024-01-29,2024-04-28,10-Q,2026.0,Q1,2025-05-28,0001045810-25-000116,CY2024Q1
CostOfRevenue,USD,13105000000.0,2024-01-29,2024-07-28,10-Q,2025.0,Q2,2024-08-28,0001045810-24-000264,
CostOfRevenue,USD,13105000000.0,2024-01-29,2024-07-28,10-Q,2026.0,Q2,2025-08-27,0001045810-25-000209,
CostOfRevenue,USD,7466000000.0,2024-04-29,2024-07-28,10-Q,2025.0,Q2,2024-08-28,0001045810-24-000264,
CostOfRevenue,USD,7466000000.0,2024-04-29,2024-07-28,10-Q,2026.0,Q2,2025-08-27,0001045810-25-000209,CY2024Q2
CostOfRevenue,USD,22031000000.0,2024-01-29,2024-10-27,10-Q,2025.0,Q3,2024-11-20,0001045810-24-000316,
CostOfRevenue,USD,22031000000.0,2024-01-29,2024-10-27,10-Q,2026.0,Q3,2025-11-19,0001045810-25-000230,
CostOfRevenue,USD,8926000000.0,2024-07-29,2024-10-27,10-Q,2025.0,Q3,2024-11-20,0001045810-24-000316,
CostOfRevenue,USD,8926000000.0,2024-07-29,2024-10-27,10-Q,2026.0,Q3,2025-11-19,0001045810-25-000230,CY2024Q3
CostOfRevenue,USD,32639000000.0,2024-01-29,2025-01-26,10-K,2025.0,FY,2025-02-26,0001045810-25-000023,
CostOfRevenue,USD,32639000000.0,2024-01-29,2025-01-26,10-K,2026.0,FY,2026-02-25,0001045810-26-000021,CY2024
CostOfRevenue,USD,17394000000.0,2025-01-27,2025-04-27,10-Q,2026.0,Q1,2025-05-28,0001045810-25-000116,
CostOfRevenue,USD,17394000000.0,2025-01-27,2025-04-27,10-Q,2027.0,Q1,2026-05-20,0001045810-26-000052,CY2025Q1
CostOfRevenue,USD,30284000000.0,2025-01-27,2025-07-27,10-Q,2026.0,Q2,2025-08-27,0001045810-25-000209,
CostOfRevenue,USD,30284000000.0,2025-01-27,2025-07-27,10-Q,2027.0,Q2,2026-08-26,0001045810-26-000075,
CostOfRevenue,USD,12890000000.0,2025-04-28,2025-07-27,10-Q,2026.0,Q2,2025-08-27,0001045810-25-000209,
CostOfRevenue,USD,12890000000.0,2025-04-28,2025-07-27,10-Q,2027.0,Q2,2026-08-26,0001045810-26-000075,CY2025Q2
CostOfRevenue,USD,45441000000.0,2025-01-27,2025-10-26,10-Q,2026.0,Q3,2025-11-19,0001045810-25-000230,
CostOfRevenue,USD,15157000000.0,2025-07-28,2025-10-26,10-Q,2026.0,Q3,2025-11-19,0001045810-25-000230,CY2025Q3
CostOfRevenue,USD,62475000000.0,2025-01-27,2026-01-25,10-K,2026.0,FY,2026-02-25,0001045810-26-000021,CY2025
CostOfRevenue,USD,20458000000.0,2026-01-26,2026-04-26,10-Q,2027.0,Q1,2026-05-20,0001045810-26-000052,CY2026Q1
CostOfRevenue,USD,44538000000.0,2026-01-26,2026-07-26,10-Q,2027.0,Q2,2026-08-26,0001045810-26-000075,
CostOfRevenue,USD,24079000000.0,2026-04-27,2026-07-26,10-Q,2027.0,Q2,2026-08-26,0001045810-26-000075,CY2026Q2
EarningsPerShareBasic,USD/shares,1.13,2015-01-26,2016-01-31,10-K,2016.0,FY,2016-03-17,0001045810-16-000205,
EarningsPerShareBasic,USD/shares,1.13,2015-01-26,2016-01-31,10-K,2017.0,FY,2017-03-01,0001045810-17-000027,
EarningsPerShareBasic,USD/shares,1.13,2015-01-26,2016-01-31,10-K,2018.0,FY,2018-02-28,0001045810-18-000010,CY2015
EarningsPerShareBasic,USD/shares,0.38,2015-10-26,2016-01-31,10-K,2016.0,FY,2016-03-17,0001045810-16-000205,
EarningsPerShareBasic,USD/shares,0.38,2015-10-26,2016-01-31,10-K,2017.0,FY,2017-03-01,0001045810-17-000027,CY2015Q4
EarningsPerShareBasic,USD/shares,0.36,2016-02-01,2016-05-01,10-Q,2017.0,Q1,2016-05-25,0001045810-16-000275,
EarningsPerShareBasic,USD/shares,0.39,2016-02-01,2016-05-01,10-Q,2017.0,Q3,2016-11-22,0001045810-16-000353,
EarningsPerShareBasic,USD/shares,0.39,2016-02-01,2016-05-01,10-K,2017.0,FY,2017-03-01,0001045810-17-000027,
EarningsPerShareBasic,USD/shares,0.39,2016-02-01,2016-05-01,10-Q,2018.0,Q1,2017-05-23,0001045810-17-000075,
EarningsPerShareBasic,USD/shares,0.39,2016-02-01,2016-05-01,10-K,2018.0,FY,2018-02-28,0001045810-18-000010,CY2016Q1
EarningsPerShareBasic,USD/shares,0.84,2016-02-01,2016-07-31,10-Q,2017.0,Q2,2016-08-23,0001045810-16-000300,
EarningsPerShareBasic,USD/shares,0.88,2016-02-01,2016-07-31,10-Q,2017.0,Q3,2016-11-22,0001045810-16-000353,
EarningsPerShareBasic,USD/shares,0.88,2016-02-01,2016-07-31,10-K,2017.0,FY,2017-03-01,0001045810-17-000027,
EarningsPerShareBasic,USD/shares,0.88,2016-02-01,2016-07-31,10-Q,2018.0,Q2,2017-08-23,0001045810-17-000123,
EarningsPerShareBasic,USD/shares,0.47,2016-05-02,2016-07-31,10-Q,2017.0,Q2,2016-08-23,0001045810-16-000300,
EarningsPerShareBasic,USD/shares,0.49,2016-05-02,2016-07-31,10-Q,2017.0,Q3,2016-11-22,0001045810-16-000353,
EarningsPerShareBasic,USD/shares,0.49,2016-05-02,2016-07-31,10-K,2017.0,FY,2017-03-01,0001045810-17-000027,
EarningsPerShareBasic,USD/shares,0.49,2016-05-02,2016-07-31,10-Q,2018.0,Q2,2017-08-23,0001045810-17-000123,
EarningsPerShareBasic,USD/shares,0.49,2016-05-02,2016-07-31,10-K,2018.0,FY,2018-02-28,0001045810-18-000010,CY2016Q2
EarningsPerShareBasic,USD/shares,1.89,2016-02-01,2016-10-30,10-Q,2017.0,Q3,2016-11-22,0001045810-16-000353,
EarningsPerShareBasic,USD/shares,1.89,2016-02-01,2016-10-30,10-Q,2018.0,Q3,2017-11-21,0001045810-17-000172,
EarningsPerShareBasic,USD/shares,1.01,2016-08-01,2016-10-30,10-Q,2017.0,Q3,2016-11-22,0001045810-16-000353,
EarningsPerShareBasic,USD/shares,1.01,2016-08-01,2016-10-30,10-K,2017.0,FY,2017-03-01,0001045810-17-000027,
EarningsPerShareBasic,USD/shares,1.01,2016-08-01,2016-10-30,10-Q,2018.0,Q3,2017-11-21,0001045810-17-000172,
EarningsPerShareBasic,USD/shares,1.01,2016-08-01,2016-10-30,10-K,2018.0,FY,2018-02-28,0001045810-18-000010,CY2016Q3
EarningsPerShareBasic,USD/shares,3.08,2016-02-01,2017-01-29,10-K,2017.0,FY,2017-03-01,0001045810-17-000027,
EarningsPerShareBasic,USD/shares,3.08,2016-02-01,2017-01-29,10-K,2018.0,FY,2018-02-28,0001045810-18-000010,
EarningsPerShareBasic,USD/shares,3.08,2016-02-01,2017-01-29,10-K,2019.0,FY,2019-02-21,0001045810-19-000023,CY2016
EarningsPerShareBasic,USD/shares,1.18,2016-10-31,2017-01-29,10-K,2017.0,FY,2017-03-01,0001045810-17-000027,
EarningsPerShareBasic,USD/shares,1.18,2016-10-31,2017-01-29,10-K,2018.0,FY,2018-02-28,0001045810-18-000010,CY2016Q4
EarningsPerShareBasic,USD/shares,0.86,2017-01-30,2017-04-30,10-Q,2018.0,Q1,2017-05-23,0001045810-17-000075,
EarningsPerShareBasic,USD/shares,0.86,2017-01-30,2017-04-30,10-K,2018.0,FY,2018-02-28,0001045810-18-000010,
EarningsPerShareBasic,USD/shares,0.86,2017-01-30,2017-04-30,10-Q,2019.0,Q1,2018-05-22,0001045810-18-000080,
EarningsPerShareBasic,USD/shares,0.86,2017-01-30,2017-04-30,10-K,2019.0,FY,2019-02-21,0001045810-19-000023,CY2017Q1
EarningsPerShareBasic,USD/shares,1.83,2017-01-30,2017-07-30,10-Q,2018.0,Q2,2017-08-23,0001045810-17-000123,
EarningsPerShareBasic,USD/shares,0.98,2017-01-30,2017-07-30,10-K,2018.0,FY,2018-02-28,0001045810-18-000010,
EarningsPerShareBasic,USD/shares,1.83,2017-01-30,2017-07-30,10-Q,2019.0,Q2,2018-08-16,0001045810-18-000114,
EarningsPerShareBasic,USD/shares,0.98,2017-05-01,2017-07-30,10-Q,2018.0,Q2,2017-08-23,0001045810-17-000123,
EarningsPerShareBasic,USD/shares,0.98,2017-05-01,2017-07-30,10-Q,2019.0,Q2,2018-08-16,0001045810-18-000114,
EarningsPerShareBasic,USD/shares,0.98,2017-05-01,2017-07-30,10-K,2019.0,FY,2019-02-21,0001045810-19-000023,CY2017Q2
EarningsPerShareBasic,USD/shares,3.23,2017-01-30,2017-10-29,10-Q,2018.0,Q3,2017-11-21,0001045810-17-000172,
EarningsPerShareBasic,USD/shares,3.23,2017-01-30,2017-10-29,10-Q,2019.0,Q3,2018-11-15,0001045810-18-000150,
EarningsPerShareBasic,USD/shares,1.39,2017-07-31,2017-10-29,10-Q,2018.0,Q3,2017-11-21,0001045810-17-000172,
EarningsPerShareBasic,USD/shares,1.39,2017-07-31,2017-10-29,10-K,2018.0,FY,2018-02-28,0001045810-18-000010,
EarningsPerShareBasic,USD/shares,1.39,2017-07-31,2017-10-29,10-Q,2019.0,Q3,2018-11-15,0001045810-18-000150,
EarningsPerShareBasic,USD/shares,1.39,2017-07-31,2017-10-29,10-K,2019.0,FY,2019-02-21,0001045810-19-000023,CY2017Q3
EarningsPerShareBasic,USD/shares,5.09,2017-01-30,2018-01-28,10-K,2018.0,FY,2018-02-28,0001045810-18-000010,
EarningsPerShareBasic,USD/shares,5.09,2017-01-30,2018-01-28,10-K,2019.0,FY,2019-02-21,0001045810-19-000023,
EarningsPerShareBasic,USD/shares,5.09,2017-01-30,2018-01-28,10-K,2020.0,FY,2020-02-20,0001045810-20-000010,CY2017
EarningsPerShareBasic,USD/shares,1.84,2017-10-30,2018-01-28,10-K,2018.0,FY,2018-02-28,0001045810-18-000010,
EarningsPerShareBasic,USD/shares,1.84,2017-10-30,2018-01-28,10-K,2019.0,FY,2019-02-21,0001045810-19-000023,CY2017Q4
EarningsPerShareBasic,USD/shares,2.05,2018-01-29,2018-04-29,10-Q,2019.0,Q1,2018-05-22,0001045810-18-000080,
EarningsPerShareBasic,USD/shares,2.05,2018-01-29,2018-04-29,10-K,2019.0,FY,2019-02-21,0001045810-19-000023,
EarningsPerShareBasic,USD/shares,2.05,2018-01-29,2018-04-29,10-Q,2020.0,Q1,2019-05-16,0001045810-19-000079,
EarningsPerShareBasic,USD/shares,2.05,2018-01-29,2018-04-29,10-K,2020.0,FY,2020-02-20,0001045810-20-000010,CY2018Q1
EarningsPerShareBasic,USD/shares,3.86,2018-01-29,2018-07-29,10-Q,2019.0,Q2,2018-08-16,0001045810-18-000114,
EarningsPerShareBasic,USD/shares,3.86,2018-01-29,2018-07-29,10-Q,2020.0,Q2,2019-08-15,0001045810-19-000144,
EarningsPerShareBasic,USD/shares,1.81,2018-04-30,2018-07-29,10-Q,2019.0,Q2,2018-08-16,0001045810-18-000114,
EarningsPerShareBasic,USD/shares,1.81,2018-04-30,2018-07-29,10-K,2019.0,FY,2019-02-21,0001045810-19-000023,
EarningsPerShareBasic,USD/shares,1.81,2018-04-30,2018-07-29,10-Q,2020.0,Q2,2019-08-15,0001045810-19-000144,
EarningsPerShareBasic,USD/shares,1.81,2018-04-30,2018-07-29,10-K,2020.0,FY,2020-02-20,0001045810-20-000010,CY2018Q2
EarningsPerShareBasic,USD/shares,5.88,2018-01-29,2018-10-28,10-Q,2019.0,Q3,2018-11-15,0001045810-18-000150,
EarningsPerShareBasic,USD/shares,5.88,2018-01-29,2018-10-28,10-Q,2020.0,Q3,2019-11-14,0001045810-19-000170,
EarningsPerShareBasic,USD/shares,2.02,2018-07-30,2018-10-28,10-Q,2019.0,Q3,2018-11-15,0001045810-18-000150,
EarningsPerShareBasic,USD/shares,2.02,2018-07-30,2018-10-28,10-K,2019.0,FY,2019-02-21,0001045810-19-000023,
EarningsPerShareBasic,USD/shares,2.02,2018-07-30,2018-10-28,10-Q,2020.0,Q3,2019-11-14,0001045810-19-000170,
EarningsPerShareBasic,USD/shares,2.02,2018-07-30,2018-10-28,10-K,2020.0,FY,2020-02-20,0001045810-20-000010,CY2018Q3
EarningsPerShareBasic,USD/shares,6.81,2018-01-29,2019-01-27,10-K,2019.0,FY,2019-02-21,0001045810-19-000023,
EarningsPerShareBasic,USD/shares,6.81,2018-01-29,2019-01-27,10-K,2020.0,FY,2020-02-20,0001045810-20-000010,
EarningsPerShareBasic,USD/shares,6.81,2018-01-29,2019-01-27,10-K,2021.0,FY,2021-02-26,0001045810-21-000010,CY2018
EarningsPerShareBasic,USD/shares,0.93,2018-10-29,2019-01-27,10-K,2019.0,FY,2019-02-21,0001045810-19-000023,
EarningsPerShareBasic,USD/shares,0.93,2018-10-29,2019-01-27,10-K,2020.0,FY,2020-02-20,0001045810-20-000010,CY2018Q4
EarningsPerShareBasic,USD/shares,0.65,2019-01-28,2019-04-28,10-Q,2020.0,Q1,2019-05-16,0001045810-19-000079,
EarningsPerShareBasic,USD/shares,0.65,2019-01-28,2019-04-28,10-K,2020.0,FY,2020-02-20,0001045810-20-000010,
EarningsPerShareBasic,USD/shares,0.65,2019-01-28,2019-04-28,10-Q,2020.0,Q1,2020-05-21,0001045810-20-000065,CY2019Q1
EarningsPerShareBasic,USD/shares,1.56,2019-01-28,2019-07-28,10-Q,2020.0,Q2,2019-08-15,0001045810-19-000144,
EarningsPerShareBasic,USD/shares,1.56,2019-01-28,2019-07-28,10-Q,2020.0,Q2,2020-08-19,0001045810-20-000147,
EarningsPerShareBasic,USD/shares,0.91,2019-04-29,2019-07-28,10-Q,2020.0,Q2,2019-08-15,0001045810-19-000144,
EarningsPerShareBasic,USD/shares,0.91,2019-04-29,2019-07-28,10-K,2020.0,FY,2020-02-20,0001045810-20-000010,
EarningsPerShareBasic,USD/shares,0.91,2019-04-29,2019-07-28,10-Q,2020.0,Q2,2020-08-19,0001045810-20-000147,CY2019Q2
EarningsPerShareBasic,USD/shares,3.03,2019-01-28,2019-10-27,10-Q,2020.0,Q3,2019-11-14,0001045810-19-000170,
EarningsPerShareBasic,USD/shares,3.03,2019-01-28,2019-10-27,10-Q,2021.0,Q3,2020-11-18,0001045810-20-000189,
EarningsPerShareBasic,USD/shares,1.47,2019-07-29,2019-10-27,10-Q,2020.0,Q3,2019-11-14,0001045810-19-000170,
EarningsPerShareBasic,USD/shares,1.47,2019-07-29,2019-10-27,10-K,2020.0,FY,2020-02-20,0001045810-20-000010,
EarningsPerShareBasic,USD/shares,1.47,2019-07-29,2019-10-27,10-Q,2021.0,Q3,2020-11-18,0001045810-20-000189,CY2019Q3
EarningsPerShareBasic,USD/shares,4.59,2019-01-28,2020-01-26,10-K,2020.0,FY,2020-02-20,0001045810-20-000010,
EarningsPerShareBasic,USD/shares,4.59,2019-01-28,2020-01-26,10-K,2021.0,FY,2021-02-26,0001045810-21-000010,
EarningsPerShareBasic,USD/shares,1.15,2019-01-28,2020-01-26,10-K,2022.0,FY,2022-03-18,0001045810-22-000036,CY2019
EarningsPerShareBasic,USD/shares,1.55,2019-10-28,2020-01-26,10-K,2020.0,FY,2020-02-20,0001045810-20-000010,CY2019Q4
EarningsPerShareBasic,USD/shares,1.49,2020-01-27,2020-04-26,10-Q,2020.0,Q1,2020-05-21,0001045810-20-000065,
EarningsPerShareBasic,USD/shares,1.49,2020-01-27,2020-04-26,10-Q,2022.0,Q1,2021-05-26,0001045810-21-000064,CY2020Q1
EarningsPerShareBasic,USD/shares,2.5,2020-01-27,2020-07-26,10-Q,2020.0,Q2,2020-08-19,0001045810-20-000147,
EarningsPerShareBasic,USD/shares,0.63,2020-01-27,2020-07-26,10-Q,2022.0,Q2,2021-08-20,0001045810-21-000131,
EarningsPerShareBasic,USD/shares,1.01,2020-04-27,2020-07-26,10-Q,2020.0,Q2,2020-08-19,0001045810-20-000147,
EarningsPerShareBasic,USD/shares,0.25,2020-04-27,2020-07-26,10-Q,2022.0,Q2,2021-08-20,0001045810-21-000131,CY2020Q2
EarningsPerShareBasic,USD/shares,4.67,2020-01-27,2020-10-25,10-Q,2021.0,Q3,2020-11-18,0001045810-20-000189,
EarningsPerShareBasic,USD/shares,1.17,2020-01-27,2020-10-25,10-Q,2022.0,Q3,2021-11-22,0001045810-21-000163,
EarningsPerShareBasic,USD/shares,2.16,2020-07-27,2020-10-25,10-Q,2021.0,Q3,2020-11-18,0001045810-20-000189,
EarningsPerShareBasic,USD/shares,0.54,2020-07-27,2020-10-25,10-Q,2022.0,Q3,2021-11-22,0001045810-21-000163,CY2020Q3
EarningsPerShareBasic,USD/shares,7.02,2020-01-27,2021-01-31,10-K,2021.0,FY,2021-02-26,0001045810-21-000010,
EarningsPerShareBasic,USD/shares,1.76,2020-01-27,2021-01-31,10-K,2022.0,FY,2022-03-18,0001045810-22-000036,
EarningsPerShareBasic,USD/shares,1.76,2020-01-27,2021-01-31,10-K,2023.0,FY,2023-02-24,0001045810-23-000017,CY2020
EarningsPerShareBasic,USD/shares,3.08,2021-02-01,2021-05-02,10-Q,2022.0,Q1,2021-05-26,0001045810-21-000064,
EarningsPerShareBasic,USD/shares,0.77,2021-02-01,2021-05-02,10-Q,2023.0,Q1,2022-05-27,0001045810-22-000079,CY2021Q1
EarningsPerShareBasic,USD/shares,1.72,2021-02-01,2021-08-01,10-Q,2022.0,Q2,2021-08-20,0001045810-21-000131,
EarningsPerShareBasic,USD/shares,1.72,2021-02-01,2021-08-01,10-Q,2023.0,Q2,2022-08-31,0001045810-22-000147,
EarningsPerShareBasic,USD/shares,0.95,2021-05-03,2021-08-01,10-Q,2022.0,Q2,2021-08-20,0001045810-21-000131,
EarningsPerShareBasic,USD/shares,0.95,2021-05-03,2021-08-01,10-Q,2023.0,Q2,2022-08-31,0001045810-22-000147,CY2021Q2
EarningsPerShareBasic,USD/shares,2.71,2021-02-01,2021-10-31,10-Q,2022.0,Q3,2021-11-22,0001045810-21-000163,
EarningsPerShareBasic,USD/shares,2.71,2021-02-01,2021-10-31,10-Q,2023.0,Q3,2022-11-18,0001045810-22-000166,
EarningsPerShareBasic,USD/shares,0.99,2021-08-02,2021-10-31,10-Q,2022.0,Q3,2021-11-22,0001045810-21-000163,
EarningsPerShareBasic,USD/shares,0.99,2021-08-02,2021-10-31,10-Q,2023.0,Q3,2022-11-18,0001045810-22-000166,CY2021Q3
EarningsPerShareBasic,USD/shares,3.91,2021-02-01,2022-01-30,10-K,2022.0,FY,2022-03-18,0001045810-22-000036,
EarningsPerShareBasic,USD/shares,3.91,2021-02-01,2022-01-30,10-K,2023.0,FY,2023-02-24,0001045810-23-000017,
EarningsPerShareBasic,USD/shares,3.91,2021-02-01,2022-01-30,10-K,2024.0,FY,2024-02-21,0001045810-24-000029,CY2021
EarningsPerShareBasic,USD/shares,0.65,2022-01-31,2022-05-01,10-Q,2023.0,Q1,2022-05-27,0001045810-22-000079,
EarningsPerShareBasic,USD/shares,0.65,2022-01-31,2022-05-01,10-Q,2024.0,Q1,2023-05-26,0001045810-23-000093,CY2022Q1
EarningsPerShareBasic,USD/shares,0.91,2022-01-31,2022-07-31,10-Q,2023.0,Q2,2022-08-31,0001045810-22-000147,
EarningsPerShareBasic,USD/shares,0.91,2022-01-31,2022-07-31,10-Q,2024.0,Q2,2023-08-28,0001045810-23-000175,
EarningsPerShareBasic,USD/shares,0.26,2022-05-02,2022-07-31,10-Q,2023.0,Q2,2022-08-31,0001045810-22-000147,
EarningsPerShareBasic,USD/shares,0.26,2022-05-02,2022-07-31,10-Q,2024.0,Q2,2023-08-28,0001045810-23-000175,CY2022Q2
EarningsPerShareBasic,USD/shares,1.18,2022-01-31,2022-10-30,10-Q,2023.0,Q3,2022-11-18,0001045810-22-000166,
EarningsPerShareBasic,USD/shares,1.18,2022-01-31,2022-10-30,10-Q,2024.0,Q3,2023-11-21,0001045810-23-000227,
EarningsPerShareBasic,USD/shares,0.27,2022-08-01,2022-10-30,10-Q,2023.0,Q3,2022-11-18,0001045810-22-000166,
EarningsPerShareBasic,USD/shares,0.27,2022-08-01,2022-10-30,10-Q,2024.0,Q3,2023-11-21,0001045810-23-000227,CY2022Q3
EarningsPerShareBasic,USD/shares,1.76,2022-01-31,2023-01-29,10-K,2023.0,FY,2023-02-24,0001045810-23-000017,
EarningsPerShareBasic,USD/shares,1.76,2022-01-31,2023-01-29,10-K,2024.0,FY,2024-02-21,0001045810-24-000029,
EarningsPerShareBasic,USD/shares,0.18,2022-01-31,2023-01-29,10-K,2025.0,FY,2025-02-26,0001045810-25-000023,CY2022
EarningsPerShareBasic,USD/shares,0.83,2023-01-30,2023-04-30,10-Q,2024.0,Q1,2023-05-26,0001045810-23-000093,
EarningsPerShareBasic,USD/shares,0.83,2023-01-30,2023-04-30,10-Q,2025.0,Q1,2024-05-29,0001045810-24-000124,CY2023Q1
EarningsPerShareBasic,USD/shares,3.33,2023-01-30,2023-07-30,10-Q,2024.0,Q2,2023-08-28,0001045810-23-000175,
EarningsPerShareBasic,USD/shares,0.33,2023-01-30,2023-07-30,10-Q,2025.0,Q2,2024-08-28,0001045810-24-000264,
EarningsPerShareBasic,USD/shares,2.5,2023-05-01,2023-07-30,10-Q,2024.0,Q2,2023-08-28,0001045810-23-000175,
EarningsPerShareBasic,USD/shares,0.25,2023-05-01,2023-07-30,10-Q,2025.0,Q2,2024-08-28,0001045810-24-000264,CY2023Q2
EarningsPerShareBasic,USD/shares,7.07,2023-01-30,2023-10-29,10-Q,2024.0,Q3,2023-11-21,0001045810-23-000227,
EarningsPerShareBasic,USD/shares,0.71,2023-01-30,2023-10-29,10-Q,2025.0,Q3,2024-11-20,0001045810-24-000316,
EarningsPerShareBasic,USD/shares,3.75,2023-07-31,2023-10-29,10-Q,2024.0,Q3,2023-11-21,0001045810-23-000227,
EarningsPerShareBasic,USD/shares,0.37,2023-07-31,2023-10-29,10-Q,2025.0,Q3,2024-11-20,0001045810-24-000316,CY2023Q3
EarningsPerShareBasic,USD/shares,12.05,2023-01-30,2024-01-28,10-K,2024.0,FY,2024-02-21,0001045810-24-000029,
EarningsPerShareBasic,USD/shares,1.21,2023-01-30,2024-01-28,10-K,2025.0,FY,2025-02-26,0001045810-25-000023,
EarningsPerShareBasic,USD/shares,1.21,2023-01-30,2024-01-28,10-K,2026.0,FY,2026-02-25,0001045810-26-000021,CY2023
EarningsPerShareBasic,USD/shares,6.04,2024-01-29,2024-04-28,10-Q,2025.0,Q1,2024-05-29,0001045810-24-000124,
EarningsPerShareBasic,USD/shares,0.6,2024-01-29,2024-04-28,10-Q,2026.0,Q1,2025-05-28,0001045810-25-000116,CY2024Q1
EarningsPerShareBasic,USD/shares,1.28,2024-01-29,2024-07-28,10-Q,2025.0,Q2,2024-08-28,0001045810-24-000264,
EarningsPerShareBasic,USD/shares,1.28,2024-01-29,2024-07-28,10-Q,2026.0,Q2,2025-08-27,0001045810-25-000209,
EarningsPerShareBasic,USD/shares,0.68,2024-04-29,2024-07-28,10-Q,2025.0,Q2,2024-08-28,0001045810-24-000264,
EarningsPerShareBasic,USD/shares,0.68,2024-04-29,2024-07-28,10-Q,2026.0,Q2,2025-08-27,0001045810-25-000209,CY2024Q2
EarningsPerShareBasic,USD/shares,2.07,2024-01-29,2024-10-27,10-Q,2025.0,Q3,2024-11-20,0001045810-24-000316,
EarningsPerShareBasic,USD/shares,2.07,2024-01-29,2024-10-27,10-Q,2026.0,Q3,2025-11-19,0001045810-25-000230,
EarningsPerShareBasic,USD/shares,0.79,2024-07-29,2024-10-27,10-Q,2025.0,Q3,2024-11-20,0001045810-24-000316,
EarningsPerShareBasic,USD/shares,0.79,2024-07-29,2024-10-27,10-Q,2026.0,Q3,2025-11-19,0001045810-25-000230,CY2024Q3
EarningsPerShareBasic,USD/shares,2.97,2024-01-29,2025-01-26,10-K,2025.0,FY,2025-02-26,0001045810-25-000023,
EarningsPerShareBasic,USD/shares,2.97,2024-01-29,2025-01-26,10-K,2026.0,FY,2026-02-25,0001045810-26-000021,CY2024
EarningsPerShareBasic,USD/shares,0.77,2025-01-27,2025-04-27,10-Q,2026.0,Q1,2025-05-28,0001045810-25-000116,
EarningsPerShareBasic,USD/shares,0.77,2025-01-27,2025-04-27,10-Q,2027.0,Q1,2026-05-20,0001045810-26-000052,CY2025Q1
EarningsPerShareBasic,USD/shares,1.85,2025-01-27,2025-07-27,10-Q,2026.0,Q2,2025-08-27,0001045810-25-000209,
EarningsPerShareBasic,USD/shares,1.85,2025-01-27,2025-07-27,10-Q,2027.0,Q2,2026-08-26,0001045810-26-000075,
EarningsPerShareBasic,USD/shares,1.08,2025-04-28,2025-07-27,10-Q,2026.0,Q2,2025-08-27,0001045810-25-000209,
EarningsPerShareBasic,USD/shares,1.08,2025-04-28,2025-07-27,10-Q,2027.0,Q2,2026-08-26,0001045810-26-000075,CY2025Q2
EarningsPerShareBasic,USD/shares,3.16,2025-01-27,2025-10-26,10-Q,2026.0,Q3,2025-11-19,0001045810-25-000230,
EarningsPerShareBasic,USD/shares,1.31,2025-07-28,2025-10-26,10-Q,2026.0,Q3,2025-11-19,0001045810-25-000230,CY2025Q3
EarningsPerShareBasic,USD/shares,4.93,2025-01-27,2026-01-25,10-K,2026.0,FY,2026-02-25,0001045810-26-000021,CY2025
EarningsPerShareBasic,USD/shares,2.4,2026-01-26,2026-04-26,10-Q,2027.0,Q1,2026-05-20,0001045810-26-000052,CY2026Q1
EarningsPerShareBasic,USD/shares,4.87,2026-01-26,2026-07-26,10-Q,2027.0,Q2,2026-08-26,0001045810-26-000075,
EarningsPerShareBasic,USD/shares,2.47,2026-04-27,2026-07-26,10-Q,2027.0,Q2,2026-08-26,0001045810-26-000075,CY2026Q2
EarningsPerShareDiluted,USD/shares,1.08,2015-01-26,2016-01-31,10-K,2016.0,FY,2016-03-17,0001045810-16-000205,
EarningsPerShareDiluted,USD/shares,1.08,2015-01-26,2016-01-31,10-K,2017.0,FY,2017-03-01,0001045810-17-000027,
EarningsPerShareDiluted,USD/shares,1.08,2015-01-26,2016-01-31,10-K,2018.0,FY,2018-02-28,0001045810-18-000010,CY2015
EarningsPerShareDiluted,USD/shares,0.35,2015-10-26,2016-01-31,10-K,2016.0,FY,2016-03-17,0001045810-16-000205,
EarningsPerShareDiluted,USD/shares,0.35,2015-10-26,2016-01-31,10-K,2017.0,FY,2017-03-01,0001045810-17-000027,CY2015Q4
EarningsPerShareDiluted,USD/shares,0.33,2016-02-01,2016-05-01,10-Q,2017.0,Q1,2016-05-25,0001045810-16-000275,
EarningsPerShareDiluted,USD/shares,0.35,2016-02-01,2016-05-01,10-Q,2017.0,Q3,2016-11-22,0001045810-16-000353,
EarningsPerShareDiluted,USD/shares,0.35,2016-02-01,2016-05-01,10-K,2017.0,FY,2017-03-01,0001045810-17-000027,
EarningsPerShareDiluted,USD/shares,0.35,2016-02-01,2016-05-01,10-Q,2018.0,Q1,2017-05-23,0001045810-17-000075,
EarningsPerShareDiluted,USD/shares,0.35,2016-02-01,2016-05-01,10-K,2018.0,FY,2018-02-28,0001045810-18-000010,CY2016Q1
EarningsPerShareDiluted,USD/shares,0.73,2016-02-01,2016-07-31,10-Q,2017.0,Q2,2016-08-23,0001045810-16-000300,
EarningsPerShareDiluted,USD/shares,0.76,2016-02-01,2016-07-31,10-Q,2017.0,Q3,2016-11-22,0001045810-16-000353,
EarningsPerShareDiluted,USD/shares,0.76,2016-02-01,2016-07-31,10-K,2017.0,FY,2017-03-01,0001045810-17-000027,
EarningsPerShareDiluted,USD/shares,0.76,2016-02-01,2016-07-31,10-Q,2018.0,Q2,2017-08-23,0001045810-17-000123,
EarningsPerShareDiluted,USD/shares,0.4,2016-05-02,2016-07-31,10-Q,2017.0,Q2,2016-08-23,0001045810-16-000300,
EarningsPerShareDiluted,USD/shares,0.41,2016-05-02,2016-07-31,10-Q,2017.0,Q3,2016-11-22,0001045810-16-000353,
EarningsPerShareDiluted,USD/shares,0.41,2016-05-02,2016-07-31,10-K,2017.0,FY,2017-03-01,0001045810-17-000027,
EarningsPerShareDiluted,USD/shares,0.41,2016-05-02,2016-07-31,10-Q,2018.0,Q2,2017-08-23,0001045810-17-000123,
EarningsPerShareDiluted,USD/shares,0.41,2016-05-02,2016-07-31,10-K,2018.0,FY,2018-02-28,0001045810-18-000010,CY2016Q2
EarningsPerShareDiluted,USD/shares,1.59,2016-02-01,2016-10-30,10-Q,2017.0,Q3,2016-11-22,0001045810-16-000353,
EarningsPerShareDiluted,USD/shares,1.59,2016-02-01,2016-10-30,10-Q,2018.0,Q3,2017-11-21,0001045810-17-000172,
EarningsPerShareDiluted,USD/shares,0.83,2016-08-01,2016-10-30,10-Q,2017.0,Q3,2016-11-22,0001045810-16-000353,
EarningsPerShareDiluted,USD/shares,0.83,2016-08-01,2016-10-30,10-K,2017.0,FY,2017-03-01,0001045810-17-000027,
EarningsPerShareDiluted,USD/shares,0.83,2016-08-01,2016-10-30,10-Q,2018.0,Q3,2017-11-21,0001045810-17-000172,
EarningsPerShareDiluted,USD/shares,0.83,2016-08-01,2016-10-30,10-K,2018.0,FY,2018-02-28,0001045810-18-000010,CY2016Q3
EarningsPerShareDiluted,USD/shares,2.57,2016-02-01,2017-01-29,10-K,2017.0,FY,2017-03-01,0001045810-17-000027,
EarningsPerShareDiluted,USD/shares,2.57,2016-02-01,2017-01-29,10-K,2018.0,FY,2018-02-28,0001045810-18-000010,
EarningsPerShareDiluted,USD/shares,2.57,2016-02-01,2017-01-29,10-K,2019.0,FY,2019-02-21,0001045810-19-000023,CY2016
EarningsPerShareDiluted,USD/shares,0.99,2016-10-31,2017-01-29,10-K,2017.0,FY,2017-03-01,0001045810-17-000027,
EarningsPerShareDiluted,USD/shares,0.99,2016-10-31,2017-01-29,10-K,2018.0,FY,2018-02-28,0001045810-18-000010,CY2016Q4
EarningsPerShareDiluted,USD/shares,0.79,2017-01-30,2017-04-30,10-Q,2018.0,Q1,2017-05-23,0001045810-17-000075,
EarningsPerShareDiluted,USD/shares,0.79,2017-01-30,2017-04-30,10-K,2018.0,FY,2018-02-28,0001045810-18-000010,
EarningsPerShareDiluted,USD/shares,0.79,2017-01-30,2017-04-30,10-Q,2019.0,Q1,2018-05-22,0001045810-18-000080,
EarningsPerShareDiluted,USD/shares,0.79,2017-01-30,2017-04-30,10-K,2019.0,FY,2019-02-21,0001045810-19-000023,CY2017Q1
EarningsPerShareDiluted,USD/shares,1.71,2017-01-30,2017-07-30,10-Q,2018.0,Q2,2017-08-23,0001045810-17-000123,
EarningsPerShareDiluted,USD/shares,0.92,2017-01-30,2017-07-30,10-K,2018.0,FY,2018-02-28,0001045810-18-000010,
EarningsPerShareDiluted,USD/shares,1.71,2017-01-30,2017-07-30,10-Q,2019.0,Q2,2018-08-16,0001045810-18-000114,
EarningsPerShareDiluted,USD/shares,0.92,2017-05-01,2017-07-30,10-Q,2018.0,Q2,2017-08-23,0001045810-17-000123,
EarningsPerShareDiluted,USD/shares,0.92,2017-05-01,2017-07-30,10-Q,2019.0,Q2,2018-08-16,0001045810-18-000114,
EarningsPerShareDiluted,USD/shares,0.92,2017-05-01,2017-07-30,10-K,2019.0,FY,2019-02-21,0001045810-19-000023,CY2017Q2
EarningsPerShareDiluted,USD/shares,3.05,2017-01-30,2017-10-29,10-Q,2018.0,Q3,2017-11-21,0001045810-17-000172,
EarningsPerShareDiluted,USD/shares,3.05,2017-01-30,2017-10-29,10-Q,2019.0,Q3,2018-11-15,0001045810-18-000150,
EarningsPerShareDiluted,USD/shares,1.33,2017-07-31,2017-10-29,10-Q,2018.0,Q3,2017-11-21,0001045810-17-000172,
EarningsPerShareDiluted,USD/shares,1.33,2017-07-31,2017-10-29,10-K,2018.0,FY,2018-02-28,0001045810-18-000010,
EarningsPerShareDiluted,USD/shares,1.33,2017-07-31,2017-10-29,10-Q,2019.0,Q3,2018-11-15,0001045810-18-000150,
EarningsPerShareDiluted,USD/shares,1.33,2017-07-31,2017-10-29,10-K,2019.0,FY,2019-02-21,0001045810-19-000023,CY2017Q3
EarningsPerShareDiluted,USD/shares,4.82,2017-01-30,2018-01-28,10-K,2018.0,FY,2018-02-28,0001045810-18-000010,
EarningsPerShareDiluted,USD/shares,4.82,2017-01-30,2018-01-28,10-K,2019.0,FY,2019-02-21,0001045810-19-000023,
EarningsPerShareDiluted,USD/shares,4.82,2017-01-30,2018-01-28,10-K,2020.0,FY,2020-02-20,0001045810-20-000010,CY2017
EarningsPerShareDiluted,USD/shares,1.78,2017-10-30,2018-01-28,10-K,2018.0,FY,2018-02-28,0001045810-18-000010,
EarningsPerShareDiluted,USD/shares,1.78,2017-10-30,2018-01-28,10-K,2019.0,FY,2019-02-21,0001045810-19-000023,CY2017Q4
EarningsPerShareDiluted,USD/shares,1.98,2018-01-29,2018-04-29,10-Q,2019.0,Q1,2018-05-22,0001045810-18-000080,
EarningsPerShareDiluted,USD/shares,1.98,2018-01-29,2018-04-29,10-K,2019.0,FY,2019-02-21,0001045810-19-000023,
EarningsPerShareDiluted,USD/shares,1.98,2018-01-29,2018-04-29,10-Q,2020.0,Q1,2019-05-16,0001045810-19-000079,
EarningsPerShareDiluted,USD/shares,1.98,2018-01-29,2018-04-29,10-K,2020.0,FY,2020-02-20,0001045810-20-000010,CY2018Q1
EarningsPerShareDiluted,USD/shares,3.74,2018-01-29,2018-07-29,10-Q,2019.0,Q2,2018-08-16,0001045810-18-000114,
EarningsPerShareDiluted,USD/shares,3.74,2018-01-29,2018-07-29,10-Q,2020.0,Q2,2019-08-15,0001045810-19-000144,
EarningsPerShareDiluted,USD/shares,1.76,2018-04-30,2018-07-29,10-Q,2019.0,Q2,2018-08-16,0001045810-18-000114,
EarningsPerShareDiluted,USD/shares,1.76,2018-04-30,2018-07-29,10-K,2019.0,FY,2019-02-21,0001045810-19-000023,
EarningsPerShareDiluted,USD/shares,1.76,2018-04-30,2018-07-29,10-Q,2020.0,Q2,2019-08-15,0001045810-19-000144,
EarningsPerShareDiluted,USD/shares,1.76,2018-04-30,2018-07-29,10-K,2020.0,FY,2020-02-20,0001045810-20-000010,CY2018Q2
EarningsPerShareDiluted,USD/shares,5.71,2018-01-29,2018-10-28,10-Q,2019.0,Q3,2018-11-15,0001045810-18-000150,
EarningsPerShareDiluted,USD/shares,5.71,2018-01-29,2018-10-28,10-Q,2020.0,Q3,2019-11-14,0001045810-19-000170,
EarningsPerShareDiluted,USD/shares,1.97,2018-07-30,2018-10-28,10-Q,2019.0,Q3,2018-11-15,0001045810-18-000150,
EarningsPerShareDiluted,USD/shares,1.97,2018-07-30,2018-10-28,10-K,2019.0,FY,2019-02-21,0001045810-19-000023,
EarningsPerShareDiluted,USD/shares,1.97,2018-07-30,2018-10-28,10-Q,2020.0,Q3,2019-11-14,0001045810-19-000170,
EarningsPerShareDiluted,USD/shares,1.97,2018-07-30,2018-10-28,10-K,2020.0,FY,2020-02-20,0001045810-20-000010,CY2018Q3
EarningsPerShareDiluted,USD/shares,6.63,2018-01-29,2019-01-27,10-K,2019.0,FY,2019-02-21,0001045810-19-000023,
EarningsPerShareDiluted,USD/shares,6.63,2018-01-29,2019-01-27,10-K,2020.0,FY,2020-02-20,0001045810-20-000010,
EarningsPerShareDiluted,USD/shares,6.63,2018-01-29,2019-01-27,10-K,2021.0,FY,2021-02-26,0001045810-21-000010,CY2018
EarningsPerShareDiluted,USD/shares,0.92,2018-10-29,2019-01-27,10-K,2019.0,FY,2019-02-21,0001045810-19-000023,
EarningsPerShareDiluted,USD/shares,0.92,2018-10-29,2019-01-27,10-K,2020.0,FY,2020-02-20,0001045810-20-000010,CY2018Q4
EarningsPerShareDiluted,USD/shares,0.64,2019-01-28,2019-04-28,10-Q,2020.0,Q1,2019-05-16,0001045810-19-000079,
EarningsPerShareDiluted,USD/shares,0.64,2019-01-28,2019-04-28,10-K,2020.0,FY,2020-02-20,0001045810-20-000010,
EarningsPerShareDiluted,USD/shares,0.64,2019-01-28,2019-04-28,10-Q,2020.0,Q1,2020-05-21,0001045810-20-000065,CY2019Q1
EarningsPerShareDiluted,USD/shares,1.54,2019-01-28,2019-07-28,10-Q,2020.0,Q2,2019-08-15,0001045810-19-000144,
EarningsPerShareDiluted,USD/shares,1.54,2019-01-28,2019-07-28,10-Q,2020.0,Q2,2020-08-19,0001045810-20-000147,
EarningsPerShareDiluted,USD/shares,0.9,2019-04-29,2019-07-28,10-Q,2020.0,Q2,2019-08-15,0001045810-19-000144,
EarningsPerShareDiluted,USD/shares,0.9,2019-04-29,2019-07-28,10-K,2020.0,FY,2020-02-20,0001045810-20-000010,
EarningsPerShareDiluted,USD/shares,0.9,2019-04-29,2019-07-28,10-Q,2020.0,Q2,2020-08-19,0001045810-20-000147,CY2019Q2
EarningsPerShareDiluted,USD/shares,2.99,2019-01-28,2019-10-27,10-Q,2020.0,Q3,2019-11-14,0001045810-19-000170,
EarningsPerShareDiluted,USD/shares,2.99,2019-01-28,2019-10-27,10-Q,2021.0,Q3,2020-11-18,0001045810-20-000189,
EarningsPerShareDiluted,USD/shares,1.45,2019-07-29,2019-10-27,10-Q,2020.0,Q3,2019-11-14,0001045810-19-000170,
EarningsPerShareDiluted,USD/shares,1.45,2019-07-29,2019-10-27,10-K,2020.0,FY,2020-02-20,0001045810-20-000010,
EarningsPerShareDiluted,USD/shares,1.45,2019-07-29,2019-10-27,10-Q,2021.0,Q3,2020-11-18,0001045810-20-000189,CY2019Q3
EarningsPerShareDiluted,USD/shares,4.52,2019-01-28,2020-01-26,10-K,2020.0,FY,2020-02-20,0001045810-20-000010,
EarningsPerShareDiluted,USD/shares,4.52,2019-01-28,2020-01-26,10-K,2021.0,FY,2021-02-26,0001045810-21-000010,
EarningsPerShareDiluted,USD/shares,1.13,2019-01-28,2020-01-26,10-K,2022.0,FY,2022-03-18,0001045810-22-000036,CY2019
EarningsPerShareDiluted,USD/shares,1.53,2019-10-28,2020-01-26,10-K,2020.0,FY,2020-02-20,0001045810-20-000010,CY2019Q4
EarningsPerShareDiluted,USD/shares,1.47,2020-01-27,2020-04-26,10-Q,2020.0,Q1,2020-05-21,0001045810-20-000065,
EarningsPerShareDiluted,USD/shares,1.47,2020-01-27,2020-04-26,10-Q,2022.0,Q1,2021-05-26,0001045810-21-000064,CY2020Q1
EarningsPerShareDiluted,USD/shares,2.47,2020-01-27,2020-07-26,10-Q,2020.0,Q2,2020-08-19,0001045810-20-000147,
EarningsPerShareDiluted,USD/shares,0.62,2020-01-27,2020-07-26,10-Q,2022.0,Q2,2021-08-20,0001045810-21-000131,
EarningsPerShareDiluted,USD/shares,0.99,2020-04-27,2020-07-26,10-Q,2020.0,Q2,2020-08-19,0001045810-20-000147,
EarningsPerShareDiluted,USD/shares,0.25,2020-04-27,2020-07-26,10-Q,2022.0,Q2,2021-08-20,0001045810-21-000131,CY2020Q2
EarningsPerShareDiluted,USD/shares,4.59,2020-01-27,2020-10-25,10-Q,2021.0,Q3,2020-11-18,0001045810-20-000189,
EarningsPerShareDiluted,USD/shares,1.15,2020-01-27,2020-10-25,10-Q,2022.0,Q3,2021-11-22,0001045810-21-000163,
EarningsPerShareDiluted,USD/shares,2.12,2020-07-27,2020-10-25,10-Q,2021.0,Q3,2020-11-18,0001045810-20-000189,
EarningsPerShareDiluted,USD/shares,0.53,2020-07-27,2020-10-25,10-Q,2022.0,Q3,2021-11-22,0001045810-21-000163,CY2020Q3
EarningsPerShareDiluted,USD/shares,6.9,2020-01-27,2021-01-31,10-K,2021.0,FY,2021-02-26,0001045810-21-000010,
EarningsPerShareDiluted,USD/shares,1.73,2020-01-27,2021-01-31,10-K,2022.0,FY,2022-03-18,0001045810-22-000036,
EarningsPerShareDiluted,USD/shares,1.73,2020-01-27,2021-01-31,10-K,2023.0,FY,2023-02-24,0001045810-23-000017,CY2020
EarningsPerShareDiluted,USD/shares,3.03,2021-02-01,2021-05-02,10-Q,2022.0,Q1,2021-05-26,0001045810-21-000064,
EarningsPerShareDiluted,USD/shares,0.76,2021-02-01,2021-05-02,10-Q,2023.0,Q1,2022-05-27,0001045810-22-000079,CY2021Q1
EarningsPerShareDiluted,USD/shares,1.69,2021-02-01,2021-08-01,10-Q,2022.0,Q2,2021-08-20,0001045810-21-000131,
EarningsPerShareDiluted,USD/shares,1.69,2021-02-01,2021-08-01,10-Q,2023.0,Q2,2022-08-31,0001045810-22-000147,
EarningsPerShareDiluted,USD/shares,0.94,2021-05-03,2021-08-01,10-Q,2022.0,Q2,2021-08-20,0001045810-21-000131,
EarningsPerShareDiluted,USD/shares,0.94,2021-05-03,2021-08-01,10-Q,2023.0,Q2,2022-08-31,0001045810-22-000147,CY2021Q2
EarningsPerShareDiluted,USD/shares,2.67,2021-02-01,2021-10-31,10-Q,2022.0,Q3,2021-11-22,0001045810-21-000163,
EarningsPerShareDiluted,USD/shares,2.67,2021-02-01,2021-10-31,10-Q,2023.0,Q3,2022-11-18,0001045810-22-000166,
EarningsPerShareDiluted,USD/shares,0.97,2021-08-02,2021-10-31,10-Q,2022.0,Q3,2021-11-22,0001045810-21-000163,
EarningsPerShareDiluted,USD/shares,0.97,2021-08-02,2021-10-31,10-Q,2023.0,Q3,2022-11-18,0001045810-22-000166,CY2021Q3
EarningsPerShareDiluted,USD/shares,3.85,2021-02-01,2022-01-30,10-K,2022.0,FY,2022-03-18,0001045810-22-000036,
EarningsPerShareDiluted,USD/shares,3.85,2021-02-01,2022-01-30,10-K,2023.0,FY,2023-02-24,0001045810-23-000017,
EarningsPerShareDiluted,USD/shares,3.85,2021-02-01,2022-01-30,10-K,2024.0,FY,2024-02-21,0001045810-24-000029,CY2021
EarningsPerShareDiluted,USD/shares,0.64,2022-01-31,2022-05-01,10-Q,2023.0,Q1,2022-05-27,0001045810-22-000079,
EarningsPerShareDiluted,USD/shares,0.64,2022-01-31,2022-05-01,10-Q,2024.0,Q1,2023-05-26,0001045810-23-000093,CY2022Q1
EarningsPerShareDiluted,USD/shares,0.9,2022-01-31,2022-07-31,10-Q,2023.0,Q2,2022-08-31,0001045810-22-000147,
EarningsPerShareDiluted,USD/shares,0.9,2022-01-31,2022-07-31,10-Q,2024.0,Q2,2023-08-28,0001045810-23-000175,
EarningsPerShareDiluted,USD/shares,0.26,2022-05-02,2022-07-31,10-Q,2023.0,Q2,2022-08-31,0001045810-22-000147,
EarningsPerShareDiluted,USD/shares,0.26,2022-05-02,2022-07-31,10-Q,2024.0,Q2,2023-08-28,0001045810-23-000175,CY2022Q2
EarningsPerShareDiluted,USD/shares,1.17,2022-01-31,2022-10-30,10-Q,2023.0,Q3,2022-11-18,0001045810-22-000166,
EarningsPerShareDiluted,USD/shares,1.17,2022-01-31,2022-10-30,10-Q,2024.0,Q3,2023-11-21,0001045810-23-000227,
EarningsPerShareDiluted,USD/shares,0.27,2022-08-01,2022-10-30,10-Q,2023.0,Q3,2022-11-18,0001045810-22-000166,
EarningsPerShareDiluted,USD/shares,0.27,2022-08-01,2022-10-30,10-Q,2024.0,Q3,2023-11-21,0001045810-23-000227,CY2022Q3
EarningsPerShareDiluted,USD/shares,1.74,2022-01-31,2023-01-29,10-K,2023.0,FY,2023-02-24,0001045810-23-000017,
EarningsPerShareDiluted,USD/shares,1.74,2022-01-31,2023-01-29,10-K,2024.0,FY,2024-02-21,0001045810-24-000029,
EarningsPerShareDiluted,USD/shares,0.17,2022-01-31,2023-01-29,10-K,2025.0,FY,2025-02-26,0001045810-25-000023,CY2022
EarningsPerShareDiluted,USD/shares,0.82,2023-01-30,2023-04-30,10-Q,2024.0,Q1,2023-05-26,0001045810-23-000093,
EarningsPerShareDiluted,USD/shares,0.82,2023-01-30,2023-04-30,10-Q,2025.0,Q1,2024-05-29,0001045810-24-000124,CY2023Q1
EarningsPerShareDiluted,USD/shares,3.3,2023-01-30,2023-07-30,10-Q,2024.0,Q2,2023-08-28,0001045810-23-000175,
EarningsPerShareDiluted,USD/shares,0.33,2023-01-30,2023-07-30,10-Q,2025.0,Q2,2024-08-28,0001045810-24-000264,
EarningsPerShareDiluted,USD/shares,2.48,2023-05-01,2023-07-30,10-Q,2024.0,Q2,2023-08-28,0001045810-23-000175,
EarningsPerShareDiluted,USD/shares,0.25,2023-05-01,2023-07-30,10-Q,2025.0,Q2,2024-08-28,0001045810-24-000264,CY2023Q2
EarningsPerShareDiluted,USD/shares,7.01,2023-01-30,2023-10-29,10-Q,2024.0,Q3,2023-11-21,0001045810-23-000227,
EarningsPerShareDiluted,USD/shares,0.7,2023-01-30,2023-10-29,10-Q,2025.0,Q3,2024-11-20,0001045810-24-000316,
EarningsPerShareDiluted,USD/shares,3.71,2023-07-31,2023-10-29,10-Q,2024.0,Q3,2023-11-21,0001045810-23-000227,
EarningsPerShareDiluted,USD/shares,0.37,2023-07-31,2023-10-29,10-Q,2025.0,Q3,2024-11-20,0001045810-24-000316,CY2023Q3
EarningsPerShareDiluted,USD/shares,11.93,2023-01-30,2024-01-28,10-K,2024.0,FY,2024-02-21,0001045810-24-000029,
EarningsPerShareDiluted,USD/shares,1.19,2023-01-30,2024-01-28,10-K,2025.0,FY,2025-02-26,0001045810-25-000023,
EarningsPerShareDiluted,USD/shares,1.19,2023-01-30,2024-01-28,10-K,2026.0,FY,2026-02-25,0001045810-26-000021,CY2023
EarningsPerShareDiluted,USD/shares,5.98,2024-01-29,2024-04-28,10-Q,2025.0,Q1,2024-05-29,0001045810-24-000124,
EarningsPerShareDiluted,USD/shares,0.6,2024-01-29,2024-04-28,10-Q,2026.0,Q1,2025-05-28,0001045810-25-000116,CY2024Q1
EarningsPerShareDiluted,USD/shares,1.27,2024-01-29,2024-07-28,10-Q,2025.0,Q2,2024-08-28,0001045810-24-000264,
EarningsPerShareDiluted,USD/shares,1.27,2024-01-29,2024-07-28,10-Q,2026.0,Q2,2025-08-27,0001045810-25-000209,
EarningsPerShareDiluted,USD/shares,0.67,2024-04-29,2024-07-28,10-Q,2025.0,Q2,2024-08-28,0001045810-24-000264,
EarningsPerShareDiluted,USD/shares,0.67,2024-04-29,2024-07-28,10-Q,2026.0,Q2,2025-08-27,0001045810-25-000209,CY2024Q2
EarningsPerShareDiluted,USD/shares,2.04,2024-01-29,2024-10-27,10-Q,2025.0,Q3,2024-11-20,0001045810-24-000316,
EarningsPerShareDiluted,USD/shares,2.04,2024-01-29,2024-10-27,10-Q,2026.0,Q3,2025-11-19,0001045810-25-000230,
EarningsPerShareDiluted,USD/shares,0.78,2024-07-29,2024-10-27,10-Q,2025.0,Q3,2024-11-20,0001045810-24-000316,
EarningsPerShareDiluted,USD/shares,0.78,2024-07-29,2024-10-27,10-Q,2026.0,Q3,2025-11-19,0001045810-25-000230,CY2024Q3
EarningsPerShareDiluted,USD/shares,2.94,2024-01-29,2025-01-26,10-K,2025.0,FY,2025-02-26,0001045810-25-000023,
EarningsPerShareDiluted,USD/shares,2.94,2024-01-29,2025-01-26,10-K,2026.0,FY,2026-02-25,0001045810-26-000021,CY2024
EarningsPerShareDiluted,USD/shares,0.76,2025-01-27,2025-04-27,10-Q,2026.0,Q1,2025-05-28,0001045810-25-000116,
EarningsPerShareDiluted,USD/shares,0.76,2025-01-27,2025-04-27,10-Q,2027.0,Q1,2026-05-20,0001045810-26-000052,CY2025Q1
EarningsPerShareDiluted,USD/shares,1.84,2025-01-27,2025-07-27,10-Q,2026.0,Q2,2025-08-27,0001045810-25-000209,
EarningsPerShareDiluted,USD/shares,1.84,2025-01-27,2025-07-27,10-Q,2027.0,Q2,2026-08-26,0001045810-26-000075,
EarningsPerShareDiluted,USD/shares,1.08,2025-04-28,2025-07-27,10-Q,2026.0,Q2,2025-08-27,0001045810-25-000209,
EarningsPerShareDiluted,USD/shares,1.08,2025-04-28,2025-07-27,10-Q,2027.0,Q2,2026-08-26,0001045810-26-000075,CY2025Q2
EarningsPerShareDiluted,USD/shares,3.14,2025-01-27,2025-10-26,10-Q,2026.0,Q3,2025-11-19,0001045810-25-000230,
EarningsPerShareDiluted,USD/shares,1.3,2025-07-28,2025-10-26,10-Q,2026.0,Q3,2025-11-19,0001045810-25-000230,CY2025Q3
EarningsPerShareDiluted,USD/shares,4.9,2025-01-27,2026-01-25,10-K,2026.0,FY,2026-02-25,0001045810-26-000021,CY2025
EarningsPerShareDiluted,USD/shares,2.39,2026-01-26,2026-04-26,10-Q,2027.0,Q1,2026-05-20,0001045810-26-000052,CY2026Q1
EarningsPerShareDiluted,USD/shares,4.85,2026-01-26,2026-07-26,10-Q,2027.0,Q2,2026-08-26,0001045810-26-000075,
EarningsPerShareDiluted,USD/shares,2.46,2026-04-27,2026-07-26,10-Q,2027.0,Q2,2026-08-26,0001045810-26-000075,CY2026Q2
GrossProfit,USD,2811000000.0,2015-01-26,2016-01-31,10-K,2016.0,FY,2016-03-17,0001045810-16-000205,
GrossProfit,USD,2811000000.0,2015-01-26,2016-01-31,10-K,2017.0,FY,2017-03-01,0001045810-17-000027,
GrossProfit,USD,2811000000.0,2015-01-26,2016-01-31,10-K,2018.0,FY,2018-02-28,0001045810-18-000010,CY2015
GrossProfit,USD,791000000.0,2015-10-26,2016-01-31,10-K,2016.0,FY,2016-03-17,0001045810-16-000205,
GrossProfit,USD,791000000.0,2015-10-26,2016-01-31,10-K,2017.0,FY,2017-03-01,0001045810-17-000027,CY2015Q4
GrossProfit,USD,751000000.0,2016-02-01,2016-05-01,10-Q,2017.0,Q1,2016-05-25,0001045810-16-000275,
GrossProfit,USD,751000000.0,2016-02-01,2016-05-01,10-K,2017.0,FY,2017-03-01,0001045810-17-000027,
GrossProfit,USD,751000000.0,2016-02-01,2016-05-01,10-Q,2018.0,Q1,2017-05-23,0001045810-17-000075,
GrossProfit,USD,751000000.0,2016-02-01,2016-05-01,10-K,2018.0,FY,2018-02-28,0001045810-18-000010,CY2016Q1
GrossProfit,USD,1577000000.0,2016-02-01,2016-07-31,10-Q,2017.0,Q2,2016-08-23,0001045810-16-000300,
GrossProfit,USD,1577000000.0,2016-02-01,2016-07-31,10-Q,2018.0,Q2,2017-08-23,0001045810-17-000123,
GrossProfit,USD,826000000.0,2016-05-02,2016-07-31,10-Q,2017.0,Q2,2016-08-23,0001045810-16-000300,
GrossProfit,USD,826000000.0,2016-05-02,2016-07-31,10-K,2017.0,FY,2017-03-01,0001045810-17-000027,
GrossProfit,USD,826000000.0,2016-05-02,2016-07-31,10-Q,2018.0,Q2,2017-08-23,0001045810-17-000123,
GrossProfit,USD,826000000.0,2016-05-02,2016-07-31,10-K,2018.0,FY,2018-02-28,0001045810-18-000010,CY2016Q2
GrossProfit,USD,2760000000.0,2016-02-01,2016-10-30,10-Q,2017.0,Q3,2016-11-22,0001045810-16-000353,
GrossProfit,USD,2760000000.0,2016-02-01,2016-10-30,10-Q,2018.0,Q3,2017-11-21,0001045810-17-000172,
GrossProfit,USD,1183000000.0,2016-08-01,2016-10-30,10-Q,2017.0,Q3,2016-11-22,0001045810-16-000353,
GrossProfit,USD,1183000000.0,2016-08-01,2016-10-30,10-K,2017.0,FY,2017-03-01,0001045810-17-000027,
GrossProfit,USD,1183000000.0,2016-08-01,2016-10-30,10-Q,2018.0,Q3,2017-11-21,0001045810-17-000172,
GrossProfit,USD,1183000000.0,2016-08-01,2016-10-30,10-K,2018.0,FY,2018-02-28,0001045810-18-000010,CY2016Q3
GrossProfit,USD,4063000000.0,2016-02-01,2017-01-29,10-K,2017.0,FY,2017-03-01,0001045810-17-000027,
GrossProfit,USD,4063000000.0,2016-02-01,2017-01-29,10-K,2018.0,FY,2018-02-28,0001045810-18-000010,
GrossProfit,USD,4063000000.0,2016-02-01,2017-01-29,10-K,2019.0,FY,2019-02-21,0001045810-19-000023,CY2016
GrossProfit,USD,1303000000.0,2016-10-31,2017-01-29,10-K,2017.0,FY,2017-03-01,0001045810-17-000027,
GrossProfit,USD,1303000000.0,2016-10-31,2017-01-29,10-K,2018.0,FY,2018-02-28,0001045810-18-000010,CY2016Q4
GrossProfit,USD,1150000000.0,2017-01-30,2017-04-30,10-Q,2018.0,Q1,2017-05-23,0001045810-17-000075,
GrossProfit,USD,1150000000.0,2017-01-30,2017-04-30,10-K,2018.0,FY,2018-02-28,0001045810-18-000010,
GrossProfit,USD,1150000000.0,2017-01-30,2017-04-30,10-Q,2019.0,Q1,2018-05-22,0001045810-18-000080,
GrossProfit,USD,1150000000.0,2017-01-30,2017-04-30,10-K,2019.0,FY,2019-02-21,0001045810-19-000023,CY2017Q1
GrossProfit,USD,2452000000.0,2017-01-30,2017-07-30,10-Q,2018.0,Q2,2017-08-23,0001045810-17-000123,
GrossProfit,USD,1302000000.0,2017-01-30,2017-07-30,10-K,2018.0,FY,2018-02-28,0001045810-18-000010,
GrossProfit,USD,2452000000.0,2017-01-30,2017-07-30,10-Q,2019.0,Q2,2018-08-16,0001045810-18-000114,
GrossProfit,USD,1302000000.0,2017-05-01,2017-07-30,10-Q,2018.0,Q2,2017-08-23,0001045810-17-000123,
GrossProfit,USD,1302000000.0,2017-05-01,2017-07-30,10-Q,2019.0,Q2,2018-08-16,0001045810-18-000114,
GrossProfit,USD,1302000000.0,2017-05-01,2017-07-30,10-K,2019.0,FY,2019-02-21,0001045810-19-000023,CY2017Q2
GrossProfit,USD,4021000000.0,2017-01-30,2017-10-29,10-Q,2018.0,Q3,2017-11-21,0001045810-17-000172,
GrossProfit,USD,4021000000.0,2017-01-30,2017-10-29,10-Q,2019.0,Q3,2018-11-15,0001045810-18-000150,
GrossProfit,USD,1569000000.0,2017-07-31,2017-10-29,10-Q,2018.0,Q3,2017-11-21,0001045810-17-000172,
GrossProfit,USD,1569000000.0,2017-07-31,2017-10-29,10-K,2018.0,FY,2018-02-28,0001045810-18-000010,
GrossProfit,USD,1569000000.0,2017-07-31,2017-10-29,10-Q,2019.0,Q3,2018-11-15,0001045810-18-000150,
GrossProfit,USD,1569000000.0,2017-07-31,2017-10-29,10-K,2019.0,FY,2019-02-21,0001045810-19-000023,CY2017Q3
GrossProfit,USD,5822000000.0,2017-01-30,2018-01-28,10-K,2018.0,FY,2018-02-28,0001045810-18-000010,
GrossProfit,USD,5822000000.0,2017-01-30,2018-01-28,10-K,2019.0,FY,2019-02-21,0001045810-19-000023,
GrossProfit,USD,5822000000.0,2017-01-30,2018-01-28,10-K,2020.0,FY,2020-02-20,0001045810-20-000010,CY2017
GrossProfit,USD,1801000000.0,2017-10-30,2018-01-28,10-K,2018.0,FY,2018-02-28,0001045810-18-000010,
GrossProfit,USD,1801000000.0,2017-10-30,2018-01-28,10-K,2019.0,FY,2019-02-21,0001045810-19-000023,CY2017Q4
GrossProfit,USD,2068000000.0,2018-01-29,2018-04-29,10-Q,2019.0,Q1,2018-05-22,0001045810-18-000080,
GrossProfit,USD,2068000000.0,2018-01-29,2018-04-29,10-K,2019.0,FY,2019-02-21,0001045810-19-000023,
GrossProfit,USD,2068000000.0,2018-01-29,2018-04-29,10-Q,2020.0,Q1,2019-05-16,0001045810-19-000079,
GrossProfit,USD,2068000000.0,2018-01-29,2018-04-29,10-K,2020.0,FY,2020-02-20,0001045810-20-000010,CY2018Q1
GrossProfit,USD,4043000000.0,2018-01-29,2018-07-29,10-Q,2019.0,Q2,2018-08-16,0001045810-18-000114,
GrossProfit,USD,4043000000.0,2018-01-29,2018-07-29,10-Q,2020.0,Q2,2019-08-15,0001045810-19-000144,
GrossProfit,USD,1975000000.0,2018-04-30,2018-07-29,10-Q,2019.0,Q2,2018-08-16,0001045810-18-000114,
GrossProfit,USD,1975000000.0,2018-04-30,2018-07-29,10-K,2019.0,FY,2019-02-21,0001045810-19-000023,
GrossProfit,USD,1975000000.0,2018-04-30,2018-07-29,10-Q,2020.0,Q2,2019-08-15,0001045810-19-000144,
GrossProfit,USD,1975000000.0,2018-04-30,2018-07-29,10-K,2020.0,FY,2020-02-20,0001045810-20-000010,CY2018Q2
GrossProfit,USD,5964000000.0,2018-01-29,2018-10-28,10-Q,2019.0,Q3,2018-11-15,0001045810-18-000150,
GrossProfit,USD,5964000000.0,2018-01-29,2018-10-28,10-Q,2020.0,Q3,2019-11-14,0001045810-19-000170,
GrossProfit,USD,1921000000.0,2018-07-30,2018-10-28,10-Q,2019.0,Q3,2018-11-15,0001045810-18-000150,
GrossProfit,USD,1921000000.0,2018-07-30,2018-10-28,10-K,2019.0,FY,2019-02-21,0001045810-19-000023,
GrossProfit,USD,1921000000.0,2018-07-30,2018-10-28,10-Q,2020.0,Q3,2019-11-14,0001045810-19-000170,
GrossProfit,USD,1921000000.0,2018-07-30,2018-10-28,10-K,2020.0,FY,2020-02-20,0001045810-20-000010,CY2018Q3
GrossProfit,USD,7171000000.0,2018-01-29,2019-01-27,10-K,2019.0,FY,2019-02-21,0001045810-19-000023,
GrossProfit,USD,7171000000.0,2018-01-29,2019-01-27,10-K,2020.0,FY,2020-02-20,0001045810-20-000010,
GrossProfit,USD,7171000000.0,2018-01-29,2019-01-27,10-K,2021.0,FY,2021-02-26,0001045810-21-000010,CY2018
GrossProfit,USD,1207000000.0,2018-10-29,2019-01-27,10-K,2019.0,FY,2019-02-21,0001045810-19-000023,
GrossProfit,USD,1207000000.0,2018-10-29,2019-01-27,10-K,2020.0,FY,2020-02-20,0001045810-20-000010,CY2018Q4
GrossProfit,USD,1296000000.0,2019-01-28,2019-04-28,10-Q,2020.0,Q1,2019-05-16,0001045810-19-000079,
GrossProfit,USD,1296000000.0,2019-01-28,2019-04-28,10-K,2020.0,FY,2020-02-20,0001045810-20-000010,
GrossProfit,USD,1296000000.0,2019-01-28,2019-04-28,10-Q,2020.0,Q1,2020-05-21,0001045810-20-000065,CY2019Q1
GrossProfit,USD,2837000000.0,2019-01-28,2019-07-28,10-Q,2020.0,Q2,2019-08-15,0001045810-19-000144,
GrossProfit,USD,2837000000.0,2019-01-28,2019-07-28,10-Q,2020.0,Q2,2020-08-19,0001045810-20-000147,
GrossProfit,USD,1541000000.0,2019-04-29,2019-07-28,10-Q,2020.0,Q2,2019-08-15,0001045810-19-000144,
GrossProfit,USD,1541000000.0,2019-04-29,2019-07-28,10-K,2020.0,FY,2020-02-20,0001045810-20-000010,
GrossProfit,USD,1541000000.0,2019-04-29,2019-07-28,10-Q,2020.0,Q2,2020-08-19,0001045810-20-000147,CY2019Q2
GrossProfit,USD,4753000000.0,2019-01-28,2019-10-27,10-Q,2020.0,Q3,2019-11-14,0001045810-19-000170,
GrossProfit,USD,4753000000.0,2019-01-28,2019-10-27,10-Q,2021.0,Q3,2020-11-18,0001045810-20-000189,
GrossProfit,USD,1916000000.0,2019-07-29,2019-10-27,10-Q,2020.0,Q3,2019-11-14,0001045810-19-000170,
GrossProfit,USD,1916000000.0,2019-07-29,2019-10-27,10-K,2020.0,FY,2020-02-20,0001045810-20-000010,
GrossProfit,USD,1916000000.0,2019-07-29,2019-10-27,10-Q,2021.0,Q3,2020-11-18,0001045810-20-000189,CY2019Q3
GrossProfit,USD,6768000000.0,2019-01-28,2020-01-26,10-K,2020.0,FY,2020-02-20,0001045810-20-000010,
GrossProfit,USD,6768000000.0,2019-01-28,2020-01-26,10-K,2021.0,FY,2021-02-26,0001045810-21-000010,
GrossProfit,USD,6768000000.0,2019-01-28,2020-01-26,10-K,2022.0,FY,2022-03-18,0001045810-22-000036,CY2019
GrossProfit,USD,2015000000.0,2019-10-28,2020-01-26,10-K,2020.0,FY,2020-02-20,0001045810-20-000010,CY2019Q4
GrossProfit,USD,2004000000.0,2020-01-27,2020-04-26,10-Q,2020.0,Q1,2020-05-21,0001045810-20-000065,
GrossProfit,USD,2004000000.0,2020-01-27,2020-04-26,10-Q,2022.0,Q1,2021-05-26,0001045810-21-000064,CY2020Q1
GrossProfit,USD,4279000000.0,2020-01-27,2020-07-26,10-Q,2020.0,Q2,2020-08-19,0001045810-20-000147,
GrossProfit,USD,4279000000.0,2020-01-27,2020-07-26,10-Q,2022.0,Q2,2021-08-20,0001045810-21-000131,
GrossProfit,USD,2275000000.0,2020-04-27,2020-07-26,10-Q,2020.0,Q2,2020-08-19,0001045810-20-000147,
GrossProfit,USD,2275000000.0,2020-04-27,2020-07-26,10-Q,2022.0,Q2,2021-08-20,0001045810-21-000131,CY2020Q2
GrossProfit,USD,7240000000.0,2020-01-27,2020-10-25,10-Q,2021.0,Q3,2020-11-18,0001045810-20-000189,
GrossProfit,USD,7240000000.0,2020-01-27,2020-10-25,10-Q,2022.0,Q3,2021-11-22,0001045810-21-000163,
GrossProfit,USD,2960000000.0,2020-07-27,2020-10-25,10-Q,2021.0,Q3,2020-11-18,0001045810-20-000189,
GrossProfit,USD,2960000000.0,2020-07-27,2020-10-25,10-Q,2022.0,Q3,2021-11-22,0001045810-21-000163,CY2020Q3
GrossProfit,USD,10396000000.0,2020-01-27,2021-01-31,10-K,2021.0,FY,2021-02-26,0001045810-21-000010,
GrossProfit,USD,10396000000.0,2020-01-27,2021-01-31,10-K,2022.0,FY,2022-03-18,0001045810-22-000036,
GrossProfit,USD,10396000000.0,2020-01-27,2021-01-31,10-K,2023.0,FY,2023-02-24,0001045810-23-000017,CY2020
GrossProfit,USD,3629000000.0,2021-02-01,2021-05-02,10-Q,2022.0,Q1,2021-05-26,0001045810-21-000064,
GrossProfit,USD,3629000000.0,2021-02-01,2021-05-02,10-Q,2023.0,Q1,2022-05-27,0001045810-22-000079,CY2021Q1
GrossProfit,USD,7844000000.0,2021-02-01,2021-08-01,10-Q,2022.0,Q2,2021-08-20,0001045810-21-000131,
GrossProfit,USD,7844000000.0,2021-02-01,2021-08-01,10-Q,2023.0,Q2,2022-08-31,0001045810-22-000147,
GrossProfit,USD,4215000000.0,2021-05-03,2021-08-01,10-Q,2022.0,Q2,2021-08-20,0001045810-21-000131,
GrossProfit,USD,4215000000.0,2021-05-03,2021-08-01,10-Q,2023.0,Q2,2022-08-31,0001045810-22-000147,CY2021Q2
GrossProfit,USD,12476000000.0,2021-02-01,2021-10-31,10-Q,2022.0,Q3,2021-11-22,0001045810-21-000163,
GrossProfit,USD,12476000000.0,2021-02-01,2021-10-31,10-Q,2023.0,Q3,2022-11-18,0001045810-22-000166,
GrossProfit,USD,4631000000.0,2021-08-02,2021-10-31,10-Q,2022.0,Q3,2021-11-22,0001045810-21-000163,
GrossProfit,USD,4631000000.0,2021-08-02,2021-10-31,10-Q,2023.0,Q3,2022-11-18,0001045810-22-000166,CY2021Q3
GrossProfit,USD,17475000000.0,2021-02-01,2022-01-30,10-K,2022.0,FY,2022-03-18,0001045810-22-000036,
GrossProfit,USD,17475000000.0,2021-02-01,2022-01-30,10-K,2023.0,FY,2023-02-24,0001045810-23-000017,
GrossProfit,USD,17475000000.0,2021-02-01,2022-01-30,10-K,2024.0,FY,2024-02-21,0001045810-24-000029,CY2021
GrossProfit,USD,5431000000.0,2022-01-31,2022-05-01,10-Q,2023.0,Q1,2022-05-27,0001045810-22-000079,
GrossProfit,USD,5431000000.0,2022-01-31,2022-05-01,10-Q,2024.0,Q1,2023-05-26,0001045810-23-000093,CY2022Q1
GrossProfit,USD,8346000000.0,2022-01-31,2022-07-31,10-Q,2023.0,Q2,2022-08-31,0001045810-22-000147,
GrossProfit,USD,8346000000.0,2022-01-31,2022-07-31,10-Q,2024.0,Q2,2023-08-28,0001045810-23-000175,
GrossProfit,USD,2915000000.0,2022-05-02,2022-07-31,10-Q,2023.0,Q2,2022-08-31,0001045810-22-000147,
GrossProfit,USD,2915000000.0,2022-05-02,2022-07-31,10-Q,2024.0,Q2,2023-08-28,0001045810-23-000175,CY2022Q2
GrossProfit,USD,11523000000.0,2022-01-31,2022-10-30,10-Q,2023.0,Q3,2022-11-18,0001045810-22-000166,
GrossProfit,USD,11523000000.0,2022-01-31,2022-10-30,10-Q,2024.0,Q3,2023-11-21,0001045810-23-000227,
GrossProfit,USD,3177000000.0,2022-08-01,2022-10-30,10-Q,2023.0,Q3,2022-11-18,0001045810-22-000166,
GrossProfit,USD,3177000000.0,2022-08-01,2022-10-30,10-Q,2024.0,Q3,2023-11-21,0001045810-23-000227,CY2022Q3
GrossProfit,USD,15356000000.0,2022-01-31,2023-01-29,10-K,2023.0,FY,2023-02-24,0001045810-23-000017,
GrossProfit,USD,15356000000.0,2022-01-31,2023-01-29,10-K,2024.0,FY,2024-02-21,0001045810-24-000029,
GrossProfit,USD,15356000000.0,2022-01-31,2023-01-29,10-K,2025.0,FY,2025-02-26,0001045810-25-000023,CY2022
GrossProfit,USD,4648000000.0,2023-01-30,2023-04-30,10-Q,2024.0,Q1,2023-05-26,0001045810-23-000093,
GrossProfit,USD,4648000000.0,2023-01-30,2023-04-30,10-Q,2025.0,Q1,2024-05-29,0001045810-24-000124,CY2023Q1
GrossProfit,USD,14110000000.0,2023-01-30,2023-07-30,10-Q,2024.0,Q2,2023-08-28,0001045810-23-000175,
GrossProfit,USD,14110000000.0,2023-01-30,2023-07-30,10-Q,2025.0,Q2,2024-08-28,0001045810-24-000264,
GrossProfit,USD,9462000000.0,2023-05-01,2023-07-30,10-Q,2024.0,Q2,2023-08-28,0001045810-23-000175,
GrossProfit,USD,9462000000.0,2023-05-01,2023-07-30,10-Q,2025.0,Q2,2024-08-28,0001045810-24-000264,CY2023Q2
GrossProfit,USD,27510000000.0,2023-01-30,2023-10-29,10-Q,2024.0,Q3,2023-11-21,0001045810-23-000227,
GrossProfit,USD,27510000000.0,2023-01-30,2023-10-29,10-Q,2025.0,Q3,2024-11-20,0001045810-24-000316,
GrossProfit,USD,13400000000.0,2023-07-31,2023-10-29,10-Q,2024.0,Q3,2023-11-21,0001045810-23-000227,
GrossProfit,USD,13400000000.0,2023-07-31,2023-10-29,10-Q,2025.0,Q3,2024-11-20,0001045810-24-000316,CY2023Q3
GrossProfit,USD,44301000000.0,2023-01-30,2024-01-28,10-K,2024.0,FY,2024-02-21,0001045810-24-000029,
GrossProfit,USD,44301000000.0,2023-01-30,2024-01-28,10-K,2025.0,FY,2025-02-26,0001045810-25-000023,
GrossProfit,USD,44301000000.0,2023-01-30,2024-01-28,10-K,2026.0,FY,2026-02-25,0001045810-26-000021,CY2023
GrossProfit,USD,20406000000.0,2024-01-29,2024-04-28,10-Q,2025.0,Q1,2024-05-29,0001045810-24-000124,
GrossProfit,USD,20406000000.0,2024-01-29,2024-04-28,10-Q,2026.0,Q1,2025-05-28,0001045810-25-000116,CY2024Q1
GrossProfit,USD,42979000000.0,2024-01-29,2024-07-28,10-Q,2025.0,Q2,2024-08-28,0001045810-24-000264,
GrossProfit,USD,42979000000.0,2024-01-29,2024-07-28,10-Q,2026.0,Q2,2025-08-27,0001045810-25-000209,
GrossProfit,USD,22574000000.0,2024-04-29,2024-07-28,10-Q,2025.0,Q2,2024-08-28,0001045810-24-000264,
GrossProfit,USD,22574000000.0,2024-04-29,2024-07-28,10-Q,2026.0,Q2,2025-08-27,0001045810-25-000209,CY2024Q2
GrossProfit,USD,69135000000.0,2024-01-29,2024-10-27,10-Q,2025.0,Q3,2024-11-20,0001045810-24-000316,
GrossProfit,USD,69135000000.0,2024-01-29,2024-10-27,10-Q,2026.0,Q3,2025-11-19,0001045810-25-000230,
GrossProfit,USD,26156000000.0,2024-07-29,2024-10-27,10-Q,2025.0,Q3,2024-11-20,0001045810-24-000316,
GrossProfit,USD,26156000000.0,2024-07-29,2024-10-27,10-Q,2026.0,Q3,2025-11-19,0001045810-25-000230,CY2024Q3
GrossProfit,USD,97858000000.0,2024-01-29,2025-01-26,10-K,2025.0,FY,2025-02-26,0001045810-25-000023,
GrossProfit,USD,97858000000.0,2024-01-29,2025-01-26,10-K,2026.0,FY,2026-02-25,0001045810-26-000021,CY2024
GrossProfit,USD,26668000000.0,2025-01-27,2025-04-27,10-Q,2026.0,Q1,2025-05-28,0001045810-25-000116,
GrossProfit,USD,26668000000.0,2025-01-27,2025-04-27,10-Q,2027.0,Q1,2026-05-20,0001045810-26-000052,CY2025Q1
GrossProfit,USD,60521000000.0,2025-01-27,2025-07-27,10-Q,2026.0,Q2,2025-08-27,0001045810-25-000209,
GrossProfit,USD,60521000000.0,2025-01-27,2025-07-27,10-Q,2027.0,Q2,2026-08-26,0001045810-26-000075,
GrossProfit,USD,33853000000.0,2025-04-28,2025-07-27,10-Q,2026.0,Q2,2025-08-27,0001045810-25-000209,
GrossProfit,USD,33853000000.0,2025-04-28,2025-07-27,10-Q,2027.0,Q2,2026-08-26,0001045810-26-000075,CY2025Q2
GrossProfit,USD,102370000000.0,2025-01-27,2025-10-26,10-Q,2026.0,Q3,2025-11-19,0001045810-25-000230,
GrossProfit,USD,41849000000.0,2025-07-28,2025-10-26,10-Q,2026.0,Q3,2025-11-19,0001045810-25-000230,CY2025Q3
GrossProfit,USD,153463000000.0,2025-01-27,2026-01-25,10-K,2026.0,FY,2026-02-25,0001045810-26-000021,CY2025
GrossProfit,USD,61157000000.0,2026-01-26,2026-04-26,10-Q,2027.0,Q1,2026-05-20,0001045810-26-000052,CY2026Q1
GrossProfit,USD,133299000000.0,2026-01-26,2026-07-26,10-Q,2027.0,Q2,2026-08-26,0001045810-26-000075,
GrossProfit,USD,72142000000.0,2026-04-27,2026-07-26,10-Q,2027.0,Q2,2026-08-26,0001045810-26-000075,CY2026Q2
Liabilities,USD,2814000000.0,,2016-01-31,10-K,2016.0,FY,2016-03-17,0001045810-16-000205,
Liabilities,USD,2814000000.0,,2016-01-31,10-Q,2017.0,Q1,2016-05-25,0001045810-16-000275,
Liabilities,USD,2814000000.0,,2016-01-31,10-Q,2017.0,Q2,2016-08-23,0001045810-16-000300,
Liabilities,USD,2814000000.0,,2016-01-31,10-Q,2017.0,Q3,2016-11-22,0001045810-16-000353,
Liabilities,USD,2814000000.0,,2016-01-31,10-K,2017.0,FY,2017-03-01,0001045810-17-000027,CY2015Q4I
Liabilities,USD,2833000000.0,,2016-05-01,10-Q,2017.0,Q1,2016-05-25,0001045810-16-000275,CY2016Q1I
Liabilities,USD,2909000000.0,,2016-07-31,10-Q,2017.0,Q2,2016-08-23,0001045810-16-000300,CY2016Q2I
Liabilities,USD,4243000000.0,,2016-10-30,10-Q,2017.0,Q3,2016-11-22,0001045810-16-000353,CY2016Q3I
Liabilities,USD,4048000000.0,,2017-01-29,10-K,2017.0,FY,2017-03-01,0001045810-17-000027,
Liabilities,USD,4048000000.0,,2017-01-29,10-Q,2018.0,Q1,2017-05-23,0001045810-17-000075,
Liabilities,USD,4048000000.0,,2017-01-29,10-Q,2018.0,Q2,2017-08-23,0001045810-17-000123,
Liabilities,USD,4048000000.0,,2017-01-29,10-Q,2018.0,Q3,2017-11-21,0001045810-17-000172,
Liabilities,USD,4048000000.0,,2017-01-29,10-K,2018.0,FY,2018-02-28,0001045810-18-000010,CY2016Q4I
Liabilities,USD,3271000000.0,,2017-04-30,10-Q,2018.0,Q1,2017-05-23,0001045810-17-000075,CY2017Q1I
Liabilities,USD,3427000000.0,,2017-07-30,10-Q,2018.0,Q2,2017-08-23,0001045810-17-000123,CY2017Q2I
Liabilities,USD,3477000000.0,,2017-10-29,10-Q,2018.0,Q3,2017-11-21,0001045810-17-000172,CY2017Q3I
Liabilities,USD,3770000000.0,,2018-01-28,10-K,2018.0,FY,2018-02-28,0001045810-18-000010,
Liabilities,USD,3770000000.0,,2018-01-28,10-Q,2019.0,Q1,2018-05-22,0001045810-18-000080,
Liabilities,USD,3770000000.0,,2018-01-28,10-Q,2019.0,Q2,2018-08-16,0001045810-18-000114,
Liabilities,USD,3770000000.0,,2018-01-28,10-Q,2019.0,Q3,2018-11-15,0001045810-18-000150,
Liabilities,USD,3770000000.0,,2018-01-28,10-K,2019.0,FY,2019-02-21,0001045810-19-000023,CY2017Q4I
Liabilities,USD,3743000000.0,,2018-04-29,10-Q,2019.0,Q1,2018-05-22,0001045810-18-000080,CY2018Q1I
Liabilities,USD,4087000000.0,,2018-07-29,10-Q,2019.0,Q2,2018-08-16,0001045810-18-000114,CY2018Q2I
Liabilities,USD,4182000000.0,,2018-10-28,10-Q,2019.0,Q3,2018-11-15,0001045810-18-000150,CY2018Q3I
Liabilities,USD,3950000000.0,,2019-01-27,10-K,2019.0,FY,2019-02-21,0001045810-19-000023,
Liabilities,USD,3950000000.0,,2019-01-27,10-Q,2020.0,Q1,2019-05-16,0001045810-19-000079,
Liabilities,USD,3950000000.0,,2019-01-27,10-Q,2020.0,Q2,2019-08-15,0001045810-19-000144,
Liabilities,USD,3950000000.0,,2019-01-27,10-Q,2020.0,Q3,2019-11-14,0001045810-19-000170,
Liabilities,USD,3950000000.0,,2019-01-27,10-K,2020.0,FY,2020-02-20,0001045810-20-000010,CY2018Q4I
Liabilities,USD,4317000000.0,,2019-04-28,10-Q,2020.0,Q1,2019-05-16,0001045810-19-000079,CY2019Q1I
Liabilities,USD,4439000000.0,,2019-07-28,10-Q,2020.0,Q2,2019-08-15,0001045810-19-000144,CY2019Q2I
Liabilities,USD,4596000000.0,,2019-10-27,10-Q,2020.0,Q3,2019-11-14,0001045810-19-000170,CY2019Q3I
Liabilities,USD,5111000000.0,,2020-01-26,10-K,2020.0,FY,2020-02-20,0001045810-20-000010,
Liabilities,USD,5111000000.0,,2020-01-26,10-Q,2020.0,Q1,2020-05-21,0001045810-20-000065,
Liabilities,USD,5111000000.0,,2020-01-26,10-Q,2020.0,Q2,2020-08-19,0001045810-20-000147,
Liabilities,USD,5111000000.0,,2020-01-26,10-Q,2021.0,Q3,2020-11-18,0001045810-20-000189,
Liabilities,USD,5111000000.0,,2020-01-26,10-K,2021.0,FY,2021-02-26,0001045810-21-000010,CY2019Q4I
Liabilities,USD,10155000000.0,,2020-04-26,10-Q,2020.0,Q1,2020-05-21,0001045810-20-000065,CY2020Q1I
Liabilities,USD,11266000000.0,,2020-07-26,10-Q,2020.0,Q2,2020-08-19,0001045810-20-000147,CY2020Q2I
Liabilities,USD,11547000000.0,,2020-10-25,10-Q,2021.0,Q3,2020-11-18,0001045810-20-000189,CY2020Q3I
Liabilities,USD,11898000000.0,,2021-01-31,10-K,2021.0,FY,2021-02-26,0001045810-21-000010,
Liabilities,USD,11898000000.0,,2021-01-31,10-Q,2022.0,Q1,2021-05-26,0001045810-21-000064,
Liabilities,USD,11898000000.0,,2021-01-31,10-Q,2022.0,Q2,2021-08-20,0001045810-21-000131,
Liabilities,USD,11898000000.0,,2021-01-31,10-Q,2022.0,Q3,2021-11-22,0001045810-21-000163,
Liabilities,USD,11898000000.0,,2021-01-31,10-K,2022.0,FY,2022-03-18,0001045810-22-000036,CY2020Q4I
Liabilities,USD,12022000000.0,,2021-05-02,10-Q,2022.0,Q1,2021-05-26,0001045810-21-000064,CY2021Q1I
Liabilities,USD,17503000000.0,,2021-08-01,10-Q,2022.0,Q2,2021-08-20,0001045810-21-000131,CY2021Q2I
Liabilities,USD,16834000000.0,,2021-10-31,10-Q,2022.0,Q3,2021-11-22,0001045810-21-000163,CY2021Q3I
Liabilities,USD,17575000000.0,,2022-01-30,10-K,2022.0,FY,2022-03-18,0001045810-22-000036,
Liabilities,USD,17575000000.0,,2022-01-30,10-Q,2023.0,Q1,2022-05-27,0001045810-22-000079,
Liabilities,USD,17575000000.0,,2022-01-30,10-Q,2023.0,Q2,2022-08-31,0001045810-22-000147,
Liabilities,USD,17575000000.0,,2022-01-30,10-Q,2023.0,Q3,2022-11-18,0001045810-22-000166,
Liabilities,USD,17575000000.0,,2022-01-30,10-K,2023.0,FY,2023-02-24,0001045810-23-000017,CY2021Q4I
Liabilities,USD,18892000000.0,,2022-05-01,10-Q,2023.0,Q1,2022-05-27,0001045810-22-000079,CY2022Q1I
Liabilities,USD,19625000000.0,,2022-07-31,10-Q,2023.0,Q2,2022-08-31,0001045810-22-000147,CY2022Q2I
Liabilities,USD,19139000000.0,,2022-10-30,10-Q,2023.0,Q3,2022-11-18,0001045810-22-000166,CY2022Q3I
Liabilities,USD,19081000000.0,,2023-01-29,10-K,2023.0,FY,2023-02-24,0001045810-23-000017,
Liabilities,USD,19081000000.0,,2023-01-29,10-Q,2024.0,Q1,2023-05-26,0001045810-23-000093,
Liabilities,USD,19081000000.0,,2023-01-29,10-Q,2024.0,Q2,2023-08-28,0001045810-23-000175,
Liabilities,USD,19081000000.0,,2023-01-29,10-Q,2024.0,Q3,2023-11-21,0001045810-23-000227,
Liabilities,USD,19081000000.0,,2023-01-29,10-K,2024.0,FY,2024-02-21,0001045810-24-000029,CY2022Q4I
Liabilities,USD,19940000000.0,,2023-04-30,10-Q,2024.0,Q1,2023-05-26,0001045810-23-000093,CY2023Q1I
Liabilities,USD,22054000000.0,,2023-07-30,10-Q,2024.0,Q2,2023-08-28,0001045810-23-000175,CY2023Q2I
Liabilities,USD,20883000000.0,,2023-10-29,10-Q,2024.0,Q3,2023-11-21,0001045810-23-000227,CY2023Q3I
Liabilities,USD,22750000000.0,,2024-01-28,10-K,2024.0,FY,2024-02-21,0001045810-24-000029,
Liabilities,USD,22750000000.0,,2024-01-28,10-Q,2025.0,Q1,2024-05-29,0001045810-24-000124,
Liabilities,USD,22750000000.0,,2024-01-28,10-Q,2025.0,Q2,2024-08-28,0001045810-24-000264,
Liabilities,USD,22750000000.0,,2024-01-28,10-Q,2025.0,Q3,2024-11-20,0001045810-24-000316,
Liabilities,USD,22750000000.0,,2024-01-28,10-K,2025.0,FY,2025-02-26,0001045810-25-000023,CY2023Q4I
Liabilities,USD,27930000000.0,,2024-04-28,10-Q,2025.0,Q1,2024-05-29,0001045810-24-000124,CY2024Q1I
Liabilities,USD,27070000000.0,,2024-07-28,10-Q,2025.0,Q2,2024-08-28,0001045810-24-000264,CY2024Q2I
Liabilities,USD,30114000000.0,,2024-10-27,10-Q,2025.0,Q3,2024-11-20,0001045810-24-000316,CY2024Q3I
Liabilities,USD,32274000000.0,,2025-01-26,10-K,2025.0,FY,2025-02-26,0001045810-25-000023,
Liabilities,USD,32274000000.0,,2025-01-26,10-Q,2026.0,Q1,2025-05-28,0001045810-25-000116,
Liabilities,USD,32274000000.0,,2025-01-26,10-Q,2026.0,Q2,2025-08-27,0001045810-25-000209,
Liabilities,USD,32274000000.0,,2025-01-26,10-Q,2026.0,Q3,2025-11-19,0001045810-25-000230,
Liabilities,USD,32274000000.0,,2025-01-26,10-K,2026.0,FY,2026-02-25,0001045810-26-000021,CY2024Q4I
Liabilities,USD,41411000000.0,,2025-04-27,10-Q,2026.0,Q1,2025-05-28,0001045810-25-000116,CY2025Q1I
Liabilities,USD,40609000000.0,,2025-07-27,10-Q,2026.0,Q2,2025-08-27,0001045810-25-000209,CY2025Q2I
Liabilities,USD,42251000000.0,,2025-10-26,10-Q,2026.0,Q3,2025-11-19,0001045810-25-000230,CY2025Q3I
Liabilities,USD,49510000000.0,,2026-01-25,10-K,2026.0,FY,2026-02-25,0001045810-26-000021,
Liabilities,USD,49510000000.0,,2026-01-25,10-Q,2027.0,Q1,2026-05-20,0001045810-26-000052,
Liabilities,USD,49510000000.0,,2026-01-25,10-Q,2027.0,Q2,2026-08-26,0001045810-26-000075,CY2025Q4I
Liabilities,USD,64000000000.0,,2026-04-26,10-Q,2027.0,Q1,2026-05-20,0001045810-26-000052,CY2026Q1I
Liabilities,USD,91288000000.0,,2026-07-26,10-Q,2027.0,Q2,2026-08-26,0001045810-26-000075,CY2026Q2I
LongTermDebtNoncurrent,USD,1991000000.0,,2020-01-26,10-Q,2021.0,Q3,2020-11-18,0001045810-20-000189,
LongTermDebtNoncurrent,USD,1991000000.0,,2020-01-26,10-K,2021.0,FY,2021-02-26,0001045810-21-000010,CY2019Q4I
LongTermDebtNoncurrent,USD,5963000000.0,,2020-10-25,10-Q,2021.0,Q3,2020-11-18,0001045810-20-000189,CY2020Q3I
LongTermDebtNoncurrent,USD,5964000000.0,,2021-01-31,10-K,2021.0,FY,2021-02-26,0001045810-21-000010,
LongTermDebtNoncurrent,USD,5964000000.0,,2021-01-31,10-Q,2022.0,Q1,2021-05-26,0001045810-21-000064,
LongTermDebtNoncurrent,USD,5964000000.0,,2021-01-31,10-Q,2022.0,Q2,2021-08-20,0001045810-21-000131,
LongTermDebtNoncurrent,USD,5964000000.0,,2021-01-31,10-Q,2022.0,Q3,2021-11-22,0001045810-21-000163,
LongTermDebtNoncurrent,USD,5964000000.0,,2021-01-31,10-K,2022.0,FY,2022-03-18,0001045810-22-000036,CY2020Q4I
LongTermDebtNoncurrent,USD,5964000000.0,,2021-05-02,10-Q,2022.0,Q1,2021-05-26,0001045810-21-000064,CY2021Q1I
LongTermDebtNoncurrent,USD,10943000000.0,,2021-08-01,10-Q,2022.0,Q2,2021-08-20,0001045810-21-000131,CY2021Q2I
LongTermDebtNoncurrent,USD,10944000000.0,,2021-10-31,10-Q,2022.0,Q3,2021-11-22,0001045810-21-000163,CY2021Q3I
LongTermDebtNoncurrent,USD,10946000000.0,,2022-01-30,10-K,2022.0,FY,2022-03-18,0001045810-22-000036,
LongTermDebtNoncurrent,USD,10946000000.0,,2022-01-30,10-Q,2023.0,Q1,2022-05-27,0001045810-22-000079,
LongTermDebtNoncurrent,USD,10946000000.0,,2022-01-30,10-Q,2023.0,Q2,2022-08-31,0001045810-22-000147,
LongTermDebtNoncurrent,USD,10946000000.0,,2022-01-30,10-Q,2023.0,Q3,2022-11-18,0001045810-22-000166,
LongTermDebtNoncurrent,USD,10946000000.0,,2022-01-30,10-K,2023.0,FY,2023-02-24,0001045810-23-000017,CY2021Q4I
LongTermDebtNoncurrent,USD,10947000000.0,,2022-05-01,10-Q,2023.0,Q1,2022-05-27,0001045810-22-000079,CY2022Q1I
LongTermDebtNoncurrent,USD,9700000000.0,,2022-07-31,10-Q,2023.0,Q2,2022-08-31,0001045810-22-000147,CY2022Q2I
LongTermDebtNoncurrent,USD,9701000000.0,,2022-10-30,10-Q,2023.0,Q3,2022-11-18,0001045810-22-000166,CY2022Q3I
LongTermDebtNoncurrent,USD,9703000000.0,,2023-01-29,10-K,2023.0,FY,2023-02-24,0001045810-23-000017,
LongTermDebtNoncurrent,USD,9703000000.0,,2023-01-29,10-Q,2024.0,Q1,2023-05-26,0001045810-23-000093,
LongTermDebtNoncurrent,USD,9703000000.0,,2023-01-29,10-Q,2024.0,Q2,2023-08-28,0001045810-23-000175,
LongTermDebtNoncurrent,USD,9703000000.0,,2023-01-29,10-Q,2024.0,Q3,2023-11-21,0001045810-23-000227,
LongTermDebtNoncurrent,USD,9703000000.0,,2023-01-29,10-K,2024.0,FY,2024-02-21,0001045810-24-000029,CY2022Q4I
LongTermDebtNoncurrent,USD,9704000000.0,,2023-04-30,10-Q,2024.0,Q1,2023-05-26,0001045810-23-000093,CY2023Q1I
LongTermDebtNoncurrent,USD,8456000000.0,,2023-07-30,10-Q,2024.0,Q2,2023-08-28,0001045810-23-000175,CY2023Q2I
LongTermDebtNoncurrent,USD,8457000000.0,,2023-10-29,10-Q,2024.0,Q3,2023-11-21,0001045810-23-000227,CY2023Q3I
LongTermDebtNoncurrent,USD,8459000000.0,,2024-01-28,10-K,2024.0,FY,2024-02-21,0001045810-24-000029,
LongTermDebtNoncurrent,USD,8459000000.0,,2024-01-28,10-Q,2025.0,Q1,2024-05-29,0001045810-24-000124,
LongTermDebtNoncurrent,USD,8459000000.0,,2024-01-28,10-Q,2025.0,Q2,2024-08-28,0001045810-24-000264,
LongTermDebtNoncurrent,USD,8459000000.0,,2024-01-28,10-Q,2025.0,Q3,2024-11-20,0001045810-24-000316,
LongTermDebtNoncurrent,USD,8459000000.0,,2024-01-28,10-K,2025.0,FY,2025-02-26,0001045810-25-000023,CY2023Q4I
LongTermDebtNoncurrent,USD,8460000000.0,,2024-04-28,10-Q,2025.0,Q1,2024-05-29,0001045810-24-000124,CY2024Q1I
LongTermDebtNoncurrent,USD,8461000000.0,,2024-07-28,10-Q,2025.0,Q2,2024-08-28,0001045810-24-000264,CY2024Q2I
LongTermDebtNoncurrent,USD,8462000000.0,,2024-10-27,10-Q,2025.0,Q3,2024-11-20,0001045810-24-000316,CY2024Q3I
LongTermDebtNoncurrent,USD,8463000000.0,,2025-01-26,10-K,2025.0,FY,2025-02-26,0001045810-25-000023,
LongTermDebtNoncurrent,USD,8463000000.0,,2025-01-26,10-Q,2026.0,Q1,2025-05-28,0001045810-25-000116,
LongTermDebtNoncurrent,USD,8463000000.0,,2025-01-26,10-Q,2026.0,Q2,2025-08-27,0001045810-25-000209,
LongTermDebtNoncurrent,USD,8463000000.0,,2025-01-26,10-Q,2026.0,Q3,2025-11-19,0001045810-25-000230,
LongTermDebtNoncurrent,USD,8463000000.0,,2025-01-26,10-K,2026.0,FY,2026-02-25,0001045810-26-000021,CY2024Q4I
LongTermDebtNoncurrent,USD,8464000000.0,,2025-04-27,10-Q,2026.0,Q1,2025-05-28,0001045810-25-000116,CY2025Q1I
LongTermDebtNoncurrent,USD,8466000000.0,,2025-07-27,10-Q,2026.0,Q2,2025-08-27,0001045810-25-000209,CY2025Q2I
LongTermDebtNoncurrent,USD,7468000000.0,,2025-10-26,10-Q,2026.0,Q3,2025-11-19,0001045810-25-000230,CY2025Q3I
LongTermDebtNoncurrent,USD,7469000000.0,,2026-01-25,10-K,2026.0,FY,2026-02-25,0001045810-26-000021,
LongTermDebtNoncurrent,USD,7469000000.0,,2026-01-25,10-Q,2027.0,Q1,2026-05-20,0001045810-26-000052,
LongTermDebtNoncurrent,USD,7469000000.0,,2026-01-25,10-Q,2027.0,Q2,2026-08-26,0001045810-26-000075,CY2025Q4I
LongTermDebtNoncurrent,USD,7470000000.0,,2026-04-26,10-Q,2027.0,Q1,2026-05-20,0001045810-26-000052,CY2026Q1I
LongTermDebtNoncurrent,USD,32366000000.0,,2026-07-26,10-Q,2027.0,Q2,2026-08-26,0001045810-26-000075,CY2026Q2I
NetCashProvidedByUsedInOperatingActivities,USD,1175000000.0,2015-01-26,2016-01-31,10-K,2016.0,FY,2016-03-17,0001045810-16-000205,
NetCashProvidedByUsedInOperatingActivities,USD,1175000000.0,2015-01-26,2016-01-31,10-K,2017.0,FY,2017-03-01,0001045810-17-000027,
NetCashProvidedByUsedInOperatingActivities,USD,1175000000.0,2015-01-26,2016-01-31,10-K,2018.0,FY,2018-02-28,0001045810-18-000010,CY2015
NetCashProvidedByUsedInOperatingActivities,USD,309000000.0,2016-02-01,2016-05-01,10-Q,2017.0,Q1,2016-05-25,0001045810-16-000275,
NetCashProvidedByUsedInOperatingActivities,USD,318000000.0,2016-02-01,2016-05-01,10-Q,2017.0,Q3,2016-11-22,0001045810-16-000353,
NetCashProvidedByUsedInOperatingActivities,USD,318000000.0,2016-02-01,2016-05-01,10-K,2017.0,FY,2017-03-01,0001045810-17-000027,
NetCashProvidedByUsedInOperatingActivities,USD,319000000.0,2016-02-01,2016-05-01,10-Q,2018.0,Q1,2017-05-23,0001045810-17-000075,CY2016Q1
NetCashProvidedByUsedInOperatingActivities,USD,493000000.0,2016-02-01,2016-07-31,10-Q,2017.0,Q2,2016-08-23,0001045810-16-000300,
NetCashProvidedByUsedInOperatingActivities,USD,519000000.0,2016-02-01,2016-07-31,10-Q,2017.0,Q3,2016-11-22,0001045810-16-000353,
NetCashProvidedByUsedInOperatingActivities,USD,519000000.0,2016-02-01,2016-07-31,10-K,2017.0,FY,2017-03-01,0001045810-17-000027,
NetCashProvidedByUsedInOperatingActivities,USD,519000000.0,2016-02-01,2016-07-31,10-Q,2018.0,Q2,2017-08-23,0001045810-17-000123,
NetCashProvidedByUsedInOperatingActivities,USD,201000000.0,2016-05-02,2016-07-31,10-Q,2017.0,Q3,2016-11-22,0001045810-16-000353,
NetCashProvidedByUsedInOperatingActivities,USD,201000000.0,2016-05-02,2016-07-31,10-K,2017.0,FY,2017-03-01,0001045810-17-000027,CY2016Q2
NetCashProvidedByUsedInOperatingActivities,USD,951000000.0,2016-02-01,2016-10-30,10-Q,2017.0,Q3,2016-11-22,0001045810-16-000353,
NetCashProvidedByUsedInOperatingActivities,USD,951000000.0,2016-02-01,2016-10-30,10-Q,2018.0,Q3,2017-11-21,0001045810-17-000172,
NetCashProvidedByUsedInOperatingActivities,USD,1672000000.0,2016-02-01,2017-01-29,10-K,2017.0,FY,2017-03-01,0001045810-17-000027,
NetCashProvidedByUsedInOperatingActivities,USD,1672000000.0,2016-02-01,2017-01-29,10-K,2018.0,FY,2018-02-28,0001045810-18-000010,
NetCashProvidedByUsedInOperatingActivities,USD,1672000000.0,2016-02-01,2017-01-29,10-K,2019.0,FY,2019-02-21,0001045810-19-000023,CY2016
NetCashProvidedByUsedInOperatingActivities,USD,282000000.0,2017-01-30,2017-04-30,10-Q,2018.0,Q1,2017-05-23,0001045810-17-000075,
NetCashProvidedByUsedInOperatingActivities,USD,282000000.0,2017-01-30,2017-04-30,10-Q,2019.0,Q1,2018-05-22,0001045810-18-000080,CY2017Q1
NetCashProvidedByUsedInOperatingActivities,USD,987000000.0,2017-01-30,2017-07-30,10-Q,2018.0,Q2,2017-08-23,0001045810-17-000123,
NetCashProvidedByUsedInOperatingActivities,USD,987000000.0,2017-01-30,2017-07-30,10-Q,2019.0,Q2,2018-08-16,0001045810-18-000114,
NetCashProvidedByUsedInOperatingActivities,USD,2144000000.0,2017-01-30,2017-10-29,10-Q,2018.0,Q3,2017-11-21,0001045810-17-000172,
NetCashProvidedByUsedInOperatingActivities,USD,2144000000.0,2017-01-30,2017-10-29,10-Q,2019.0,Q3,2018-11-15,0001045810-18-000150,
NetCashProvidedByUsedInOperatingActivities,USD,3502000000.0,2017-01-30,2018-01-28,10-K,2018.0,FY,2018-02-28,0001045810-18-000010,
NetCashProvidedByUsedInOperatingActivities,USD,3502000000.0,2017-01-30,2018-01-28,10-K,2019.0,FY,2019-02-21,0001045810-19-000023,
NetCashProvidedByUsedInOperatingActivities,USD,3502000000.0,2017-01-30,2018-01-28,10-K,2020.0,FY,2020-02-20,0001045810-20-000010,CY2017
NetCashProvidedByUsedInOperatingActivities,USD,1445000000.0,2018-01-29,2018-04-29,10-Q,2019.0,Q1,2018-05-22,0001045810-18-000080,
NetCashProvidedByUsedInOperatingActivities,USD,1445000000.0,2018-01-29,2018-04-29,10-Q,2020.0,Q1,2019-05-16,0001045810-19-000079,CY2018Q1
NetCashProvidedByUsedInOperatingActivities,USD,2358000000.0,2018-01-29,2018-07-29,10-Q,2019.0,Q2,2018-08-16,0001045810-18-000114,
NetCashProvidedByUsedInOperatingActivities,USD,2358000000.0,2018-01-29,2018-07-29,10-Q,2020.0,Q2,2019-08-15,0001045810-19-000144,
NetCashProvidedByUsedInOperatingActivities,USD,2845000000.0,2018-01-29,2018-10-28,10-Q,2019.0,Q3,2018-11-15,0001045810-18-000150,
NetCashProvidedByUsedInOperatingActivities,USD,2845000000.0,2018-01-29,2018-10-28,10-Q,2020.0,Q3,2019-11-14,0001045810-19-000170,
NetCashProvidedByUsedInOperatingActivities,USD,3743000000.0,2018-01-29,2019-01-27,10-K,2019.0,FY,2019-02-21,0001045810-19-000023,
NetCashProvidedByUsedInOperatingActivities,USD,3743000000.0,2018-01-29,2019-01-27,10-K,2020.0,FY,2020-02-20,0001045810-20-000010,
NetCashProvidedByUsedInOperatingActivities,USD,3743000000.0,2018-01-29,2019-01-27,10-K,2021.0,FY,2021-02-26,0001045810-21-000010,CY2018
NetCashProvidedByUsedInOperatingActivities,USD,720000000.0,2019-01-28,2019-04-28,10-Q,2020.0,Q1,2019-05-16,0001045810-19-000079,
NetCashProvidedByUsedInOperatingActivities,USD,720000000.0,2019-01-28,2019-04-28,10-Q,2020.0,Q1,2020-05-21,0001045810-20-000065,CY2019Q1
NetCashProvidedByUsedInOperatingActivities,USD,1656000000.0,2019-01-28,2019-07-28,10-Q,2020.0,Q2,2019-08-15,0001045810-19-000144,
NetCashProvidedByUsedInOperatingActivities,USD,1656000000.0,2019-01-28,2019-07-28,10-Q,2020.0,Q2,2020-08-19,0001045810-20-000147,
NetCashProvidedByUsedInOperatingActivities,USD,3296000000.0,2019-01-28,2019-10-27,10-Q,2020.0,Q3,2019-11-14,0001045810-19-000170,
NetCashProvidedByUsedInOperatingActivities,USD,3296000000.0,2019-01-28,2019-10-27,10-Q,2021.0,Q3,2020-11-18,0001045810-20-000189,
NetCashProvidedByUsedInOperatingActivities,USD,4761000000.0,2019-01-28,2020-01-26,10-K,2020.0,FY,2020-02-20,0001045810-20-000010,
NetCashProvidedByUsedInOperatingActivities,USD,4761000000.0,2019-01-28,2020-01-26,10-K,2021.0,FY,2021-02-26,0001045810-21-000010,
NetCashProvidedByUsedInOperatingActivities,USD,4761000000.0,2019-01-28,2020-01-26,10-K,2022.0,FY,2022-03-18,0001045810-22-000036,CY2019
NetCashProvidedByUsedInOperatingActivities,USD,909000000.0,2020-01-27,2020-04-26,10-Q,2020.0,Q1,2020-05-21,0001045810-20-000065,
NetCashProvidedByUsedInOperatingActivities,USD,909000000.0,2020-01-27,2020-04-26,10-Q,2022.0,Q1,2021-05-26,0001045810-21-000064,CY2020Q1
NetCashProvidedByUsedInOperatingActivities,USD,2476000000.0,2020-01-27,2020-07-26,10-Q,2020.0,Q2,2020-08-19,0001045810-20-000147,
NetCashProvidedByUsedInOperatingActivities,USD,2476000000.0,2020-01-27,2020-07-26,10-Q,2022.0,Q2,2021-08-20,0001045810-21-000131,
NetCashProvidedByUsedInOperatingActivities,USD,3755000000.0,2020-01-27,2020-10-25,10-Q,2021.0,Q3,2020-11-18,0001045810-20-000189,
NetCashProvidedByUsedInOperatingActivities,USD,3755000000.0,2020-01-27,2020-10-25,10-Q,2022.0,Q3,2021-11-22,0001045810-21-000163,
NetCashProvidedByUsedInOperatingActivities,USD,5822000000.0,2020-01-27,2021-01-31,10-K,2021.0,FY,2021-02-26,0001045810-21-000010,
NetCashProvidedByUsedInOperatingActivities,USD,5822000000.0,2020-01-27,2021-01-31,10-K,2022.0,FY,2022-03-18,0001045810-22-000036,
NetCashProvidedByUsedInOperatingActivities,USD,5822000000.0,2020-01-27,2021-01-31,10-K,2023.0,FY,2023-02-24,0001045810-23-000017,CY2020
NetCashProvidedByUsedInOperatingActivities,USD,1874000000.0,2021-02-01,2021-05-02,10-Q,2022.0,Q1,2021-05-26,0001045810-21-000064,
NetCashProvidedByUsedInOperatingActivities,USD,1874000000.0,2021-02-01,2021-05-02,10-Q,2023.0,Q1,2022-05-27,0001045810-22-000079,CY2021Q1
NetCashProvidedByUsedInOperatingActivities,USD,4556000000.0,2021-02-01,2021-08-01,10-Q,2022.0,Q2,2021-08-20,0001045810-21-000131,
NetCashProvidedByUsedInOperatingActivities,USD,4556000000.0,2021-02-01,2021-08-01,10-Q,2023.0,Q2,2022-08-31,0001045810-22-000147,
NetCashProvidedByUsedInOperatingActivities,USD,6075000000.0,2021-02-01,2021-10-31,10-Q,2022.0,Q3,2021-11-22,0001045810-21-000163,
NetCashProvidedByUsedInOperatingActivities,USD,6075000000.0,2021-02-01,2021-10-31,10-Q,2023.0,Q3,2022-11-18,0001045810-22-000166,
NetCashProvidedByUsedInOperatingActivities,USD,9108000000.0,2021-02-01,2022-01-30,10-K,2022.0,FY,2022-03-18,0001045810-22-000036,
NetCashProvidedByUsedInOperatingActivities,USD,9108000000.0,2021-02-01,2022-01-30,10-K,2023.0,FY,2023-02-24,0001045810-23-000017,
NetCashProvidedByUsedInOperatingActivities,USD,9108000000.0,2021-02-01,2022-01-30,10-K,2024.0,FY,2024-02-21,0001045810-24-000029,CY2021
NetCashProvidedByUsedInOperatingActivities,USD,1731000000.0,2022-01-31,2022-05-01,10-Q,2023.0,Q1,2022-05-27,0001045810-22-000079,
NetCashProvidedByUsedInOperatingActivities,USD,1731000000.0,2022-01-31,2022-05-01,10-Q,2024.0,Q1,2023-05-26,0001045810-23-000093,CY2022Q1
NetCashProvidedByUsedInOperatingActivities,USD,3001000000.0,2022-01-31,2022-07-31,10-Q,2023.0,Q2,2022-08-31,0001045810-22-000147,
NetCashProvidedByUsedInOperatingActivities,USD,3001000000.0,2022-01-31,2022-07-31,10-Q,2024.0,Q2,2023-08-28,0001045810-23-000175,
NetCashProvidedByUsedInOperatingActivities,USD,3393000000.0,2022-01-31,2022-10-30,10-Q,2023.0,Q3,2022-11-18,0001045810-22-000166,
NetCashProvidedByUsedInOperatingActivities,USD,3393000000.0,2022-01-31,2022-10-30,10-Q,2024.0,Q3,2023-11-21,0001045810-23-000227,
NetCashProvidedByUsedInOperatingActivities,USD,5641000000.0,2022-01-31,2023-01-29,10-K,2023.0,FY,2023-02-24,0001045810-23-000017,
NetCashProvidedByUsedInOperatingActivities,USD,5641000000.0,2022-01-31,2023-01-29,10-K,2024.0,FY,2024-02-21,0001045810-24-000029,
NetCashProvidedByUsedInOperatingActivities,USD,5641000000.0,2022-01-31,2023-01-29,10-K,2025.0,FY,2025-02-26,0001045810-25-000023,CY2022
NetCashProvidedByUsedInOperatingActivities,USD,2911000000.0,2023-01-30,2023-04-30,10-Q,2024.0,Q1,2023-05-26,0001045810-23-000093,
NetCashProvidedByUsedInOperatingActivities,USD,2911000000.0,2023-01-30,2023-04-30,10-Q,2025.0,Q1,2024-05-29,0001045810-24-000124,CY2023Q1
NetCashProvidedByUsedInOperatingActivities,USD,9259000000.0,2023-01-30,2023-07-30,10-Q,2024.0,Q2,2023-08-28,0001045810-23-000175,
NetCashProvidedByUsedInOperatingActivities,USD,9259000000.0,2023-01-30,2023-07-30,10-Q,2025.0,Q2,2024-08-28,0001045810-24-000264,
NetCashProvidedByUsedInOperatingActivities,USD,16591000000.0,2023-01-30,2023-10-29,10-Q,2024.0,Q3,2023-11-21,0001045810-23-000227,
NetCashProvidedByUsedInOperatingActivities,USD,16591000000.0,2023-01-30,2023-10-29,10-Q,2025.0,Q3,2024-11-20,0001045810-24-000316,
NetCashProvidedByUsedInOperatingActivities,USD,28090000000.0,2023-01-30,2024-01-28,10-K,2024.0,FY,2024-02-21,0001045810-24-000029,
NetCashProvidedByUsedInOperatingActivities,USD,28090000000.0,2023-01-30,2024-01-28,10-K,2025.0,FY,2025-02-26,0001045810-25-000023,
NetCashProvidedByUsedInOperatingActivities,USD,28090000000.0,2023-01-30,2024-01-28,10-K,2026.0,FY,2026-02-25,0001045810-26-000021,CY2023
NetCashProvidedByUsedInOperatingActivities,USD,15345000000.0,2024-01-29,2024-04-28,10-Q,2025.0,Q1,2024-05-29,0001045810-24-000124,
NetCashProvidedByUsedInOperatingActivities,USD,15345000000.0,2024-01-29,2024-04-28,10-Q,2026.0,Q1,2025-05-28,0001045810-25-000116,CY2024Q1
NetCashProvidedByUsedInOperatingActivities,USD,29833000000.0,2024-01-29,2024-07-28,10-Q,2025.0,Q2,2024-08-28,0001045810-24-000264,
NetCashProvidedByUsedInOperatingActivities,USD,29833000000.0,2024-01-29,2024-07-28,10-Q,2026.0,Q2,2025-08-27,0001045810-25-000209,
NetCashProvidedByUsedInOperatingActivities,USD,47460000000.0,2024-01-29,2024-10-27,10-Q,2025.0,Q3,2024-11-20,0001045810-24-000316,
NetCashProvidedByUsedInOperatingActivities,USD,47460000000.0,2024-01-29,2024-10-27,10-Q,2026.0,Q3,2025-11-19,0001045810-25-000230,
NetCashProvidedByUsedInOperatingActivities,USD,64089000000.0,2024-01-29,2025-01-26,10-K,2025.0,FY,2025-02-26,0001045810-25-000023,
NetCashProvidedByUsedInOperatingActivities,USD,64089000000.0,2024-01-29,2025-01-26,10-K,2026.0,FY,2026-02-25,0001045810-26-000021,CY2024
NetCashProvidedByUsedInOperatingActivities,USD,27414000000.0,2025-01-27,2025-04-27,10-Q,2026.0,Q1,2025-05-28,0001045810-25-000116,
NetCashProvidedByUsedInOperatingActivities,USD,27414000000.0,2025-01-27,2025-04-27,10-Q,2027.0,Q1,2026-05-20,0001045810-26-000052,CY2025Q1
NetCashProvidedByUsedInOperatingActivities,USD,42779000000.0,2025-01-27,2025-07-27,10-Q,2026.0,Q2,2025-08-27,0001045810-25-000209,
NetCashProvidedByUsedInOperatingActivities,USD,42779000000.0,2025-01-27,2025-07-27,10-Q,2027.0,Q2,2026-08-26,0001045810-26-000075,
NetCashProvidedByUsedInOperatingActivities,USD,66530000000.0,2025-01-27,2025-10-26,10-Q,2026.0,Q3,2025-11-19,0001045810-25-000230,
NetCashProvidedByUsedInOperatingActivities,USD,102718000000.0,2025-01-27,2026-01-25,10-K,2026.0,FY,2026-02-25,0001045810-26-000021,CY2025
NetCashProvidedByUsedInOperatingActivities,USD,50344000000.0,2026-01-26,2026-04-26,10-Q,2027.0,Q1,2026-05-20,0001045810-26-000052,CY2026Q1
NetCashProvidedByUsedInOperatingActivities,USD,74421000000.0,2026-01-26,2026-07-26,10-Q,2027.0,Q2,2026-08-26,0001045810-26-000075,
NetIncomeLoss,USD,614000000.0,2015-01-26,2016-01-31,10-K,2016.0,FY,2016-03-17,0001045810-16-000205,
NetIncomeLoss,USD,614000000.0,2015-01-26,2016-01-31,10-K,2017.0,FY,2017-03-01,0001045810-17-000027,
NetIncomeLoss,USD,614000000.0,2015-01-26,2016-01-31,10-K,2018.0,FY,2018-02-28,0001045810-18-000010,CY2015
NetIncomeLoss,USD,207000000.0,2015-10-26,2016-01-31,10-K,2016.0,FY,2016-03-17,0001045810-16-000205,
NetIncomeLoss,USD,207000000.0,2015-10-26,2016-01-31,10-K,2017.0,FY,2017-03-01,0001045810-17-000027,CY2015Q4
NetIncomeLoss,USD,196000000.0,2016-02-01,2016-05-01,10-Q,2017.0,Q1,2016-05-25,0001045810-16-000275,
NetIncomeLoss,USD,208000000.0,2016-02-01,2016-05-01,10-Q,2017.0,Q3,2016-11-22,0001045810-16-000353,
NetIncomeLoss,USD,208000000.0,2016-02-01,2016-05-01,10-K,2017.0,FY,2017-03-01,0001045810-17-000027,
NetIncomeLoss,USD,208000000.0,2016-02-01,2016-05-01,10-Q,2018.0,Q1,2017-05-23,0001045810-17-000075,
NetIncomeLoss,USD,208000000.0,2016-02-01,2016-05-01,10-K,2018.0,FY,2018-02-28,0001045810-18-000010,CY2016Q1
NetIncomeLoss,USD,449000000.0,2016-02-01,2016-07-31,10-Q,2017.0,Q2,2016-08-23,0001045810-16-000300,
NetIncomeLoss,USD,469000000.0,2016-02-01,2016-07-31,10-Q,2017.0,Q3,2016-11-22,0001045810-16-000353,
NetIncomeLoss,USD,469000000.0,2016-02-01,2016-07-31,10-K,2017.0,FY,2017-03-01,0001045810-17-000027,
NetIncomeLoss,USD,469000000.0,2016-02-01,2016-07-31,10-Q,2018.0,Q2,2017-08-23,0001045810-17-000123,
NetIncomeLoss,USD,253000000.0,2016-05-02,2016-07-31,10-Q,2017.0,Q2,2016-08-23,0001045810-16-000300,
NetIncomeLoss,USD,261000000.0,2016-05-02,2016-07-31,10-Q,2017.0,Q3,2016-11-22,0001045810-16-000353,
NetIncomeLoss,USD,261000000.0,2016-05-02,2016-07-31,10-K,2017.0,FY,2017-03-01,0001045810-17-000027,
NetIncomeLoss,USD,261000000.0,2016-05-02,2016-07-31,10-Q,2018.0,Q2,2017-08-23,0001045810-17-000123,
NetIncomeLoss,USD,261000000.0,2016-05-02,2016-07-31,10-K,2018.0,FY,2018-02-28,0001045810-18-000010,CY2016Q2
NetIncomeLoss,USD,1012000000.0,2016-02-01,2016-10-30,10-Q,2017.0,Q3,2016-11-22,0001045810-16-000353,
NetIncomeLoss,USD,1012000000.0,2016-02-01,2016-10-30,10-Q,2018.0,Q3,2017-11-21,0001045810-17-000172,
NetIncomeLoss,USD,542000000.0,2016-08-01,2016-10-30,10-Q,2017.0,Q3,2016-11-22,0001045810-16-000353,
NetIncomeLoss,USD,542000000.0,2016-08-01,2016-10-30,10-K,2017.0,FY,2017-03-01,0001045810-17-000027,
NetIncomeLoss,USD,542000000.0,2016-08-01,2016-10-30,10-Q,2018.0,Q3,2017-11-21,0001045810-17-000172,
NetIncomeLoss,USD,542000000.0,2016-08-01,2016-10-30,10-K,2018.0,FY,2018-02-28,0001045810-18-000010,CY2016Q3
NetIncomeLoss,USD,1666000000.0,2016-02-01,2017-01-29,10-K,2017.0,FY,2017-03-01,0001045810-17-000027,
NetIncomeLoss,USD,1666000000.0,2016-02-01,2017-01-29,10-K,2018.0,FY,2018-02-28,0001045810-18-000010,
NetIncomeLoss,USD,1666000000.0,2016-02-01,2017-01-29,10-K,2019.0,FY,2019-02-21,0001045810-19-000023,CY2016
NetIncomeLoss,USD,655000000.0,2016-10-31,2017-01-29,10-K,2017.0,FY,2017-03-01,0001045810-17-000027,
NetIncomeLoss,USD,655000000.0,2016-10-31,2017-01-29,10-K,2018.0,FY,2018-02-28,0001045810-18-000010,CY2016Q4
NetIncomeLoss,USD,507000000.0,2017-01-30,2017-04-30,10-Q,2018.0,Q1,2017-05-23,0001045810-17-000075,
NetIncomeLoss,USD,507000000.0,2017-01-30,2017-04-30,10-K,2018.0,FY,2018-02-28,0001045810-18-000010,
NetIncomeLoss,USD,507000000.0,2017-01-30,2017-04-30,10-Q,2019.0,Q1,2018-05-22,0001045810-18-000080,
NetIncomeLoss,USD,507000000.0,2017-01-30,2017-04-30,10-K,2019.0,FY,2019-02-21,0001045810-19-000023,CY2017Q1
NetIncomeLoss,USD,1091000000.0,2017-01-30,2017-07-30,10-Q,2018.0,Q2,2017-08-23,0001045810-17-000123,
NetIncomeLoss,USD,583000000.0,2017-01-30,2017-07-30,10-K,2018.0,FY,2018-02-28,0001045810-18-000010,
NetIncomeLoss,USD,1091000000.0,2017-01-30,2017-07-30,10-Q,2019.0,Q2,2018-08-16,0001045810-18-000114,
NetIncomeLoss,USD,583000000.0,2017-05-01,2017-07-30,10-Q,2018.0,Q2,2017-08-23,0001045810-17-000123,
NetIncomeLoss,USD,583000000.0,2017-05-01,2017-07-30,10-Q,2019.0,Q2,2018-08-16,0001045810-18-000114,
NetIncomeLoss,USD,583000000.0,2017-05-01,2017-07-30,10-K,2019.0,FY,2019-02-21,0001045810-19-000023,CY2017Q2
NetIncomeLoss,USD,1928000000.0,2017-01-30,2017-10-29,10-Q,2018.0,Q3,2017-11-21,0001045810-17-000172,
NetIncomeLoss,USD,1928000000.0,2017-01-30,2017-10-29,10-Q,2019.0,Q3,2018-11-15,0001045810-18-000150,
NetIncomeLoss,USD,838000000.0,2017-07-31,2017-10-29,10-Q,2018.0,Q3,2017-11-21,0001045810-17-000172,
NetIncomeLoss,USD,838000000.0,2017-07-31,2017-10-29,10-K,2018.0,FY,2018-02-28,0001045810-18-000010,
NetIncomeLoss,USD,838000000.0,2017-07-31,2017-10-29,10-Q,2019.0,Q3,2018-11-15,0001045810-18-000150,
NetIncomeLoss,USD,838000000.0,2017-07-31,2017-10-29,10-K,2019.0,FY,2019-02-21,0001045810-19-000023,CY2017Q3
NetIncomeLoss,USD,3047000000.0,2017-01-30,2018-01-28,10-K,2018.0,FY,2018-02-28,0001045810-18-000010,
NetIncomeLoss,USD,3047000000.0,2017-01-30,2018-01-28,10-K,2019.0,FY,2019-02-21,0001045810-19-000023,
NetIncomeLoss,USD,3047000000.0,2017-01-30,2018-01-28,10-K,2020.0,FY,2020-02-20,0001045810-20-000010,CY2017
NetIncomeLoss,USD,1118000000.0,2017-10-30,2018-01-28,10-K,2018.0,FY,2018-02-28,0001045810-18-000010,
NetIncomeLoss,USD,1118000000.0,2017-10-30,2018-01-28,10-K,2019.0,FY,2019-02-21,0001045810-19-000023,CY2017Q4
NetIncomeLoss,USD,1244000000.0,2018-01-29,2018-04-29,10-Q,2019.0,Q1,2018-05-22,0001045810-18-000080,
NetIncomeLoss,USD,1244000000.0,2018-01-29,2018-04-29,10-K,2019.0,FY,2019-02-21,0001045810-19-000023,
NetIncomeLoss,USD,1244000000.0,2018-01-29,2018-04-29,10-Q,2020.0,Q1,2019-05-16,0001045810-19-000079,
NetIncomeLoss,USD,1244000000.0,2018-01-29,2018-04-29,10-K,2020.0,FY,2020-02-20,0001045810-20-000010,CY2018Q1
NetIncomeLoss,USD,2345000000.0,2018-01-29,2018-07-29,10-Q,2019.0,Q2,2018-08-16,0001045810-18-000114,
NetIncomeLoss,USD,2345000000.0,2018-01-29,2018-07-29,10-Q,2020.0,Q2,2019-08-15,0001045810-19-000144,
NetIncomeLoss,USD,1101000000.0,2018-04-30,2018-07-29,10-Q,2019.0,Q2,2018-08-16,0001045810-18-000114,
NetIncomeLoss,USD,1101000000.0,2018-04-30,2018-07-29,10-K,2019.0,FY,2019-02-21,0001045810-19-000023,
NetIncomeLoss,USD,1101000000.0,2018-04-30,2018-07-29,10-Q,2020.0,Q2,2019-08-15,0001045810-19-000144,
NetIncomeLoss,USD,1101000000.0,2018-04-30,2018-07-29,10-K,2020.0,FY,2020-02-20,0001045810-20-000010,CY2018Q2
NetIncomeLoss,USD,3575000000.0,2018-01-29,2018-10-28,10-Q,2019.0,Q3,2018-11-15,0001045810-18-000150,
NetIncomeLoss,USD,3575000000.0,2018-01-29,2018-10-28,10-Q,2020.0,Q3,2019-11-14,0001045810-19-000170,
NetIncomeLoss,USD,1230000000.0,2018-07-30,2018-10-28,10-Q,2019.0,Q3,2018-11-15,0001045810-18-000150,
NetIncomeLoss,USD,1230000000.0,2018-07-30,2018-10-28,10-K,2019.0,FY,2019-02-21,0001045810-19-000023,
NetIncomeLoss,USD,1230000000.0,2018-07-30,2018-10-28,10-Q,2020.0,Q3,2019-11-14,0001045810-19-000170,
NetIncomeLoss,USD,1230000000.0,2018-07-30,2018-10-28,10-K,2020.0,FY,2020-02-20,0001045810-20-000010,CY2018Q3
NetIncomeLoss,USD,4141000000.0,2018-01-29,2019-01-27,10-K,2019.0,FY,2019-02-21,0001045810-19-000023,
NetIncomeLoss,USD,4141000000.0,2018-01-29,2019-01-27,10-K,2020.0,FY,2020-02-20,0001045810-20-000010,
NetIncomeLoss,USD,4141000000.0,2018-01-29,2019-01-27,10-K,2021.0,FY,2021-02-26,0001045810-21-000010,CY2018
NetIncomeLoss,USD,567000000.0,2018-10-29,2019-01-27,10-K,2019.0,FY,2019-02-21,0001045810-19-000023,
NetIncomeLoss,USD,567000000.0,2018-10-29,2019-01-27,10-K,2020.0,FY,2020-02-20,0001045810-20-000010,CY2018Q4
NetIncomeLoss,USD,394000000.0,2019-01-28,2019-04-28,10-Q,2020.0,Q1,2019-05-16,0001045810-19-000079,
NetIncomeLoss,USD,394000000.0,2019-01-28,2019-04-28,10-K,2020.0,FY,2020-02-20,0001045810-20-000010,
NetIncomeLoss,USD,394000000.0,2019-01-28,2019-04-28,10-Q,2020.0,Q1,2020-05-21,0001045810-20-000065,CY2019Q1
NetIncomeLoss,USD,947000000.0,2019-01-28,2019-07-28,10-Q,2020.0,Q2,2019-08-15,0001045810-19-000144,
NetIncomeLoss,USD,947000000.0,2019-01-28,2019-07-28,10-Q,2020.0,Q2,2020-08-19,0001045810-20-000147,
NetIncomeLoss,USD,552000000.0,2019-04-29,2019-07-28,10-Q,2020.0,Q2,2019-08-15,0001045810-19-000144,
NetIncomeLoss,USD,552000000.0,2019-04-29,2019-07-28,10-K,2020.0,FY,2020-02-20,0001045810-20-000010,
NetIncomeLoss,USD,552000000.0,2019-04-29,2019-07-28,10-Q,2020.0,Q2,2020-08-19,0001045810-20-000147,CY2019Q2
NetIncomeLoss,USD,1845000000.0,2019-01-28,2019-10-27,10-Q,2020.0,Q3,2019-11-14,0001045810-19-000170,
NetIncomeLoss,USD,1845000000.0,2019-01-28,2019-10-27,10-Q,2021.0,Q3,2020-11-18,0001045810-20-000189,
NetIncomeLoss,USD,899000000.0,2019-07-29,2019-10-27,10-Q,2020.0,Q3,2019-11-14,0001045810-19-000170,
NetIncomeLoss,USD,899000000.0,2019-07-29,2019-10-27,10-K,2020.0,FY,2020-02-20,0001045810-20-000010,
NetIncomeLoss,USD,899000000.0,2019-07-29,2019-10-27,10-Q,2021.0,Q3,2020-11-18,0001045810-20-000189,CY2019Q3
NetIncomeLoss,USD,2796000000.0,2019-01-28,2020-01-26,10-K,2020.0,FY,2020-02-20,0001045810-20-000010,
NetIncomeLoss,USD,2796000000.0,2019-01-28,2020-01-26,10-K,2021.0,FY,2021-02-26,0001045810-21-000010,
NetIncomeLoss,USD,2796000000.0,2019-01-28,2020-01-26,10-K,2022.0,FY,2022-03-18,0001045810-22-000036,CY2019
NetIncomeLoss,USD,950000000.0,2019-10-28,2020-01-26,10-K,2020.0,FY,2020-02-20,0001045810-20-000010,CY2019Q4
NetIncomeLoss,USD,917000000.0,2020-01-27,2020-04-26,10-Q,2020.0,Q1,2020-05-21,0001045810-20-000065,
NetIncomeLoss,USD,917000000.0,2020-01-27,2020-04-26,10-Q,2022.0,Q1,2021-05-26,0001045810-21-000064,CY2020Q1
NetIncomeLoss,USD,1539000000.0,2020-01-27,2020-07-26,10-Q,2020.0,Q2,2020-08-19,0001045810-20-000147,
NetIncomeLoss,USD,1539000000.0,2020-01-27,2020-07-26,10-Q,2022.0,Q2,2021-08-20,0001045810-21-000131,
NetIncomeLoss,USD,622000000.0,2020-04-27,2020-07-26,10-Q,2020.0,Q2,2020-08-19,0001045810-20-000147,
NetIncomeLoss,USD,622000000.0,2020-04-27,2020-07-26,10-Q,2022.0,Q2,2021-08-20,0001045810-21-000131,CY2020Q2
NetIncomeLoss,USD,2875000000.0,2020-01-27,2020-10-25,10-Q,2021.0,Q3,2020-11-18,0001045810-20-000189,
NetIncomeLoss,USD,2875000000.0,2020-01-27,2020-10-25,10-Q,2022.0,Q3,2021-11-22,0001045810-21-000163,
NetIncomeLoss,USD,1336000000.0,2020-07-27,2020-10-25,10-Q,2021.0,Q3,2020-11-18,0001045810-20-000189,
NetIncomeLoss,USD,1336000000.0,2020-07-27,2020-10-25,10-Q,2022.0,Q3,2021-11-22,0001045810-21-000163,CY2020Q3
NetIncomeLoss,USD,4332000000.0,2020-01-27,2021-01-31,10-K,2021.0,FY,2021-02-26,0001045810-21-000010,
NetIncomeLoss,USD,4332000000.0,2020-01-27,2021-01-31,10-K,2022.0,FY,2022-03-18,0001045810-22-000036,
NetIncomeLoss,USD,4332000000.0,2020-01-27,2021-01-31,10-K,2023.0,FY,2023-02-24,0001045810-23-000017,CY2020
NetIncomeLoss,USD,1912000000.0,2021-02-01,2021-05-02,10-Q,2022.0,Q1,2021-05-26,0001045810-21-000064,
NetIncomeLoss,USD,1912000000.0,2021-02-01,2021-05-02,10-Q,2023.0,Q1,2022-05-27,0001045810-22-000079,CY2021Q1
NetIncomeLoss,USD,4285000000.0,2021-02-01,2021-08-01,10-Q,2022.0,Q2,2021-08-20,0001045810-21-000131,
NetIncomeLoss,USD,4285000000.0,2021-02-01,2021-08-01,10-Q,2023.0,Q2,2022-08-31,0001045810-22-000147,
NetIncomeLoss,USD,2374000000.0,2021-05-03,2021-08-01,10-Q,2022.0,Q2,2021-08-20,0001045810-21-000131,
NetIncomeLoss,USD,2374000000.0,2021-05-03,2021-08-01,10-Q,2023.0,Q2,2022-08-31,0001045810-22-000147,CY2021Q2
NetIncomeLoss,USD,6749000000.0,2021-02-01,2021-10-31,10-Q,2022.0,Q3,2021-11-22,0001045810-21-000163,
NetIncomeLoss,USD,6749000000.0,2021-02-01,2021-10-31,10-Q,2023.0,Q3,2022-11-18,0001045810-22-000166,
NetIncomeLoss,USD,2464000000.0,2021-08-02,2021-10-31,10-Q,2022.0,Q3,2021-11-22,0001045810-21-000163,
NetIncomeLoss,USD,2464000000.0,2021-08-02,2021-10-31,10-Q,2023.0,Q3,2022-11-18,0001045810-22-000166,CY2021Q3
NetIncomeLoss,USD,9752000000.0,2021-02-01,2022-01-30,10-K,2022.0,FY,2022-03-18,0001045810-22-000036,
NetIncomeLoss,USD,9752000000.0,2021-02-01,2022-01-30,10-K,2023.0,FY,2023-02-24,0001045810-23-000017,
NetIncomeLoss,USD,9752000000.0,2021-02-01,2022-01-30,10-K,2024.0,FY,2024-02-21,0001045810-24-000029,
NetIncomeLoss,USD,9752000000.0,2021-02-01,2022-01-30,DEF 14A,,,2026-05-12,0001045810-26-000036,CY2021
NetIncomeLoss,USD,1618000000.0,2022-01-31,2022-05-01,10-Q,2023.0,Q1,2022-05-27,0001045810-22-000079,
NetIncomeLoss,USD,1618000000.0,2022-01-31,2022-05-01,10-Q,2024.0,Q1,2023-05-26,0001045810-23-000093,CY2022Q1
NetIncomeLoss,USD,2274000000.0,2022-01-31,2022-07-31,10-Q,2023.0,Q2,2022-08-31,0001045810-22-000147,
NetIncomeLoss,USD,2274000000.0,2022-01-31,2022-07-31,10-Q,2024.0,Q2,2023-08-28,0001045810-23-000175,
NetIncomeLoss,USD,656000000.0,2022-05-02,2022-07-31,10-Q,2023.0,Q2,2022-08-31,0001045810-22-000147,
NetIncomeLoss,USD,656000000.0,2022-05-02,2022-07-31,10-Q,2024.0,Q2,2023-08-28,0001045810-23-000175,CY2022Q2
NetIncomeLoss,USD,2954000000.0,2022-01-31,2022-10-30,10-Q,2023.0,Q3,2022-11-18,0001045810-22-000166,
NetIncomeLoss,USD,2954000000.0,2022-01-31,2022-10-30,10-Q,2024.0,Q3,2023-11-21,0001045810-23-000227,
NetIncomeLoss,USD,680000000.0,2022-08-01,2022-10-30,10-Q,2023.0,Q3,2022-11-18,0001045810-22-000166,
NetIncomeLoss,USD,680000000.0,2022-08-01,2022-10-30,10-Q,2024.0,Q3,2023-11-21,0001045810-23-000227,CY2022Q3
NetIncomeLoss,USD,4368000000.0,2022-01-31,2023-01-29,10-K,2023.0,FY,2023-02-24,0001045810-23-000017,
NetIncomeLoss,USD,4368000000.0,2022-01-31,2023-01-29,10-K,2024.0,FY,2024-02-21,0001045810-24-000029,
NetIncomeLoss,USD,4368000000.0,2022-01-31,2023-01-29,10-K,2025.0,FY,2025-02-26,0001045810-25-000023,
NetIncomeLoss,USD,4368000000.0,2022-01-31,2023-01-29,DEF 14A,,,2026-05-12,0001045810-26-000036,CY2022
NetIncomeLoss,USD,2043000000.0,2023-01-30,2023-04-30,10-Q,2024.0,Q1,2023-05-26,0001045810-23-000093,
NetIncomeLoss,USD,2043000000.0,2023-01-30,2023-04-30,10-Q,2025.0,Q1,2024-05-29,0001045810-24-000124,CY2023Q1
NetIncomeLoss,USD,8232000000.0,2023-01-30,2023-07-30,10-Q,2024.0,Q2,2023-08-28,0001045810-23-000175,
NetIncomeLoss,USD,8232000000.0,2023-01-30,2023-07-30,10-Q,2025.0,Q2,2024-08-28,0001045810-24-000264,
NetIncomeLoss,USD,6188000000.0,2023-05-01,2023-07-30,10-Q,2024.0,Q2,2023-08-28,0001045810-23-000175,
NetIncomeLoss,USD,6188000000.0,2023-05-01,2023-07-30,10-Q,2025.0,Q2,2024-08-28,0001045810-24-000264,CY2023Q2
NetIncomeLoss,USD,17475000000.0,2023-01-30,2023-10-29,10-Q,2024.0,Q3,2023-11-21,0001045810-23-000227,
NetIncomeLoss,USD,17475000000.0,2023-01-30,2023-10-29,10-Q,2025.0,Q3,2024-11-20,0001045810-24-000316,
NetIncomeLoss,USD,9243000000.0,2023-07-31,2023-10-29,10-Q,2024.0,Q3,2023-11-21,0001045810-23-000227,
NetIncomeLoss,USD,9243000000.0,2023-07-31,2023-10-29,10-Q,2025.0,Q3,2024-11-20,0001045810-24-000316,CY2023Q3
NetIncomeLoss,USD,29760000000.0,2023-01-30,2024-01-28,10-K,2024.0,FY,2024-02-21,0001045810-24-000029,
NetIncomeLoss,USD,29760000000.0,2023-01-30,2024-01-28,10-K,2025.0,FY,2025-02-26,0001045810-25-000023,
NetIncomeLoss,USD,29760000000.0,2023-01-30,2024-01-28,10-K,2026.0,FY,2026-02-25,0001045810-26-000021,
NetIncomeLoss,USD,29760000000.0,2023-01-30,2024-01-28,DEF 14A,,,2026-05-12,0001045810-26-000036,CY2023
NetIncomeLoss,USD,14881000000.0,2024-01-29,2024-04-28,10-Q,2025.0,Q1,2024-05-29,0001045810-24-000124,
NetIncomeLoss,USD,14881000000.0,2024-01-29,2024-04-28,10-Q,2026.0,Q1,2025-05-28,0001045810-25-000116,CY2024Q1
NetIncomeLoss,USD,31480000000.0,2024-01-29,2024-07-28,10-Q,2025.0,Q2,2024-08-28,0001045810-24-000264,
NetIncomeLoss,USD,31480000000.0,2024-01-29,2024-07-28,10-Q,2026.0,Q2,2025-08-27,0001045810-25-000209,
NetIncomeLoss,USD,16599000000.0,2024-04-29,2024-07-28,10-Q,2025.0,Q2,2024-08-28,0001045810-24-000264,
NetIncomeLoss,USD,16599000000.0,2024-04-29,2024-07-28,10-Q,2026.0,Q2,2025-08-27,0001045810-25-000209,CY2024Q2
NetIncomeLoss,USD,50789000000.0,2024-01-29,2024-10-27,10-Q,2025.0,Q3,2024-11-20,0001045810-24-000316,
NetIncomeLoss,USD,50789000000.0,2024-01-29,2024-10-27,10-Q,2026.0,Q3,2025-11-19,0001045810-25-000230,
NetIncomeLoss,USD,19309000000.0,2024-07-29,2024-10-27,10-Q,2025.0,Q3,2024-11-20,0001045810-24-000316,
NetIncomeLoss,USD,19309000000.0,2024-07-29,2024-10-27,10-Q,2026.0,Q3,2025-11-19,0001045810-25-000230,CY2024Q3
NetIncomeLoss,USD,72880000000.0,2024-01-29,2025-01-26,10-K,2025.0,FY,2025-02-26,0001045810-25-000023,
NetIncomeLoss,USD,72880000000.0,2024-01-29,2025-01-26,10-K,2026.0,FY,2026-02-25,0001045810-26-000021,
NetIncomeLoss,USD,72880000000.0,2024-01-29,2025-01-26,DEF 14A,,,2026-05-12,0001045810-26-000036,CY2024
NetIncomeLoss,USD,18775000000.0,2025-01-27,2025-04-27,10-Q,2026.0,Q1,2025-05-28,0001045810-25-000116,
NetIncomeLoss,USD,18775000000.0,2025-01-27,2025-04-27,10-Q,2027.0,Q1,2026-05-20,0001045810-26-000052,CY2025Q1
NetIncomeLoss,USD,45197000000.0,2025-01-27,2025-07-27,10-Q,2026.0,Q2,2025-08-27,0001045810-25-000209,
NetIncomeLoss,USD,45197000000.0,2025-01-27,2025-07-27,10-Q,2027.0,Q2,2026-08-26,0001045810-26-000075,
NetIncomeLoss,USD,26422000000.0,2025-04-28,2025-07-27,10-Q,2026.0,Q2,2025-08-27,0001045810-25-000209,
NetIncomeLoss,USD,26422000000.0,2025-04-28,2025-07-27,10-Q,2027.0,Q2,2026-08-26,0001045810-26-000075,CY2025Q2
NetIncomeLoss,USD,77107000000.0,2025-01-27,2025-10-26,10-Q,2026.0,Q3,2025-11-19,0001045810-25-000230,
NetIncomeLoss,USD,31910000000.0,2025-07-28,2025-10-26,10-Q,2026.0,Q3,2025-11-19,0001045810-25-000230,CY2025Q3
NetIncomeLoss,USD,120067000000.0,2025-01-27,2026-01-25,10-K,2026.0,FY,2026-02-25,0001045810-26-000021,
NetIncomeLoss,USD,120067000000.0,2025-01-27,2026-01-25,DEF 14A,,,2026-05-12,0001045810-26-000036,CY2025
NetIncomeLoss,USD,58321000000.0,2026-01-26,2026-04-26,10-Q,2027.0,Q1,2026-05-20,0001045810-26-000052,CY2026Q1
NetIncomeLoss,USD,118010000000.0,2026-01-26,2026-07-26,10-Q,2027.0,Q2,2026-08-26,0001045810-26-000075,
NetIncomeLoss,USD,59688000000.0,2026-04-27,2026-07-26,10-Q,2027.0,Q2,2026-08-26,0001045810-26-000075,CY2026Q2
OperatingIncomeLoss,USD,747000000.0,2015-01-26,2016-01-31,10-K,2016.0,FY,2016-03-17,0001045810-16-000205,
OperatingIncomeLoss,USD,747000000.0,2015-01-26,2016-01-31,10-K,2017.0,FY,2017-03-01,0001045810-17-000027,
OperatingIncomeLoss,USD,747000000.0,2015-01-26,2016-01-31,10-K,2018.0,FY,2018-02-28,0001045810-18-000010,CY2015
OperatingIncomeLoss,USD,245000000.0,2016-02-01,2016-05-01,10-Q,2017.0,Q1,2016-05-25,0001045810-16-000275,
OperatingIncomeLoss,USD,245000000.0,2016-02-01,2016-05-01,10-Q,2018.0,Q1,2017-05-23,0001045810-17-000075,CY2016Q1
OperatingIncomeLoss,USD,561000000.0,2016-02-01,2016-07-31,10-Q,2017.0,Q2,2016-08-23,0001045810-16-000300,
OperatingIncomeLoss,USD,561000000.0,2016-02-01,2016-07-31,10-Q,2018.0,Q2,2017-08-23,0001045810-17-000123,
OperatingIncomeLoss,USD,317000000.0,2016-05-02,2016-07-31,10-Q,2017.0,Q2,2016-08-23,0001045810-16-000300,
OperatingIncomeLoss,USD,317000000.0,2016-05-02,2016-07-31,10-Q,2018.0,Q2,2017-08-23,0001045810-17-000123,CY2016Q2
OperatingIncomeLoss,USD,1201000000.0,2016-02-01,2016-10-30,10-Q,2017.0,Q3,2016-11-22,0001045810-16-000353,
OperatingIncomeLoss,USD,1201000000.0,2016-02-01,2016-10-30,10-Q,2018.0,Q3,2017-11-21,0001045810-17-000172,
OperatingIncomeLoss,USD,639000000.0,2016-08-01,2016-10-30,10-Q,2017.0,Q3,2016-11-22,0001045810-16-000353,
OperatingIncomeLoss,USD,639000000.0,2016-08-01,2016-10-30,10-Q,2018.0,Q3,2017-11-21,0001045810-17-000172,CY2016Q3
OperatingIncomeLoss,USD,1934000000.0,2016-02-01,2017-01-29,10-K,2017.0,FY,2017-03-01,0001045810-17-000027,
OperatingIncomeLoss,USD,1934000000.0,2016-02-01,2017-01-29,10-K,2018.0,FY,2018-02-28,0001045810-18-000010,
OperatingIncomeLoss,USD,1934000000.0,2016-02-01,2017-01-29,10-K,2019.0,FY,2019-02-21,0001045810-19-000023,CY2016
OperatingIncomeLoss,USD,554000000.0,2017-01-30,2017-04-30,10-Q,2018.0,Q1,2017-05-23,0001045810-17-000075,
OperatingIncomeLoss,USD,554000000.0,2017-01-30,2017-04-30,10-Q,2019.0,Q1,2018-05-22,0001045810-18-000080,CY2017Q1
OperatingIncomeLoss,USD,1242000000.0,2017-01-30,2017-07-30,10-Q,2018.0,Q2,2017-08-23,0001045810-17-000123,
OperatingIncomeLoss,USD,1242000000.0,2017-01-30,2017-07-30,10-Q,2019.0,Q2,2018-08-16,0001045810-18-000114,
OperatingIncomeLoss,USD,688000000.0,2017-05-01,2017-07-30,10-Q,2018.0,Q2,2017-08-23,0001045810-17-000123,
OperatingIncomeLoss,USD,688000000.0,2017-05-01,2017-07-30,10-Q,2019.0,Q2,2018-08-16,0001045810-18-000114,CY2017Q2
OperatingIncomeLoss,USD,2137000000.0,2017-01-30,2017-10-29,10-Q,2018.0,Q3,2017-11-21,0001045810-17-000172,
OperatingIncomeLoss,USD,2137000000.0,2017-01-30,2017-10-29,10-Q,2019.0,Q3,2018-11-15,0001045810-18-000150,
OperatingIncomeLoss,USD,895000000.0,2017-07-31,2017-10-29,10-Q,2018.0,Q3,2017-11-21,0001045810-17-000172,
OperatingIncomeLoss,USD,895000000.0,2017-07-31,2017-10-29,10-Q,2019.0,Q3,2018-11-15,0001045810-18-000150,CY2017Q3
OperatingIncomeLoss,USD,3210000000.0,2017-01-30,2018-01-28,10-K,2018.0,FY,2018-02-28,0001045810-18-000010,
OperatingIncomeLoss,USD,3210000000.0,2017-01-30,2018-01-28,10-K,2019.0,FY,2019-02-21,0001045810-19-000023,
OperatingIncomeLoss,USD,3210000000.0,2017-01-30,2018-01-28,10-K,2020.0,FY,2020-02-20,0001045810-20-000010,CY2017
OperatingIncomeLoss,USD,1295000000.0,2018-01-29,2018-04-29,10-Q,2019.0,Q1,2018-05-22,0001045810-18-000080,
OperatingIncomeLoss,USD,1295000000.0,2018-01-29,2018-04-29,10-Q,2020.0,Q1,2019-05-16,0001045810-19-000079,CY2018Q1
OperatingIncomeLoss,USD,2452000000.0,2018-01-29,2018-07-29,10-Q,2019.0,Q2,2018-08-16,0001045810-18-000114,
OperatingIncomeLoss,USD,2452000000.0,2018-01-29,2018-07-29,10-Q,2020.0,Q2,2019-08-15,0001045810-19-000144,
OperatingIncomeLoss,USD,1157000000.0,2018-04-30,2018-07-29,10-Q,2019.0,Q2,2018-08-16,0001045810-18-000114,
OperatingIncomeLoss,USD,1157000000.0,2018-04-30,2018-07-29,10-Q,2020.0,Q2,2019-08-15,0001045810-19-000144,CY2018Q2
OperatingIncomeLoss,USD,3510000000.0,2018-01-29,2018-10-28,10-Q,2019.0,Q3,2018-11-15,0001045810-18-000150,
OperatingIncomeLoss,USD,3510000000.0,2018-01-29,2018-10-28,10-Q,2020.0,Q3,2019-11-14,0001045810-19-000170,
OperatingIncomeLoss,USD,1058000000.0,2018-07-30,2018-10-28,10-Q,2019.0,Q3,2018-11-15,0001045810-18-000150,
OperatingIncomeLoss,USD,1058000000.0,2018-07-30,2018-10-28,10-Q,2020.0,Q3,2019-11-14,0001045810-19-000170,CY2018Q3
OperatingIncomeLoss,USD,3804000000.0,2018-01-29,2019-01-27,10-K,2019.0,FY,2019-02-21,0001045810-19-000023,
OperatingIncomeLoss,USD,3804000000.0,2018-01-29,2019-01-27,10-K,2020.0,FY,2020-02-20,0001045810-20-000010,
OperatingIncomeLoss,USD,3804000000.0,2018-01-29,2019-01-27,10-K,2021.0,FY,2021-02-26,0001045810-21-000010,CY2018
OperatingIncomeLoss,USD,358000000.0,2019-01-28,2019-04-28,10-Q,2020.0,Q1,2019-05-16,0001045810-19-000079,
OperatingIncomeLoss,USD,358000000.0,2019-01-28,2019-04-28,10-Q,2020.0,Q1,2020-05-21,0001045810-20-000065,CY2019Q1
OperatingIncomeLoss,USD,929000000.0,2019-01-28,2019-07-28,10-Q,2020.0,Q2,2019-08-15,0001045810-19-000144,
OperatingIncomeLoss,USD,929000000.0,2019-01-28,2019-07-28,10-Q,2020.0,Q2,2020-08-19,0001045810-20-000147,
OperatingIncomeLoss,USD,571000000.0,2019-04-29,2019-07-28,10-Q,2020.0,Q2,2019-08-15,0001045810-19-000144,
OperatingIncomeLoss,USD,571000000.0,2019-04-29,2019-07-28,10-Q,2020.0,Q2,2020-08-19,0001045810-20-000147,CY2019Q2
OperatingIncomeLoss,USD,1856000000.0,2019-01-28,2019-10-27,10-Q,2020.0,Q3,2019-11-14,0001045810-19-000170,
OperatingIncomeLoss,USD,1856000000.0,2019-01-28,2019-10-27,10-Q,2021.0,Q3,2020-11-18,0001045810-20-000189,
OperatingIncomeLoss,USD,927000000.0,2019-07-29,2019-10-27,10-Q,2020.0,Q3,2019-11-14,0001045810-19-000170,
OperatingIncomeLoss,USD,927000000.0,2019-07-29,2019-10-27,10-Q,2021.0,Q3,2020-11-18,0001045810-20-000189,CY2019Q3
OperatingIncomeLoss,USD,2846000000.0,2019-01-28,2020-01-26,10-K,2020.0,FY,2020-02-20,0001045810-20-000010,
OperatingIncomeLoss,USD,2846000000.0,2019-01-28,2020-01-26,10-K,2021.0,FY,2021-02-26,0001045810-21-000010,
OperatingIncomeLoss,USD,2846000000.0,2019-01-28,2020-01-26,10-K,2022.0,FY,2022-03-18,0001045810-22-000036,CY2019
OperatingIncomeLoss,USD,976000000.0,2020-01-27,2020-04-26,10-Q,2020.0,Q1,2020-05-21,0001045810-20-000065,
OperatingIncomeLoss,USD,976000000.0,2020-01-27,2020-04-26,10-Q,2022.0,Q1,2021-05-26,0001045810-21-000064,CY2020Q1
OperatingIncomeLoss,USD,1627000000.0,2020-01-27,2020-07-26,10-Q,2020.0,Q2,2020-08-19,0001045810-20-000147,
OperatingIncomeLoss,USD,1627000000.0,2020-01-27,2020-07-26,10-Q,2022.0,Q2,2021-08-20,0001045810-21-000131,
OperatingIncomeLoss,USD,651000000.0,2020-04-27,2020-07-26,10-Q,2020.0,Q2,2020-08-19,0001045810-20-000147,
OperatingIncomeLoss,USD,651000000.0,2020-04-27,2020-07-26,10-Q,2022.0,Q2,2021-08-20,0001045810-21-000131,CY2020Q2
OperatingIncomeLoss,USD,3025000000.0,2020-01-27,2020-10-25,10-Q,2021.0,Q3,2020-11-18,0001045810-20-000189,
OperatingIncomeLoss,USD,3025000000.0,2020-01-27,2020-10-25,10-Q,2022.0,Q3,2021-11-22,0001045810-21-000163,
OperatingIncomeLoss,USD,1398000000.0,2020-07-27,2020-10-25,10-Q,2021.0,Q3,2020-11-18,0001045810-20-000189,
OperatingIncomeLoss,USD,1398000000.0,2020-07-27,2020-10-25,10-Q,2022.0,Q3,2021-11-22,0001045810-21-000163,CY2020Q3
OperatingIncomeLoss,USD,4532000000.0,2020-01-27,2021-01-31,10-K,2021.0,FY,2021-02-26,0001045810-21-000010,
OperatingIncomeLoss,USD,4532000000.0,2020-01-27,2021-01-31,10-K,2022.0,FY,2022-03-18,0001045810-22-000036,
OperatingIncomeLoss,USD,4532000000.0,2020-01-27,2021-01-31,10-K,2023.0,FY,2023-02-24,0001045810-23-000017,CY2020
OperatingIncomeLoss,USD,1956000000.0,2021-02-01,2021-05-02,10-Q,2022.0,Q1,2021-05-26,0001045810-21-000064,
OperatingIncomeLoss,USD,1956000000.0,2021-02-01,2021-05-02,10-Q,2023.0,Q1,2022-05-27,0001045810-22-000079,CY2021Q1
OperatingIncomeLoss,USD,4400000000.0,2021-02-01,2021-08-01,10-Q,2022.0,Q2,2021-08-20,0001045810-21-000131,
OperatingIncomeLoss,USD,4400000000.0,2021-02-01,2021-08-01,10-Q,2023.0,Q2,2022-08-31,0001045810-22-000147,
OperatingIncomeLoss,USD,2444000000.0,2021-05-03,2021-08-01,10-Q,2022.0,Q2,2021-08-20,0001045810-21-000131,
OperatingIncomeLoss,USD,2444000000.0,2021-05-03,2021-08-01,10-Q,2023.0,Q2,2022-08-31,0001045810-22-000147,CY2021Q2
OperatingIncomeLoss,USD,7071000000.0,2021-02-01,2021-10-31,10-Q,2022.0,Q3,2021-11-22,0001045810-21-000163,
OperatingIncomeLoss,USD,7071000000.0,2021-02-01,2021-10-31,10-Q,2023.0,Q3,2022-11-18,0001045810-22-000166,
OperatingIncomeLoss,USD,2671000000.0,2021-08-02,2021-10-31,10-Q,2022.0,Q3,2021-11-22,0001045810-21-000163,
OperatingIncomeLoss,USD,2671000000.0,2021-08-02,2021-10-31,10-Q,2023.0,Q3,2022-11-18,0001045810-22-000166,CY2021Q3
OperatingIncomeLoss,USD,10041000000.0,2021-02-01,2022-01-30,10-K,2022.0,FY,2022-03-18,0001045810-22-000036,
OperatingIncomeLoss,USD,10041000000.0,2021-02-01,2022-01-30,10-K,2023.0,FY,2023-02-24,0001045810-23-000017,
OperatingIncomeLoss,USD,10041000000.0,2021-02-01,2022-01-30,10-K,2024.0,FY,2024-02-21,0001045810-24-000029,CY2021
OperatingIncomeLoss,USD,1868000000.0,2022-01-31,2022-05-01,10-Q,2023.0,Q1,2022-05-27,0001045810-22-000079,
OperatingIncomeLoss,USD,1868000000.0,2022-01-31,2022-05-01,10-Q,2024.0,Q1,2023-05-26,0001045810-23-000093,CY2022Q1
OperatingIncomeLoss,USD,2367000000.0,2022-01-31,2022-07-31,10-Q,2023.0,Q2,2022-08-31,0001045810-22-000147,
OperatingIncomeLoss,USD,2367000000.0,2022-01-31,2022-07-31,10-Q,2024.0,Q2,2023-08-28,0001045810-23-000175,
OperatingIncomeLoss,USD,499000000.0,2022-05-02,2022-07-31,10-Q,2023.0,Q2,2022-08-31,0001045810-22-000147,
OperatingIncomeLoss,USD,499000000.0,2022-05-02,2022-07-31,10-Q,2024.0,Q2,2023-08-28,0001045810-23-000175,CY2022Q2
OperatingIncomeLoss,USD,2968000000.0,2022-01-31,2022-10-30,10-Q,2023.0,Q3,2022-11-18,0001045810-22-000166,
OperatingIncomeLoss,USD,2968000000.0,2022-01-31,2022-10-30,10-Q,2024.0,Q3,2023-11-21,0001045810-23-000227,
OperatingIncomeLoss,USD,601000000.0,2022-08-01,2022-10-30,10-Q,2023.0,Q3,2022-11-18,0001045810-22-000166,
OperatingIncomeLoss,USD,601000000.0,2022-08-01,2022-10-30,10-Q,2024.0,Q3,2023-11-21,0001045810-23-000227,CY2022Q3
OperatingIncomeLoss,USD,4224000000.0,2022-01-31,2023-01-29,10-K,2023.0,FY,2023-02-24,0001045810-23-000017,
OperatingIncomeLoss,USD,4224000000.0,2022-01-31,2023-01-29,10-K,2024.0,FY,2024-02-21,0001045810-24-000029,
OperatingIncomeLoss,USD,4224000000.0,2022-01-31,2023-01-29,10-K,2025.0,FY,2025-02-26,0001045810-25-000023,CY2022
OperatingIncomeLoss,USD,2140000000.0,2023-01-30,2023-04-30,10-Q,2024.0,Q1,2023-05-26,0001045810-23-000093,
OperatingIncomeLoss,USD,2140000000.0,2023-01-30,2023-04-30,10-Q,2025.0,Q1,2024-05-29,0001045810-24-000124,CY2023Q1
OperatingIncomeLoss,USD,8941000000.0,2023-01-30,2023-07-30,10-Q,2024.0,Q2,2023-08-28,0001045810-23-000175,
OperatingIncomeLoss,USD,8941000000.0,2023-01-30,2023-07-30,10-Q,2025.0,Q2,2024-08-28,0001045810-24-000264,
OperatingIncomeLoss,USD,6800000000.0,2023-05-01,2023-07-30,10-Q,2024.0,Q2,2023-08-28,0001045810-23-000175,
OperatingIncomeLoss,USD,6800000000.0,2023-05-01,2023-07-30,10-Q,2025.0,Q2,2024-08-28,0001045810-24-000264,CY2023Q2
OperatingIncomeLoss,USD,19358000000.0,2023-01-30,2023-10-29,10-Q,2024.0,Q3,2023-11-21,0001045810-23-000227,
OperatingIncomeLoss,USD,19358000000.0,2023-01-30,2023-10-29,10-Q,2025.0,Q3,2024-11-20,0001045810-24-000316,
OperatingIncomeLoss,USD,10417000000.0,2023-07-31,2023-10-29,10-Q,2024.0,Q3,2023-11-21,0001045810-23-000227,
OperatingIncomeLoss,USD,10417000000.0,2023-07-31,2023-10-29,10-Q,2025.0,Q3,2024-11-20,0001045810-24-000316,CY2023Q3
OperatingIncomeLoss,USD,32972000000.0,2023-01-30,2024-01-28,10-K,2024.0,FY,2024-02-21,0001045810-24-000029,
OperatingIncomeLoss,USD,32972000000.0,2023-01-30,2024-01-28,10-K,2025.0,FY,2025-02-26,0001045810-25-000023,
OperatingIncomeLoss,USD,32972000000.0,2023-01-30,2024-01-28,10-K,2026.0,FY,2026-02-25,0001045810-26-000021,CY2023
OperatingIncomeLoss,USD,16909000000.0,2024-01-29,2024-04-28,10-Q,2025.0,Q1,2024-05-29,0001045810-24-000124,
OperatingIncomeLoss,USD,16909000000.0,2024-01-29,2024-04-28,10-Q,2026.0,Q1,2025-05-28,0001045810-25-000116,CY2024Q1
OperatingIncomeLoss,USD,35551000000.0,2024-01-29,2024-07-28,10-Q,2025.0,Q2,2024-08-28,0001045810-24-000264,
OperatingIncomeLoss,USD,35551000000.0,2024-01-29,2024-07-28,10-Q,2026.0,Q2,2025-08-27,0001045810-25-000209,
OperatingIncomeLoss,USD,18642000000.0,2024-04-29,2024-07-28,10-Q,2025.0,Q2,2024-08-28,0001045810-24-000264,
OperatingIncomeLoss,USD,18642000000.0,2024-04-29,2024-07-28,10-Q,2026.0,Q2,2025-08-27,0001045810-25-000209,CY2024Q2
OperatingIncomeLoss,USD,57419000000.0,2024-01-29,2024-10-27,10-Q,2025.0,Q3,2024-11-20,0001045810-24-000316,
OperatingIncomeLoss,USD,57419000000.0,2024-01-29,2024-10-27,10-Q,2026.0,Q3,2025-11-19,0001045810-25-000230,
OperatingIncomeLoss,USD,21869000000.0,2024-07-29,2024-10-27,10-Q,2025.0,Q3,2024-11-20,0001045810-24-000316,
OperatingIncomeLoss,USD,21869000000.0,2024-07-29,2024-10-27,10-Q,2026.0,Q3,2025-11-19,0001045810-25-000230,CY2024Q3
OperatingIncomeLoss,USD,81453000000.0,2024-01-29,2025-01-26,10-K,2025.0,FY,2025-02-26,0001045810-25-000023,
OperatingIncomeLoss,USD,81453000000.0,2024-01-29,2025-01-26,10-K,2026.0,FY,2026-02-25,0001045810-26-000021,CY2024
OperatingIncomeLoss,USD,21638000000.0,2025-01-27,2025-04-27,10-Q,2026.0,Q1,2025-05-28,0001045810-25-000116,
OperatingIncomeLoss,USD,21638000000.0,2025-01-27,2025-04-27,10-Q,2027.0,Q1,2026-05-20,0001045810-26-000052,CY2025Q1
OperatingIncomeLoss,USD,50078000000.0,2025-01-27,2025-07-27,10-Q,2026.0,Q2,2025-08-27,0001045810-25-000209,
OperatingIncomeLoss,USD,50078000000.0,2025-01-27,2025-07-27,10-Q,2027.0,Q2,2026-08-26,0001045810-26-000075,
OperatingIncomeLoss,USD,28440000000.0,2025-04-28,2025-07-27,10-Q,2026.0,Q2,2025-08-27,0001045810-25-000209,
OperatingIncomeLoss,USD,28440000000.0,2025-04-28,2025-07-27,10-Q,2027.0,Q2,2026-08-26,0001045810-26-000075,CY2025Q2
OperatingIncomeLoss,USD,86088000000.0,2025-01-27,2025-10-26,10-Q,2026.0,Q3,2025-11-19,0001045810-25-000230,
OperatingIncomeLoss,USD,36010000000.0,2025-07-28,2025-10-26,10-Q,2026.0,Q3,2025-11-19,0001045810-25-000230,CY2025Q3
OperatingIncomeLoss,USD,130387000000.0,2025-01-27,2026-01-25,10-K,2026.0,FY,2026-02-25,0001045810-26-000021,CY2025
OperatingIncomeLoss,USD,53536000000.0,2026-01-26,2026-04-26,10-Q,2027.0,Q1,2026-05-20,0001045810-26-000052,CY2026Q1
OperatingIncomeLoss,USD,117270000000.0,2026-01-26,2026-07-26,10-Q,2027.0,Q2,2026-08-26,0001045810-26-000075,
OperatingIncomeLoss,USD,63734000000.0,2026-04-27,2026-07-26,10-Q,2027.0,Q2,2026-08-26,0001045810-26-000075,CY2026Q2
PaymentsToAcquirePropertyPlantAndEquipment,USD,55000000.0,2016-02-01,2016-05-01,10-Q,2017.0,Q1,2016-05-25,0001045810-16-000275,
PaymentsToAcquirePropertyPlantAndEquipment,USD,55000000.0,2016-02-01,2016-05-01,10-Q,2018.0,Q1,2017-05-23,0001045810-17-000075,CY2016Q1
PaymentsToAcquirePropertyPlantAndEquipment,USD,87000000.0,2016-02-01,2016-07-31,10-Q,2017.0,Q2,2016-08-23,0001045810-16-000300,
PaymentsToAcquirePropertyPlantAndEquipment,USD,87000000.0,2016-02-01,2016-07-31,10-Q,2018.0,Q2,2017-08-23,0001045810-17-000123,
PaymentsToAcquirePropertyPlantAndEquipment,USD,125000000.0,2016-02-01,2016-10-30,10-Q,2017.0,Q3,2016-11-22,0001045810-16-000353,
PaymentsToAcquirePropertyPlantAndEquipment,USD,125000000.0,2016-02-01,2016-10-30,10-Q,2018.0,Q3,2017-11-21,0001045810-17-000172,
PaymentsToAcquirePropertyPlantAndEquipment,USD,54000000.0,2017-01-30,2017-04-30,10-Q,2018.0,Q1,2017-05-23,0001045810-17-000075,
PaymentsToAcquirePropertyPlantAndEquipment,USD,54000000.0,2017-01-30,2017-04-30,10-Q,2019.0,Q1,2018-05-22,0001045810-18-000080,CY2017Q1
PaymentsToAcquirePropertyPlantAndEquipment,USD,108000000.0,2017-01-30,2017-07-30,10-Q,2018.0,Q2,2017-08-23,0001045810-17-000123,
PaymentsToAcquirePropertyPlantAndEquipment,USD,108000000.0,2017-01-30,2017-07-30,10-Q,2019.0,Q2,2018-08-16,0001045810-18-000114,
PaymentsToAcquirePropertyPlantAndEquipment,USD,177000000.0,2017-01-30,2017-10-29,10-Q,2018.0,Q3,2017-11-21,0001045810-17-000172,
PaymentsToAcquirePropertyPlantAndEquipment,USD,177000000.0,2017-01-30,2017-10-29,10-Q,2019.0,Q3,2018-11-15,0001045810-18-000150,
PaymentsToAcquirePropertyPlantAndEquipment,USD,118000000.0,2018-01-29,2018-04-29,10-Q,2019.0,Q1,2018-05-22,0001045810-18-000080,
PaymentsToAcquirePropertyPlantAndEquipment,USD,118000000.0,2018-01-29,2018-04-29,10-Q,2020.0,Q1,2019-05-16,0001045810-19-000079,CY2018Q1
PaymentsToAcquirePropertyPlantAndEquipment,USD,247000000.0,2018-01-29,2018-07-29,10-Q,2019.0,Q2,2018-08-16,0001045810-18-000114,
PaymentsToAcquirePropertyPlantAndEquipment,USD,247000000.0,2018-01-29,2018-07-29,10-Q,2020.0,Q2,2019-08-15,0001045810-19-000144,
PaymentsToAcquirePropertyPlantAndEquipment,USD,397000000.0,2018-01-29,2018-10-28,10-Q,2019.0,Q3,2018-11-15,0001045810-18-000150,
PaymentsToAcquirePropertyPlantAndEquipment,USD,397000000.0,2018-01-29,2018-10-28,10-Q,2020.0,Q3,2019-11-14,0001045810-19-000170,
PaymentsToAcquirePropertyPlantAndEquipment,USD,128000000.0,2019-01-28,2019-04-28,10-Q,2020.0,Q1,2019-05-16,0001045810-19-000079,
PaymentsToAcquirePropertyPlantAndEquipment,USD,128000000.0,2019-01-28,2019-04-28,10-Q,2020.0,Q1,2020-05-21,0001045810-20-000065,CY2019Q1
PaymentsToAcquirePropertyPlantAndEquipment,USD,241000000.0,2019-01-28,2019-07-28,10-Q,2020.0,Q2,2019-08-15,0001045810-19-000144,
PaymentsToAcquirePropertyPlantAndEquipment,USD,241000000.0,2019-01-28,2019-07-28,10-Q,2020.0,Q2,2020-08-19,0001045810-20-000147,
PaymentsToAcquirePropertyPlantAndEquipment,USD,344000000.0,2019-01-28,2019-10-27,10-Q,2020.0,Q3,2019-11-14,0001045810-19-000170,
PaymentsToAcquirePropertyPlantAndEquipment,USD,155000000.0,2020-01-27,2020-04-26,10-Q,2020.0,Q1,2020-05-21,0001045810-20-000065,CY2020Q1
PaymentsToAcquirePropertyPlantAndEquipment,USD,372000000.0,2020-01-27,2020-07-26,10-Q,2020.0,Q2,2020-08-19,0001045810-20-000147,
ResearchAndDevelopmentExpense,USD,1331000000.0,2015-01-26,2016-01-31,10-K,2016.0,FY,2016-03-17,0001045810-16-000205,
ResearchAndDevelopmentExpense,USD,1331000000.0,2015-01-26,2016-01-31,10-K,2017.0,FY,2017-03-01,0001045810-17-000027,
ResearchAndDevelopmentExpense,USD,1331000000.0,2015-01-26,2016-01-31,10-K,2018.0,FY,2018-02-28,0001045810-18-000010,CY2015
ResearchAndDevelopmentExpense,USD,346000000.0,2016-02-01,2016-05-01,10-Q,2017.0,Q1,2016-05-25,0001045810-16-000275,
ResearchAndDevelopmentExpense,USD,346000000.0,2016-02-01,2016-05-01,10-Q,2018.0,Q1,2017-05-23,0001045810-17-000075,CY2016Q1
ResearchAndDevelopmentExpense,USD,697000000.0,2016-02-01,2016-07-31,10-Q,2017.0,Q2,2016-08-23,0001045810-16-000300,
ResearchAndDevelopmentExpense,USD,697000000.0,2016-02-01,2016-07-31,10-Q,2018.0,Q2,2017-08-23,0001045810-17-000123,
ResearchAndDevelopmentExpense,USD,350000000.0,2016-05-02,2016-07-31,10-Q,2017.0,Q2,2016-08-23,0001045810-16-000300,
ResearchAndDevelopmentExpense,USD,350000000.0,2016-05-02,2016-07-31,10-Q,2018.0,Q2,2017-08-23,0001045810-17-000123,CY2016Q2
ResearchAndDevelopmentExpense,USD,1069000000.0,2016-02-01,2016-10-30,10-Q,2017.0,Q3,2016-11-22,0001045810-16-000353,
ResearchAndDevelopmentExpense,USD,1069000000.0,2016-02-01,2016-10-30,10-Q,2018.0,Q3,2017-11-21,0001045810-17-000172,
ResearchAndDevelopmentExpense,USD,373000000.0,2016-08-01,2016-10-30,10-Q,2017.0,Q3,2016-11-22,0001045810-16-000353,
ResearchAndDevelopmentExpense,USD,373000000.0,2016-08-01,2016-10-30,10-Q,2018.0,Q3,2017-11-21,0001045810-17-000172,CY2016Q3
ResearchAndDevelopmentExpense,USD,1463000000.0,2016-02-01,2017-01-29,10-K,2017.0,FY,2017-03-01,0001045810-17-000027,
ResearchAndDevelopmentExpense,USD,1463000000.0,2016-02-01,2017-01-29,10-K,2018.0,FY,2018-02-28,0001045810-18-000010,
ResearchAndDevelopmentExpense,USD,1463000000.0,2016-02-01,2017-01-29,10-K,2019.0,FY,2019-02-21,0001045810-19-000023,CY2016
ResearchAndDevelopmentExpense,USD,411000000.0,2017-01-30,2017-04-30,10-Q,2018.0,Q1,2017-05-23,0001045810-17-000075,
ResearchAndDevelopmentExpense,USD,411000000.0,2017-01-30,2017-04-30,10-Q,2019.0,Q1,2018-05-22,0001045810-18-000080,CY2017Q1
ResearchAndDevelopmentExpense,USD,827000000.0,2017-01-30,2017-07-30,10-Q,2018.0,Q2,2017-08-23,0001045810-17-000123,
ResearchAndDevelopmentExpense,USD,827000000.0,2017-01-30,2017-07-30,10-Q,2019.0,Q2,2018-08-16,0001045810-18-000114,
ResearchAndDevelopmentExpense,USD,416000000.0,2017-05-01,2017-07-30,10-Q,2018.0,Q2,2017-08-23,0001045810-17-000123,
ResearchAndDevelopmentExpense,USD,416000000.0,2017-05-01,2017-07-30,10-Q,2019.0,Q2,2018-08-16,0001045810-18-000114,CY2017Q2
ResearchAndDevelopmentExpense,USD,1290000000.0,2017-01-30,2017-10-29,10-Q,2018.0,Q3,2017-11-21,0001045810-17-000172,
ResearchAndDevelopmentExpense,USD,1290000000.0,2017-01-30,2017-10-29,10-Q,2019.0,Q3,2018-11-15,0001045810-18-000150,
ResearchAndDevelopmentExpense,USD,462000000.0,2017-07-31,2017-10-29,10-Q,2018.0,Q3,2017-11-21,0001045810-17-000172,
ResearchAndDevelopmentExpense,USD,462000000.0,2017-07-31,2017-10-29,10-Q,2019.0,Q3,2018-11-15,0001045810-18-000150,CY2017Q3
ResearchAndDevelopmentExpense,USD,1797000000.0,2017-01-30,2018-01-28,10-K,2018.0,FY,2018-02-28,0001045810-18-000010,
ResearchAndDevelopmentExpense,USD,1797000000.0,2017-01-30,2018-01-28,10-K,2019.0,FY,2019-02-21,0001045810-19-000023,
ResearchAndDevelopmentExpense,USD,1797000000.0,2017-01-30,2018-01-28,10-K,2020.0,FY,2020-02-20,0001045810-20-000010,CY2017
ResearchAndDevelopmentExpense,USD,542000000.0,2018-01-29,2018-04-29,10-Q,2019.0,Q1,2018-05-22,0001045810-18-000080,
ResearchAndDevelopmentExpense,USD,542000000.0,2018-01-29,2018-04-29,10-Q,2020.0,Q1,2019-05-16,0001045810-19-000079,CY2018Q1
ResearchAndDevelopmentExpense,USD,1124000000.0,2018-01-29,2018-07-29,10-Q,2019.0,Q2,2018-08-16,0001045810-18-000114,
ResearchAndDevelopmentExpense,USD,1124000000.0,2018-01-29,2018-07-29,10-Q,2020.0,Q2,2019-08-15,0001045810-19-000144,
ResearchAndDevelopmentExpense,USD,581000000.0,2018-04-30,2018-07-29,10-Q,2019.0,Q2,2018-08-16,0001045810-18-000114,
ResearchAndDevelopmentExpense,USD,581000000.0,2018-04-30,2018-07-29,10-Q,2020.0,Q2,2019-08-15,0001045810-19-000144,CY2018Q2
ResearchAndDevelopmentExpense,USD,1729000000.0,2018-01-29,2018-10-28,10-Q,2019.0,Q3,2018-11-15,0001045810-18-000150,
ResearchAndDevelopmentExpense,USD,1729000000.0,2018-01-29,2018-10-28,10-Q,2020.0,Q3,2019-11-14,0001045810-19-000170,
ResearchAndDevelopmentExpense,USD,605000000.0,2018-07-30,2018-10-28,10-Q,2019.0,Q3,2018-11-15,0001045810-18-000150,
ResearchAndDevelopmentExpense,USD,605000000.0,2018-07-30,2018-10-28,10-Q,2020.0,Q3,2019-11-14,0001045810-19-000170,CY2018Q3
ResearchAndDevelopmentExpense,USD,2376000000.0,2018-01-29,2019-01-27,10-K,2019.0,FY,2019-02-21,0001045810-19-000023,
ResearchAndDevelopmentExpense,USD,2376000000.0,2018-01-29,2019-01-27,10-K,2020.0,FY,2020-02-20,0001045810-20-000010,
ResearchAndDevelopmentExpense,USD,2376000000.0,2018-01-29,2019-01-27,10-K,2021.0,FY,2021-02-26,0001045810-21-000010,CY2018
ResearchAndDevelopmentExpense,USD,674000000.0,2019-01-28,2019-04-28,10-Q,2020.0,Q1,2019-05-16,0001045810-19-000079,
ResearchAndDevelopmentExpense,USD,674000000.0,2019-01-28,2019-04-28,10-Q,2020.0,Q1,2020-05-21,0001045810-20-000065,CY2019Q1
ResearchAndDevelopmentExpense,USD,1379000000.0,2019-01-28,2019-07-28,10-Q,2020.0,Q2,2019-08-15,0001045810-19-000144,
ResearchAndDevelopmentExpense,USD,1379000000.0,2019-01-28,2019-07-28,10-Q,2020.0,Q2,2020-08-19,0001045810-20-000147,
ResearchAndDevelopmentExpense,USD,704000000.0,2019-04-29,2019-07-28,10-Q,2020.0,Q2,2019-08-15,0001045810-19-000144,
ResearchAndDevelopmentExpense,USD,704000000.0,2019-04-29,2019-07-28,10-Q,2020.0,Q2,2020-08-19,0001045810-20-000147,CY2019Q2
ResearchAndDevelopmentExpense,USD,2091000000.0,2019-01-28,2019-10-27,10-Q,2020.0,Q3,2019-11-14,0001045810-19-000170,
ResearchAndDevelopmentExpense,USD,2091000000.0,2019-01-28,2019-10-27,10-Q,2021.0,Q3,2020-11-18,0001045810-20-000189,
ResearchAndDevelopmentExpense,USD,712000000.0,2019-07-29,2019-10-27,10-Q,2020.0,Q3,2019-11-14,0001045810-19-000170,
ResearchAndDevelopmentExpense,USD,712000000.0,2019-07-29,2019-10-27,10-Q,2021.0,Q3,2020-11-18,0001045810-20-000189,CY2019Q3
ResearchAndDevelopmentExpense,USD,2829000000.0,2019-01-28,2020-01-26,10-K,2020.0,FY,2020-02-20,0001045810-20-000010,
ResearchAndDevelopmentExpense,USD,2829000000.0,2019-01-28,2020-01-26,10-K,2021.0,FY,2021-02-26,0001045810-21-000010,
ResearchAndDevelopmentExpense,USD,2829000000.0,2019-01-28,2020-01-26,10-K,2022.0,FY,2022-03-18,0001045810-22-000036,CY2019
ResearchAndDevelopmentExpense,USD,735000000.0,2020-01-27,2020-04-26,10-Q,2020.0,Q1,2020-05-21,0001045810-20-000065,
ResearchAndDevelopmentExpense,USD,735000000.0,2020-01-27,2020-04-26,10-Q,2022.0,Q1,2021-05-26,0001045810-21-000064,CY2020Q1
ResearchAndDevelopmentExpense,USD,1732000000.0,2020-01-27,2020-07-26,10-Q,2020.0,Q2,2020-08-19,0001045810-20-000147,
ResearchAndDevelopmentExpense,USD,1732000000.0,2020-01-27,2020-07-26,10-Q,2022.0,Q2,2021-08-20,0001045810-21-000131,
ResearchAndDevelopmentExpense,USD,997000000.0,2020-04-27,2020-07-26,10-Q,2020.0,Q2,2020-08-19,0001045810-20-000147,
ResearchAndDevelopmentExpense,USD,997000000.0,2020-04-27,2020-07-26,10-Q,2022.0,Q2,2021-08-20,0001045810-21-000131,CY2020Q2
ResearchAndDevelopmentExpense,USD,2778000000.0,2020-01-27,2020-10-25,10-Q,2021.0,Q3,2020-11-18,0001045810-20-000189,
ResearchAndDevelopmentExpense,USD,2778000000.0,2020-01-27,2020-10-25,10-Q,2022.0,Q3,2021-11-22,0001045810-21-000163,
ResearchAndDevelopmentExpense,USD,1047000000.0,2020-07-27,2020-10-25,10-Q,2021.0,Q3,2020-11-18,0001045810-20-000189,
ResearchAndDevelopmentExpense,USD,1047000000.0,2020-07-27,2020-10-25,10-Q,2022.0,Q3,2021-11-22,0001045810-21-000163,CY2020Q3
ResearchAndDevelopmentExpense,USD,3924000000.0,2020-01-27,2021-01-31,10-K,2021.0,FY,2021-02-26,0001045810-21-000010,
ResearchAndDevelopmentExpense,USD,3924000000.0,2020-01-27,2021-01-31,10-K,2022.0,FY,2022-03-18,0001045810-22-000036,
ResearchAndDevelopmentExpense,USD,3924000000.0,2020-01-27,2021-01-31,10-K,2023.0,FY,2023-02-24,0001045810-23-000017,CY2020
ResearchAndDevelopmentExpense,USD,1153000000.0,2021-02-01,2021-05-02,10-Q,2022.0,Q1,2021-05-26,0001045810-21-000064,
ResearchAndDevelopmentExpense,USD,1153000000.0,2021-02-01,2021-05-02,10-Q,2023.0,Q1,2022-05-27,0001045810-22-000079,CY2021Q1
ResearchAndDevelopmentExpense,USD,2398000000.0,2021-02-01,2021-08-01,10-Q,2022.0,Q2,2021-08-20,0001045810-21-000131,
ResearchAndDevelopmentExpense,USD,2398000000.0,2021-02-01,2021-08-01,10-Q,2023.0,Q2,2022-08-31,0001045810-22-000147,
ResearchAndDevelopmentExpense,USD,1245000000.0,2021-05-03,2021-08-01,10-Q,2022.0,Q2,2021-08-20,0001045810-21-000131,
ResearchAndDevelopmentExpense,USD,1245000000.0,2021-05-03,2021-08-01,10-Q,2023.0,Q2,2022-08-31,0001045810-22-000147,CY2021Q2
ResearchAndDevelopmentExpense,USD,3802000000.0,2021-02-01,2021-10-31,10-Q,2022.0,Q3,2021-11-22,0001045810-21-000163,
ResearchAndDevelopmentExpense,USD,3802000000.0,2021-02-01,2021-10-31,10-Q,2023.0,Q3,2022-11-18,0001045810-22-000166,
ResearchAndDevelopmentExpense,USD,1403000000.0,2021-08-02,2021-10-31,10-Q,2022.0,Q3,2021-11-22,0001045810-21-000163,
ResearchAndDevelopmentExpense,USD,1403000000.0,2021-08-02,2021-10-31,10-Q,2023.0,Q3,2022-11-18,0001045810-22-000166,CY2021Q3
ResearchAndDevelopmentExpense,USD,5268000000.0,2021-02-01,2022-01-30,10-K,2022.0,FY,2022-03-18,0001045810-22-000036,
ResearchAndDevelopmentExpense,USD,5268000000.0,2021-02-01,2022-01-30,10-K,2023.0,FY,2023-02-24,0001045810-23-000017,
ResearchAndDevelopmentExpense,USD,5268000000.0,2021-02-01,2022-01-30,10-K,2024.0,FY,2024-02-21,0001045810-24-000029,CY2021
ResearchAndDevelopmentExpense,USD,1618000000.0,2022-01-31,2022-05-01,10-Q,2023.0,Q1,2022-05-27,0001045810-22-000079,
ResearchAndDevelopmentExpense,USD,1618000000.0,2022-01-31,2022-05-01,10-Q,2024.0,Q1,2023-05-26,0001045810-23-000093,CY2022Q1
ResearchAndDevelopmentExpense,USD,3443000000.0,2022-01-31,2022-07-31,10-Q,2023.0,Q2,2022-08-31,0001045810-22-000147,
ResearchAndDevelopmentExpense,USD,3443000000.0,2022-01-31,2022-07-31,10-Q,2024.0,Q2,2023-08-28,0001045810-23-000175,
ResearchAndDevelopmentExpense,USD,1824000000.0,2022-05-02,2022-07-31,10-Q,2023.0,Q2,2022-08-31,0001045810-22-000147,
ResearchAndDevelopmentExpense,USD,1824000000.0,2022-05-02,2022-07-31,10-Q,2024.0,Q2,2023-08-28,0001045810-23-000175,CY2022Q2
ResearchAndDevelopmentExpense,USD,5387000000.0,2022-01-31,2022-10-30,10-Q,2023.0,Q3,2022-11-18,0001045810-22-000166,
ResearchAndDevelopmentExpense,USD,5387000000.0,2022-01-31,2022-10-30,10-Q,2024.0,Q3,2023-11-21,0001045810-23-000227,
ResearchAndDevelopmentExpense,USD,1945000000.0,2022-08-01,2022-10-30,10-Q,2023.0,Q3,2022-11-18,0001045810-22-000166,
ResearchAndDevelopmentExpense,USD,1945000000.0,2022-08-01,2022-10-30,10-Q,2024.0,Q3,2023-11-21,0001045810-23-000227,CY2022Q3
ResearchAndDevelopmentExpense,USD,7339000000.0,2022-01-31,2023-01-29,10-K,2023.0,FY,2023-02-24,0001045810-23-000017,
ResearchAndDevelopmentExpense,USD,7339000000.0,2022-01-31,2023-01-29,10-K,2024.0,FY,2024-02-21,0001045810-24-000029,
ResearchAndDevelopmentExpense,USD,7339000000.0,2022-01-31,2023-01-29,10-K,2025.0,FY,2025-02-26,0001045810-25-000023,CY2022
ResearchAndDevelopmentExpense,USD,1875000000.0,2023-01-30,2023-04-30,10-Q,2024.0,Q1,2023-05-26,0001045810-23-000093,
ResearchAndDevelopmentExpense,USD,1875000000.0,2023-01-30,2023-04-30,10-Q,2025.0,Q1,2024-05-29,0001045810-24-000124,CY2023Q1
ResearchAndDevelopmentExpense,USD,3916000000.0,2023-01-30,2023-07-30,10-Q,2024.0,Q2,2023-08-28,0001045810-23-000175,
ResearchAndDevelopmentExpense,USD,3916000000.0,2023-01-30,2023-07-30,10-Q,2025.0,Q2,2024-08-28,0001045810-24-000264,
ResearchAndDevelopmentExpense,USD,2040000000.0,2023-05-01,2023-07-30,10-Q,2024.0,Q2,2023-08-28,0001045810-23-000175,
ResearchAndDevelopmentExpense,USD,2040000000.0,2023-05-01,2023-07-30,10-Q,2025.0,Q2,2024-08-28,0001045810-24-000264,CY2023Q2
ResearchAndDevelopmentExpense,USD,6210000000.0,2023-01-30,2023-10-29,10-Q,2024.0,Q3,2023-11-21,0001045810-23-000227,
ResearchAndDevelopmentExpense,USD,6210000000.0,2023-01-30,2023-10-29,10-Q,2025.0,Q3,2024-11-20,0001045810-24-000316,
ResearchAndDevelopmentExpense,USD,2294000000.0,2023-07-31,2023-10-29,10-Q,2024.0,Q3,2023-11-21,0001045810-23-000227,
ResearchAndDevelopmentExpense,USD,2294000000.0,2023-07-31,2023-10-29,10-Q,2025.0,Q3,2024-11-20,0001045810-24-000316,CY2023Q3
ResearchAndDevelopmentExpense,USD,8675000000.0,2023-01-30,2024-01-28,10-K,2024.0,FY,2024-02-21,0001045810-24-000029,
ResearchAndDevelopmentExpense,USD,8675000000.0,2023-01-30,2024-01-28,10-K,2025.0,FY,2025-02-26,0001045810-25-000023,
ResearchAndDevelopmentExpense,USD,8675000000.0,2023-01-30,2024-01-28,10-K,2026.0,FY,2026-02-25,0001045810-26-000021,CY2023
ResearchAndDevelopmentExpense,USD,2720000000.0,2024-01-29,2024-04-28,10-Q,2025.0,Q1,2024-05-29,0001045810-24-000124,
ResearchAndDevelopmentExpense,USD,2720000000.0,2024-01-29,2024-04-28,10-Q,2026.0,Q1,2025-05-28,0001045810-25-000116,CY2024Q1
ResearchAndDevelopmentExpense,USD,5810000000.0,2024-01-29,2024-07-28,10-Q,2025.0,Q2,2024-08-28,0001045810-24-000264,
ResearchAndDevelopmentExpense,USD,5810000000.0,2024-01-29,2024-07-28,10-Q,2026.0,Q2,2025-08-27,0001045810-25-000209,
ResearchAndDevelopmentExpense,USD,3090000000.0,2024-04-29,2024-07-28,10-Q,2025.0,Q2,2024-08-28,0001045810-24-000264,
ResearchAndDevelopmentExpense,USD,3090000000.0,2024-04-29,2024-07-28,10-Q,2026.0,Q2,2025-08-27,0001045810-25-000209,CY2024Q2
ResearchAndDevelopmentExpense,USD,9200000000.0,2024-01-29,2024-10-27,10-Q,2025.0,Q3,2024-11-20,0001045810-24-000316,
ResearchAndDevelopmentExpense,USD,9200000000.0,2024-01-29,2024-10-27,10-Q,2026.0,Q3,2025-11-19,0001045810-25-000230,
ResearchAndDevelopmentExpense,USD,3390000000.0,2024-07-29,2024-10-27,10-Q,2025.0,Q3,2024-11-20,0001045810-24-000316,
ResearchAndDevelopmentExpense,USD,3390000000.0,2024-07-29,2024-10-27,10-Q,2026.0,Q3,2025-11-19,0001045810-25-000230,CY2024Q3
ResearchAndDevelopmentExpense,USD,12914000000.0,2024-01-29,2025-01-26,10-K,2025.0,FY,2025-02-26,0001045810-25-000023,
ResearchAndDevelopmentExpense,USD,12914000000.0,2024-01-29,2025-01-26,10-K,2026.0,FY,2026-02-25,0001045810-26-000021,CY2024
ResearchAndDevelopmentExpense,USD,3989000000.0,2025-01-27,2025-04-27,10-Q,2026.0,Q1,2025-05-28,0001045810-25-000116,
ResearchAndDevelopmentExpense,USD,3989000000.0,2025-01-27,2025-04-27,10-Q,2027.0,Q1,2026-05-20,0001045810-26-000052,CY2025Q1
ResearchAndDevelopmentExpense,USD,8280000000.0,2025-01-27,2025-07-27,10-Q,2026.0,Q2,2025-08-27,0001045810-25-000209,
ResearchAndDevelopmentExpense,USD,8280000000.0,2025-01-27,2025-07-27,10-Q,2027.0,Q2,2026-08-26,0001045810-26-000075,
ResearchAndDevelopmentExpense,USD,4291000000.0,2025-04-28,2025-07-27,10-Q,2026.0,Q2,2025-08-27,0001045810-25-000209,
ResearchAndDevelopmentExpense,USD,4291000000.0,2025-04-28,2025-07-27,10-Q,2027.0,Q2,2026-08-26,0001045810-26-000075,CY2025Q2
ResearchAndDevelopmentExpense,USD,12985000000.0,2025-01-27,2025-10-26,10-Q,2026.0,Q3,2025-11-19,0001045810-25-000230,
ResearchAndDevelopmentExpense,USD,4705000000.0,2025-07-28,2025-10-26,10-Q,2026.0,Q3,2025-11-19,0001045810-25-000230,CY2025Q3
ResearchAndDevelopmentExpense,USD,18497000000.0,2025-01-27,2026-01-25,10-K,2026.0,FY,2026-02-25,0001045810-26-000021,CY2025
ResearchAndDevelopmentExpense,USD,6321000000.0,2026-01-26,2026-04-26,10-Q,2027.0,Q1,2026-05-20,0001045810-26-000052,CY2026Q1
ResearchAndDevelopmentExpense,USD,13375000000.0,2026-01-26,2026-07-26,10-Q,2027.0,Q2,2026-08-26,0001045810-26-000075,
ResearchAndDevelopmentExpense,USD,7054000000.0,2026-04-27,2026-07-26,10-Q,2027.0,Q2,2026-08-26,0001045810-26-000075,CY2026Q2
RevenueFromContractWithCustomerExcludingAssessedTax,USD,6910000000.0,2016-02-01,2017-01-29,10-K,2019.0,FY,2019-02-21,0001045810-19-000023,CY2016
RevenueFromContractWithCustomerExcludingAssessedTax,USD,1937000000.0,2017-01-30,2017-04-30,10-K,2019.0,FY,2019-02-21,0001045810-19-000023,CY2017Q1
RevenueFromContractWithCustomerExcludingAssessedTax,USD,2230000000.0,2017-05-01,2017-07-30,10-K,2019.0,FY,2019-02-21,0001045810-19-000023,CY2017Q2
RevenueFromContractWithCustomerExcludingAssessedTax,USD,2636000000.0,2017-07-31,2017-10-29,10-K,2019.0,FY,2019-02-21,0001045810-19-000023,CY2017Q3
RevenueFromContractWithCustomerExcludingAssessedTax,USD,9714000000.0,2017-01-30,2018-01-28,10-K,2019.0,FY,2019-02-21,0001045810-19-000023,
RevenueFromContractWithCustomerExcludingAssessedTax,USD,9714000000.0,2017-01-30,2018-01-28,10-K,2020.0,FY,2020-02-20,0001045810-20-000010,CY2017
RevenueFromContractWithCustomerExcludingAssessedTax,USD,2911000000.0,2017-10-30,2018-01-28,10-K,2019.0,FY,2019-02-21,0001045810-19-000023,CY2017Q4
RevenueFromContractWithCustomerExcludingAssessedTax,USD,3207000000.0,2018-01-29,2018-04-29,10-K,2019.0,FY,2019-02-21,0001045810-19-000023,
RevenueFromContractWithCustomerExcludingAssessedTax,USD,3207000000.0,2018-01-29,2018-04-29,10-K,2020.0,FY,2020-02-20,0001045810-20-000010,CY2018Q1
RevenueFromContractWithCustomerExcludingAssessedTax,USD,3123000000.0,2018-04-30,2018-07-29,10-K,2019.0,FY,2019-02-21,0001045810-19-000023,
RevenueFromContractWithCustomerExcludingAssessedTax,USD,3123000000.0,2018-04-30,2018-07-29,10-K,2020.0,FY,2020-02-20,0001045810-20-000010,CY2018Q2
RevenueFromContractWithCustomerExcludingAssessedTax,USD,3181000000.0,2018-07-30,2018-10-28,10-K,2019.0,FY,2019-02-21,0001045810-19-000023,
RevenueFromContractWithCustomerExcludingAssessedTax,USD,3181000000.0,2018-07-30,2018-10-28,10-K,2020.0,FY,2020-02-20,0001045810-20-000010,CY2018Q3
RevenueFromContractWithCustomerExcludingAssessedTax,USD,11716000000.0,2018-01-29,2019-01-27,10-K,2019.0,FY,2019-02-21,0001045810-19-000023,
RevenueFromContractWithCustomerExcludingAssessedTax,USD,11716000000.0,2018-01-29,2019-01-27,10-K,2020.0,FY,2020-02-20,0001045810-20-000010,
RevenueFromContractWithCustomerExcludingAssessedTax,USD,11716000000.0,2018-01-29,2019-01-27,10-K,2021.0,FY,2021-02-26,0001045810-21-000010,CY2018
RevenueFromContractWithCustomerExcludingAssessedTax,USD,2205000000.0,2018-10-29,2019-01-27,10-K,2019.0,FY,2019-02-21,0001045810-19-000023,
RevenueFromContractWithCustomerExcludingAssessedTax,USD,2205000000.0,2018-10-29,2019-01-27,10-K,2020.0,FY,2020-02-20,0001045810-20-000010,CY2018Q4
RevenueFromContractWithCustomerExcludingAssessedTax,USD,2220000000.0,2019-01-28,2019-04-28,10-K,2020.0,FY,2020-02-20,0001045810-20-000010,CY2019Q1
RevenueFromContractWithCustomerExcludingAssessedTax,USD,2579000000.0,2019-04-29,2019-07-28,10-K,2020.0,FY,2020-02-20,0001045810-20-000010,CY2019Q2
RevenueFromContractWithCustomerExcludingAssessedTax,USD,3014000000.0,2019-07-29,2019-10-27,10-K,2020.0,FY,2020-02-20,0001045810-20-000010,CY2019Q3
RevenueFromContractWithCustomerExcludingAssessedTax,USD,10918000000.0,2019-01-28,2020-01-26,10-K,2020.0,FY,2020-02-20,0001045810-20-000010,
RevenueFromContractWithCustomerExcludingAssessedTax,USD,10918000000.0,2019-01-28,2020-01-26,10-K,2021.0,FY,2021-02-26,0001045810-21-000010,
RevenueFromContractWithCustomerExcludingAssessedTax,USD,10918000000.0,2019-01-28,2020-01-26,10-K,2022.0,FY,2022-03-18,0001045810-22-000036,CY2019
RevenueFromContractWithCustomerExcludingAssessedTax,USD,3105000000.0,2019-10-28,2020-01-26,10-K,2020.0,FY,2020-02-20,0001045810-20-000010,CY2019Q4
RevenueFromContractWithCustomerExcludingAssessedTax,USD,16675000000.0,2020-01-27,2021-01-31,10-K,2021.0,FY,2021-02-26,0001045810-21-000010,
RevenueFromContractWithCustomerExcludingAssessedTax,USD,16675000000.0,2020-01-27,2021-01-31,10-K,2022.0,FY,2022-03-18,0001045810-22-000036,CY2020
RevenueFromContractWithCustomerExcludingAssessedTax,USD,26914000000.0,2021-02-01,2022-01-30,10-K,2022.0,FY,2022-03-18,0001045810-22-000036,CY2021
Revenues,USD,5010000000.0,2015-01-26,2016-01-31,10-K,2016.0,FY,2016-03-17,0001045810-16-000205,
Revenues,USD,5010000000.0,2015-01-26,2016-01-31,10-K,2017.0,FY,2017-03-01,0001045810-17-000027,
Revenues,USD,5010000000.0,2015-01-26,2016-01-31,10-K,2018.0,FY,2018-02-28,0001045810-18-000010,CY2015
Revenues,USD,1401000000.0,2015-10-26,2016-01-31,10-K,2016.0,FY,2016-03-17,0001045810-16-000205,
Revenues,USD,1401000000.0,2015-10-26,2016-01-31,10-K,2017.0,FY,2017-03-01,0001045810-17-000027,CY2015Q4
Revenues,USD,1305000000.0,2016-02-01,2016-05-01,10-Q,2017.0,Q1,2016-05-25,0001045810-16-000275,
Revenues,USD,1305000000.0,2016-02-01,2016-05-01,10-K,2017.0,FY,2017-03-01,0001045810-17-000027,
Revenues,USD,1305000000.0,2016-02-01,2016-05-01,10-Q,2018.0,Q1,2017-05-23,0001045810-17-000075,
Revenues,USD,1305000000.0,2016-02-01,2016-05-01,10-K,2018.0,FY,2018-02-28,0001045810-18-000010,CY2016Q1
Revenues,USD,2733000000.0,2016-02-01,2016-07-31,10-Q,2017.0,Q2,2016-08-23,0001045810-16-000300,
Revenues,USD,2733000000.0,2016-02-01,2016-07-31,10-Q,2018.0,Q2,2017-08-23,0001045810-17-000123,
Revenues,USD,1428000000.0,2016-05-02,2016-07-31,10-Q,2017.0,Q2,2016-08-23,0001045810-16-000300,
Revenues,USD,1428000000.0,2016-05-02,2016-07-31,10-K,2017.0,FY,2017-03-01,0001045810-17-000027,
Revenues,USD,1428000000.0,2016-05-02,2016-07-31,10-Q,2018.0,Q2,2017-08-23,0001045810-17-000123,
Revenues,USD,1428000000.0,2016-05-02,2016-07-31,10-K,2018.0,FY,2018-02-28,0001045810-18-000010,CY2016Q2
Revenues,USD,4737000000.0,2016-02-01,2016-10-30,10-Q,2017.0,Q3,2016-11-22,0001045810-16-000353,
Revenues,USD,4737000000.0,2016-02-01,2016-10-30,10-Q,2018.0,Q3,2017-11-21,0001045810-17-000172,
Revenues,USD,2004000000.0,2016-08-01,2016-10-30,10-Q,2017.0,Q3,2016-11-22,0001045810-16-000353,
Revenues,USD,2004000000.0,2016-08-01,2016-10-30,10-K,2017.0,FY,2017-03-01,0001045810-17-000027,
Revenues,USD,2004000000.0,2016-08-01,2016-10-30,10-Q,2018.0,Q3,2017-11-21,0001045810-17-000172,
Revenues,USD,2004000000.0,2016-08-01,2016-10-30,10-K,2018.0,FY,2018-02-28,0001045810-18-000010,CY2016Q3
Revenues,USD,6910000000.0,2016-02-01,2017-01-29,10-K,2017.0,FY,2017-03-01,0001045810-17-000027,
Revenues,USD,6910000000.0,2016-02-01,2017-01-29,10-K,2018.0,FY,2018-02-28,0001045810-18-000010,CY2016
Revenues,USD,2173000000.0,2016-10-31,2017-01-29,10-K,2017.0,FY,2017-03-01,0001045810-17-000027,
Revenues,USD,2173000000.0,2016-10-31,2017-01-29,10-K,2018.0,FY,2018-02-28,0001045810-18-000010,CY2016Q4
Revenues,USD,1937000000.0,2017-01-30,2017-04-30,10-Q,2018.0,Q1,2017-05-23,0001045810-17-000075,
Revenues,USD,1937000000.0,2017-01-30,2017-04-30,10-K,2018.0,FY,2018-02-28,0001045810-18-000010,
Revenues,USD,1937000000.0,2017-01-30,2017-04-30,10-Q,2019.0,Q1,2018-05-22,0001045810-18-000080,CY2017Q1
Revenues,USD,4167000000.0,2017-01-30,2017-07-30,10-Q,2018.0,Q2,2017-08-23,0001045810-17-000123,
Revenues,USD,2230000000.0,2017-01-30,2017-07-30,10-K,2018.0,FY,2018-02-28,0001045810-18-000010,
Revenues,USD,4167000000.0,2017-01-30,2017-07-30,10-Q,2019.0,Q2,2018-08-16,0001045810-18-000114,
Revenues,USD,2230000000.0,2017-05-01,2017-07-30,10-Q,2018.0,Q2,2017-08-23,0001045810-17-000123,
Revenues,USD,2230000000.0,2017-05-01,2017-07-30,10-Q,2019.0,Q2,2018-08-16,0001045810-18-000114,CY2017Q2
Revenues,USD,6803000000.0,2017-01-30,2017-10-29,10-Q,2018.0,Q3,2017-11-21,0001045810-17-000172,
Revenues,USD,6803000000.0,2017-01-30,2017-10-29,10-Q,2019.0,Q3,2018-11-15,0001045810-18-000150,
Revenues,USD,2636000000.0,2017-07-31,2017-10-29,10-Q,2018.0,Q3,2017-11-21,0001045810-17-000172,
Revenues,USD,2636000000.0,2017-07-31,2017-10-29,10-K,2018.0,FY,2018-02-28,0001045810-18-000010,
Revenues,USD,2636000000.0,2017-07-31,2017-10-29,10-Q,2019.0,Q3,2018-11-15,0001045810-18-000150,CY2017Q3
Revenues,USD,9714000000.0,2017-01-30,2018-01-28,10-K,2018.0,FY,2018-02-28,0001045810-18-000010,CY2017
Revenues,USD,2911000000.0,2017-10-30,2018-01-28,10-K,2018.0,FY,2018-02-28,0001045810-18-000010,CY2017Q4
Revenues,USD,3207000000.0,2018-01-29,2018-04-29,10-Q,2019.0,Q1,2018-05-22,0001045810-18-000080,
Revenues,USD,3207000000.0,2018-01-29,2018-04-29,10-Q,2020.0,Q1,2019-05-16,0001045810-19-000079,CY2018Q1
Revenues,USD,6330000000.0,2018-01-29,2018-07-29,10-Q,2019.0,Q2,2018-08-16,0001045810-18-000114,
Revenues,USD,6330000000.0,2018-01-29,2018-07-29,10-Q,2020.0,Q2,2019-08-15,0001045810-19-000144,
Revenues,USD,3123000000.0,2018-04-30,2018-07-29,10-Q,2019.0,Q2,2018-08-16,0001045810-18-000114,
Revenues,USD,3123000000.0,2018-04-30,2018-07-29,10-Q,2020.0,Q2,2019-08-15,0001045810-19-000144,CY2018Q2
Revenues,USD,9511000000.0,2018-01-29,2018-10-28,10-Q,2019.0,Q3,2018-11-15,0001045810-18-000150,
Revenues,USD,9511000000.0,2018-01-29,2018-10-28,10-Q,2020.0,Q3,2019-11-14,0001045810-19-000170,
Revenues,USD,3181000000.0,2018-07-30,2018-10-28,10-Q,2019.0,Q3,2018-11-15,0001045810-18-000150,
Revenues,USD,3181000000.0,2018-07-30,2018-10-28,10-Q,2020.0,Q3,2019-11-14,0001045810-19-000170,CY2018Q3
Revenues,USD,2220000000.0,2019-01-28,2019-04-28,10-Q,2020.0,Q1,2019-05-16,0001045810-19-000079,
Revenues,USD,2220000000.0,2019-01-28,2019-04-28,10-Q,2020.0,Q1,2020-05-21,0001045810-20-000065,CY2019Q1
Revenues,USD,4799000000.0,2019-01-28,2019-07-28,10-Q,2020.0,Q2,2019-08-15,0001045810-19-000144,
Revenues,USD,4799000000.0,2019-01-28,2019-07-28,10-Q,2020.0,Q2,2020-08-19,0001045810-20-000147,
Revenues,USD,2579000000.0,2019-04-29,2019-07-28,10-Q,2020.0,Q2,2019-08-15,0001045810-19-000144,
Revenues,USD,2579000000.0,2019-04-29,2019-07-28,10-Q,2020.0,Q2,2020-08-19,0001045810-20-000147,CY2019Q2
Revenues,USD,7813000000.0,2019-01-28,2019-10-27,10-Q,2020.0,Q3,2019-11-14,0001045810-19-000170,
Revenues,USD,7813000000.0,2019-01-28,2019-10-27,10-Q,2021.0,Q3,2020-11-18,0001045810-20-000189,
Revenues,USD,3014000000.0,2019-07-29,2019-10-27,10-Q,2020.0,Q3,2019-11-14,0001045810-19-000170,
Revenues,USD,3014000000.0,2019-07-29,2019-10-27,10-Q,2021.0,Q3,2020-11-18,0001045810-20-000189,CY2019Q3
Revenues,USD,10918000000.0,2019-01-28,2020-01-26,10-K,2022.0,FY,2022-03-18,0001045810-22-000036,CY2019
Revenues,USD,3080000000.0,2020-01-27,2020-04-26,10-Q,2020.0,Q1,2020-05-21,0001045810-20-000065,
Revenues,USD,3080000000.0,2020-01-27,2020-04-26,10-Q,2022.0,Q1,2021-05-26,0001045810-21-000064,CY2020Q1
Revenues,USD,6946000000.0,2020-01-27,2020-07-26,10-Q,2020.0,Q2,2020-08-19,0001045810-20-000147,
Revenues,USD,6946000000.0,2020-01-27,2020-07-26,10-Q,2022.0,Q2,2021-08-20,0001045810-21-000131,
Revenues,USD,3866000000.0,2020-04-27,2020-07-26,10-Q,2020.0,Q2,2020-08-19,0001045810-20-000147,
Revenues,USD,3866000000.0,2020-04-27,2020-07-26,10-Q,2022.0,Q2,2021-08-20,0001045810-21-000131,CY2020Q2
Revenues,USD,11672000000.0,2020-01-27,2020-10-25,10-Q,2021.0,Q3,2020-11-18,0001045810-20-000189,
Revenues,USD,11672000000.0,2020-01-27,2020-10-25,10-Q,2022.0,Q3,2021-11-22,0001045810-21-000163,
Revenues,USD,4726000000.0,2020-07-27,2020-10-25,10-Q,2021.0,Q3,2020-11-18,0001045810-20-000189,
Revenues,USD,4726000000.0,2020-07-27,2020-10-25,10-Q,2022.0,Q3,2021-11-22,0001045810-21-000163,CY2020Q3
Revenues,USD,16675000000.0,2020-01-27,2021-01-31,10-K,2022.0,FY,2022-03-18,0001045810-22-000036,
Revenues,USD,16675000000.0,2020-01-27,2021-01-31,10-K,2023.0,FY,2023-02-24,0001045810-23-000017,CY2020
Revenues,USD,5661000000.0,2021-02-01,2021-05-02,10-Q,2022.0,Q1,2021-05-26,0001045810-21-000064,
Revenues,USD,5661000000.0,2021-02-01,2021-05-02,10-Q,2023.0,Q1,2022-05-27,0001045810-22-000079,CY2021Q1
Revenues,USD,12168000000.0,2021-02-01,2021-08-01,10-Q,2022.0,Q2,2021-08-20,0001045810-21-000131,
Revenues,USD,12168000000.0,2021-02-01,2021-08-01,10-Q,2023.0,Q2,2022-08-31,0001045810-22-000147,
Revenues,USD,6507000000.0,2021-05-03,2021-08-01,10-Q,2022.0,Q2,2021-08-20,0001045810-21-000131,
Revenues,USD,6507000000.0,2021-05-03,2021-08-01,10-Q,2023.0,Q2,2022-08-31,0001045810-22-000147,CY2021Q2
Revenues,USD,19271000000.0,2021-02-01,2021-10-31,10-Q,2022.0,Q3,2021-11-22,0001045810-21-000163,
Revenues,USD,19271000000.0,2021-02-01,2021-10-31,10-Q,2023.0,Q3,2022-11-18,0001045810-22-000166,
Revenues,USD,7103000000.0,2021-08-02,2021-10-31,10-Q,2022.0,Q3,2021-11-22,0001045810-21-000163,
Revenues,USD,7103000000.0,2021-08-02,2021-10-31,10-Q,2023.0,Q3,2022-11-18,0001045810-22-000166,CY2021Q3
Revenues,USD,26914000000.0,2021-02-01,2022-01-30,10-K,2022.0,FY,2022-03-18,0001045810-22-000036,
Revenues,USD,26914000000.0,2021-02-01,2022-01-30,10-K,2023.0,FY,2023-02-24,0001045810-23-000017,
Revenues,USD,26914000000.0,2021-02-01,2022-01-30,10-K,2024.0,FY,2024-02-21,0001045810-24-000029,CY2021
Revenues,USD,8288000000.0,2022-01-31,2022-05-01,10-Q,2023.0,Q1,2022-05-27,0001045810-22-000079,
Revenues,USD,8288000000.0,2022-01-31,2022-05-01,10-Q,2024.0,Q1,2023-05-26,0001045810-23-000093,CY2022Q1
Revenues,USD,14992000000.0,2022-01-31,2022-07-31,10-Q,2023.0,Q2,2022-08-31,0001045810-22-000147,
Revenues,USD,14992000000.0,2022-01-31,2022-07-31,10-Q,2024.0,Q2,2023-08-28,0001045810-23-000175,
Revenues,USD,6704000000.0,2022-05-02,2022-07-31,10-Q,2023.0,Q2,2022-08-31,0001045810-22-000147,
Revenues,USD,6704000000.0,2022-05-02,2022-07-31,10-Q,2024.0,Q2,2023-08-28,0001045810-23-000175,CY2022Q2
Revenues,USD,20923000000.0,2022-01-31,2022-10-30,10-Q,2023.0,Q3,2022-11-18,0001045810-22-000166,
Revenues,USD,20923000000.0,2022-01-31,2022-10-30,10-Q,2024.0,Q3,2023-11-21,0001045810-23-000227,
Revenues,USD,5931000000.0,2022-08-01,2022-10-30,10-Q,2023.0,Q3,2022-11-18,0001045810-22-000166,
Revenues,USD,5931000000.0,2022-08-01,2022-10-30,10-Q,2024.0,Q3,2023-11-21,0001045810-23-000227,CY2022Q3
Revenues,USD,26974000000.0,2022-01-31,2023-01-29,10-K,2023.0,FY,2023-02-24,0001045810-23-000017,
Revenues,USD,26974000000.0,2022-01-31,2023-01-29,10-K,2024.0,FY,2024-02-21,0001045810-24-000029,
Revenues,USD,26974000000.0,2022-01-31,2023-01-29,10-K,2025.0,FY,2025-02-26,0001045810-25-000023,CY2022
Revenues,USD,7192000000.0,2023-01-30,2023-04-30,10-Q,2024.0,Q1,2023-05-26,0001045810-23-000093,
Revenues,USD,7192000000.0,2023-01-30,2023-04-30,10-Q,2025.0,Q1,2024-05-29,0001045810-24-000124,CY2023Q1
Revenues,USD,20699000000.0,2023-01-30,2023-07-30,10-Q,2024.0,Q2,2023-08-28,0001045810-23-000175,
Revenues,USD,20699000000.0,2023-01-30,2023-07-30,10-Q,2025.0,Q2,2024-08-28,0001045810-24-000264,
Revenues,USD,13507000000.0,2023-05-01,2023-07-30,10-Q,2024.0,Q2,2023-08-28,0001045810-23-000175,
Revenues,USD,13507000000.0,2023-05-01,2023-07-30,10-Q,2025.0,Q2,2024-08-28,0001045810-24-000264,CY2023Q2
Revenues,USD,38819000000.0,2023-01-30,2023-10-29,10-Q,2024.0,Q3,2023-11-21,0001045810-23-000227,
Revenues,USD,38819000000.0,2023-01-30,2023-10-29,10-Q,2025.0,Q3,2024-11-20,0001045810-24-000316,
Revenues,USD,18120000000.0,2023-07-31,2023-10-29,10-Q,2024.0,Q3,2023-11-21,0001045810-23-000227,
Revenues,USD,18120000000.0,2023-07-31,2023-10-29,10-Q,2025.0,Q3,2024-11-20,0001045810-24-000316,CY2023Q3
Revenues,USD,60922000000.0,2023-01-30,2024-01-28,10-K,2024.0,FY,2024-02-21,0001045810-24-000029,
Revenues,USD,60922000000.0,2023-01-30,2024-01-28,10-K,2025.0,FY,2025-02-26,0001045810-25-000023,
Revenues,USD,60922000000.0,2023-01-30,2024-01-28,10-K,2026.0,FY,2026-02-25,0001045810-26-000021,CY2023
Revenues,USD,26044000000.0,2024-01-29,2024-04-28,10-Q,2025.0,Q1,2024-05-29,0001045810-24-000124,
Revenues,USD,26044000000.0,2024-01-29,2024-04-28,10-Q,2026.0,Q1,2025-05-28,0001045810-25-000116,CY2024Q1
Revenues,USD,56084000000.0,2024-01-29,2024-07-28,10-Q,2025.0,Q2,2024-08-28,0001045810-24-000264,
Revenues,USD,56084000000.0,2024-01-29,2024-07-28,10-Q,2026.0,Q2,2025-08-27,0001045810-25-000209,
Revenues,USD,30040000000.0,2024-04-29,2024-07-28,10-Q,2025.0,Q2,2024-08-28,0001045810-24-000264,
Revenues,USD,30040000000.0,2024-04-29,2024-07-28,10-Q,2026.0,Q2,2025-08-27,0001045810-25-000209,CY2024Q2
Revenues,USD,91166000000.0,2024-01-29,2024-10-27,10-Q,2025.0,Q3,2024-11-20,0001045810-24-000316,
Revenues,USD,91166000000.0,2024-01-29,2024-10-27,10-Q,2026.0,Q3,2025-11-19,0001045810-25-000230,
Revenues,USD,35082000000.0,2024-07-29,2024-10-27,10-Q,2025.0,Q3,2024-11-20,0001045810-24-000316,
Revenues,USD,35082000000.0,2024-07-29,2024-10-27,10-Q,2026.0,Q3,2025-11-19,0001045810-25-000230,CY2024Q3
Revenues,USD,130497000000.0,2024-01-29,2025-01-26,10-K,2025.0,FY,2025-02-26,0001045810-25-000023,
Revenues,USD,130497000000.0,2024-01-29,2025-01-26,10-K,2026.0,FY,2026-02-25,0001045810-26-000021,CY2024
Revenues,USD,44062000000.0,2025-01-27,2025-04-27,10-Q,2026.0,Q1,2025-05-28,0001045810-25-000116,
Revenues,USD,44062000000.0,2025-01-27,2025-04-27,10-Q,2027.0,Q1,2026-05-20,0001045810-26-000052,CY2025Q1
Revenues,USD,90805000000.0,2025-01-27,2025-07-27,10-Q,2026.0,Q2,2025-08-27,0001045810-25-000209,
Revenues,USD,90805000000.0,2025-01-27,2025-07-27,10-Q,2027.0,Q2,2026-08-26,0001045810-26-000075,
Revenues,USD,46743000000.0,2025-04-28,2025-07-27,10-Q,2026.0,Q2,2025-08-27,0001045810-25-000209,
Revenues,USD,46743000000.0,2025-04-28,2025-07-27,10-Q,2027.0,Q2,2026-08-26,0001045810-26-000075,CY2025Q2
Revenues,USD,147811000000.0,2025-01-27,2025-10-26,10-Q,2026.0,Q3,2025-11-19,0001045810-25-000230,
Revenues,USD,57006000000.0,2025-07-28,2025-10-26,10-Q,2026.0,Q3,2025-11-19,0001045810-25-000230,CY2025Q3
Revenues,USD,215938000000.0,2025-01-27,2026-01-25,10-K,2026.0,FY,2026-02-25,0001045810-26-000021,CY2025
Revenues,USD,81615000000.0,2026-01-26,2026-04-26,10-Q,2027.0,Q1,2026-05-20,0001045810-26-000052,CY2026Q1
Revenues,USD,177837000000.0,2026-01-26,2026-07-26,10-Q,2027.0,Q2,2026-08-26,0001045810-26-000075,
Revenues,USD,96221000000.0,2026-04-27,2026-07-26,10-Q,2027.0,Q2,2026-08-26,0001045810-26-000075,CY2026Q2
StockholdersEquity,USD,4469000000.0,,2016-01-31,10-K,2016.0,FY,2016-03-17,0001045810-16-000205,
StockholdersEquity,USD,4469000000.0,,2016-01-31,10-Q,2017.0,Q1,2016-05-25,0001045810-16-000275,
StockholdersEquity,USD,4469000000.0,,2016-01-31,10-Q,2017.0,Q2,2016-08-23,0001045810-16-000300,
StockholdersEquity,USD,4469000000.0,,2016-01-31,10-Q,2017.0,Q3,2016-11-22,0001045810-16-000353,
StockholdersEquity,USD,4469000000.0,,2016-01-31,10-K,2017.0,FY,2017-03-01,0001045810-17-000027,
StockholdersEquity,USD,4469000000.0,,2016-01-31,10-K,2018.0,FY,2018-02-28,0001045810-18-000010,
StockholdersEquity,USD,4469000000.0,,2016-01-31,10-K,2019.0,FY,2019-02-21,0001045810-19-000023,CY2015Q4I
StockholdersEquity,USD,4196000000.0,,2016-05-01,10-Q,2017.0,Q1,2016-05-25,0001045810-16-000275,CY2016Q1I
StockholdersEquity,USD,4480000000.0,,2016-07-31,10-Q,2017.0,Q2,2016-08-23,0001045810-16-000300,CY2016Q2I
StockholdersEquity,USD,5324000000.0,,2016-10-30,10-Q,2017.0,Q3,2016-11-22,0001045810-16-000353,CY2016Q3I
StockholdersEquity,USD,5762000000.0,,2017-01-29,10-K,2017.0,FY,2017-03-01,0001045810-17-000027,
StockholdersEquity,USD,5762000000.0,,2017-01-29,10-Q,2018.0,Q1,2017-05-23,0001045810-17-000075,
StockholdersEquity,USD,5762000000.0,,2017-01-29,10-Q,2018.0,Q2,2017-08-23,0001045810-17-000123,
StockholdersEquity,USD,5762000000.0,,2017-01-29,10-Q,2018.0,Q3,2017-11-21,0001045810-17-000172,
StockholdersEquity,USD,5762000000.0,,2017-01-29,10-K,2018.0,FY,2018-02-28,0001045810-18-000010,
StockholdersEquity,USD,5762000000.0,,2017-01-29,10-K,2019.0,FY,2019-02-21,0001045810-19-000023,
StockholdersEquity,USD,5762000000.0,,2017-01-29,10-K,2020.0,FY,2020-02-20,0001045810-20-000010,CY2016Q4I
StockholdersEquity,USD,6132000000.0,,2017-04-30,10-Q,2018.0,Q1,2017-05-23,0001045810-17-000075,CY2017Q1I
StockholdersEquity,USD,5973000000.0,,2017-07-30,10-Q,2018.0,Q2,2017-08-23,0001045810-17-000123,CY2017Q2I
StockholdersEquity,USD,6352000000.0,,2017-10-29,10-Q,2018.0,Q3,2017-11-21,0001045810-17-000172,CY2017Q3I
StockholdersEquity,USD,7471000000.0,,2018-01-28,10-K,2018.0,FY,2018-02-28,0001045810-18-000010,
StockholdersEquity,USD,7471000000.0,,2018-01-28,10-Q,2019.0,Q1,2018-05-22,0001045810-18-000080,
StockholdersEquity,USD,7471000000.0,,2018-01-28,10-Q,2019.0,Q2,2018-08-16,0001045810-18-000114,
StockholdersEquity,USD,7471000000.0,,2018-01-28,10-Q,2019.0,Q3,2018-11-15,0001045810-18-000150,
StockholdersEquity,USD,7471000000.0,,2018-01-28,10-K,2019.0,FY,2019-02-21,0001045810-19-000023,
StockholdersEquity,USD,7471000000.0,,2018-01-28,10-Q,2020.0,Q1,2019-05-16,0001045810-19-000079,
StockholdersEquity,USD,7471000000.0,,2018-01-28,10-Q,2020.0,Q2,2019-08-15,0001045810-19-000144,
StockholdersEquity,USD,7471000000.0,,2018-01-28,10-Q,2020.0,Q3,2019-11-14,0001045810-19-000170,
StockholdersEquity,USD,7471000000.0,,2018-01-28,10-K,2020.0,FY,2020-02-20,0001045810-20-000010,
StockholdersEquity,USD,7471000000.0,,2018-01-28,10-K,2021.0,FY,2021-02-26,0001045810-21-000010,CY2017Q4I
StockholdersEquity,USD,7717000000.0,,2018-04-29,10-Q,2019.0,Q1,2018-05-22,0001045810-18-000080,
StockholdersEquity,USD,7717000000.0,,2018-04-29,10-Q,2020.0,Q1,2019-05-16,0001045810-19-000079,
StockholdersEquity,USD,7717000000.0,,2018-04-29,10-Q,2020.0,Q2,2019-08-15,0001045810-19-000144,CY2018Q1I
StockholdersEquity,USD,8795000000.0,,2018-07-29,10-Q,2019.0,Q2,2018-08-16,0001045810-18-000114,
StockholdersEquity,USD,8795000000.0,,2018-07-29,10-Q,2020.0,Q2,2019-08-15,0001045810-19-000144,
StockholdersEquity,USD,8795000000.0,,2018-07-29,10-Q,2020.0,Q3,2019-11-14,0001045810-19-000170,CY2018Q2I
StockholdersEquity,USD,9475000000.0,,2018-10-28,10-Q,2019.0,Q3,2018-11-15,0001045810-18-000150,
StockholdersEquity,USD,9475000000.0,,2018-10-28,10-Q,2020.0,Q3,2019-11-14,0001045810-19-000170,CY2018Q3I
StockholdersEquity,USD,9342000000.0,,2019-01-27,10-K,2019.0,FY,2019-02-21,0001045810-19-000023,
StockholdersEquity,USD,9342000000.0,,2019-01-27,10-Q,2020.0,Q1,2019-05-16,0001045810-19-000079,
StockholdersEquity,USD,9342000000.0,,2019-01-27,10-Q,2020.0,Q2,2019-08-15,0001045810-19-000144,
StockholdersEquity,USD,9342000000.0,,2019-01-27,10-Q,2020.0,Q3,2019-11-14,0001045810-19-000170,
StockholdersEquity,USD,9342000000.0,,2019-01-27,10-K,2020.0,FY,2020-02-20,0001045810-20-000010,
StockholdersEquity,USD,9342000000.0,,2019-01-27,10-Q,2020.0,Q1,2020-05-21,0001045810-20-000065,
StockholdersEquity,USD,9342000000.0,,2019-01-27,10-Q,2020.0,Q2,2020-08-19,0001045810-20-000147,
StockholdersEquity,USD,9342000000.0,,2019-01-27,10-Q,2021.0,Q3,2020-11-18,0001045810-20-000189,
StockholdersEquity,USD,9342000000.0,,2019-01-27,10-K,2021.0,FY,2021-02-26,0001045810-21-000010,
StockholdersEquity,USD,9342000000.0,,2019-01-27,10-K,2022.0,FY,2022-03-18,0001045810-22-000036,CY2018Q4I
StockholdersEquity,USD,9704000000.0,,2019-04-28,10-Q,2020.0,Q1,2019-05-16,0001045810-19-000079,
StockholdersEquity,USD,9704000000.0,,2019-04-28,10-Q,2020.0,Q2,2019-08-15,0001045810-19-000144,
StockholdersEquity,USD,9704000000.0,,2019-04-28,10-Q,2020.0,Q1,2020-05-21,0001045810-20-000065,
StockholdersEquity,USD,9704000000.0,,2019-04-28,10-Q,2020.0,Q2,2020-08-19,0001045810-20-000147,CY2019Q1I
StockholdersEquity,USD,10336000000.0,,2019-07-28,10-Q,2020.0,Q2,2019-08-15,0001045810-19-000144,
StockholdersEquity,USD,10336000000.0,,2019-07-28,10-Q,2020.0,Q3,2019-11-14,0001045810-19-000170,
StockholdersEquity,USD,10336000000.0,,2019-07-28,10-Q,2020.0,Q2,2020-08-19,0001045810-20-000147,
StockholdersEquity,USD,10336000000.0,,2019-07-28,10-Q,2021.0,Q3,2020-11-18,0001045810-20-000189,CY2019Q2I
StockholdersEquity,USD,11214000000.0,,2019-10-27,10-Q,2020.0,Q3,2019-11-14,0001045810-19-000170,
StockholdersEquity,USD,11214000000.0,,2019-10-27,10-Q,2021.0,Q3,2020-11-18,0001045810-20-000189,CY2019Q3I
StockholdersEquity,USD,12204000000.0,,2020-01-26,10-K,2020.0,FY,2020-02-20,0001045810-20-000010,
StockholdersEquity,USD,12204000000.0,,2020-01-26,10-Q,2020.0,Q1,2020-05-21,0001045810-20-000065,
StockholdersEquity,USD,12204000000.0,,2020-01-26,10-Q,2020.0,Q2,2020-08-19,0001045810-20-000147,
StockholdersEquity,USD,12204000000.0,,2020-01-26,10-Q,2021.0,Q3,2020-11-18,0001045810-20-000189,
StockholdersEquity,USD,12204000000.0,,2020-01-26,10-K,2021.0,FY,2021-02-26,0001045810-21-000010,
StockholdersEquity,USD,12204000000.0,,2020-01-26,10-Q,2022.0,Q1,2021-05-26,0001045810-21-000064,
StockholdersEquity,USD,12204000000.0,,2020-01-26,10-Q,2022.0,Q2,2021-08-20,0001045810-21-000131,
StockholdersEquity,USD,12204000000.0,,2020-01-26,10-Q,2022.0,Q3,2021-11-22,0001045810-21-000163,
StockholdersEquity,USD,12204000000.0,,2020-01-26,10-K,2022.0,FY,2022-03-18,0001045810-22-000036,
StockholdersEquity,USD,12204000000.0,,2020-01-26,10-K,2023.0,FY,2023-02-24,0001045810-23-000017,CY2019Q4I
StockholdersEquity,USD,13099000000.0,,2020-04-26,10-Q,2020.0,Q1,2020-05-21,0001045810-20-000065,
StockholdersEquity,USD,13099000000.0,,2020-04-26,10-Q,2020.0,Q2,2020-08-19,0001045810-20-000147,
StockholdersEquity,USD,13099000000.0,,2020-04-26,10-Q,2022.0,Q1,2021-05-26,0001045810-21-000064,
StockholdersEquity,USD,13099000000.0,,2020-04-26,10-Q,2022.0,Q2,2021-08-20,0001045810-21-000131,CY2020Q1I
StockholdersEquity,USD,13914000000.0,,2020-07-26,10-Q,2020.0,Q2,2020-08-19,0001045810-20-000147,
StockholdersEquity,USD,13914000000.0,,2020-07-26,10-Q,2021.0,Q3,2020-11-18,0001045810-20-000189,
StockholdersEquity,USD,13914000000.0,,2020-07-26,10-Q,2022.0,Q2,2021-08-20,0001045810-21-000131,
StockholdersEquity,USD,13914000000.0,,2020-07-26,10-Q,2022.0,Q3,2021-11-22,0001045810-21-000163,CY2020Q2I
StockholdersEquity,USD,15334000000.0,,2020-10-25,10-Q,2021.0,Q3,2020-11-18,0001045810-20-000189,
StockholdersEquity,USD,15334000000.0,,2020-10-25,10-Q,2022.0,Q3,2021-11-22,0001045810-21-000163,CY2020Q3I
StockholdersEquity,USD,16893000000.0,,2021-01-31,10-K,2021.0,FY,2021-02-26,0001045810-21-000010,
StockholdersEquity,USD,16893000000.0,,2021-01-31,10-Q,2022.0,Q1,2021-05-26,0001045810-21-000064,
StockholdersEquity,USD,16893000000.0,,2021-01-31,10-Q,2022.0,Q2,2021-08-20,0001045810-21-000131,
StockholdersEquity,USD,16893000000.0,,2021-01-31,10-Q,2022.0,Q3,2021-11-22,0001045810-21-000163,
StockholdersEquity,USD,16893000000.0,,2021-01-31,10-K,2022.0,FY,2022-03-18,0001045810-22-000036,
StockholdersEquity,USD,16893000000.0,,2021-01-31,10-Q,2023.0,Q1,2022-05-27,0001045810-22-000079,
StockholdersEquity,USD,16893000000.0,,2021-01-31,10-Q,2023.0,Q2,2022-08-31,0001045810-22-000147,
StockholdersEquity,USD,16893000000.0,,2021-01-31,10-Q,2023.0,Q3,2022-11-18,0001045810-22-000166,
StockholdersEquity,USD,16893000000.0,,2021-01-31,10-K,2023.0,FY,2023-02-24,0001045810-23-000017,
StockholdersEquity,USD,16893000000.0,,2021-01-31,10-K,2024.0,FY,2024-02-21,0001045810-24-000029,CY2020Q4I
StockholdersEquity,USD,18774000000.0,,2021-05-02,10-Q,2022.0,Q1,2021-05-26,0001045810-21-000064,
StockholdersEquity,USD,18774000000.0,,2021-05-02,10-Q,2022.0,Q2,2021-08-20,0001045810-21-000131,
StockholdersEquity,USD,18774000000.0,,2021-05-02,10-Q,2023.0,Q1,2022-05-27,0001045810-22-000079,
StockholdersEquity,USD,18774000000.0,,2021-05-02,10-Q,2023.0,Q2,2022-08-31,0001045810-22-000147,CY2021Q1I
StockholdersEquity,USD,21147000000.0,,2021-08-01,10-Q,2022.0,Q2,2021-08-20,0001045810-21-000131,
StockholdersEquity,USD,21147000000.0,,2021-08-01,10-Q,2022.0,Q3,2021-11-22,0001045810-21-000163,
StockholdersEquity,USD,21147000000.0,,2021-08-01,10-Q,2023.0,Q2,2022-08-31,0001045810-22-000147,
StockholdersEquity,USD,21147000000.0,,2021-08-01,10-Q,2023.0,Q3,2022-11-18,0001045810-22-000166,CY2021Q2I
StockholdersEquity,USD,23798000000.0,,2021-10-31,10-Q,2022.0,Q3,2021-11-22,0001045810-21-000163,
StockholdersEquity,USD,23798000000.0,,2021-10-31,10-Q,2023.0,Q3,2022-11-18,0001045810-22-000166,CY2021Q3I
StockholdersEquity,USD,26612000000.0,,2022-01-30,10-K,2022.0,FY,2022-03-18,0001045810-22-000036,
StockholdersEquity,USD,26612000000.0,,2022-01-30,10-Q,2023.0,Q1,2022-05-27,0001045810-22-000079,
StockholdersEquity,USD,26612000000.0,,2022-01-30,10-Q,2023.0,Q2,2022-08-31,0001045810-22-000147,
StockholdersEquity,USD,26612000000.0,,2022-01-30,10-Q,2023.0,Q3,2022-11-18,0001045810-22-000166,
StockholdersEquity,USD,26612000000.0,,2022-01-30,10-K,2023.0,FY,2023-02-24,0001045810-23-000017,
StockholdersEquity,USD,26612000000.0,,2022-01-30,10-Q,2024.0,Q1,2023-05-26,0001045810-23-000093,
StockholdersEquity,USD,26612000000.0,,2022-01-30,10-Q,2024.0,Q2,2023-08-28,0001045810-23-000175,
StockholdersEquity,USD,26612000000.0,,2022-01-30,10-Q,2024.0,Q3,2023-11-21,0001045810-23-000227,
StockholdersEquity,USD,26612000000.0,,2022-01-30,10-K,2024.0,FY,2024-02-21,0001045810-24-000029,
StockholdersEquity,USD,26612000000.0,,2022-01-30,10-K,2025.0,FY,2025-02-26,0001045810-25-000023,CY2021Q4I
StockholdersEquity,USD,26320000000.0,,2022-05-01,10-Q,2023.0,Q1,2022-05-27,0001045810-22-000079,
StockholdersEquity,USD,26320000000.0,,2022-05-01,10-Q,2023.0,Q2,2022-08-31,0001045810-22-000147,
StockholdersEquity,USD,26320000000.0,,2022-05-01,10-Q,2024.0,Q1,2023-05-26,0001045810-23-000093,
StockholdersEquity,USD,26320000000.0,,2022-05-01,10-Q,2024.0,Q2,2023-08-28,0001045810-23-000175,CY2022Q1I
StockholdersEquity,USD,23851000000.0,,2022-07-31,10-Q,2023.0,Q2,2022-08-31,0001045810-22-000147,
StockholdersEquity,USD,23851000000.0,,2022-07-31,10-Q,2023.0,Q3,2022-11-18,0001045810-22-000166,
StockholdersEquity,USD,23851000000.0,,2022-07-31,10-Q,2024.0,Q2,2023-08-28,0001045810-23-000175,
StockholdersEquity,USD,23851000000.0,,2022-07-31,10-Q,2024.0,Q3,2023-11-21,0001045810-23-000227,CY2022Q2I
StockholdersEquity,USD,21349000000.0,,2022-10-30,10-Q,2023.0,Q3,2022-11-18,0001045810-22-000166,
StockholdersEquity,USD,21349000000.0,,2022-10-30,10-Q,2024.0,Q3,2023-11-21,0001045810-23-000227,CY2022Q3I
StockholdersEquity,USD,22101000000.0,,2023-01-29,10-K,2023.0,FY,2023-02-24,0001045810-23-000017,
StockholdersEquity,USD,22101000000.0,,2023-01-29,10-Q,2024.0,Q1,2023-05-26,0001045810-23-000093,
StockholdersEquity,USD,22101000000.0,,2023-01-29,10-Q,2024.0,Q2,2023-08-28,0001045810-23-000175,
StockholdersEquity,USD,22101000000.0,,2023-01-29,10-Q,2024.0,Q3,2023-11-21,0001045810-23-000227,
StockholdersEquity,USD,22101000000.0,,2023-01-29,10-K,2024.0,FY,2024-02-21,0001045810-24-000029,
StockholdersEquity,USD,22101000000.0,,2023-01-29,10-Q,2025.0,Q1,2024-05-29,0001045810-24-000124,
StockholdersEquity,USD,22101000000.0,,2023-01-29,10-Q,2025.0,Q2,2024-08-28,0001045810-24-000264,
StockholdersEquity,USD,22101000000.0,,2023-01-29,10-Q,2025.0,Q3,2024-11-20,0001045810-24-000316,
StockholdersEquity,USD,22101000000.0,,2023-01-29,10-K,2025.0,FY,2025-02-26,0001045810-25-000023,
StockholdersEquity,USD,22101000000.0,,2023-01-29,10-K,2026.0,FY,2026-02-25,0001045810-26-000021,CY2022Q4I
StockholdersEquity,USD,24520000000.0,,2023-04-30,10-Q,2024.0,Q1,2023-05-26,0001045810-23-000093,
StockholdersEquity,USD,24520000000.0,,2023-04-30,10-Q,2024.0,Q2,2023-08-28,0001045810-23-000175,
StockholdersEquity,USD,24520000000.0,,2023-04-30,10-Q,2025.0,Q1,2024-05-29,0001045810-24-000124,
StockholdersEquity,USD,24520000000.0,,2023-04-30,10-Q,2025.0,Q2,2024-08-28,0001045810-24-000264,CY2023Q1I
StockholdersEquity,USD,27501000000.0,,2023-07-30,10-Q,2024.0,Q2,2023-08-28,0001045810-23-000175,
StockholdersEquity,USD,27501000000.0,,2023-07-30,10-Q,2024.0,Q3,2023-11-21,0001045810-23-000227,
StockholdersEquity,USD,27501000000.0,,2023-07-30,10-Q,2025.0,Q2,2024-08-28,0001045810-24-000264,
StockholdersEquity,USD,27501000000.0,,2023-07-30,10-Q,2025.0,Q3,2024-11-20,0001045810-24-000316,CY2023Q2I
StockholdersEquity,USD,33265000000.0,,2023-10-29,10-Q,2024.0,Q3,2023-11-21,0001045810-23-000227,
StockholdersEquity,USD,33265000000.0,,2023-10-29,10-Q,2025.0,Q3,2024-11-20,0001045810-24-000316,CY2023Q3I
StockholdersEquity,USD,42978000000.0,,2024-01-28,10-K,2024.0,FY,2024-02-21,0001045810-24-000029,
StockholdersEquity,USD,42978000000.0,,2024-01-28,10-Q,2025.0,Q1,2024-05-29,0001045810-24-000124,
StockholdersEquity,USD,42978000000.0,,2024-01-28,10-Q,2025.0,Q2,2024-08-28,0001045810-24-000264,
StockholdersEquity,USD,42978000000.0,,2024-01-28,10-Q,2025.0,Q3,2024-11-20,0001045810-24-000316,
StockholdersEquity,USD,42978000000.0,,2024-01-28,10-K,2025.0,FY,2025-02-26,0001045810-25-000023,
StockholdersEquity,USD,42978000000.0,,2024-01-28,10-Q,2026.0,Q1,2025-05-28,0001045810-25-000116,
StockholdersEquity,USD,42978000000.0,,2024-01-28,10-Q,2026.0,Q2,2025-08-27,0001045810-25-000209,
StockholdersEquity,USD,42978000000.0,,2024-01-28,10-Q,2026.0,Q3,2025-11-19,0001045810-25-000230,
StockholdersEquity,USD,42978000000.0,,2024-01-28,10-K,2026.0,FY,2026-02-25,0001045810-26-000021,CY2023Q4I
StockholdersEquity,USD,49142000000.0,,2024-04-28,10-Q,2025.0,Q1,2024-05-29,0001045810-24-000124,
StockholdersEquity,USD,49142000000.0,,2024-04-28,10-Q,2025.0,Q2,2024-08-28,0001045810-24-000264,
StockholdersEquity,USD,49142000000.0,,2024-04-28,10-Q,2026.0,Q1,2025-05-28,0001045810-25-000116,
StockholdersEquity,USD,49142000000.0,,2024-04-28,10-Q,2026.0,Q2,2025-08-27,0001045810-25-000209,CY2024Q1I
StockholdersEquity,USD,58157000000.0,,2024-07-28,10-Q,2025.0,Q2,2024-08-28,0001045810-24-000264,
StockholdersEquity,USD,58157000000.0,,2024-07-28,10-Q,2025.0,Q3,2024-11-20,0001045810-24-000316,
StockholdersEquity,USD,58157000000.0,,2024-07-28,10-Q,2026.0,Q2,2025-08-27,0001045810-25-000209,
StockholdersEquity,USD,58157000000.0,,2024-07-28,10-Q,2026.0,Q3,2025-11-19,0001045810-25-000230,CY2024Q2I
StockholdersEquity,USD,65899000000.0,,2024-10-27,10-Q,2025.0,Q3,2024-11-20,0001045810-24-000316,
StockholdersEquity,USD,65899000000.0,,2024-10-27,10-Q,2026.0,Q3,2025-11-19,0001045810-25-000230,CY2024Q3I
StockholdersEquity,USD,79327000000.0,,2025-01-26,10-K,2025.0,FY,2025-02-26,0001045810-25-000023,
StockholdersEquity,USD,79327000000.0,,2025-01-26,10-Q,2026.0,Q1,2025-05-28,0001045810-25-000116,
StockholdersEquity,USD,79327000000.0,,2025-01-26,10-Q,2026.0,Q2,2025-08-27,0001045810-25-000209,
StockholdersEquity,USD,79327000000.0,,2025-01-26,10-Q,2026.0,Q3,2025-11-19,0001045810-25-000230,
StockholdersEquity,USD,79327000000.0,,2025-01-26,10-K,2026.0,FY,2026-02-25,0001045810-26-000021,
StockholdersEquity,USD,79327000000.0,,2025-01-26,10-Q,2027.0,Q1,2026-05-20,0001045810-26-000052,
StockholdersEquity,USD,79327000000.0,,2025-01-26,10-Q,2027.0,Q2,2026-08-26,0001045810-26-000075,CY2024Q4I
StockholdersEquity,USD,83843000000.0,,2025-04-27,10-Q,2026.0,Q1,2025-05-28,0001045810-25-000116,
StockholdersEquity,USD,83843000000.0,,2025-04-27,10-Q,2026.0,Q2,2025-08-27,0001045810-25-000209,
StockholdersEquity,USD,83843000000.0,,2025-04-27,10-Q,2027.0,Q1,2026-05-20,0001045810-26-000052,
StockholdersEquity,USD,83843000000.0,,2025-04-27,10-Q,2027.0,Q2,2026-08-26,0001045810-26-000075,CY2025Q1I
StockholdersEquity,USD,100131000000.0,,2025-07-27,10-Q,2026.0,Q2,2025-08-27,0001045810-25-000209,
StockholdersEquity,USD,100131000000.0,,2025-07-27,10-Q,2026.0,Q3,2025-11-19,0001045810-25-000230,
StockholdersEquity,USD,100131000000.0,,2025-07-27,10-Q,2027.0,Q2,2026-08-26,0001045810-26-000075,CY2025Q2I
StockholdersEquity,USD,118897000000.0,,2025-10-26,10-Q,2026.0,Q3,2025-11-19,0001045810-25-000230,CY2025Q3I
StockholdersEquity,USD,157293000000.0,,2026-01-25,10-K,2026.0,FY,2026-02-25,0001045810-26-000021,
StockholdersEquity,USD,157293000000.0,,2026-01-25,10-Q,2027.0,Q1,2026-05-20,0001045810-26-000052,
StockholdersEquity,USD,157293000000.0,,2026-01-25,10-Q,2027.0,Q2,2026-08-26,0001045810-26-000075,CY2025Q4I
StockholdersEquity,USD,195474000000.0,,2026-04-26,10-Q,2027.0,Q1,2026-05-20,0001045810-26-000052,
StockholdersEquity,USD,195474000000.0,,2026-04-26,10-Q,2027.0,Q2,2026-08-26,0001045810-26-000075,CY2026Q1I
StockholdersEquity,USD,228984000000.0,,2026-07-26,10-Q,2027.0,Q2,2026-08-26,0001045810-26-000075,CY2026Q2I
